shot #,gas,puff_valve_open,puff_width,peak_fire_time,pre_form_fire_time,peak_kV,preform_kV,form_kV,sust_kV,A,C,D,PFC1,PFC2
19718,Deuterium,3050.0,161.0,3200.0,3340.0,6.0,20.0,18.0,0.0,0.002,271.122,-265.67,-0.334,0.099
19719,Deuterium,3050.0,161.0,3200.0,3340.0,3.0,20.0,0.0,0.0,0.001,0.524,0.251,0.093,0.062
19720,Deuterium,3050.0,161.0,3200.0,3340.0,6.0,20.0,0.0,0.0,0.006,273.508,-265.796,-0.507,0.09
19721,Deuterium,3050.0,161.0,3200.0,3340.0,3.0,20.0,0.0,0.0,-0.0,271.543,-266.912,-0.056,0.115
19722,Deuterium,3050.0,161.0,3200.0,3340.0,3.0,20.0,0.0,0.0,0.003,2.154,0.028,-0.051,0.09
19723,Deuterium,3050.0,161.0,3200.0,3340.0,3.0,20.0,0.0,0.0,-0.001,-0.234,0.141,-0.815,-0.1
19724,Deuterium,3050.0,161.0,3200.0,3340.0,3.0,20.0,0.0,0.0,-0.001,0.241,0.053,0.02,-0.008
19725,Deuterium,3050.0,161.0,3200.0,3340.0,3.0,20.0,0.0,0.0,-0.001,0.024,-0.211,0.908,-0.05
19726,Deuterium,3056.0,161.0,3200.0,3340.0,6.0,20.0,18.0,0.0,-0.001,272.483,-265.744,0.728,-0.072
19727,Deuterium,3060.0,161.0,3200.0,3340.0,6.0,20.0,18.0,0.0,0.0,270.05,-266.715,1.113,-0.184
19728,Deuterium,3062.0,161.0,3200.0,3340.0,6.0,20.0,18.0,0.0,0.005,273.084,-265.097,1.19,0.21
19729,Deuterium,3064.0,161.0,3200.0,3340.0,6.0,20.0,18.0,0.0,0.001,269.131,-265.176,-0.053,0.102
19730,Deuterium,3056.0,161.0,3200.0,3340.0,6.0,20.0,18.0,0.0,0.002,269.935,-265.39,-0.178,0.228
19731,Deuterium,3066.0,161.0,3200.0,3340.0,6.0,20.0,18.0,0.0,-0.001,268.249,-264.566,-2.111,0.138
19732,Deuterium,3066.0,161.0,3200.0,3340.0,6.0,20.0,18.0,6.0,-0.0,267.781,-264.836,1.088,0.042
19733,Deuterium,3066.0,161.0,3200.0,3340.0,6.0,20.0,18.0,6.0,0.003,269.396,-264.807,0.392,-0.258
19734,Deuterium,3062.0,161.0,3200.0,3340.0,6.0,20.0,18.0,6.0,0.004,265.366,-263.911,-0.733,0.154
19735,Deuterium,3066.0,161.0,3200.0,3340.0,6.0,20.0,18.0,0.0,-0.0,263.883,-264.687,-0.014,-0.148
19736,Deuterium,3066.0,161.0,3200.0,3340.0,3.0,3.0,3.0,3.0,-0.004,-1.78,0.334,-2.001,0.148
19737,Deuterium,3066.0,161.0,3200.0,3340.0,3.0,3.0,3.0,3.0,0.0,2.874,-0.597,2.305,-0.262
19738,Deuterium,3066.0,161.0,3200.0,3340.0,3.0,3.0,3.0,3.0,0.005,0.693,0.452,-1.363,0.023
19739,Deuterium,3066.0,161.0,3200.0,3340.0,3.0,3.0,3.0,3.0,0.001,-0.524,0.846,-1.305,0.059
19740,Deuterium,3066.0,161.0,3200.0,3340.0,3.0,3.0,3.0,3.0,-0.0,-0.156,-0.211,-0.044,-0.112
19741,Deuterium,3066.0,161.0,3200.0,3340.0,3.0,3.0,3.0,3.0,-0.001,-0.02,0.002,0.83,-0.099
19742,Deuterium,3066.0,161.0,3200.0,3340.0,3.0,3.0,3.0,3.0,-0.001,-0.381,-0.055,0.849,0.014
19743,Deuterium,3066.0,161.0,3200.0,3340.0,3.0,3.0,3.0,3.0,-0.0,0.367,-0.239,1.0,0.15
19744,Deuterium,3066.0,161.0,3200.0,3340.0,3.0,3.0,3.0,3.0,0.002,0.401,-0.212,1.137,-0.222
19745,Deuterium,3066.0,161.0,3200.0,3340.0,3.0,3.0,3.0,3.0,-0.001,-0.169,-0.032,0.241,-0.225
19746,Deuterium,3044.0,161.0,3200.0,3340.0,3.0,3.0,3.0,3.0,-0.0,245.126,-264.706,0.161,-0.037
19747,Deuterium,3044.0,161.0,3200.0,3340.0,3.0,3.0,3.0,3.0,0.003,249.45,-266.716,0.2,0.084
19748,Deuterium,3044.0,161.0,3200.0,3340.0,6.0,20.0,20.0,3.0,0.0,0.735,-0.425,1.412,0.081
19749,Helium,3044.0,161.0,3200.0,3340.0,6.0,20.0,20.0,0.0,-0.001,247.427,-266.912,2.228,0.083
19750,Deuterium,3044.0,161.0,3200.0,3340.0,7.0,20.0,20.0,7.0,-0.0,246.694,-267.352,2.49,-0.048
19751,Helium,3050.0,161.0,3200.0,3340.0,7.0,20.0,20.0,7.0,0.001,246.336,-266.092,0.119,0.102
19752,Helium,3050.0,161.0,3200.0,3340.0,7.0,20.0,20.0,7.0,-0.001,245.755,-266.055,-0.285,-0.23
19753,Helium,3048.0,161.0,3200.0,3340.0,7.0,20.0,20.0,0.0,-0.001,245.414,-266.393,0.896,-0.178
19754,Deuterium,3048.0,161.0,3200.0,3340.0,7.0,20.0,20.0,7.0,-0.002,243.576,-266.153,0.842,-0.135
19755,Helium,3048.0,161.0,3200.0,3340.0,7.0,20.0,20.0,7.0,0.003,245.089,-265.369,-0.083,-0.181
19756,Helium,3048.0,161.0,3200.0,3340.0,7.0,20.0,20.0,7.0,0.0,245.801,-266.603,-0.102,-0.386
19757,Deuterium,3048.0,161.0,3200.0,3340.0,7.0,20.0,20.0,7.0,0.0,244.012,-265.857,0.487,0.042
19758,Helium,3048.0,161.0,3200.0,3340.0,7.0,20.0,20.0,7.0,0.004,244.24,-265.89,-0.26,0.087
19759,Helium,3048.0,161.0,3200.0,3340.0,7.0,20.0,20.0,7.0,0.001,242.779,-265.49,-0.692,0.143
19760,Deuterium,3048.0,161.0,3200.0,3340.0,7.0,20.0,20.0,7.0,-0.001,242.338,-265.867,0.368,0.303
19761,Helium,3048.0,161.0,3200.0,3340.0,7.0,20.0,20.0,7.0,-0.001,243.268,-265.212,0.241,0.259
19762,Helium,3048.0,161.0,3200.0,3340.0,7.0,20.0,20.0,7.0,-0.0,242.903,-266.033,0.533,-0.248
19763,Helium,3048.0,161.0,3200.0,3340.0,7.0,20.0,20.0,7.0,-0.0,243.229,-264.841,-0.769,0.029
19764,Deuterium,3048.0,161.0,3200.0,3340.0,7.0,20.0,20.0,7.0,0.001,243.402,-265.95,0.473,0.04
19765,Deuterium,3048.0,161.0,3200.0,3340.0,7.0,20.0,20.0,7.0,-0.0,243.503,-265.423,0.144,0.177
19766,Deuterium,3048.0,161.0,3200.0,3340.0,7.0,0.0,0.0,0.0,-0.002,-1.276,-0.324,0.608,0.048
19767,Helium,3048.0,161.0,3200.0,3340.0,3.0,3.0,3.0,0.0,0.002,-0.06,-267.823,-67.016,-22.556
19768,Deuterium,3048.0,161.0,3200.0,3340.0,3.0,3.0,3.0,0.0,-0.0,-0.256,-0.837,1.723,-0.278
19769,Deuterium,3048.0,161.0,3200.0,3340.0,3.0,3.0,3.0,0.0,0.002,267.11,-268.839,-0.714,0.091
19770,Deuterium,3050.0,161.0,3200.0,3340.0,6.0,3.0,3.0,0.0,-0.001,0.454,-0.775,2.257,0.006
19771,Deuterium,3050.0,161.0,3200.0,3340.0,6.0,3.0,3.0,0.0,-0.001,-0.338,-0.346,1.035,-0.095
19772,Helium,3050.0,161.0,3200.0,3340.0,6.0,3.0,3.0,0.0,-0.0,0.323,0.053,0.112,-0.075
19773,Deuterium,3050.0,161.0,3200.0,3340.0,6.0,3.0,3.0,0.0,0.001,2.678,0.192,-0.2,-0.057
19774,Deuterium,3050.0,161.0,3200.0,3340.0,7.0,20.0,20.0,0.0,0.001,267.754,-267.782,-0.891,0.271
19775,Helium,3060.0,161.0,3200.0,3340.0,7.0,20.0,20.0,0.0,-0.0,268.168,-267.782,-1.297,0.063
19776,Deuterium,3060.0,161.0,3200.0,3340.0,7.0,20.0,20.0,0.0,-0.002,267.034,-268.322,-1.0,-0.054
19777,Deuterium,3060.0,161.0,3200.0,3340.0,7.0,20.0,20.0,0.0,-0.003,-1.528,-0.39,2.205,-0.346
19778,Deuterium,3060.0,161.0,3200.0,3340.0,7.0,20.0,20.0,0.0,-0.003,265.321,-268.399,-66.687,-21.885
19779,Deuterium,3060.0,161.0,3200.0,3340.0,7.0,20.0,20.0,0.0,-0.001,1.105,0.396,-0.419,0.13
19780,Deuterium,3060.0,161.0,3200.0,3340.0,7.0,20.0,20.0,0.0,-0.002,264.867,-268.697,-81.65,-25.971
19781,Deuterium,3060.0,161.0,3200.0,3340.0,7.0,20.0,20.0,0.0,-0.001,265.851,-267.823,-99.483,-28.013
19782,Deuterium,3060.0,161.0,3200.0,3340.0,7.0,20.0,20.0,0.0,-0.001,267.556,-267.82,-51.106,-17.739
19783,Deuterium,3060.0,161.0,3200.0,3340.0,7.0,20.0,20.0,0.0,-0.0,265.399,-268.422,-112.93,-30.133
19784,Deuterium,3060.0,161.0,3200.0,3340.0,7.0,20.0,20.0,0.0,-0.0,-0.214,0.581,-1.938,0.557
19785,Deuterium,3060.0,161.0,3200.0,3340.0,7.0,20.0,20.0,0.0,-0.001,283.24,-267.798,-1.422,0.282
19786,Deuterium,3060.0,161.0,3200.0,3340.0,7.0,20.0,20.0,0.0,0.003,285.225,-268.689,0.635,0.143
19787,Deuterium,3060.0,171.0,3200.0,3340.0,7.0,20.0,20.0,0.0,-0.004,-2.789,0.148,-0.368,0.225
19788,Deuterium,3060.0,171.0,3200.0,3340.0,7.0,20.0,20.0,0.0,-0.004,280.966,-266.921,-0.979,0.285
19789,Deuterium,3060.0,171.0,3200.0,3340.0,7.0,20.0,20.0,0.0,-0.0,322.552,-267.149,-0.876,0.095
19790,Deuterium,3060.0,171.0,3200.0,3340.0,7.0,20.0,20.0,0.0,0.002,324.846,-267.386,-68.049,-22.079
19791,Deuterium,3062.0,181.0,3200.0,3340.0,7.0,20.0,20.0,0.0,0.001,323.22,-266.507,-67.079,-22.187
19792,Deuterium,3064.0,190.0,3200.0,3340.0,7.0,20.0,20.0,0.0,-0.001,322.305,-266.108,-68.207,-21.552
19793,Deuterium,3064.0,200.0,3200.0,3340.0,7.0,20.0,20.0,0.0,0.001,322.185,-266.86,-65.614,-22.214
19794,Deuterium,3064.0,200.0,3200.0,3340.0,7.0,0.0,0.0,7.0,-0.0,0.29,-0.047,0.109,-0.016
19795,Deuterium,3064.0,200.0,3200.0,3340.0,7.0,0.0,0.0,7.0,-0.001,-0.477,-0.374,1.176,-0.093
19796,Deuterium,3064.0,200.0,3200.0,3340.0,7.0,0.0,0.0,7.0,-0.001,326.005,0.449,-1.066,0.186
19797,Deuterium,3064.0,200.0,3200.0,3340.0,7.0,0.0,0.0,7.0,0.0,326.423,0.143,0.399,0.113
19798,Deuterium,3064.0,200.0,3200.0,3340.0,7.0,0.0,0.0,7.0,-0.002,325.844,0.267,0.465,0.314
19799,Deuterium,3064.0,200.0,3200.0,3340.0,3.0,3.0,3.0,3.0,-0.0,324.795,-267.921,-67.282,-22.05
19800,Deuterium,3064.0,200.0,3200.0,3340.0,6.0,3.0,3.0,3.0,-0.001,0.29,0.503,-0.565,-0.018
19801,Deuterium,3064.0,200.0,3200.0,3340.0,6.0,3.0,3.0,3.0,0.006,3.301,0.057,1.387,0.034
19802,Deuterium,3064.0,200.0,3200.0,3340.0,6.0,3.0,3.0,3.0,-0.001,-0.452,0.068,-0.299,-0.238
19803,Deuterium,3064.0,200.0,3200.0,3340.0,7.0,3.0,3.0,7.0,-0.004,-2.844,-0.014,0.331,0.175
19804,Deuterium,3064.0,200.0,3200.0,3340.0,7.0,20.0,20.0,0.0,-0.002,322.225,-267.264,-65.589,-22.136
19805,Deuterium,3064.0,200.0,3200.0,3340.0,7.0,20.0,20.0,0.0,0.0,323.779,-267.468,-67.993,-21.846
19806,Deuterium,3064.0,200.0,3200.0,3340.0,7.0,20.0,20.0,0.0,-0.001,0.136,-0.109,0.879,-0.183
19807,Deuterium,3064.0,200.0,3200.0,3340.0,7.0,20.0,20.0,0.0,-0.004,321.03,-268.038,-66.697,-22.209
19808,Deuterium,3064.0,200.0,3200.0,3340.0,7.0,20.0,20.0,0.0,-0.004,320.46,-268.023,-67.243,-21.938
19809,Deuterium,3064.0,211.0,3200.0,3340.0,7.0,20.0,20.0,0.0,0.004,323.766,-267.389,-68.645,-22.053
19810,Deuterium,3062.0,211.0,3200.0,3340.0,7.0,20.0,20.0,0.0,-0.001,321.953,-267.155,-67.197,-21.742
19811,Deuterium,3060.0,211.0,3200.0,3340.0,7.0,20.0,20.4,0.0,-0.002,320.356,-266.616,-67.909,-22.089
19812,Deuterium,3060.0,211.0,3200.0,3340.0,7.0,20.0,20.4,0.0,0.003,323.084,-266.604,-67.702,-21.809
19813,Deuterium,3060.0,211.0,3200.0,3340.0,7.0,20.0,20.4,0.0,0.008,324.63,-265.976,-68.109,-21.622
19814,Deuterium,3050.0,161.0,3200.0,3340.0,6.0,20.0,18.0,0.0,0.0,337.584,-268.399,-0.066,0.156
19815,Deuterium,3050.0,161.0,3200.0,3340.0,6.0,20.0,18.0,0.0,0.001,0.419,-0.256,0.901,-0.113
19816,Deuterium,3050.0,161.0,3200.0,3340.0,6.0,20.0,18.0,0.0,-0.002,-0.185,0.118,-0.521,0.043
19817,Deuterium,3050.0,161.0,3200.0,3340.0,6.0,20.0,18.0,0.0,-0.002,-0.044,-0.27,0.589,-0.139
19818,Deuterium,3050.0,161.0,3200.0,3340.0,6.0,20.0,18.0,0.0,0.005,225.109,0.119,-1.074,0.239
19819,Deuterium,3050.0,161.0,3200.0,3340.0,6.0,20.0,18.0,0.0,-0.001,338.18,-0.212,1.157,0.055
19820,Deuterium,3050.0,161.0,3200.0,3340.0,6.0,20.0,18.0,0.0,0.001,342.464,-270.231,-66.558,-21.486
19821,Deuterium,3050.0,161.0,3200.0,3340.0,3.0,3.0,3.0,3.0,-0.001,337.708,-269.084,-66.444,-21.272
19822,Deuterium,3050.0,161.0,3200.0,3340.0,6.0,3.0,3.0,3.0,-0.001,0.23,-0.494,0.971,-0.063
19823,Deuterium,3050.0,161.0,3200.0,3340.0,7.0,3.0,3.0,7.0,0.0,-0.405,-0.279,0.852,-0.051
19824,Deuterium,3050.0,211.0,3200.0,3340.0,7.0,20.0,20.0,0.0,-0.001,338.265,-270.267,-66.843,-21.388
19825,Deuterium,3060.0,211.0,3200.0,3340.0,7.0,20.0,20.0,0.0,0.001,336.387,-268.443,-67.679,-21.256
19826,Deuterium,3064.0,211.0,3200.0,3340.0,7.0,20.0,20.0,0.0,0.0,338.604,-270.762,-64.986,-21.519
19827,Deuterium,3064.0,211.0,3200.0,3340.0,7.0,20.0,20.0,0.0,-0.001,371.803,-269.16,-66.989,-21.232
19828,Deuterium,3064.0,221.0,3200.0,3340.0,7.0,20.0,20.0,0.0,-0.001,368.741,-269.288,-67.233,-20.86
19829,Deuterium,3064.0,231.0,3200.0,3340.0,7.0,20.0,20.0,0.0,-0.001,367.7,-270.402,-67.264,-21.097
19830,Deuterium,3064.0,231.0,3200.0,3340.0,7.0,20.0,20.0,0.0,-0.0,367.733,-268.667,-77.502,-23.375
19831,Deuterium,3064.0,231.0,3200.0,3340.0,7.0,20.0,20.0,0.0,0.005,367.272,-270.524,-34.378,-12.577
19832,Deuterium,3064.0,231.0,3200.0,3340.0,7.0,20.0,20.0,0.0,0.005,369.231,-269.788,-67.859,-21.261
19833,Deuterium,3062.0,231.0,3200.0,3340.0,7.0,20.0,20.4,0.0,0.001,365.101,-269.083,-64.662,-21.395
19834,Deuterium,3062.0,231.0,3200.0,3340.0,7.0,20.0,20.4,0.0,-0.0,364.297,-268.571,-78.527,-23.159
19835,Deuterium,3062.0,231.0,3200.0,3340.0,7.0,20.0,20.4,0.0,-0.0,397.543,-269.805,-77.341,-23.088
19836,Deuterium,3058.0,231.0,3200.0,3336.0,7.0,20.0,20.4,0.0,0.0,397.518,-267.768,-75.26,-23.323
19837,Deuterium,3056.0,231.0,3200.0,3332.0,7.0,20.0,20.4,0.0,0.003,397.579,-268.66,-74.989,-23.202
19838,Deuterium,3060.0,231.0,3200.0,3340.0,7.0,20.0,20.4,0.0,-0.001,396.42,-268.827,-75.052,-23.017
19839,Deuterium,3060.0,231.0,3200.0,3340.0,7.0,20.0,20.4,0.0,-0.001,393.696,-269.712,-75.637,-23.101
19840,Deuterium,3062.0,231.0,3200.0,3340.0,7.0,20.0,20.4,0.0,0.001,392.518,-267.999,-77.164,-23.449
19841,Deuterium,3060.0,231.0,3200.0,3340.0,7.0,20.0,20.4,0.0,-0.001,392.772,-267.65,-75.22,-23.171
19842,Deuterium,3058.0,231.0,3200.0,3340.0,7.0,20.0,20.4,0.0,-0.001,395.934,-269.167,-75.214,-23.207
19843,Deuterium,3058.0,231.0,3200.0,3340.0,7.0,20.0,20.4,0.0,-0.0,0.69,-0.817,1.69,-0.409
19844,Deuterium,3058.0,231.0,3200.0,3340.0,7.0,20.0,20.4,0.0,-0.001,-0.592,0.229,-1.227,0.056
19845,Deuterium,3058.0,231.0,3200.0,3340.0,3.0,3.0,3.0,0.0,-0.0,-0.261,-305.959,-68.148,-21.197
19846,Deuterium,3058.0,231.0,3200.0,3340.0,3.0,3.0,3.0,0.0,0.002,392.012,-308.276,-67.554,-20.994
19847,Deuterium,3058.0,231.0,3200.0,3340.0,6.0,3.0,3.0,0.0,-0.001,-1.076,-0.033,0.417,-0.151
19848,Deuterium,3060.0,231.0,3200.0,3340.0,7.0,20.0,20.4,0.0,-0.002,390.651,-308.825,-68.151,-20.96
19849,Deuterium,3060.0,231.0,3200.0,3340.0,7.0,20.0,20.4,0.0,0.0,380.847,-306.893,-69.375,-21.34
19850,Deuterium,3060.0,231.0,3200.0,3340.0,7.0,20.0,20.6,0.0,-0.0,379.627,-307.202,-67.791,-21.193
19851,Deuterium,3060.0,231.0,3200.0,3340.0,7.0,20.0,20.6,0.0,0.0,378.755,-308.204,-163.946,-25.119
19852,Deuterium,3062.0,231.0,3200.0,3340.0,7.0,20.0,20.6,0.0,-0.002,376.27,-307.772,-82.812,-25.0
19853,Deuterium,3060.0,201.0,3200.0,3340.0,7.0,20.0,20.6,0.0,0.001,375.842,-306.721,-83.871,-24.863
19854,Deuterium,3060.0,190.0,3200.0,3340.0,7.0,20.0,20.6,0.0,-0.001,374.038,-308.466,-81.818,-25.215
19855,Deuterium,3060.0,181.0,3200.0,3340.0,7.0,20.0,20.6,0.0,0.0,373.672,-306.999,-83.859,-24.653
19856,Deuterium,3060.0,171.0,3200.0,3340.0,7.0,20.0,20.6,0.0,0.0,373.367,-305.903,-83.15,-25.127
19857,Deuterium,3060.0,161.0,3200.0,3340.0,7.0,20.0,20.6,0.0,0.001,373.713,-307.509,-80.481,-25.059
19858,Deuterium,3060.0,161.0,3200.0,3340.0,7.0,20.0,20.6,0.0,0.001,401.087,-308.357,-0.484,0.058
19859,Deuterium,3060.0,161.0,3200.0,3340.0,7.0,20.0,20.6,0.0,0.002,416.457,-309.132,0.441,0.259
19860,Deuterium,3060.0,161.0,3200.0,3340.0,7.0,20.0,20.6,0.0,-0.003,410.253,-307.384,-85.582,-24.774
19861,Deuterium,3060.0,161.0,3200.0,3340.0,7.0,20.0,21.0,0.0,-0.001,413.84,-307.194,-84.419,-24.975
19862,Deuterium,3060.0,171.0,3200.0,3340.0,7.0,20.0,21.0,0.0,0.001,412.262,-307.316,-80.273,-24.504
19863,Deuterium,3060.0,181.0,3200.0,3340.0,7.0,20.0,21.0,0.0,0.001,409.057,-307.304,-84.421,-24.943
19864,Deuterium,3060.0,190.0,3200.0,3340.0,7.0,20.0,21.0,0.0,0.005,406.192,-307.522,-85.056,-24.859
19865,Deuterium,3060.0,201.0,3200.0,3340.0,7.0,20.0,21.0,0.0,0.003,405.776,-306.313,-83.556,-25.098
19866,Deuterium,3060.0,211.0,3200.0,3340.0,7.0,20.0,21.0,0.0,0.0,401.209,-306.058,-84.581,-25.083
19867,Deuterium,3060.0,221.0,3200.0,3340.0,7.0,20.0,21.0,0.0,-0.002,399.804,-306.72,-83.303,-24.93
19868,Deuterium,3060.0,231.0,3200.0,3340.0,7.0,20.0,21.0,0.0,0.001,398.002,-307.368,-84.537,-24.628
19869,Deuterium,3060.0,240.0,3200.0,3340.0,7.0,20.0,21.0,0.0,-0.0,396.498,-308.021,-82.203,-25.134
19870,Deuterium,3060.0,250.99999999999997,3200.0,3340.0,7.0,20.0,21.0,0.0,0.003,395.908,-307.027,-82.924,-24.915
19871,Deuterium,3060.0,261.0,3200.0,3340.0,7.0,20.0,21.0,0.0,0.004,396.942,-305.661,-82.335,-24.844
19872,Deuterium,3060.0,261.0,3200.0,3340.0,7.0,20.0,21.0,7.0,0.003,393.112,-307.564,-79.216,-25.143
19873,Deuterium,3064.0,261.0,3200.0,3340.0,7.0,20.0,21.0,7.0,0.001,391.123,-306.783,-84.307,-24.867
19874,Deuterium,3064.0,261.0,3200.0,3340.0,7.0,0.0,0.0,7.0,-0.002,388.432,-306.841,-83.42,-25.017
19875,Deuterium,3064.0,261.0,3200.0,3340.0,7.0,0.0,0.0,7.0,0.001,-1.248,0.026,-1.308,0.04
19876,Deuterium,3064.0,261.0,3200.0,3340.0,7.0,0.0,0.0,7.0,-0.001,-0.477,0.102,-1.0,0.053
19877,Deuterium,3064.0,261.0,3200.0,3340.0,7.0,0.0,0.0,7.0,0.0,-0.267,-0.233,0.288,-0.099
19878,Deuterium,3064.0,261.0,3200.0,3340.0,7.0,0.0,0.0,7.0,-0.001,-0.481,-0.204,0.377,-0.139
19879,Deuterium,3064.0,261.0,3200.0,3340.0,7.0,0.0,0.0,7.0,0.003,-0.488,0.224,-0.414,0.128
19880,Deuterium,3064.0,261.0,3200.0,3340.0,7.0,0.0,0.0,7.0,-0.0,1.891,0.007,-0.014,0.014
19881,Deuterium,3064.0,261.0,3200.0,3340.0,7.0,0.0,0.0,7.0,-0.0,0.35,0.319,-0.489,0.184
19882,Deuterium,3064.0,261.0,3200.0,3340.0,7.0,0.0,0.0,7.0,0.001,0.688,0.05,-0.146,0.039
19883,Deuterium,3064.0,261.0,3200.0,3340.0,7.0,0.0,0.0,7.0,-0.005,-1.824,0.057,1.12,0.178
19884,Deuterium,3064.0,261.0,3200.0,3340.0,7.0,0.0,0.0,7.0,0.002,-0.837,0.02,-0.214,0.067
19885,Deuterium,3064.0,261.0,3200.0,3340.0,7.0,0.0,0.0,7.0,0.0,0.33,-0.745,1.624,-0.388
19886,Deuterium,3064.0,261.0,3200.0,3340.0,7.0,0.0,0.0,7.0,-0.001,0.279,0.286,-0.579,0.158
19887,Deuterium,3064.0,261.0,3200.0,3340.0,7.0,0.0,0.0,7.0,0.002,-0.372,-0.18,-0.472,-0.151
19888,Deuterium,3064.0,261.0,3200.0,3340.0,7.0,0.0,0.0,7.0,-0.0,-0.519,0.256,-0.073,0.198
19889,Deuterium,3064.0,261.0,3200.0,3340.0,7.0,0.0,0.0,7.0,-0.001,-0.548,-0.358,1.368,-0.116
19890,Deuterium,3064.0,261.0,3200.0,3340.0,7.0,0.0,0.0,7.0,0.001,0.214,0.033,1.478,0.126
19891,Deuterium,3064.0,261.0,3200.0,3340.0,7.0,0.0,0.0,7.0,-0.0,0.357,1.049,-2.203,0.469
19892,Deuterium,3064.0,261.0,3200.0,3340.0,7.0,0.0,0.0,7.0,-0.001,0.307,-0.044,0.005,-0.018
19893,Deuterium,3064.0,261.0,3200.0,3340.0,7.0,0.0,0.0,7.0,-0.001,-0.533,0.01,-0.236,0.028
19894,Deuterium,3064.0,261.0,3200.0,3340.0,7.0,0.0,0.0,7.0,-0.0,0.259,-0.437,1.553,-0.173
19895,Deuterium,3064.0,261.0,3200.0,3340.0,7.0,0.0,0.0,7.0,-0.0,0.599,-0.645,2.221,-0.197
19896,Deuterium,3064.0,261.0,3200.0,3340.0,7.0,0.0,0.0,7.0,-0.001,0.339,-0.249,0.244,-0.121
19897,Deuterium,3064.0,261.0,3200.0,3340.0,7.0,0.0,0.0,7.0,0.004,-2.461,-0.011,0.18,-0.052
19898,Deuterium,3064.0,261.0,3200.0,3340.0,7.0,0.0,0.0,7.0,-0.007,-1.287,-0.281,1.123,-0.083
19899,Deuterium,3064.0,261.0,3200.0,3340.0,7.0,0.0,0.0,7.0,-0.002,0.564,-0.234,0.214,-0.077
19900,Deuterium,3064.0,261.0,3200.0,3340.0,7.0,0.0,0.0,7.0,0.0,1.007,0.23,-0.55,0.141
19901,Deuterium,3064.0,261.0,3200.0,3340.0,7.0,0.0,0.0,7.0,0.001,-0.163,0.784,-2.362,0.289
19902,Deuterium,3064.0,261.0,3200.0,3340.0,3.0,3.0,3.0,3.0,-0.002,403.009,-303.68,-83.084,-25.438
19903,Deuterium,3060.0,190.0,3200.0,3340.0,6.0,20.0,20.6,0.0,0.001,0.575,-0.239,0.061,-0.157
19904,Deuterium,3060.0,190.0,3200.0,3340.0,6.0,20.0,20.6,0.0,0.0,387.153,-305.515,-83.839,-25.13
19905,Deuterium,3060.0,190.0,3200.0,3340.0,6.0,20.0,20.6,0.0,-0.0,381.585,-306.238,-83.539,-25.313
19906,Deuterium,3060.0,190.0,3200.0,3340.0,7.0,20.0,20.6,0.0,0.002,379.362,-305.093,-84.791,-25.391
19907,Deuterium,3060.0,190.0,3200.0,3340.0,7.0,20.0,20.6,0.0,0.0,379.252,-303.352,-84.408,-25.296
19908,Deuterium,3060.0,190.0,3200.0,3340.0,7.0,20.0,20.6,0.0,-0.001,376.896,-304.668,-82.318,-25.333
19909,Deuterium,3060.0,190.0,3200.0,3340.0,7.0,20.0,20.6,0.0,0.002,377.216,-304.889,-83.406,-25.342
19910,Deuterium,3060.0,190.0,3200.0,3340.0,7.0,20.0,20.6,0.0,0.002,374.946,-305.432,-83.64,-25.389
19911,Deuterium,3060.0,190.0,3200.0,3340.0,7.0,20.0,20.6,0.0,0.001,373.2,-305.443,-84.321,-25.593
19912,Deuterium,3060.0,201.0,3200.0,3340.0,3.0,3.0,3.0,0.0,0.0,386.659,-302.713,-83.639,-24.711
19913,Deuterium,3060.0,201.0,3200.0,3340.0,6.0,20.0,20.6,0.0,0.0,0.546,-0.073,-0.048,0.068
19914,Deuterium,3060.0,201.0,3200.0,3340.0,6.0,20.0,20.6,0.0,0.0,386.198,-305.7,-83.483,-25.254
19915,Deuterium,3060.0,201.0,3200.0,3340.0,7.0,20.0,20.6,0.0,0.0,380.66,-304.377,-83.204,-25.32
19916,Deuterium,3060.0,181.0,3200.0,3340.0,7.0,20.0,20.6,0.0,-0.0,379.656,-303.884,-83.074,-25.374
19917,Deuterium,3064.0,201.0,3200.0,3340.0,7.0,20.0,20.6,0.0,-0.002,377.698,-304.937,-82.417,-25.472
19918,Deuterium,3064.0,206.0,3200.0,3340.0,7.0,20.0,20.6,0.0,0.0,375.893,-304.492,-81.747,-25.529
19919,Deuterium,3064.0,206.0,3200.0,3340.0,7.0,20.0,20.6,0.0,0.001,376.401,-306.16,-83.038,-25.322
19920,Deuterium,3062.0,211.0,3200.0,3340.0,7.0,20.0,20.6,0.0,-0.003,373.884,-303.951,-85.349,-25.313
19921,Deuterium,3062.0,221.0,3200.0,3340.0,7.0,20.0,20.6,0.0,0.003,373.857,-302.447,-83.05,-25.051
19922,Deuterium,3064.0,221.0,3200.0,3340.0,7.0,20.0,20.6,0.0,-0.001,373.111,-302.496,-82.822,-24.989
19923,Deuterium,3066.0,221.0,3200.0,3340.0,7.0,20.0,20.6,0.0,-0.0,370.776,-303.18,-83.055,-25.351
19924,Deuterium,3064.0,221.0,3200.0,3340.0,7.0,20.0,20.6,0.0,0.002,368.213,-303.462,-84.372,-24.836
19925,Deuterium,3062.0,221.0,3200.0,3340.0,7.0,20.0,20.6,0.0,0.0,370.874,-304.184,-83.318,-25.417
19926,Deuterium,3060.0,221.0,3200.0,3340.0,7.0,20.0,20.6,0.0,-0.001,368.99,-304.917,-83.002,-25.196
19927,Deuterium,3060.0,221.0,3200.0,3340.0,7.0,20.0,20.6,0.0,0.0,368.741,-303.943,-85.331,-24.984
19928,Deuterium,3060.0,221.0,3200.0,3340.0,7.0,20.0,20.6,0.0,0.002,368.239,-304.827,-83.293,-25.503
19929,Deuterium,3060.0,221.0,3200.0,3340.0,7.0,20.0,20.6,0.0,0.0,366.188,-305.005,-83.982,-25.22
19930,Deuterium,3060.0,221.0,3200.0,3340.0,7.0,20.0,20.6,0.0,-0.001,365.68,-303.673,-82.751,-25.414
19931,Deuterium,3060.0,221.0,3200.0,3340.0,7.0,20.0,20.6,0.0,0.001,365.7,-303.223,-82.576,-25.22
19932,Deuterium,3060.0,221.0,3200.0,3340.0,7.0,20.0,20.6,0.0,0.006,366.402,-302.669,-83.62,-25.263
19933,Deuterium,3060.0,221.0,3200.0,3340.0,7.0,20.0,20.6,0.0,-0.004,361.86,-304.366,-80.346,-24.98
19934,Deuterium,3060.0,221.0,3200.0,3340.0,7.0,20.0,20.6,0.0,-0.0,362.062,-303.949,-82.247,-24.904
19935,Deuterium,3060.0,221.0,3200.0,3340.0,7.0,20.0,20.6,0.0,0.001,360.592,-304.485,-81.707,-25.519
19936,Deuterium,3060.0,221.0,3200.0,3340.0,7.0,20.0,20.6,0.0,-0.0,360.568,-304.289,-82.946,-25.252
19937,Deuterium,3060.0,221.0,3200.0,3340.0,6.0,20.0,20.6,0.0,-0.002,0.009,-0.214,0.059,-0.327
19938,Deuterium,3060.0,221.0,3200.0,3340.0,7.0,20.0,20.6,0.0,-0.007,360.837,-304.054,-83.362,-25.15
19939,Deuterium,3060.0,221.0,3200.0,3340.0,7.0,20.0,20.6,0.0,-0.0,359.403,-303.727,-82.361,-25.157
19940,Deuterium,3060.0,221.0,3200.0,3340.0,3.0,3.0,3.0,0.0,-0.003,360.058,-302.988,-82.565,-25.298
19941,Deuterium,3060.0,221.0,3200.0,3340.0,3.0,3.0,3.0,0.0,-0.001,375.459,-304.619,0.687,0.12
19942,Deuterium,3060.0,221.0,3200.0,3340.0,6.0,3.0,3.0,0.0,0.002,0.586,0.16,0.609,0.28
19943,Deuterium,3060.0,221.0,3200.0,3340.0,7.0,20.0,20.6,0.0,-0.002,374.585,-304.387,-83.729,-24.817
19944,Deuterium,3060.0,221.0,3200.0,3340.0,7.0,20.0,20.6,0.0,-0.003,368.513,-304.588,-83.63,-25.193
19945,Deuterium,3060.0,221.0,3200.0,3340.0,7.0,20.0,20.6,0.0,0.001,368.404,-304.301,-85.782,-25.163
19946,Deuterium,3060.0,221.0,3200.0,3340.0,7.0,20.0,20.6,0.0,0.002,366.41,-305.811,-83.32,-25.525
19947,Deuterium,3060.0,221.0,3200.0,3340.0,7.0,20.0,20.6,0.0,-0.001,364.923,-302.298,-84.385,-25.037
19948,Deuterium,3060.0,221.0,3200.0,3340.0,7.0,20.0,20.6,0.0,0.002,367.823,-303.503,-84.258,-25.174
19949,Deuterium,3060.0,221.0,3200.0,3340.0,7.0,20.0,20.6,0.0,-0.001,364.414,-303.883,-83.837,-25.067
19950,Deuterium,3060.0,221.0,3200.0,3340.0,7.0,20.0,20.6,0.0,0.004,363.063,-303.868,-83.306,-25.198
19951,Deuterium,3060.0,221.0,3200.0,3340.0,7.0,20.0,20.6,0.0,0.0,361.158,-304.826,-81.509,-25.621
19952,Deuterium,3060.0,221.0,3200.0,3340.0,7.0,20.0,20.6,0.0,0.001,361.263,-304.491,-82.714,-25.423
19953,Deuterium,3060.0,221.0,3200.0,3340.0,7.0,20.0,20.6,0.0,-0.001,359.641,-301.733,-84.501,-24.835
19954,Deuterium,3060.0,221.0,3200.0,3340.0,7.0,20.0,20.6,0.0,-0.001,359.73,-303.365,-82.821,-25.178
19955,Deuterium,3060.0,221.0,3200.0,3340.0,7.0,20.0,20.6,0.0,-0.002,358.81,-303.346,-82.736,-25.501
19956,Deuterium,3060.0,221.0,3200.0,3340.0,7.0,20.0,20.6,0.0,-0.003,357.676,-303.309,-83.097,-25.366
19957,Deuterium,3060.0,221.0,3200.0,3340.0,7.0,20.0,20.6,0.0,0.0,365.152,-302.412,-86.687,-24.954
19958,Deuterium,3058.0,221.0,3200.0,3340.0,7.0,20.0,20.6,0.0,-0.001,-0.593,-0.2,0.404,-0.057
19959,Deuterium,3058.0,221.0,3200.0,3340.0,7.0,20.0,20.6,0.0,-0.008,-2.862,-0.165,0.168,-0.089
19960,Deuterium,3058.0,221.0,3200.0,3340.0,7.0,20.0,20.6,0.0,-0.0,-1.882,-0.158,0.022,-0.075
19961,Deuterium,3060.0,221.0,3200.0,3340.0,6.0,20.0,20.0,0.0,-0.0,-0.757,-0.147,0.132,0.093
19962,Deuterium,3060.0,221.0,3200.0,3340.0,6.0,20.0,20.6,0.0,-0.001,382.157,-301.27,-68.574,-20.855
19963,Deuterium,3060.0,221.0,3200.0,3340.0,7.0,20.0,20.6,0.0,-0.001,-1.228,0.905,-2.476,0.229
19964,Deuterium,3058.0,221.0,3200.0,3340.0,7.0,20.0,20.6,0.0,-0.001,-0.181,-0.176,-0.443,-0.148
19965,Deuterium,3060.0,221.0,3200.0,3340.0,7.0,20.0,20.6,0.0,-0.001,380.722,-301.987,-85.117,-24.505
19966,Deuterium,3060.0,161.0,3200.0,3340.0,7.0,20.0,18.0,0.0,0.001,373.106,-301.521,-0.519,0.258
19967,Deuterium,3060.0,140.0,3200.0,3340.0,7.0,20.0,18.0,0.0,0.003,374.271,-304.81,2.218,0.19
19968,Deuterium,3064.0,140.0,3200.0,3340.0,7.0,20.0,18.0,0.0,0.001,369.852,-302.807,0.514,0.275
19969,Deuterium,3064.0,130.0,3200.0,3340.0,7.0,20.0,18.0,0.0,0.0,369.921,-301.122,-2.203,0.188
19970,Deuterium,3068.0,130.0,3200.0,3340.0,7.0,20.0,18.0,0.0,-0.001,367.874,-303.18,2.586,0.022
19971,Deuterium,3070.0,130.0,3200.0,3340.0,7.0,20.0,18.0,0.0,-0.001,366.609,-302.854,-0.502,0.255
19972,Deuterium,3070.0,130.0,3200.0,3340.0,7.0,20.0,18.0,0.0,-0.0,0.127,-0.227,0.129,-0.175
19973,Deuterium,3070.0,130.0,3200.0,3340.0,7.0,20.0,18.0,0.0,-0.002,-0.711,0.267,-1.176,0.125
19974,Deuterium,3070.0,130.0,3200.0,3340.0,3.0,3.0,3.0,0.0,0.001,366.01,0.304,-85.791,-25.153
19975,Deuterium,3070.0,130.0,3200.0,3340.0,6.0,3.0,3.0,0.0,-0.001,-0.385,0.516,-1.095,0.368
19976,Deuterium,3068.0,130.0,3200.0,3340.0,7.0,20.0,18.0,0.0,-0.0,366.466,-303.277,-84.465,-25.185
19977,Deuterium,3068.0,130.0,3200.0,3340.0,7.0,20.0,18.0,0.0,0.001,365.163,-304.958,0.711,-0.217
19978,Deuterium,3068.0,130.0,3200.0,3340.0,7.0,20.0,18.0,0.0,0.001,361.038,-302.786,-1.013,0.386
19979,Deuterium,3068.0,130.0,3200.0,3340.0,7.0,20.0,18.0,0.0,0.002,362.258,-303.733,-0.321,0.082
19980,Deuterium,3068.0,130.0,3200.0,3340.0,7.0,20.0,18.0,0.0,-0.001,359.298,-304.528,0.005,0.325
19981,Deuterium,3068.0,130.0,3200.0,3340.0,7.0,20.0,18.0,0.0,-0.0,358.763,-304.953,0.641,-0.003
19982,Deuterium,3068.0,130.0,3200.0,3340.0,7.0,20.0,18.0,0.0,0.0,356.952,-303.226,1.028,0.031
19983,Deuterium,3068.0,130.0,3200.0,3340.0,7.0,20.0,18.0,0.0,0.001,356.821,-305.195,0.083,0.282
19984,Deuterium,3068.0,130.0,3200.0,3340.0,7.0,20.0,18.2,0.0,-0.001,354.442,-304.253,0.377,0.165
19985,Deuterium,3068.0,130.0,3200.0,3340.0,7.0,20.0,18.2,0.0,0.0,284.694,-304.326,2.627,-0.156
19986,Deuterium,3064.0,130.0,3200.0,3340.0,7.0,20.0,18.0,0.0,0.0,285.908,-303.685,0.747,0.055
19987,Deuterium,3064.0,130.0,3200.0,3340.0,7.0,20.0,18.0,0.0,0.001,283.768,-303.039,-0.416,0.072
19988,Deuterium,3060.0,130.0,3200.0,3340.0,7.0,20.0,18.0,0.0,-0.002,282.663,-304.175,0.496,0.206
19989,Deuterium,3060.0,120.0,3200.0,3340.0,7.0,20.0,18.0,0.0,-0.0,281.777,-304.11,-1.314,0.391
19990,Deuterium,3060.0,130.0,3200.0,3340.0,7.0,20.0,18.0,0.0,0.002,280.906,-303.701,-2.466,-0.066
19991,Deuterium,3060.0,130.0,3200.0,3340.0,7.0,20.0,18.0,0.0,-0.003,-2.134,0.205,-0.104,0.114
19992,Deuterium,3060.0,130.0,3200.0,3340.0,7.0,20.0,19.0,0.0,-0.001,279.818,-301.967,-0.098,0.344
19993,Deuterium,3068.0,130.0,3200.0,3340.0,7.0,20.0,19.0,0.0,-0.0,279.453,-302.863,2.427,-0.239
19994,Deuterium,3068.0,130.0,3200.0,3340.0,7.0,20.0,18.0,0.0,0.001,269.222,-303.498,0.577,-0.103
19995,Deuterium,3064.0,130.0,3200.0,3340.0,7.0,20.0,18.0,0.0,0.001,268.736,-303.783,0.468,0.18
19996,Deuterium,3064.0,130.0,3200.0,3340.0,7.0,20.0,18.0,0.0,-0.001,265.321,-303.802,0.224,0.319
19997,Deuterium,3064.0,130.0,3200.0,3340.0,7.0,20.0,18.0,0.0,0.003,267.019,-304.003,-1.232,0.145
19998,Deuterium,3068.0,130.0,3200.0,3340.0,7.0,20.0,18.0,0.0,0.001,264.655,-303.952,-0.217,0.141
19999,Deuterium,3070.0,130.0,3200.0,3340.0,7.0,20.0,18.0,0.0,-0.0,265.074,-303.56,-0.034,0.175
20000,Deuterium,3072.0,130.0,3200.0,3340.0,7.0,20.0,18.0,0.0,0.002,265.061,-301.451,-1.039,0.283
20001,Deuterium,3070.0,130.0,3200.0,3340.0,7.0,20.0,18.0,0.0,-0.0,262.265,-301.705,0.485,0.104
20002,Deuterium,3070.0,141.0,3200.0,3340.0,7.0,20.0,18.0,0.0,0.002,261.354,-302.209,0.711,0.059
20003,Deuterium,3072.0,141.0,3200.0,3340.0,7.0,20.0,18.0,0.0,0.001,261.329,-302.911,0.416,0.017
20004,Deuterium,3072.0,141.0,3200.0,3340.0,7.0,20.0,18.0,0.0,0.002,261.463,-302.76,0.141,0.114
20005,Deuterium,3074.0,141.0,3200.0,3340.0,7.0,20.0,18.0,0.0,0.002,260.782,-303.085,0.075,0.137
20006,Deuterium,3068.0,141.0,3200.0,3340.0,3.0,3.0,3.0,0.0,-0.001,261.8,-303.273,3.252,-26.404
20007,Deuterium,3068.0,141.0,3200.0,3340.0,7.0,20.0,18.0,0.0,0.001,263.415,-303.299,-84.362,-25.8
20008,Deuterium,3068.0,141.0,3200.0,3340.0,6.0,20.0,18.0,0.0,-0.002,0.08,0.196,-1.443,0.139
20009,Deuterium,3068.0,141.0,3200.0,3340.0,6.0,20.0,18.0,0.0,0.003,261.824,-302.447,-0.003,0.03
20010,Deuterium,3068.0,141.0,3200.0,3340.0,7.0,20.0,18.0,0.0,-0.001,261.955,-302.623,-0.056,0.002
20011,Deuterium,3064.0,130.0,3200.0,3340.0,7.0,20.0,18.0,0.0,0.0,259.34,-302.918,2.245,-0.311
20012,Deuterium,3068.0,130.0,3200.0,3340.0,7.0,20.0,18.0,0.0,-0.001,258.661,-301.201,-1.02,0.086
20013,Deuterium,3068.0,130.0,3200.0,3340.0,7.0,20.0,18.0,0.0,0.001,259.018,-301.235,-0.73,0.471
20014,Deuterium,3064.0,120.0,3200.0,3340.0,7.0,20.0,18.0,0.0,0.001,257.656,-300.873,0.417,0.258
20015,Deuterium,3066.0,120.0,3200.0,3340.0,7.0,20.0,18.0,0.0,0.001,255.817,-301.868,1.12,-0.036
20016,Deuterium,3066.0,130.0,3200.0,3340.0,6.0,20.0,18.0,0.0,0.003,254.3,-301.856,1.246,0.032
20017,Deuterium,3070.0,130.0,3200.0,3340.0,7.0,20.0,18.0,0.0,0.0,254.437,-300.218,0.697,0.117
20018,Deuterium,3070.0,130.0,3200.0,3340.0,7.0,20.0,18.0,0.0,0.001,253.032,-300.787,1.398,-0.085
20019,Deuterium,3070.0,130.0,3200.0,3340.0,7.0,20.0,18.0,0.0,0.003,252.814,-301.724,2.301,-0.153
20020,Deuterium,3070.0,130.0,3200.0,3340.0,7.0,20.0,18.0,0.0,-0.0,252.537,-299.79,-1.227,0.466
20021,Deuterium,3070.0,130.0,3200.0,3340.0,7.0,20.0,18.0,0.0,-0.0,250.056,-300.605,-81.691,-26.094
20022,Deuterium,3070.0,130.0,3200.0,3340.0,7.0,20.0,18.1,0.0,-0.0,250.644,-299.649,-2.152,0.128
20023,Deuterium,3070.0,130.0,3200.0,3340.0,7.0,20.0,18.2,0.0,0.0,248.013,-299.724,-83.739,-26.006
20024,Deuterium,3070.0,130.0,3200.0,3340.0,7.0,20.0,18.2,0.0,0.002,248.178,-299.015,-1.816,0.566
20025,Deuterium,3070.0,130.0,3200.0,3340.0,7.0,20.0,18.2,0.0,-0.002,245.229,-299.969,0.265,0.056
20026,Deuterium,3070.0,130.0,3200.0,3340.0,7.0,20.0,18.2,0.0,0.003,245.353,-299.202,-0.894,-0.342
20027,Deuterium,3070.0,130.0,3200.0,3340.0,7.0,20.0,18.2,0.0,-0.002,237.675,-300.409,0.031,0.084
20028,Deuterium,3070.0,130.0,3200.0,3340.0,7.0,20.0,18.2,0.0,0.001,238.807,-299.838,-1.117,0.229
20029,Deuterium,3070.0,130.0,3200.0,3340.0,7.0,20.0,18.2,0.0,-0.004,237.653,-299.459,-0.623,0.196
20030,Deuterium,3070.0,130.0,3200.0,3340.0,7.0,20.0,18.2,0.0,-0.001,0.042,0.049,-0.022,0.046
20031,Deuterium,3070.0,130.0,3200.0,3340.0,7.0,20.0,18.2,0.0,0.001,226.105,-300.645,-0.037,0.065
20032,Deuterium,3070.0,130.0,3200.0,3340.0,7.0,20.0,18.2,0.0,0.0,225.664,-299.398,-0.334,-0.098
20033,Deuterium,3070.0,133.0,3200.0,3340.0,7.0,20.0,18.2,0.0,0.002,224.659,-300.325,1.083,0.099
20034,Deuterium,3070.0,133.0,3200.0,3340.0,7.0,20.0,18.2,0.0,0.0,224.183,-299.856,1.056,0.129
20035,Helium,3030.0,133.0,3200.0,3340.0,6.0,3.0,3.0,0.0,-0.001,0.06,-0.263,0.521,-0.404
20036,Deuterium,3074.0,141.0,3200.0,3340.0,7.0,20.0,18.0,0.0,-0.001,229.977,-301.071,1.648,-0.14
20037,Helium,3030.0,133.0,3200.0,3340.0,6.0,20.0,18.0,0.0,-0.001,-0.41,-0.178,0.424,-0.055
20038,Helium,3040.0,133.0,3200.0,3340.0,7.0,20.0,18.0,0.0,-0.001,231.846,-301.743,0.336,0.192
20039,Helium,3030.0,133.0,3200.0,3340.0,7.0,20.0,18.0,0.0,-0.001,233.852,-301.585,-0.742,0.146
20040,Helium,3030.0,141.0,3200.0,3340.0,7.0,20.0,18.0,0.0,-0.001,230.968,-301.13,-0.696,0.085
20041,Helium,3020.0,141.0,3200.0,3340.0,7.0,20.0,18.0,0.0,0.002,234.583,-300.994,0.692,0.39
20042,Helium,3024.0,141.0,3200.0,3340.0,7.0,20.0,18.0,0.0,0.0,231.982,-301.082,0.372,0.036
20043,Helium,3022.0,120.0,3200.0,3340.0,7.0,20.0,18.0,0.0,-0.0,231.759,-300.654,0.272,-0.115
20044,Helium,3006.0,110.0,3200.0,3340.0,7.0,20.0,18.0,0.0,0.001,232.193,-300.297,-0.877,-0.042
20045,Helium,3012.0,110.0,3200.0,3340.0,7.0,20.0,18.0,0.0,-0.002,230.019,-300.098,0.219,0.164
20046,Helium,3012.0,110.0,3200.0,3340.0,7.0,20.0,18.0,0.0,-0.001,231.489,-299.719,-0.205,0.162
20047,Helium,3014.0,110.0,3200.0,3340.0,7.0,20.0,18.3,0.0,0.004,231.71,-300.217,0.365,-0.214
20048,Helium,3012.0,110.0,3200.0,3340.0,7.0,20.0,18.3,0.0,0.0,230.62,-300.379,0.613,0.207
20049,Helium,3012.0,110.0,3200.0,3340.0,7.0,20.0,18.0,0.0,0.001,230.533,-299.621,-0.263,-0.043
20050,Helium,3012.0,110.0,3200.0,3340.0,7.0,20.0,18.0,0.0,0.001,231.413,-299.191,0.302,-0.033
20051,Helium,3012.0,110.0,3200.0,3340.0,7.0,20.0,18.0,0.0,-0.002,228.174,-298.862,-1.65,0.32
20052,Helium,3012.0,110.0,3200.0,3340.0,7.0,20.0,18.0,0.0,-0.002,228.27,-299.209,0.122,-0.178
20053,Helium,3012.0,110.0,3200.0,3340.0,7.0,20.0,18.0,0.0,0.001,231.424,-299.057,0.204,-0.074
20054,Helium,3012.0,110.0,3200.0,3340.0,7.0,20.0,18.0,0.0,0.001,227.7,-298.358,0.102,0.498
20055,Helium,3012.0,161.0,3200.0,3340.0,7.0,20.0,18.0,0.0,0.004,231.311,-299.623,0.221,-0.058
20056,Helium,3026.0,161.0,3200.0,3340.0,7.0,20.0,18.0,0.0,0.001,230.322,-299.827,0.239,0.283
20057,Helium,3026.0,161.0,3200.0,3340.0,6.0,20.0,18.0,0.0,-0.001,228.533,-298.345,-2.33,0.294
20058,Helium,3012.0,110.0,3200.0,3340.0,7.0,20.0,18.0,0.0,0.0,228.905,-299.242,0.08,-0.024
20059,Helium,3012.0,110.0,3200.0,3340.0,7.0,20.0,18.0,0.0,-0.001,227.437,-299.128,0.131,0.039
20060,Helium,3012.0,110.0,3200.0,3340.0,7.0,20.0,18.0,0.0,-0.001,228.791,-300.255,4.022,-0.405
20061,Helium,3012.0,110.0,3200.0,3340.0,7.0,20.0,18.0,0.0,0.0,228.021,-298.908,-0.441,-0.427
20062,Helium,3008.0,101.0,3200.0,3340.0,7.0,20.0,18.0,0.0,0.002,228.754,-298.753,0.054,0.071
20063,Helium,3014.0,115.0,3200.0,3340.0,7.0,20.0,18.0,0.0,0.002,228.364,-299.039,0.57,-0.371
20064,Helium,3014.0,120.0,3200.0,3340.0,7.0,20.0,18.0,0.0,-0.0,226.914,-298.51,-0.132,0.168
20065,Helium,3014.0,120.0,3200.0,3340.0,7.0,20.0,18.0,0.0,0.0,0.521,0.243,-0.54,0.077
20066,Helium,3014.0,120.0,3200.0,3340.0,7.0,20.0,18.0,0.0,-0.005,-1.936,-0.234,0.496,-0.131
20067,Helium,3014.0,120.0,3200.0,3340.0,7.0,20.0,18.0,0.0,-0.001,0.172,-0.068,1.258,0.095
20068,Helium,3014.0,120.0,3200.0,3340.0,7.0,20.0,18.0,0.0,0.001,0.484,-0.2,0.397,-0.113
20069,Helium,3014.0,120.0,3200.0,3340.0,7.0,20.0,18.0,0.0,0.003,2.346,0.334,-0.11,0.222
20070,Helium,3014.0,120.0,3200.0,3340.0,7.0,20.0,18.0,0.0,-0.004,-0.307,-0.598,2.201,-0.183
20071,Helium,3014.0,120.0,3200.0,3340.0,7.0,20.0,18.0,0.0,-0.002,-1.21,0.184,0.058,0.138
20072,Helium,3014.0,120.0,3200.0,3340.0,7.0,20.0,18.0,0.0,0.002,0.811,-0.001,0.202,0.019
20073,Helium,3014.0,120.0,3200.0,3340.0,7.0,20.0,18.0,0.0,0.003,1.16,0.34,-0.709,0.138
20074,Helium,3014.0,120.0,3200.0,3340.0,7.0,20.0,18.0,0.0,0.002,-0.129,-0.081,0.014,-0.082
20075,Helium,3014.0,120.0,3200.0,3340.0,7.0,20.0,18.0,0.0,-0.003,0.481,0.064,0.377,0.095
20076,Helium,3014.0,120.0,3200.0,3340.0,7.0,20.0,18.0,0.0,-0.002,-0.261,-0.082,0.241,-0.048
20077,Helium,3014.0,120.0,3200.0,3340.0,7.0,20.0,18.0,0.0,-0.007,0.265,-0.025,0.329,0.038
20078,Deuterium,3060.0,221.0,3200.0,3340.0,7.0,20.0,20.6,0.0,0.0,335.83,-300.706,-84.93,-26.08
20079,Deuterium,3060.0,221.0,3200.0,3340.0,6.0,20.0,20.6,0.0,-0.001,-0.51,-0.057,0.743,-0.016
20080,Deuterium,3060.0,221.0,3200.0,3340.0,7.0,20.0,20.6,0.0,0.002,337.982,-301.196,-83.922,-25.916
20081,Deuterium,3060.0,221.0,3200.0,3340.0,7.0,20.0,20.6,0.0,-0.003,332.776,-301.236,-84.372,-25.884
20082,Deuterium,3060.0,221.0,3200.0,3340.0,7.0,20.0,20.6,0.0,0.001,0.563,-0.269,0.796,-0.047
20083,Deuterium,3060.0,221.0,3200.0,3340.0,7.0,20.0,20.6,0.0,0.001,330.796,-301.667,-81.358,-26.17
20084,Deuterium,3060.0,221.0,3200.0,3340.0,7.0,20.0,20.6,0.0,-0.001,330.373,-300.483,-83.871,-25.929
20085,Deuterium,3064.0,221.0,3200.0,3340.0,7.0,20.0,20.6,0.0,0.0,327.533,-300.912,-82.75,-25.872
20086,Deuterium,3064.0,221.0,3200.0,3340.0,7.0,20.0,20.6,0.0,-0.035,-1.468,0.059,0.333,-0.12
20087,Deuterium,3064.0,221.0,3200.0,3340.0,7.0,20.0,20.6,0.0,0.0,0.532,-0.113,0.333,-7.553
20088,Deuterium,3064.0,221.0,3200.0,3340.0,7.0,20.0,20.6,0.0,0.034,0.392,0.579,-1.994,-0.178
20089,Deuterium,3064.0,221.0,3200.0,3340.0,7.0,20.0,20.6,0.0,-0.001,18.438,-0.478,0.748,-0.07
20090,Deuterium,3064.0,221.0,3200.0,3340.0,7.0,20.0,20.6,0.0,0.0,-0.082,0.262,-0.414,0.166
20091,Deuterium,3064.0,221.0,3200.0,3340.0,7.0,20.0,20.6,0.0,0.001,1.824,0.646,-2.086,0.187
20092,Deuterium,3064.0,221.0,3200.0,3340.0,7.0,20.0,20.6,0.0,-0.002,-0.486,-0.15,0.681,0.205
20093,Deuterium,3064.0,221.0,3200.0,3340.0,7.0,20.0,20.6,0.0,0.002,-0.552,0.905,-1.342,0.412
20094,Deuterium,3064.0,221.0,3200.0,3340.0,7.0,20.0,20.6,0.0,-0.001,0.833,0.056,-0.448,0.145
20095,Deuterium,3064.0,221.0,3200.0,3340.0,7.0,20.0,20.6,0.0,0.004,113.513,-217.05,-0.268,0.435
20096,Deuterium,3064.0,221.0,3200.0,3340.0,7.0,20.0,20.6,0.0,-0.001,89.386,-304.913,1.59,0.081
20097,Deuterium,3064.0,221.0,3200.0,3340.0,7.0,20.0,20.6,0.0,-0.001,88.138,-265.561,0.577,-0.005
20098,Deuterium,3064.0,221.0,3200.0,3340.0,7.0,20.0,20.6,0.0,0.001,-0.171,0.519,-64.063,-23.319
20099,Deuterium,3064.0,221.0,3200.0,3340.0,7.0,20.0,20.6,0.0,0.001,0.737,0.507,-80.85,-23.41
20100,Deuterium,3064.0,221.0,3200.0,3340.0,7.0,20.0,18.0,0.0,0.0,-86.846,261.855,-84.217,-23.309
20101,Deuterium,3064.0,221.0,3200.0,3340.0,7.0,20.0,18.0,0.0,0.001,-89.009,262.824,-81.039,-23.103
20102,Deuterium,3064.0,221.0,3200.0,3340.0,7.0,20.0,18.0,0.0,-0.0,-0.486,-0.281,-1.186,-0.03
20103,Deuterium,3064.0,221.0,3200.0,3340.0,3.0,3.0,3.0,0.0,-0.0,1.236,-0.028,-84.362,-22.959
20104,Deuterium,3064.0,221.0,3200.0,3340.0,3.0,3.0,3.0,0.0,-0.004,-88.352,264.882,-83.335,-22.916
20105,Deuterium,3064.0,221.0,3200.0,3340.0,7.0,20.0,18.0,0.0,-0.0,-0.539,-0.811,-2.277,0.118
20106,Deuterium,3064.0,221.0,3200.0,3340.0,7.0,20.0,18.0,0.0,0.002,0.27,0.032,-0.655,-0.258
20107,Deuterium,3010.0,221.0,3200.0,3340.0,7.0,20.0,18.0,0.0,0.0,-87.677,265.218,-82.536,-22.935
20108,Deuterium,3030.0,221.0,3200.0,3340.0,7.0,20.0,18.0,0.0,-0.001,-90.548,266.162,-82.836,-22.77
20109,Deuterium,3034.0,221.0,3200.0,3340.0,7.0,20.0,18.0,0.0,0.001,-89.009,264.36,-83.199,-23.0
20110,Deuterium,3038.0,221.0,3200.0,3340.0,7.0,20.0,19.0,0.0,-0.0,-88.949,264.801,-84.674,-23.252
20111,Deuterium,3044.0,221.0,3200.0,3340.0,7.0,20.0,19.0,0.0,0.001,-88.453,266.017,-78.941,-23.155
20112,Deuterium,3044.0,221.0,3200.0,3340.0,7.0,20.0,19.0,0.0,-0.001,-0.176,-0.044,0.168,0.159
20113,Deuterium,3044.0,221.0,3200.0,3340.0,7.0,20.0,19.0,0.0,0.001,-89.504,263.651,-83.875,-22.808
20114,Deuterium,3044.0,221.0,3200.0,3340.0,7.0,20.0,20.0,0.0,-0.004,-88.241,264.282,-83.062,-22.881
20115,Deuterium,3048.0,221.0,3200.0,3340.0,7.0,20.0,20.0,0.0,0.0,-87.339,265.301,-79.601,-23.098
20116,Deuterium,3048.0,221.0,3200.0,3340.0,7.0,20.0,18.0,0.0,-0.001,-89.236,263.506,-83.479,-22.736
20117,Deuterium,3048.0,221.0,3200.0,3340.0,7.0,20.0,18.0,0.0,0.001,-1.336,-0.442,-247.463,-96.499
20118,Deuterium,3048.0,221.0,3200.0,3340.0,7.0,20.0,18.0,0.0,0.002,-236.241,306.095,-227.151,-96.351
20119,Deuterium,3048.0,221.0,3200.0,3340.0,7.0,20.0,18.0,0.0,-0.001,-0.1,-0.806,-1.186,0.154
20120,Deuterium,3048.0,221.0,3200.0,3340.0,7.0,20.0,18.0,0.0,-0.001,-90.036,218.923,-83.568,-23.049
20121,Deuterium,3048.0,221.0,3200.0,3340.0,3.0,3.0,3.0,0.0,0.0,-89.902,266.023,-84.243,-22.911
20122,Deuterium,3048.0,221.0,3200.0,3340.0,3.0,3.0,3.0,0.0,-0.003,-0.987,0.545,1.634,-0.21
20123,Deuterium,3048.0,221.0,3200.0,3340.0,6.0,3.0,3.0,0.0,0.001,-0.169,0.164,0.339,-0.322
20124,Deuterium,3048.0,221.0,3200.0,3340.0,7.0,20.0,20.0,0.0,-0.001,-90.455,265.351,-82.907,-22.912
20125,Deuterium,3048.0,221.0,3200.0,3340.0,4.0,20.0,20.0,0.0,0.003,-91.047,264.974,-84.234,-22.964
20126,Deuterium,3048.0,221.0,3200.0,3340.0,4.0,20.0,20.0,0.0,0.001,-88.967,264.8,-83.418,-23.072
20127,Deuterium,3048.0,221.0,3200.0,3340.0,4.0,20.0,20.0,0.0,0.001,-236.301,307.936,-224.688,-97.358
20128,Deuterium,3048.0,221.0,3200.0,3340.0,7.0,20.0,20.0,0.0,0.001,-236.162,306.856,-224.741,-97.191
20129,Deuterium,3050.0,221.0,3200.0,3340.0,7.0,20.0,20.0,0.0,-0.001,-236.633,307.126,-223.792,-96.889
20130,Deuterium,3060.0,221.0,3200.0,3340.0,7.0,20.0,20.0,0.0,0.001,-236.479,306.693,-225.133,-96.936
20131,Deuterium,3060.0,221.0,3200.0,3340.0,7.0,20.0,20.0,0.0,0.0,-0.468,0.122,-0.322,0.123
20132,Deuterium,3060.0,221.0,3200.0,3340.0,7.0,20.0,20.0,0.0,0.001,338.154,-306.739,-83.73,-26.739
20133,Deuterium,3064.0,221.0,3200.0,3340.0,7.0,20.0,20.0,0.0,0.002,332.866,-306.814,-82.161,-27.042
20134,Deuterium,3064.0,221.0,3200.0,3340.0,7.0,20.0,20.6,0.0,-0.0,331.514,-306.275,-82.169,-26.615
20135,Deuterium,3064.0,221.0,3200.0,3340.0,7.0,20.0,20.0,0.0,-0.0,329.544,-305.416,-82.999,-26.78
20136,Deuterium,3064.0,221.0,3200.0,3340.0,7.0,20.0,19.5,0.0,0.001,327.746,-305.451,-83.929,-26.716
20137,Deuterium,3064.0,221.0,3200.0,3340.0,7.0,20.0,19.0,0.0,0.0,325.775,-305.651,-82.215,-26.953
20138,Deuterium,3064.0,221.0,3200.0,3340.0,7.0,20.0,18.5,0.0,-0.001,325.439,-305.21,-83.196,-27.04
20139,Deuterium,3064.0,221.0,3200.0,3340.0,7.0,20.0,18.0,0.0,-0.0,323.833,-305.333,-83.333,-26.946
20140,Deuterium,3064.0,221.0,3200.0,3340.0,7.0,20.0,17.5,0.0,-0.0,322.737,-305.316,-83.345,-26.721
20141,Deuterium,3064.0,221.0,3200.0,3340.0,7.0,20.0,17.0,0.0,-0.005,323.918,-305.157,-82.571,-26.987
20142,Deuterium,3062.0,221.0,3200.0,3340.0,7.0,20.0,18.0,0.0,0.002,318.553,-304.849,-82.89,-26.897
20143,Deuterium,3060.0,221.0,3200.0,3340.0,7.0,20.0,18.0,0.0,0.0,319.67,-304.86,-83.108,-26.964
20144,Deuterium,3062.0,211.0,3200.0,3340.0,7.0,20.0,18.0,0.0,-0.001,318.213,-304.46,-83.663,-26.882
20145,Deuterium,3062.0,201.0,3200.0,3340.0,7.0,20.0,18.0,0.0,-0.004,318.455,-305.652,-79.613,-27.213
20146,Deuterium,3062.0,190.0,3200.0,3340.0,7.0,20.0,18.0,0.0,-0.003,317.934,-303.844,-84.601,-26.603
20147,Deuterium,3062.0,180.0,3200.0,3340.0,7.0,20.0,18.0,0.0,0.0,316.332,-304.725,-82.301,-26.832
20148,Deuterium,3066.0,231.0,3200.0,3340.0,7.0,20.0,18.0,0.0,-0.003,315.791,-304.606,-83.102,-26.879
20149,Deuterium,3066.0,231.0,3200.0,3340.0,7.0,20.0,18.0,0.0,-0.001,315.212,-304.025,-84.0,-26.949
20150,Deuterium,3066.0,231.0,3200.0,3340.0,7.0,20.0,18.0,0.0,0.0,-0.416,-0.217,0.579,-0.073
20151,Deuterium,3066.0,231.0,3200.0,3340.0,7.0,20.0,18.0,0.0,-0.001,0.777,0.751,-1.77,0.325
20152,Deuterium,3066.0,231.0,3200.0,3340.0,6.0,3.0,3.0,0.0,0.003,0.916,-0.163,0.553,-0.087
20153,Deuterium,3066.0,231.0,3200.0,3340.0,6.0,3.0,3.0,0.0,-0.0,-0.016,0.871,3.136,0.425
20154,Deuterium,3066.0,231.0,3200.0,3340.0,6.0,3.0,3.0,0.0,-0.001,60.04,119.39,-0.054,-0.303
20155,Deuterium,3066.0,231.0,3200.0,3340.0,6.0,3.0,3.0,0.0,-0.0,48.407,119.297,-0.051,-0.151
20156,Deuterium,3066.0,231.0,3200.0,3340.0,6.0,3.0,3.0,0.0,0.002,-2.041,0.052,-43.158,14.206
20157,Deuterium,3060.0,231.0,3200.0,3340.0,7.0,20.0,18.0,0.0,0.001,47.802,119.066,-43.369,14.036
20158,Deuterium,3020.0,231.0,3200.0,3340.0,8.0,20.0,18.0,0.0,-0.004,47.654,119.216,-42.527,-14.055
20159,Deuterium,3000.0,242.0,3200.0,3340.0,8.0,20.0,18.0,0.0,-0.001,47.583,118.911,-43.211,-13.983
20160,Deuterium,3000.0,261.0,3200.0,3340.0,8.0,20.0,18.0,0.0,-0.001,49.319,119.161,-43.243,-14.017
20161,Deuterium,2998.0,261.0,3200.0,3340.0,8.0,20.0,18.5,0.0,0.002,46.672,119.2,-43.552,-14.053
20162,Deuterium,3004.0,241.0,3200.0,3340.0,8.0,20.0,18.0,0.0,0.004,47.581,119.073,-44.749,-13.785
20163,Deuterium,3000.0,241.0,3200.0,3340.0,8.0,20.0,18.0,0.0,-0.002,89.853,219.635,-77.954,-23.028
20164,Deuterium,3000.0,241.0,3200.0,3340.0,8.0,20.0,18.0,0.0,-0.001,92.012,219.809,-67.615,-22.859
20165,Deuterium,2996.0,261.0,3200.0,3340.0,8.0,20.0,18.0,0.0,-0.001,89.945,220.192,-67.085,-22.995
20166,Deuterium,2996.0,261.0,3200.0,3340.0,8.0,20.0,19.0,0.0,0.001,88.795,218.801,-69.433,-22.418
20167,Deuterium,3060.0,201.0,3200.0,3340.0,3.0,3.0,3.0,0.0,0.001,331.77,-308.053,-0.35,0.206
20168,Deuterium,3060.0,201.0,3200.0,3340.0,3.0,3.0,3.0,0.0,-0.001,-0.446,0.127,-0.662,0.031
20169,Deuterium,3060.0,201.0,3200.0,3340.0,6.0,3.0,3.0,0.0,0.002,-0.829,0.587,-2.045,0.273
20170,Deuterium,3060.0,201.0,3200.0,3340.0,8.0,20.0,20.0,0.0,0.005,327.668,-309.37,1.174,-0.079
20171,Deuterium,3062.0,201.0,3200.0,3340.0,8.0,20.0,20.0,0.0,-0.01,325.379,-308.938,-0.263,-0.136
20172,Deuterium,3062.0,221.0,3200.0,3340.0,8.0,20.0,20.0,0.0,0.0,326.203,-308.914,0.178,-0.138
20173,Deuterium,3062.0,221.0,3200.0,3340.0,8.0,20.0,18.0,0.0,0.0,322.362,-306.764,-2.34,0.811
20174,Deuterium,3062.0,221.0,3200.0,3340.0,8.0,20.0,18.0,0.0,-0.002,323.155,-309.041,-0.455,-0.042
20175,Deuterium,3062.0,231.0,3200.0,3340.0,8.0,20.0,18.0,0.0,-0.001,320.257,-307.815,-1.495,0.251
20176,Deuterium,3062.0,231.0,3200.0,3340.0,8.0,20.0,17.5,0.0,-0.0,318.288,-307.988,-0.261,0.104
20177,Deuterium,3060.0,231.0,3200.0,3340.0,8.0,20.0,17.5,0.0,0.0,318.536,-308.054,-0.134,0.072
20178,Deuterium,3060.0,231.0,3200.0,3340.0,8.0,20.0,17.7,0.0,0.001,319.529,-308.623,0.434,0.01
20179,Deuterium,3058.0,231.0,3200.0,3340.0,8.0,20.0,17.7,0.0,-0.001,316.479,-307.921,-0.528,0.025
20180,Deuterium,3058.0,221.0,3200.0,3340.0,8.0,20.0,17.7,0.0,0.003,315.972,-308.529,2.849,-0.34
20181,Deuterium,3058.0,211.0,3200.0,3340.0,8.0,20.0,17.7,0.0,-0.003,314.384,-307.571,0.674,-0.013
20182,Deuterium,3062.0,211.0,3200.0,3340.0,8.0,20.0,17.7,0.0,-0.001,313.755,-306.999,-0.251,0.104
20183,Deuterium,3060.0,211.0,3200.0,3340.0,8.0,20.0,17.7,0.0,0.003,310.606,-307.092,-68.046,-22.781
20184,Deuterium,3060.0,211.0,3200.0,3340.0,8.0,20.0,17.7,0.0,-0.003,-0.038,0.292,-0.721,0.093
20185,Deuterium,3060.0,211.0,3200.0,3340.0,8.0,20.0,17.7,0.0,0.005,1.506,-1.103,-82.643,-35.182
20186,Deuterium,3060.0,211.0,3200.0,3340.0,8.0,20.0,17.7,0.0,-0.001,310.806,-307.549,-83.289,-42.058
20187,Deuterium,3060.0,211.0,3200.0,3340.0,8.0,20.0,17.7,0.0,0.0,310.372,-307.417,-81.59,-42.143
20188,Deuterium,3060.0,211.0,3200.0,3340.0,8.0,20.0,17.7,0.0,0.001,309.884,-307.053,-83.045,-41.809
20189,Deuterium,3060.0,211.0,3200.0,3340.0,8.0,20.0,17.7,0.0,0.004,-1.125,-0.079,-0.09,0.02
20190,Deuterium,3060.0,211.0,3200.0,3340.0,8.0,20.0,17.7,0.0,0.0,309.151,-307.128,0.324,0.155
20191,Deuterium,3060.0,211.0,3200.0,3340.0,8.0,20.0,17.7,0.0,-0.0,309.048,-307.619,2.457,-0.344
20192,Deuterium,3060.0,211.0,3200.0,3340.0,8.0,20.0,17.7,0.0,0.002,308.073,-306.798,0.518,-0.211
20193,Deuterium,3060.0,211.0,3200.0,3340.0,8.0,20.0,17.7,0.0,0.0,308.062,-307.415,-81.331,-42.098
20194,Deuterium,3060.0,211.0,3200.0,3340.0,8.0,20.0,17.7,0.0,-0.002,307.603,-306.541,-83.471,-41.721
20195,Deuterium,3060.0,211.0,3200.0,3340.0,8.0,20.0,17.7,0.0,-0.001,306.565,-305.814,-84.253,-41.35
20196,Deuterium,3060.0,211.0,3200.0,3340.0,8.0,20.0,17.7,0.0,0.0,306.132,-307.15,1.763,-0.036
20197,Deuterium,3060.0,211.0,3200.0,3340.0,8.0,20.0,17.7,0.0,-0.002,306.141,-306.163,-0.08,-0.023
20198,Deuterium,3060.0,211.0,3200.0,3340.0,8.0,20.0,17.7,0.0,-0.002,308.148,-307.695,-78.87,-42.484
20199,Deuterium,3060.0,211.0,3200.0,3340.0,8.0,20.0,17.7,0.0,-0.001,305.13,-306.855,-83.187,-42.415
20200,Deuterium,3060.0,211.0,3200.0,3340.0,8.0,20.0,17.7,0.0,0.001,303.978,-305.19,-3.739,0.337
20201,Deuterium,3060.0,211.0,3200.0,3340.0,8.0,20.0,17.7,0.0,-0.0,303.47,-306.186,-0.032,-0.356
20202,Deuterium,3060.0,211.0,3200.0,3340.0,8.0,20.0,17.7,0.0,0.001,302.04,-306.288,-0.01,0.044
20203,Deuterium,3060.0,211.0,3200.0,3340.0,8.0,20.0,17.7,0.0,0.0,302.359,-306.101,-84.991,-41.904
20204,Deuterium,3060.0,211.0,3200.0,3340.0,8.0,20.0,17.7,0.0,-0.0,302.237,-305.442,-84.107,-41.771
20205,Deuterium,3060.0,211.0,3200.0,3340.0,8.0,20.0,17.7,0.0,0.002,0.027,-0.189,1.409,-0.06
20206,,0.0,0.0,0.0,0.0,0.0,0.0,0.0,0.0,0.0,0.0,0.0,0.0,0.0
20207,,0.0,0.0,0.0,0.0,0.0,0.0,0.0,0.0,0.0,0.0,0.0,0.0,0.0
20208,,0.0,0.0,0.0,0.0,0.0,0.0,0.0,0.0,0.0,0.0,0.0,0.0,0.0
20209,,0.0,0.0,0.0,0.0,0.0,0.0,0.0,0.0,0.0,0.0,0.0,0.0,0.0
20210,Deuterium,3064.0,211.0,3200.0,3340.0,8.0,20.0,17.7,0.0,0.0,-0.053,-0.074,0.129,0.004
20211,Deuterium,3064.0,211.0,3200.0,3340.0,8.0,20.0,17.7,0.0,0.004,303.361,-306.629,0.713,-0.098
20212,Deuterium,3064.0,211.0,3200.0,3340.0,8.0,20.0,17.7,0.0,-0.001,303.072,-306.842,1.001,0.071
20213,Deuterium,3064.0,211.0,3200.0,3340.0,8.0,20.0,17.7,0.0,0.002,301.978,-306.063,-0.273,0.248
20214,Deuterium,3064.0,211.0,3200.0,3340.0,8.0,20.0,17.7,0.0,0.0,300.758,-305.922,-84.404,-41.399
20215,Deuterium,3066.0,211.0,3200.0,3340.0,8.0,20.0,17.7,0.0,0.001,-0.192,0.28,0.348,0.257
20216,Deuterium,3066.0,211.0,3200.0,3340.0,8.0,20.0,17.7,0.0,0.001,300.221,-304.173,-86.685,-41.135
20217,Deuterium,3066.0,211.0,3200.0,3340.0,8.0,20.0,17.7,0.0,0.001,300.372,-305.664,-81.799,-42.05
20218,Deuterium,3066.0,211.0,3200.0,3340.0,8.0,20.0,17.7,0.0,0.003,0.671,0.208,-0.141,-0.039
20219,Deuterium,3066.0,211.0,3200.0,3340.0,8.0,20.0,17.7,0.0,0.001,298.262,-304.514,-84.24,-41.443
20220,Deuterium,3066.0,211.0,3200.0,3340.0,8.0,20.0,17.7,0.0,0.001,297.291,-304.893,-83.142,-41.544
20221,Deuterium,3066.0,211.0,3200.0,3340.0,8.0,20.0,17.7,0.0,0.003,297.204,-304.632,-84.545,-41.817
20222,Deuterium,3066.0,211.0,3200.0,3340.0,8.0,20.0,17.7,0.0,-0.001,295.975,-303.803,-82.495,-41.561
20223,Deuterium,3066.0,211.0,3200.0,3340.0,8.0,20.0,17.7,0.0,-0.003,296.265,-304.287,-84.105,-41.719
20224,Deuterium,3066.0,211.0,3200.0,3340.0,8.0,20.0,17.7,0.0,0.0,295.269,-304.212,-85.989,-41.609
20225,Deuterium,3066.0,211.0,3200.0,3340.0,8.0,20.0,17.7,0.0,-0.002,295.336,-303.33,-83.024,-41.621
20226,Deuterium,3066.0,211.0,3200.0,3340.0,8.0,20.0,17.7,0.0,-0.002,298.312,-303.763,-82.468,-41.691
20227,Deuterium,3066.0,211.0,3200.0,3340.0,8.0,20.0,17.7,0.0,0.0,293.934,-303.396,-85.733,-41.729
20228,Deuterium,3064.0,211.0,3200.0,3340.0,8.0,20.0,17.7,0.0,-0.001,293.489,-303.891,-82.906,-41.751
20229,Deuterium,3066.0,211.0,3200.0,3340.0,8.0,20.0,17.7,0.0,0.0,293.435,-303.925,-83.578,-41.515
20230,Deuterium,3066.0,211.0,3200.0,3340.0,8.0,20.0,17.7,0.0,-0.003,292.32,-303.329,-82.566,-41.532
20231,Deuterium,3066.0,211.0,3200.0,3340.0,8.0,20.0,17.7,0.0,0.006,291.473,-302.671,-84.701,-41.653
20232,Deuterium,3066.0,211.0,3200.0,3340.0,8.0,20.0,17.7,0.0,-0.0,292.781,-303.106,-83.739,-41.446
20233,Deuterium,3066.0,211.0,3200.0,3340.0,3.0,3.0,3.0,3.0,-0.0,295.859,-307.805,-82.965,-42.113
20234,Deuterium,3066.0,211.0,3200.0,3340.0,6.0,3.0,3.0,3.0,-0.002,0.263,0.127,1.173,-0.129
20235,Deuterium,3066.0,211.0,3200.0,3340.0,8.0,20.0,18.0,3.0,-0.001,296.817,-306.28,1.443,-0.247
20236,Deuterium,3066.0,211.0,3200.0,3340.0,8.0,20.0,18.0,3.0,-0.001,297.405,-306.731,1.422,0.023
20237,Deuterium,3066.0,211.0,3200.0,3340.0,8.0,20.0,18.0,3.0,0.002,296.307,-305.428,0.776,0.196
20238,Deuterium,3066.0,211.0,3200.0,3340.0,8.0,20.0,18.0,3.0,0.001,294.856,-304.613,-84.413,-41.962
20239,Deuterium,3066.0,211.0,3200.0,3340.0,8.0,20.0,18.0,3.0,-0.001,295.926,-304.79,-82.405,-41.89
20240,Deuterium,3066.0,211.0,3200.0,3340.0,8.0,20.0,18.0,3.0,-0.004,296.12,-305.34,-81.514,-41.825
20241,Deuterium,3066.0,211.0,3200.0,3340.0,8.0,20.0,18.0,0.0,-0.001,295.405,-117.924,-84.475,-41.848
20242,Deuterium,3066.0,211.0,3200.0,3340.0,8.0,20.0,18.0,0.0,0.001,294.583,-117.499,-82.985,-41.639
20243,Deuterium,3066.0,211.0,3200.0,3340.0,8.0,20.0,18.0,0.0,0.005,293.193,-117.703,-82.374,-41.78
20244,Deuterium,3066.0,211.0,3200.0,3340.0,8.0,20.0,18.0,0.0,-0.001,296.149,-218.447,-84.535,-41.495
20245,Deuterium,3066.0,211.0,3200.0,3340.0,8.0,20.0,18.0,0.0,0.001,295.612,-218.348,-83.455,-41.423
20246,Deuterium,3066.0,211.0,3200.0,3340.0,8.0,20.0,18.0,0.0,0.002,293.52,-218.423,-83.742,-41.608
20247,Deuterium,3066.0,211.0,3200.0,3340.0,4.0,20.0,18.0,4.0,0.001,292.271,-118.4,-81.074,-41.732
20248,Deuterium,3066.0,211.0,3200.0,3340.0,8.0,20.0,18.0,8.0,0.001,293.431,-117.373,-82.802,-41.458
20249,Deuterium,3066.0,211.0,3200.0,3340.0,6.0,20.0,18.0,6.0,-0.0,291.68,-117.14,-80.633,-41.422
20250,Deuterium,3066.0,211.0,3200.0,3340.0,4.0,20.0,18.0,4.0,-0.0,290.93,-117.646,-81.93,-41.573
20251,Deuterium,3066.0,211.0,3200.0,3340.0,8.0,20.0,18.0,8.0,0.001,291.573,-116.543,-83.33,-41.341
20252,Deuterium,3066.0,211.0,3200.0,3340.0,3.0,3.0,3.0,3.0,-0.0,0.686,0.262,-0.791,0.133
20253,Deuterium,3066.0,211.0,3200.0,3340.0,3.0,3.0,3.0,3.0,0.001,0.323,0.052,-1.222,0.14
20254,Deuterium,3066.0,211.0,3200.0,3340.0,3.0,3.0,3.0,3.0,0.002,0.764,0.214,1.093,0.011
20255,Deuterium,3066.0,211.0,3200.0,3340.0,3.0,3.0,3.0,3.0,0.004,-0.606,0.19,0.882,-0.035
20256,Deuterium,3066.0,211.0,3200.0,3340.0,3.0,3.0,3.0,3.0,-0.001,0.227,-0.04,0.976,-0.017
20257,Deuterium,3066.0,211.0,3200.0,3340.0,3.0,3.0,3.0,3.0,0.003,1.196,-0.308,0.246,-0.151
20258,Deuterium,3066.0,211.0,3200.0,3340.0,3.0,3.0,3.0,3.0,0.002,1.321,-0.175,-0.036,-0.044
20259,Deuterium,3066.0,211.0,3200.0,3340.0,3.0,3.0,3.0,3.0,-0.002,0.359,-0.683,0.2,-0.281
20260,Deuterium,3066.0,211.0,3200.0,3340.0,0.0,0.0,0.0,0.0,-0.0,-0.533,-0.045,-0.714,-0.039
20261,Deuterium,3066.0,211.0,3200.0,3340.0,0.0,0.0,0.0,0.0,0.0,0.71,-0.172,0.922,0.026
20262,Deuterium,3066.0,211.0,3200.0,3340.0,0.0,0.0,0.0,0.0,-0.0,0.27,0.022,0.345,0.191
20263,Deuterium,3066.0,211.0,3200.0,3340.0,0.0,0.0,0.0,0.0,-0.001,-0.045,-0.042,0.202,0.047
20264,Deuterium,3066.0,211.0,3200.0,3340.0,0.0,0.0,0.0,0.0,-0.001,0.374,-0.011,0.16,-0.037
20265,Deuterium,3066.0,211.0,3200.0,3340.0,0.0,0.0,0.0,0.0,0.002,-0.191,-118.096,-83.376,-28.316
20266,Deuterium,3066.0,211.0,3200.0,3340.0,0.0,0.0,0.0,0.0,0.001,274.742,-118.786,-83.997,-28.311
20267,Deuterium,3066.0,211.0,3200.0,3340.0,6.0,20.0,18.0,0.0,0.001,-0.216,-0.023,1.375,0.142
20268,Deuterium,3066.0,211.0,3200.0,3340.0,6.0,20.0,18.0,0.0,0.003,446.589,-301.109,-87.422,-42.051
20269,Deuterium,3060.0,211.0,3200.0,3340.0,8.0,20.0,18.0,0.0,0.0,447.462,-302.876,-85.051,-27.479
20270,Deuterium,3066.0,211.0,3200.0,3340.0,8.0,20.0,18.0,0.0,-0.002,448.719,-302.229,-84.085,-27.429
20271,Deuterium,3066.0,211.0,3200.0,3340.0,8.0,20.0,18.0,0.0,0.001,363.835,-302.094,-84.148,-28.026
20272,Deuterium,3066.0,211.0,3200.0,3340.0,8.0,20.0,18.0,0.0,0.0,361.911,-301.674,-84.608,-28.001
20273,Deuterium,3066.0,211.0,3200.0,3340.0,8.0,20.0,18.0,0.0,0.002,362.773,-302.259,-83.379,-27.956
20274,Deuterium,3066.0,211.0,3200.0,3340.0,8.0,20.0,18.0,0.0,0.0,-0.167,-0.034,-1.356,0.041
20275,Deuterium,3066.0,211.0,3200.0,3340.0,8.0,20.0,18.0,0.0,-0.002,361.026,-300.904,-84.421,-42.556
20276,Deuterium,3064.0,211.0,3200.0,3340.0,8.0,20.0,18.5,0.0,-0.004,362.301,-301.641,-84.869,-28.038
20277,Deuterium,3066.0,211.0,3200.0,3340.0,8.0,20.0,18.5,0.0,0.001,400.695,-302.382,-82.025,-42.781
20278,Deuterium,3066.0,206.0,3200.0,3340.0,8.0,20.0,18.5,0.0,0.008,398.285,-302.088,-82.235,-42.88
20279,Deuterium,3066.0,201.0,3200.0,3340.0,8.0,20.0,18.5,0.0,-0.001,400.242,-301.102,-83.912,-42.721
20280,Deuterium,3066.0,201.0,3200.0,3340.0,8.0,20.0,19.0,0.0,0.0,397.679,-300.572,-83.868,-42.718
20281,Deuterium,3066.0,211.0,3200.0,3340.0,8.0,20.0,19.0,0.0,-0.001,399.218,-300.254,-83.977,-42.387
20282,Deuterium,3066.0,211.0,3200.0,3340.0,8.0,20.0,21.0,0.0,-0.001,397.759,-301.081,-84.128,-42.751
20283,Deuterium,3066.0,211.0,3200.0,3340.0,8.0,20.0,21.0,0.0,0.004,1.167,1.209,-3.165,0.47
20284,Deuterium,3066.0,211.0,3200.0,3340.0,8.0,20.0,21.0,0.0,-0.004,1.813,-0.244,0.592,0.016
20285,Deuterium,3066.0,211.0,3200.0,3340.0,8.0,20.0,21.0,0.0,0.001,-0.158,0.056,0.054,0.026
20286,Deuterium,3066.0,211.0,3200.0,3340.0,8.0,20.0,21.0,0.0,0.0,-3.673,0.482,-1.845,0.217
20287,Deuterium,3066.0,211.0,3200.0,3340.0,8.0,20.0,21.0,0.0,0.001,-2.226,-0.384,-1.256,-0.098
20288,Deuterium,3066.0,211.0,3200.0,3340.0,8.0,20.0,21.0,0.0,0.001,0.08,0.062,1.259,0.093
20289,Deuterium,3066.0,211.0,3200.0,3340.0,8.0,20.0,21.0,0.0,0.001,0.468,-0.001,0.728,0.018
20290,Deuterium,3066.0,211.0,3200.0,3340.0,8.0,20.0,21.0,0.0,0.003,0.354,0.376,-1.845,0.206
20291,Deuterium,3066.0,211.0,3200.0,3340.0,8.0,20.0,21.0,0.0,-0.0,0.292,0.194,-0.665,0.078
20292,Deuterium,3066.0,211.0,3200.0,3340.0,8.0,20.0,21.0,0.0,0.0,439.091,-341.097,-85.775,-42.76
20293,Deuterium,3066.0,211.0,3200.0,3340.0,6.0,3.0,3.0,0.0,-0.002,1.125,-0.383,0.866,-0.16
20294,Deuterium,3066.0,242.0,3200.0,3340.0,8.0,20.0,22.0,0.0,-0.001,438.165,-340.886,-165.978,-81.833
20295,Deuterium,3050.0,242.0,3200.0,3340.0,8.0,20.0,22.0,0.0,0.001,435.3,-341.438,-163.313,-82.329
20296,Deuterium,3060.0,242.0,3200.0,3340.0,8.0,20.0,22.0,0.0,0.001,435.483,-338.989,-167.839,-81.539
20297,Deuterium,3060.0,242.0,3200.0,3340.0,8.0,20.0,22.0,0.0,-0.001,434.62,-340.183,-166.119,-81.73
20298,Deuterium,3066.0,242.0,3200.0,3340.0,8.0,20.0,22.0,0.0,-0.003,433.509,-338.392,-165.336,-81.689
20299,Deuterium,3068.0,242.0,3200.0,3340.0,8.0,20.0,22.0,0.0,-0.002,433.547,-338.165,-166.565,-81.915
20300,Deuterium,3066.0,242.0,3200.0,3340.0,8.0,20.0,22.0,0.0,-0.0,430.359,-339.007,-162.395,-82.193
20301,Deuterium,3066.0,242.0,3200.0,3340.0,8.0,20.0,22.0,0.0,-0.001,429.459,-338.304,-164.067,-82.091
20302,Deuterium,3066.0,242.0,3200.0,3340.0,8.0,20.0,22.0,0.0,-0.004,431.386,-338.316,-163.334,-82.353
20303,Deuterium,3066.0,242.0,3200.0,3340.0,3.0,3.0,3.0,3.0,-0.003,429.669,-339.023,-164.457,-81.775
20304,Deuterium,3066.0,242.0,3200.0,3340.0,6.0,3.0,3.0,3.0,0.0,431.043,-340.061,-163.965,-81.726
20305,Deuterium,3066.0,242.0,3200.0,3340.0,8.0,20.0,22.0,0.0,-0.002,430.275,-339.042,-166.387,-81.851
20306,,0.0,0.0,0.0,0.0,0.0,0.0,0.0,0.0,0.0,0.0,0.0,0.0,0.0
20307,,0.0,0.0,0.0,0.0,0.0,0.0,0.0,0.0,0.0,0.0,0.0,0.0,0.0
20308,,0.0,0.0,0.0,0.0,0.0,0.0,0.0,0.0,0.0,0.0,0.0,0.0,0.0
20309,,0.0,0.0,0.0,0.0,0.0,0.0,0.0,0.0,0.0,0.0,0.0,0.0,0.0
20310,,0.0,0.0,0.0,0.0,0.0,0.0,0.0,0.0,0.0,0.0,0.0,0.0,0.0
20311,,0.0,0.0,0.0,0.0,0.0,0.0,0.0,0.0,0.0,0.0,0.0,0.0,0.0
20312,Deuterium,3066.0,242.0,3200.0,3340.0,8.0,20.0,22.0,0.0,0.0,-0.045,-0.112,0.384,-0.007
20313,Deuterium,3066.0,242.0,3200.0,3340.0,8.0,20.0,22.0,0.0,-0.005,2.453,-0.025,0.029,0.019
20314,Deuterium,3066.0,242.0,3200.0,3340.0,8.0,20.0,22.0,0.0,-0.001,1.512,0.045,-0.232,0.014
20315,Deuterium,3066.0,242.0,3200.0,3340.0,3.0,3.0,3.0,3.0,-0.001,429.711,-338.412,-166.059,-81.656
20316,Deuterium,3066.0,242.0,3200.0,3340.0,6.0,3.0,3.0,3.0,-0.001,0.581,0.578,-1.916,0.211
20317,Deuterium,3066.0,242.0,3200.0,3340.0,8.0,20.0,22.0,0.0,-0.001,427.904,-338.433,-164.15,-81.551
20318,Deuterium,3066.0,211.0,3200.0,3340.0,3.0,3.0,3.0,3.0,0.001,-0.044,0.272,-0.475,-0.035
20319,Deuterium,3066.0,242.0,3200.0,3340.0,3.0,3.0,3.0,3.0,0.001,-0.55,-0.175,-0.389,-0.066
20320,Deuterium,3066.0,242.0,3200.0,3340.0,3.0,3.0,3.0,0.0,-0.001,433.048,-336.643,-84.898,-42.286
20321,Deuterium,3066.0,242.0,3200.0,3340.0,6.0,3.0,3.0,0.0,0.002,-0.463,-0.445,1.816,0.13
20322,Deuterium,3066.0,242.0,3200.0,3340.0,8.0,20.0,22.0,0.0,-0.001,435.601,-338.388,-83.754,-42.635
20323,Deuterium,3066.0,242.0,3200.0,3340.0,8.0,20.0,22.0,0.0,-0.002,432.547,-337.459,-83.914,-42.388
20324,Deuterium,3066.0,242.0,3200.0,3340.0,8.0,20.0,22.0,8.0,-0.0,431.373,-337.359,-82.811,-42.595
20325,Deuterium,3066.0,242.0,3200.0,3340.0,8.0,20.0,22.0,0.0,-0.0,430.462,-336.796,-82.992,-42.609
20326,Deuterium,3066.0,242.0,3200.0,3340.0,8.0,20.0,22.0,8.0,0.001,429.773,-336.673,-83.045,-42.518
20327,Deuterium,3066.0,242.0,3200.0,3340.0,8.0,20.0,22.0,0.0,0.002,427.33,-336.724,-83.491,-42.949
20328,Deuterium,3066.0,242.0,3200.0,3340.0,8.0,20.0,22.0,8.0,0.001,424.939,-335.971,-83.391,-42.601
20329,Deuterium,3066.0,242.0,3200.0,3340.0,8.0,20.0,22.0,0.0,-0.001,424.984,-335.968,-80.796,-42.745
20330,Deuterium,3066.0,242.0,3200.0,3340.0,8.0,20.0,22.0,8.0,0.0,423.202,-334.842,-82.919,-42.536
20331,Deuterium,3066.0,242.0,3200.0,3340.0,8.0,20.0,22.0,8.0,-0.001,-0.895,0.432,-2.252,0.127
20332,Deuterium,3066.0,242.0,3200.0,3340.0,6.0,3.0,3.0,3.0,-0.001,0.307,0.064,-0.122,0.163
20333,Deuterium,3066.0,242.0,3200.0,3340.0,8.0,20.0,22.0,0.0,0.0,428.55,-337.942,-85.753,-42.409
20334,Deuterium,3066.0,242.0,3200.0,3340.0,8.0,20.0,22.0,0.0,-0.002,429.188,-340.83,-163.172,-82.04
20335,Deuterium,3066.0,242.0,3200.0,3340.0,8.0,20.0,22.0,0.0,0.002,425.84,-338.055,-167.651,-81.592
20336,Deuterium,3066.0,242.0,3200.0,3340.0,8.0,20.0,22.0,0.0,0.002,425.271,-337.67,-164.359,-81.686
20337,Deuterium,3066.0,242.0,3200.0,3340.0,8.0,20.0,22.0,0.0,0.003,424.118,-337.941,-164.673,-81.864
20338,Deuterium,3066.0,242.0,3200.0,3340.0,8.0,20.0,22.0,0.0,-0.0,423.955,-337.076,-166.149,-81.544
20339,Deuterium,3066.0,242.0,3200.0,3340.0,8.0,20.0,22.0,4.0,0.001,422.596,-337.703,-161.509,-82.259
20340,Deuterium,3066.0,242.0,3200.0,3340.0,8.0,20.0,22.0,4.0,-0.001,421.211,-337.122,-163.79,-82.008
20341,Deuterium,3066.0,242.0,3200.0,3340.0,8.0,20.0,22.0,5.0,-0.0,420.039,-336.517,-163.695,-81.827
20342,Deuterium,3066.0,242.0,3200.0,3340.0,8.0,20.0,22.0,5.0,0.003,417.406,-337.72,-162.007,-81.991
20343,Deuterium,3066.0,242.0,3200.0,3340.0,8.0,20.0,22.0,6.0,0.001,415.301,-336.117,-162.96,-81.445
20344,Deuterium,3066.0,242.0,3200.0,3340.0,8.0,20.0,22.0,6.0,-0.001,415.954,-335.914,-164.191,-81.416
20345,Deuterium,3066.0,242.0,3200.0,3340.0,8.0,20.0,22.0,7.0,-0.001,415.14,-335.861,-162.899,-81.917
20346,Deuterium,3066.0,242.0,3200.0,3340.0,8.0,20.0,22.0,7.0,-0.001,414.318,-335.889,-163.553,-81.757
20347,Deuterium,3066.0,242.0,3200.0,3340.0,8.0,20.0,22.0,7.0,-0.003,1.352,-0.032,0.002,0.001
20348,Deuterium,3066.0,242.0,3200.0,3340.0,8.0,20.0,22.0,7.0,0.001,-0.541,0.225,-0.616,0.106
20349,Deuterium,3066.0,242.0,3200.0,3340.0,3.0,3.0,3.0,3.0,-0.002,421.614,-338.967,-165.37,-81.779
20350,Deuterium,3066.0,242.0,3200.0,3340.0,6.0,20.0,22.0,0.0,-0.002,0.726,0.056,-1.186,-0.084
20351,Deuterium,3066.0,242.0,3200.0,3340.0,8.0,20.0,22.0,0.0,-0.001,418.457,-339.385,-165.861,-81.837
20352,Deuterium,3066.0,242.0,3200.0,3340.0,8.0,20.0,22.0,0.0,-0.0,417.633,-338.192,-164.603,-81.751
20353,Deuterium,3066.0,242.0,3200.0,3340.0,8.0,20.0,22.0,8.0,-0.002,418.141,-336.901,-166.55,-81.49
20354,Deuterium,3066.0,242.0,3200.0,3340.0,8.0,20.0,22.0,0.0,0.002,416.784,-338.052,-163.084,-81.872
20355,Deuterium,3066.0,242.0,3200.0,3340.0,8.0,20.0,22.0,0.0,0.002,413.223,-337.579,-164.549,-81.975
20356,Deuterium,3066.0,242.0,3200.0,3340.0,8.0,20.0,22.0,5.0,0.001,413.766,-336.89,-164.116,-81.942
20357,Deuterium,3066.0,242.0,3200.0,3340.0,8.0,20.0,22.0,5.0,-0.003,413.771,-337.109,-163.732,-82.092
20358,Deuterium,3066.0,242.0,3200.0,3340.0,8.0,20.0,22.0,0.0,0.001,0.737,-0.339,2.072,0.161
20359,Deuterium,3066.0,242.0,3200.0,3340.0,8.0,20.0,22.0,8.0,-0.002,411.862,-335.782,-164.068,-81.783
20360,Deuterium,3061.0,242.0,3200.0,3335.0,8.0,20.0,22.0,8.0,-0.0,409.832,-336.29,-162.368,-81.8
20361,Deuterium,3061.0,242.0,3200.0,3335.0,8.0,20.0,22.0,8.0,-0.001,0.733,1.105,-2.826,0.541
20362,Deuterium,3061.0,242.0,3200.0,3335.0,8.0,20.0,22.0,8.0,-0.002,-2.949,-0.032,0.027,0.006
20363,Deuterium,3061.0,242.0,3200.0,3335.0,8.0,20.0,22.0,8.0,-0.003,0.715,0.185,0.944,0.163
20364,Deuterium,3061.0,242.0,3200.0,3335.0,8.0,20.0,22.0,8.0,0.003,0.412,0.744,-2.316,0.285
20365,Deuterium,3061.0,242.0,3200.0,3335.0,8.0,20.0,22.0,8.0,-0.001,0.564,0.516,-1.281,-0.236
20366,Deuterium,3061.0,242.0,3200.0,3335.0,3.0,3.0,3.0,0.0,-0.0,352.248,299.929,167.276,-81.507
20367,Deuterium,3061.0,242.0,3200.0,3335.0,3.0,3.0,3.0,0.0,0.0,-0.715,-0.051,105.63,-101.504
20368,Deuterium,3061.0,242.0,3200.0,3335.0,3.0,3.0,3.0,0.0,-0.003,2.559,0.064,103.785,-101.544
20369,Deuterium,3061.0,242.0,3200.0,3335.0,3.0,3.0,3.0,0.0,0.001,-0.073,0.008,-0.046,-0.016
20370,Deuterium,3061.0,242.0,3200.0,3335.0,3.0,3.0,3.0,0.0,0.0,0.726,-0.152,104.822,-101.798
20371,Deuterium,3061.0,242.0,3200.0,3335.0,3.0,3.0,3.0,0.0,-0.003,1.198,-0.149,0.226,0.037
20372,Deuterium,3061.0,242.0,3200.0,3335.0,7.0,20.0,20.0,0.0,0.002,-2.089,-0.934,2.72,0.454
20373,Deuterium,3066.0,242.0,3200.0,3340.0,7.0,20.0,20.0,0.0,-0.001,349.14,301.104,104.16,-4.683
20374,Deuterium,3074.0,242.0,3200.0,3340.0,7.0,20.0,20.0,0.0,-0.001,350.31,301.786,104.094,-0.098
20375,Deuterium,3074.0,242.0,3200.0,3340.0,7.0,20.0,20.0,0.0,-0.0,349.22,301.126,103.354,0.055
20376,Deuterium,3074.0,242.0,3200.0,3340.0,7.0,20.0,20.0,0.0,-0.001,348.701,301.004,103.386,0.167
20377,Deuterium,3074.0,242.0,3200.0,3340.0,7.0,20.0,20.0,0.0,0.001,0.517,-0.052,0.114,0.083
20378,Deuterium,3074.0,242.0,3200.0,3340.0,7.0,20.0,20.0,0.0,0.001,0.595,-0.449,1.125,0.177
20379,Deuterium,3074.0,242.0,3200.0,3340.0,7.0,20.0,20.0,0.0,-0.002,359.942,302.5,104.141,-102.039
20380,Deuterium,3074.0,242.0,3200.0,3340.0,7.0,3.0,3.0,0.0,0.004,-1.131,0.134,-0.859,-0.025
20381,Deuterium,3074.0,242.0,3200.0,3340.0,7.0,20.0,20.0,0.0,-0.0,356.75,302.091,103.865,0.146
20382,Deuterium,3074.0,242.0,3200.0,3340.0,7.0,20.0,20.0,0.0,-0.002,0.189,-0.134,0.283,0.022
20383,Deuterium,3074.0,242.0,3200.0,3340.0,7.0,20.0,20.0,0.0,-0.0,357.58,301.388,105.409,0.579
20384,Deuterium,3074.0,242.0,3200.0,3340.0,7.0,20.0,20.0,0.0,-0.003,356.261,301.192,106.938,0.122
20385,Deuterium,3074.0,242.0,3200.0,3340.0,7.0,20.0,20.0,0.0,0.001,355.165,301.495,102.083,-0.057
20386,Deuterium,3074.0,242.0,3200.0,3340.0,7.0,20.0,20.0,0.0,0.003,355.362,300.579,105.26,0.131
20387,Deuterium,3066.0,231.0,3200.0,3340.0,7.0,20.0,20.0,0.0,0.001,353.678,300.417,104.73,0.391
20388,Deuterium,3072.0,231.0,3200.0,3340.0,7.0,20.0,20.0,0.0,-0.003,354.11,299.828,103.849,0.282
20389,Deuterium,3064.0,221.0,3200.0,3340.0,7.0,20.0,20.0,0.0,0.001,352.805,299.827,103.955,0.333
20390,Deuterium,3064.0,221.0,3200.0,3340.0,7.0,20.0,20.0,0.0,0.001,0.042,0.257,0.107,-0.026
20391,Deuterium,3064.0,221.0,3200.0,3340.0,7.0,20.0,20.0,0.0,0.002,1.033,-0.256,0.365,0.094
20392,Deuterium,3064.0,221.0,3200.0,3340.0,7.0,20.0,20.0,0.0,0.0,2.292,-0.584,2.556,0.344
20393,Deuterium,3064.0,221.0,3200.0,3340.0,7.0,20.0,20.0,0.0,0.001,-0.013,-0.32,1.409,0.203
20394,Deuterium,3064.0,221.0,3200.0,3340.0,7.0,20.0,20.0,0.0,0.0,-0.051,0.106,-0.884,-0.065
20395,Deuterium,3064.0,221.0,3200.0,3340.0,7.0,20.0,20.0,0.0,0.001,0.098,0.335,-0.377,-0.162
20396,Deuterium,3064.0,221.0,3200.0,3340.0,7.0,20.0,20.0,0.0,0.002,0.321,0.285,-0.482,-0.082
20397,Deuterium,3064.0,221.0,3200.0,3340.0,7.0,20.0,20.0,0.0,0.001,-0.042,-0.089,0.278,0.083
20398,Deuterium,3064.0,221.0,3200.0,3340.0,7.0,20.0,20.0,0.0,0.003,0.619,-0.218,1.409,0.153
20399,Deuterium,3064.0,221.0,3200.0,3340.0,7.0,20.0,20.0,0.0,0.0,0.085,0.96,-3.788,-0.405
20400,Deuterium,3064.0,221.0,3200.0,3340.0,7.0,20.0,20.0,0.0,0.0,-1.664,0.189,-0.059,-0.072
20401,Deuterium,3064.0,221.0,3200.0,3340.0,7.0,20.0,20.0,0.0,0.002,1.457,-0.014,0.394,0.012
20402,Deuterium,3064.0,221.0,3200.0,3340.0,7.0,20.0,20.0,0.0,-0.0,0.265,0.008,0.003,0.02
20403,Deuterium,3064.0,221.0,3200.0,3340.0,7.0,20.0,20.0,0.0,-0.001,1.395,0.424,-1.711,-0.079
20404,Deuterium,3064.0,221.0,3200.0,3340.0,7.0,20.0,20.0,0.0,0.002,-0.466,0.124,-0.29,-0.059
20405,Deuterium,3064.0,221.0,3200.0,3340.0,7.0,20.0,20.0,0.0,-0.001,0.43,0.031,-0.251,-0.003
20406,Deuterium,3064.0,221.0,3200.0,3340.0,7.0,20.0,20.0,0.0,0.001,1.905,-0.052,-0.025,0.028
20407,Deuterium,3064.0,221.0,3200.0,3340.0,7.0,20.0,20.0,0.0,-0.0,0.005,0.182,-0.494,-0.088
20408,Deuterium,3064.0,221.0,3200.0,3340.0,7.0,20.0,20.0,0.0,-0.002,-0.301,-0.905,2.208,0.441
20409,Deuterium,3064.0,221.0,3200.0,3340.0,7.0,20.0,20.0,0.0,-0.0,-0.105,-0.835,1.257,0.367
20410,Deuterium,3064.0,221.0,3200.0,3340.0,7.0,20.0,20.0,0.0,0.002,0.314,-0.117,0.708,0.067
20411,Deuterium,3064.0,221.0,3200.0,3340.0,7.0,20.0,20.0,0.0,0.001,-0.049,0.109,0.036,-0.061
20412,Deuterium,3064.0,221.0,3200.0,3340.0,7.0,20.0,20.0,0.0,0.002,-1.987,-0.063,0.394,-0.0
20413,Deuterium,3064.0,221.0,3200.0,3340.0,7.0,20.0,20.0,0.0,0.0,0.281,-0.478,1.663,0.224
20414,Deuterium,3064.0,221.0,3200.0,3340.0,7.0,20.0,20.0,0.0,-0.001,1.209,0.038,-0.122,0.05
20415,Deuterium,3064.0,221.0,3200.0,3340.0,7.0,20.0,20.0,0.0,-0.001,0.49,-0.422,0.029,-0.177
20416,Deuterium,3064.0,221.0,3200.0,3340.0,7.0,20.0,20.0,0.0,-0.005,3.996,0.665,-0.906,0.291
20417,Deuterium,3064.0,221.0,3200.0,3340.0,7.0,20.0,20.0,0.0,0.003,434.758,-304.381,-168.836,-81.949
20418,Deuterium,3064.0,242.0,3200.0,3340.0,7.0,3.0,3.0,0.0,-0.001,433.518,-340.775,0.555,0.039
20419,Deuterium,3066.0,242.0,3200.0,3340.0,8.0,20.0,22.0,7.0,-0.0,433.32,-340.699,-166.404,-81.875
20420,Deuterium,3066.0,242.0,3200.0,3340.0,8.0,20.0,22.0,7.0,-0.003,431.223,-340.414,-165.29,-81.995
20421,Deuterium,3056.0,242.0,3200.0,3330.0,8.0,20.0,22.0,7.0,-0.001,428.488,-339.886,-165.418,-81.949
20422,Deuterium,3056.0,242.0,3200.0,3330.0,8.0,20.0,22.0,7.0,-0.004,425.837,-339.549,-165.071,-81.806
20423,Deuterium,3076.0,242.0,3200.0,3350.0,8.0,20.0,22.0,7.0,-0.0,425.488,-338.97,-165.83,-82.305
20424,Deuterium,3076.0,242.0,3200.0,3350.0,8.0,20.0,22.0,7.0,-0.001,424.338,-339.638,-164.556,-81.938
20425,Deuterium,3056.0,242.0,3200.0,3330.0,6.0,20.0,22.0,7.0,-0.0,422.28,-338.887,-163.829,-82.371
20426,Deuterium,3056.0,242.0,3200.0,3330.0,6.0,20.0,22.0,7.0,0.004,422.13,-338.863,-164.774,-82.114
20427,Deuterium,3076.0,242.0,3200.0,3350.0,6.0,20.0,22.0,7.0,-0.001,420.213,-337.694,-164.717,-81.901
20428,Deuterium,3076.0,242.0,3200.0,3350.0,6.0,20.0,22.0,7.0,-0.002,423.403,-338.093,-165.061,-81.998
20429,Deuterium,3076.0,242.0,3200.0,3350.0,6.0,20.0,22.0,7.0,0.001,0.691,-0.178,-0.112,-0.146
20430,Deuterium,3076.0,242.0,3200.0,3350.0,6.0,20.0,22.0,7.0,-0.0,0.183,-0.619,1.79,-0.272
20431,Deuterium,3076.0,242.0,3200.0,3350.0,6.0,20.0,22.0,7.0,0.003,-1.149,0.158,-1.073,0.065
20432,Deuterium,3066.0,242.0,3200.0,3340.0,7.0,3.0,3.0,3.0,0.003,-0.759,-0.263,0.002,-0.006
20433,Deuterium,3066.0,242.0,3200.0,3340.0,7.0,3.0,3.0,3.0,-0.004,422.482,-337.5,-167.174,-81.454
20434,Deuterium,3066.0,242.0,3200.0,3340.0,7.0,3.0,3.0,3.0,0.001,-0.521,-0.005,-0.606,0.013
20435,Deuterium,3066.0,242.0,3200.0,3340.0,7.0,3.0,3.0,3.0,0.001,0.944,0.864,-2.466,0.222
20436,Deuterium,3066.0,242.0,3200.0,3340.0,8.0,20.0,22.0,0.0,-0.0,421.502,-338.179,-166.772,-81.875
20437,Deuterium,3066.0,242.0,3200.0,3340.0,8.0,20.0,22.0,0.0,0.004,418.107,-337.758,-164.584,-81.871
20438,Deuterium,3068.0,242.0,3200.0,3340.0,8.0,20.0,22.0,0.0,-0.005,419.007,-337.843,-164.948,-82.056
20439,Deuterium,3070.0,242.0,3200.0,3340.0,8.0,20.0,22.0,0.0,0.002,417.633,-335.929,-165.377,-81.611
20440,Deuterium,3070.0,242.0,3200.0,3340.0,8.0,20.0,22.0,0.0,0.001,416.201,-336.591,-164.442,-82.018
20441,Deuterium,3068.0,242.0,3200.0,3340.0,8.0,20.0,22.0,0.0,-0.0,415.036,-336.509,-163.734,-82.051
20442,Deuterium,3068.0,242.0,3200.0,3340.0,8.0,20.0,22.0,0.0,-0.0,414.318,-335.719,-173.879,-85.838
20443,Deuterium,3066.0,242.0,3200.0,3340.0,8.0,20.0,22.0,0.0,0.005,412.924,-334.647,-175.52,-85.766
20444,Deuterium,3064.0,242.0,3200.0,3340.0,8.0,20.0,22.0,0.0,-0.0,412.1,-335.234,-181.036,-90.06
20445,Deuterium,3064.0,242.0,3200.0,3340.0,8.0,20.0,22.0,0.0,-0.0,0.138,0.194,-0.468,0.065
20446,Deuterium,3064.0,242.0,3200.0,3340.0,8.0,20.0,22.0,0.0,-0.001,-0.051,0.009,-0.046,0.083
20447,Deuterium,3064.0,242.0,3200.0,3340.0,8.0,20.0,22.0,0.0,0.001,2.406,0.266,-1.28,-0.049
20448,Deuterium,3064.0,242.0,3200.0,3340.0,8.0,20.0,22.0,0.0,0.002,-0.073,0.192,0.01,0.227
20449,Deuterium,3064.0,242.0,3200.0,3340.0,8.0,20.0,22.0,0.0,0.0,-0.582,-0.167,0.265,0.047
20450,Deuterium,3064.0,242.0,3200.0,3340.0,8.0,20.0,22.0,0.0,-0.001,-0.365,0.327,-2.406,0.044
20451,Deuterium,3064.0,242.0,3200.0,3340.0,7.0,3.0,3.0,0.0,-0.001,1.931,-0.358,-0.44,-0.174
20452,Deuterium,3064.0,242.0,3200.0,3340.0,7.0,3.0,3.0,0.0,-0.002,424.904,-336.762,-165.737,-7.31
20453,Deuterium,3076.0,242.0,3200.0,3350.0,8.0,20.0,22.0,7.0,-0.001,423.503,-338.347,-163.295,-80.983
20454,Deuterium,3076.0,242.0,3200.0,3350.0,8.0,20.0,22.0,7.0,-0.001,0.379,-0.1,0.745,-0.028
20455,Deuterium,3076.0,242.0,3200.0,3350.0,8.0,20.0,22.0,7.0,-0.001,0.835,0.005,-0.031,-0.005
20456,Deuterium,3076.0,242.0,3200.0,3350.0,8.0,20.0,22.0,7.0,0.001,0.225,-0.087,1.251,0.008
20457,Deuterium,3076.0,242.0,3200.0,3350.0,8.0,20.0,22.0,7.0,0.001,422.71,-338.401,-164.584,-82.489
20458,Deuterium,3076.0,242.0,3200.0,3350.0,8.0,20.0,22.0,7.0,-0.002,-0.321,-0.346,0.356,-0.152
20459,,0.0,0.0,0.0,0.0,0.0,0.0,0.0,0.0,0.0,0.0,0.0,0.0,0.0
20460,,0.0,0.0,0.0,0.0,0.0,0.0,0.0,0.0,0.0,0.0,0.0,0.0,0.0
20461,,0.0,0.0,0.0,0.0,0.0,0.0,0.0,0.0,0.0,0.0,0.0,0.0,0.0
20462,,0.0,0.0,0.0,0.0,0.0,0.0,0.0,0.0,0.0,0.0,0.0,0.0,0.0
20463,Deuterium,3076.0,242.0,3200.0,3350.0,8.0,20.0,22.0,7.0,0.002,-2.163,0.504,-1.583,0.17
20464,Deuterium,3076.0,242.0,3200.0,3350.0,8.0,20.0,22.0,7.0,0.001,0.098,0.004,-0.046,0.014
20465,Deuterium,3076.0,242.0,3200.0,3350.0,8.0,20.0,22.0,7.0,-0.001,1.181,-0.615,0.243,-0.265
20466,Deuterium,3076.0,242.0,3200.0,3350.0,8.0,20.0,22.0,7.0,-0.001,-0.319,-0.061,0.154,-0.015
20467,Deuterium,3076.0,242.0,3200.0,3350.0,8.0,20.0,22.0,7.0,0.004,-0.423,0.329,-0.692,0.154
20468,Deuterium,3076.0,242.0,3200.0,3350.0,8.0,20.0,22.0,7.0,0.002,-0.465,0.238,-0.596,0.096
20469,Deuterium,3076.0,242.0,3200.0,3350.0,8.0,20.0,22.0,7.0,-0.001,-0.666,0.018,-0.363,0.039
20470,Deuterium,3076.0,242.0,3200.0,3350.0,8.0,20.0,22.0,7.0,0.003,1.557,0.044,0.489,-0.086
20471,Deuterium,3076.0,242.0,3200.0,3350.0,8.0,20.0,22.0,7.0,0.001,-1.047,0.148,-0.061,0.038
20472,Deuterium,3076.0,242.0,3200.0,3350.0,8.0,20.0,22.0,7.0,0.003,-0.278,-0.142,0.385,-0.037
20473,Deuterium,3076.0,242.0,3200.0,3350.0,8.0,20.0,22.0,7.0,0.004,-0.717,-0.149,0.355,-0.043
20474,Deuterium,3076.0,242.0,3200.0,3350.0,8.0,20.0,22.0,7.0,0.0,0.236,0.003,0.407,-0.009
20475,Deuterium,3076.0,242.0,3200.0,3350.0,8.0,20.0,22.0,7.0,0.002,-0.105,-0.592,0.728,-0.302
20476,Deuterium,3076.0,242.0,3200.0,3350.0,8.0,20.0,22.0,7.0,-0.0,0.735,0.606,0.037,0.269
20477,Deuterium,3076.0,242.0,3200.0,3350.0,8.0,20.0,22.0,7.0,0.003,-0.987,-0.071,-0.051,-0.071
20478,Deuterium,3076.0,242.0,3200.0,3350.0,8.0,20.0,22.0,7.0,-0.001,1.896,0.325,-2.184,0.202
20479,Deuterium,3076.0,242.0,3200.0,3350.0,7.0,3.0,3.0,3.0,-0.001,-0.232,0.314,-0.431,0.088
20480,Deuterium,3076.0,242.0,3200.0,3350.0,8.0,20.0,22.0,7.0,0.001,423.716,-336.199,-166.41,-82.145
20481,Deuterium,3076.0,242.0,3200.0,3350.0,8.0,20.0,22.0,7.0,0.003,425.968,-338.239,-166.976,-81.977
20482,Deuterium,3081.0,242.0,3200.0,3355.0,8.0,20.0,22.0,7.0,0.001,421.694,-337.598,-164.861,-82.431
20483,Deuterium,3086.0,242.0,3200.0,3360.0,8.0,20.0,22.0,7.0,0.001,421.533,-335.943,-163.907,-82.755
20484,Deuterium,3076.0,242.0,3200.0,3350.0,8.0,20.0,22.0,7.0,0.001,419.636,-336.926,-164.274,-82.379
20485,Deuterium,3081.0,242.0,3200.0,3355.0,8.0,20.0,22.0,7.0,-0.001,418.448,-336.293,-162.899,-82.599
20486,Deuterium,3086.0,242.0,3200.0,3360.0,8.0,20.0,22.0,7.0,-0.002,416.326,-335.436,-1.69,-7.669
20487,Deuterium,3076.0,242.0,3200.0,3350.0,8.0,20.0,22.0,7.0,0.002,415.386,-335.462,-166.443,-81.944
20488,Deuterium,3081.0,242.0,3200.0,3355.0,8.0,20.0,22.0,7.0,-0.001,417.987,-335.441,-161.007,-82.647
20489,Deuterium,3086.0,242.0,3200.0,3360.0,8.0,20.0,22.0,7.0,-0.001,412.824,-335.436,-163.49,-82.465
20490,Deuterium,3076.0,242.0,3200.0,3350.0,8.0,20.0,22.0,7.0,-0.001,412.104,-334.593,-164.501,-82.35
20491,Deuterium,3081.0,242.0,3200.0,3355.0,8.0,20.0,22.0,7.0,-0.001,410.316,-335.458,0.112,-82.412
20492,Deuterium,3086.0,242.0,3200.0,3360.0,8.0,20.0,22.0,7.0,-0.003,411.483,-334.617,-163.649,-82.408
20493,,0.0,0.0,0.0,0.0,0.0,0.0,0.0,0.0,0.0,0.0,0.0,0.0,0.0
20494,,0.0,0.0,0.0,0.0,0.0,0.0,0.0,0.0,0.0,0.0,0.0,0.0,0.0
20495,Deuterium,3076.0,242.0,3200.0,3350.0,6.0,20.0,22.0,7.0,0.001,0.847,-0.046,-0.409,-0.005
20496,Deuterium,3076.0,242.0,3200.0,3350.0,7.0,0.0,0.0,0.0,0.003,412.269,-338.97,-164.747,-84.473
20497,Deuterium,3076.0,242.0,3200.0,3350.0,7.0,0.0,0.0,0.0,0.002,-0.379,0.017,-1.531,-0.037
20498,Deuterium,3076.0,242.0,3200.0,3350.0,8.0,0.0,22.0,7.0,0.003,411.187,-338.599,-163.975,-84.544
20499,Deuterium,3081.0,242.0,3200.0,3355.0,8.0,20.0,22.0,7.0,-0.0,410.946,-338.549,-164.528,-84.698
20500,Deuterium,3081.0,242.0,3200.0,3355.0,8.0,20.0,22.0,7.0,0.0,408.839,-336.512,-166.193,-84.105
20501,Deuterium,3081.0,242.0,3200.0,3355.0,8.0,20.0,22.0,7.0,0.004,407.814,-337.233,-164.024,-84.341
20502,Deuterium,3081.0,242.0,3200.0,3355.0,8.0,20.0,22.0,7.0,0.0,-0.308,-0.753,-122.407,-84.927
20503,Deuterium,3081.0,242.0,3200.0,3355.0,8.0,20.0,22.0,7.0,0.003,404.905,-337.76,-130.414,-84.823
20504,Deuterium,3085.0,242.0,3200.0,3355.0,8.0,20.0,22.0,7.0,0.001,405.978,-336.737,-118.04,-84.468
20505,Deuterium,3087.0,242.0,3200.0,3355.0,8.0,20.0,22.0,7.0,-0.001,403.368,-336.761,-164.335,-84.341
20506,Deuterium,3091.0,242.0,3200.0,3355.0,8.0,20.0,22.0,7.0,0.002,402.809,-335.699,-163.39,-84.372
20507,Deuterium,3091.0,242.0,3200.0,3355.0,8.0,20.0,22.0,7.0,-0.0,400.817,-335.591,-138.312,-84.508
20508,Deuterium,3091.0,242.0,3200.0,3355.0,8.0,20.0,22.0,7.0,0.001,399.316,-336.285,-113.193,-84.976
20509,Deuterium,3091.0,242.0,3200.0,3355.0,8.0,20.0,22.0,7.0,0.0,398.461,-335.289,-164.102,-84.126
20510,Deuterium,3091.0,242.0,3200.0,3355.0,8.0,20.0,22.0,7.0,-0.001,397.783,-334.773,-164.544,-84.268
20511,Deuterium,3091.0,242.0,3200.0,3355.0,8.0,20.0,22.0,7.0,-0.0,396.765,-334.644,-140.355,-84.048
20512,Deuterium,3091.0,242.0,3200.0,3355.0,8.0,20.0,22.0,7.0,-0.003,394.043,-334.681,-116.915,-84.506
20513,Deuterium,3066.0,242.0,3200.0,3340.0,8.0,20.0,22.0,0.0,-0.001,394.375,-334.853,-116.289,-84.58
20514,Deuterium,3072.0,242.0,3200.0,3340.0,8.0,20.0,22.0,0.0,0.001,392.68,-334.021,-118.478,-84.275
20515,Deuterium,3070.0,242.0,3200.0,3340.0,8.0,20.0,22.0,0.0,0.003,389.57,-334.659,-163.201,-84.803
20516,Deuterium,3070.0,242.0,3200.0,3340.0,8.0,20.0,22.0,0.0,-0.0,0.12,0.042,0.339,-0.023
20517,Deuterium,3070.0,242.0,3200.0,3340.0,3.0,3.0,3.0,0.0,0.001,-0.856,0.042,-0.72,0.123
20518,Deuterium,3070.0,242.0,3200.0,3340.0,3.0,3.0,3.0,0.0,0.0,0.254,0.057,-0.124,-0.017
20519,Deuterium,3085.0,242.0,3200.0,3355.0,3.0,3.0,3.0,3.0,-0.0,400.632,-339.529,-166.338,-84.605
20520,Deuterium,3085.0,242.0,3200.0,3355.0,7.0,3.0,3.0,3.0,-0.001,-0.338,0.223,-0.609,0.357
20521,Deuterium,3085.0,242.0,3200.0,3355.0,8.0,20.0,22.0,7.0,0.003,397.913,-339.787,-165.041,-84.597
20522,Deuterium,1085.0,242.0,1200.0,1355.0,8.0,20.0,22.0,7.0,-0.001,397.184,-338.362,-164.035,-84.316
20523,Deuterium,1085.0,242.0,1200.0,1355.0,8.0,20.0,22.0,7.0,0.003,-1.372,-0.151,0.706,-0.006
20524,Deuterium,1085.0,242.0,1200.0,1355.0,8.0,20.0,22.0,7.0,0.001,393.119,-337.051,-165.041,-84.337
20525,Deuterium,1085.0,242.0,1200.0,1355.0,8.0,20.0,22.0,7.0,0.001,393.912,-336.203,-164.308,-84.05
20526,Deuterium,1085.0,242.0,1200.0,1355.0,8.0,20.0,22.0,7.0,-0.001,393.077,-337.056,-163.169,-84.421
20527,Deuterium,1085.0,242.0,1200.0,1355.0,8.0,20.0,22.0,7.0,-0.002,391.001,-335.089,-167.636,-84.096
20528,Deuterium,1081.0,242.0,1200.0,1355.0,8.0,20.0,22.0,7.0,-0.0,388.428,-335.561,-164.381,-84.107
20529,Deuterium,1081.0,242.0,1200.0,1355.0,8.0,20.0,22.0,7.0,-0.001,387.109,-335.418,-164.012,-84.142
20530,Deuterium,1081.0,242.0,1200.0,1355.0,8.0,20.0,22.0,7.0,-0.002,386.695,-336.18,-159.754,-84.742
20531,Deuterium,1081.0,242.0,1200.0,1355.0,8.0,20.0,22.0,7.0,-0.009,386.775,-334.584,-165.182,-84.246
20532,Deuterium,3076.0,242.0,3200.0,3350.0,3.0,3.0,3.0,3.0,0.003,-0.457,0.214,-0.635,0.157
20533,Deuterium,3076.0,242.0,3200.0,3350.0,3.0,3.0,3.0,3.0,0.001,1.996,-0.164,1.58,-0.169
20534,Deuterium,3076.0,242.0,3200.0,3350.0,3.0,3.0,3.0,3.0,0.007,-2.595,0.742,-0.816,0.273
20535,Deuterium,3076.0,242.0,3200.0,3350.0,3.0,3.0,3.0,3.0,-0.003,0.773,0.037,0.404,0.044
20536,Deuterium,3076.0,242.0,3200.0,3350.0,7.0,20.0,22.0,0.0,-0.001,1.098,-0.238,0.769,-0.127
20537,Deuterium,3076.0,242.0,3200.0,3350.0,7.0,20.0,22.0,0.0,-0.003,412.911,-337.443,-167.357,-84.516
20538,Deuterium,1076.0,242.0,1200.0,1350.0,8.0,20.0,22.0,7.0,-0.002,409.346,-339.536,-162.774,-84.589
20539,Deuterium,1080.0,242.0,1200.0,1350.0,8.0,20.0,22.0,7.0,-0.002,406.876,-338.411,-165.019,-84.345
20540,Deuterium,1080.0,242.0,1200.0,1350.0,8.0,20.0,22.0,7.0,-0.002,404.847,-339.242,-164.026,-84.229
20541,Deuterium,1080.0,242.0,1200.0,1350.0,8.0,20.0,22.0,7.0,0.001,400.804,-338.474,-159.768,-84.59
20542,Deuterium,1080.0,242.0,1200.0,1350.0,8.0,20.0,22.0,7.0,0.004,397.554,-339.723,-165.039,-84.231
20543,Deuterium,1080.0,242.0,1200.0,1350.0,8.0,20.0,22.0,7.0,0.0,396.451,-337.928,-165.379,-84.625
20544,Deuterium,1080.0,242.0,1200.0,1350.0,8.0,20.0,22.0,7.0,-0.0,394.46,-338.414,-165.581,-84.073
20545,Deuterium,1080.0,242.0,1200.0,1350.0,8.0,20.0,22.0,7.0,0.001,392.947,-338.672,-162.431,-84.644
20546,Deuterium,1080.0,242.0,1200.0,1350.0,8.0,20.0,22.0,7.0,-0.005,392.108,-338.333,-163.395,-84.511
20547,Deuterium,1080.0,242.0,1200.0,1350.0,8.0,20.0,22.0,7.0,0.001,387.918,-337.846,-164.757,-84.476
20548,Deuterium,1080.0,242.0,1200.0,1350.0,8.0,20.0,22.0,7.0,-0.002,385.227,-337.574,-163.829,-84.516
20549,Deuterium,1080.0,242.0,1200.0,1350.0,8.0,20.0,22.0,7.0,0.004,381.174,-338.416,-163.249,-84.577
20550,Deuterium,1080.0,242.0,1200.0,1350.0,8.0,20.0,22.0,7.0,0.001,378.711,-337.441,-164.79,-84.428
20551,Deuterium,1080.0,242.0,1200.0,1350.0,8.0,20.0,22.0,7.0,-0.0,-0.06,0.741,-2.031,0.439
20552,Deuterium,1080.0,242.0,1200.0,1350.0,8.0,20.0,22.0,7.0,0.001,378.381,-337.389,-165.219,-84.388
20553,Deuterium,1080.0,242.0,1200.0,1350.0,8.0,20.0,22.0,7.0,-0.001,374.447,-337.06,-165.082,-84.352
20554,Deuterium,1080.0,242.0,1200.0,1350.0,8.0,20.0,22.0,7.0,-0.0,0.41,-0.935,2.595,-0.443
20555,Deuterium,1080.0,242.0,1200.0,1350.0,8.0,20.0,22.0,7.0,0.0,0.639,-0.435,-0.799,-0.092
20556,Deuterium,1080.0,242.0,1200.0,1350.0,8.0,20.0,22.0,7.0,-0.001,0.702,0.512,-1.19,0.271
20557,Deuterium,1080.0,242.0,1200.0,1350.0,8.0,20.0,22.0,7.0,0.0,2.332,0.229,-2.033,0.245
20558,Deuterium,1080.0,242.0,1200.0,1350.0,8.0,20.0,22.0,7.0,0.002,0.002,-0.058,0.083,-0.039
20559,Deuterium,1080.0,242.0,1200.0,1350.0,8.0,20.0,22.0,7.0,-0.0,-0.25,0.231,0.064,0.101
20560,Deuterium,1080.0,242.0,1200.0,1350.0,8.0,20.0,22.0,7.0,-0.002,0.953,-0.057,-1.144,-0.093
20561,Deuterium,1080.0,242.0,1200.0,1350.0,8.0,20.0,22.0,7.0,0.001,-0.318,0.3,-0.621,0.185
20562,Deuterium,1080.0,242.0,1200.0,1350.0,8.0,20.0,22.0,7.0,-0.001,0.154,0.181,0.098,0.064
20563,Deuterium,1080.0,242.0,1200.0,1350.0,8.0,20.0,22.0,7.0,-0.0,0.091,0.265,-0.854,0.108
20564,Deuterium,1080.0,242.0,1200.0,1350.0,8.0,20.0,22.0,7.0,0.004,0.53,-0.04,0.054,-0.023
20565,Deuterium,1080.0,242.0,1200.0,1350.0,8.0,20.0,22.0,7.0,0.002,-0.733,0.348,-2.744,0.316
20566,Deuterium,1080.0,242.0,1200.0,1350.0,8.0,20.0,22.0,7.0,-0.0,0.176,0.713,-1.848,0.317
20567,Deuterium,1080.0,242.0,1200.0,1350.0,8.0,20.0,22.0,7.0,-0.001,2.107,0.539,0.406,0.188
20568,Deuterium,1080.0,242.0,1200.0,1350.0,8.0,20.0,22.0,7.0,0.0,0.668,-0.059,0.662,0.007
20569,Deuterium,1080.0,242.0,1200.0,1350.0,8.0,20.0,22.0,7.0,0.001,0.354,0.161,0.039,0.098
20570,Deuterium,1080.0,242.0,1200.0,1350.0,8.0,20.0,22.0,7.0,-0.001,0.807,0.064,-0.319,0.041
20571,Deuterium,1080.0,242.0,1200.0,1350.0,8.0,20.0,22.0,7.0,-0.0,0.666,0.787,-2.23,0.367
20572,Deuterium,1080.0,242.0,1200.0,1350.0,3.0,3.0,3.0,3.0,0.0,383.798,-339.336,-164.077,-84.648
20573,Deuterium,1080.0,242.0,1200.0,1350.0,7.0,3.0,3.0,3.0,-0.008,0.989,-0.01,0.368,-0.035
20574,Deuterium,1080.0,242.0,1200.0,1350.0,7.0,3.0,3.0,3.0,-0.001,413.258,-340.883,-190.151,-96.257
20575,Deuterium,1086.0,242.0,1200.0,1350.0,8.0,20.0,22.0,7.0,-0.001,408.476,-338.69,-189.937,-76.156
20576,Deuterium,1076.0,242.0,1200.0,1350.0,8.0,20.0,22.0,7.0,-0.006,408.427,-339.871,-189.947,-76.438
20577,Deuterium,1076.0,242.0,1200.0,1350.0,8.0,20.0,22.0,7.0,0.004,399.71,-339.473,-189.808,-76.46
20578,Deuterium,1076.0,242.0,1200.0,1350.0,8.0,20.0,22.0,7.0,0.001,397.509,-339.915,-189.168,-76.634
20579,Deuterium,1076.0,242.0,1200.0,1350.0,8.0,20.0,22.0,7.0,-0.002,397.884,-339.473,-173.029,-80.48
20580,Deuterium,1076.0,242.0,1200.0,1350.0,8.0,20.0,22.0,7.0,-0.003,395.286,-339.731,-170.629,-80.886
20581,Deuterium,1076.0,242.0,1200.0,1350.0,8.0,20.0,22.0,7.0,-0.003,391.885,-339.063,-152.464,-82.391
20582,Deuterium,1076.0,242.0,1200.0,1350.0,8.0,20.0,22.0,7.0,-0.002,389.724,-338.623,-153.631,-82.113
20583,Deuterium,1076.0,242.0,1200.0,1350.0,8.0,20.0,22.0,7.0,-0.002,388.238,-338.841,-132.852,-86.111
20584,Deuterium,1076.0,242.0,1200.0,1350.0,8.0,20.0,22.0,7.0,-0.003,384.649,-337.734,-133.998,-85.85
20585,Deuterium,1076.0,242.0,1200.0,1350.0,7.0,3.0,3.0,3.0,-0.001,1.245,0.116,-0.833,0.277
20586,Deuterium,1076.0,242.0,1200.0,1350.0,7.0,3.0,3.0,3.0,0.0,390.806,-337.539,-134.551,-86.197
20587,Deuterium,1076.0,242.0,1200.0,1350.0,8.0,20.0,22.0,7.0,-0.0,386.581,-338.54,-173.638,-80.053
20588,Deuterium,1076.0,242.0,1200.0,1350.0,8.0,20.0,22.0,7.0,0.001,-0.08,-0.249,0.424,-0.238
20589,Deuterium,1076.0,242.0,1200.0,1350.0,8.0,20.0,22.0,7.0,0.003,-2.746,0.819,-1.531,0.094
20590,Deuterium,1076.0,242.0,1200.0,1350.0,8.0,20.0,22.0,7.0,0.002,381.279,-337.883,-173.436,-80.268
20591,Deuterium,1076.0,242.0,1200.0,1350.0,8.0,20.0,22.0,7.0,-0.0,0.365,0.957,-208.014,-92.079
20592,Deuterium,1076.0,242.0,1200.0,1350.0,8.0,20.0,22.0,7.0,0.0,443.315,-337.709,-204.333,-92.344
20593,Deuterium,1076.0,242.0,1200.0,1350.0,8.0,20.0,22.0,7.0,-0.003,417.384,-336.922,-204.763,-92.21
20594,Deuterium,1076.0,242.0,1200.0,1350.0,8.0,20.0,22.0,7.0,-0.001,418.223,-336.386,-137.625,-64.714
20595,Deuterium,1076.0,242.0,1200.0,1350.0,8.0,20.0,22.0,7.0,-0.004,418.508,-336.869,-188.401,-86.331
20596,Deuterium,1076.0,242.0,1200.0,1350.0,3.0,3.0,3.0,3.0,0.001,434.908,-338.313,-189.705,-86.177
20597,Deuterium,1250.0,242.0,1200.0,1350.0,4.0,3.0,3.0,3.0,0.001,-0.869,-0.389,1.147,-0.055
20598,Deuterium,1250.0,242.0,1200.0,1350.0,4.0,3.0,3.0,3.0,0.0,-0.497,0.145,-0.292,0.059
20599,Deuterium,1250.0,242.0,1200.0,1350.0,4.0,3.0,3.0,3.0,0.003,0.123,0.388,0.171,0.037
20600,Deuterium,1250.0,242.0,1200.0,1350.0,4.0,0.0,0.0,0.0,0.0,-0.134,-0.77,1.967,-0.28
20601,Deuterium,1250.0,242.0,1200.0,1350.0,4.0,0.0,0.0,0.0,0.001,0.279,0.575,-0.877,0.333
20602,Deuterium,1250.0,242.0,1200.0,1350.0,4.0,0.0,0.0,0.0,0.004,-0.174,-0.491,1.4,-0.101
20603,Deuterium,1250.0,242.0,1200.0,1350.0,4.0,0.0,0.0,0.0,0.001,0.038,-0.279,0.37,-0.077
20604,Deuterium,1080.0,242.0,1200.0,1350.0,8.0,20.0,22.0,7.0,-0.001,434.861,-337.772,-173.341,-79.924
20605,Deuterium,1080.0,242.0,1200.0,1350.0,8.0,20.0,22.0,7.0,0.003,434.012,-337.547,-172.768,-80.451
20606,Deuterium,1080.0,242.0,1200.0,1350.0,8.0,20.0,22.0,7.0,0.001,431.143,-338.522,-170.295,-80.505
20607,Deuterium,1080.0,242.0,1200.0,1350.0,8.0,20.0,22.0,7.0,0.003,431.37,-337.681,-175.064,-80.058
20608,Deuterium,1080.0,242.0,1200.0,1350.0,8.0,20.0,22.0,7.0,0.001,431.299,-336.836,-171.748,-80.511
20609,Deuterium,1080.0,242.0,1200.0,1350.0,8.0,20.0,22.0,7.0,0.0,428.855,-337.848,-172.097,-80.468
20610,Deuterium,1080.0,242.0,1200.0,1350.0,8.0,20.0,22.0,7.0,-0.001,428.466,-338.427,-172.909,-80.434
20611,Deuterium,1080.0,242.0,1200.0,1350.0,8.0,20.0,22.0,7.0,-0.002,429.263,-336.578,-172.542,-80.332
20612,Deuterium,1080.0,242.0,1200.0,1350.0,8.0,20.0,22.0,7.0,-0.0,427.312,-337.915,-171.215,-80.549
20613,Deuterium,1080.0,242.0,1200.0,1350.0,8.0,20.0,22.0,7.0,-0.0,-0.152,-0.12,0.477,0.03
20614,Deuterium,1080.0,242.0,1200.0,1350.0,7.0,3.0,3.0,3.0,-0.003,-0.931,0.591,-0.998,0.144
20615,Deuterium,1080.0,242.0,1200.0,1350.0,7.0,3.0,3.0,3.0,0.003,0.093,-0.046,-165.854,-84.251
20616,Deuterium,1080.0,242.0,1200.0,1350.0,7.0,20.0,22.0,7.0,-0.001,440.463,-338.042,-174.4,-79.941
20617,Deuterium,1080.0,242.0,1200.0,1350.0,8.0,20.0,22.0,7.0,0.003,0.818,-0.101,0.232,-0.116
20618,Deuterium,1080.0,242.0,1200.0,1350.0,8.0,20.0,22.0,7.0,0.001,442.041,-339.334,-171.965,-80.279
20619,Deuterium,1080.0,242.0,1200.0,1350.0,8.0,20.0,22.0,7.0,0.002,443.444,-338.175,-173.983,-80.406
20620,Deuterium,1080.0,242.0,1200.0,1350.0,8.0,20.0,22.0,7.0,0.001,438.67,-339.139,-170.506,-80.586
20621,Deuterium,1082.0,242.0,1200.0,1350.0,8.0,20.0,22.0,7.0,-0.001,439.303,-338.561,-172.742,-80.243
20622,Deuterium,1082.0,242.0,1200.0,1350.0,8.0,20.0,22.0,7.0,0.001,439.165,-337.597,-207.19,-93.693
20623,Deuterium,1082.0,242.0,1200.0,1350.0,8.0,20.0,22.0,7.0,0.001,434.318,-338.043,-139.064,-64.661
20624,Deuterium,1082.0,242.0,1200.0,1350.0,8.0,20.0,22.0,7.0,-0.003,436.275,-337.597,-186.363,-86.272
20625,Deuterium,1082.0,242.0,1200.0,1350.0,8.0,20.0,22.0,7.0,0.0,433.299,-338.557,-154.894,-72.368
20626,Deuterium,1082.0,242.0,1200.0,1350.0,8.0,20.0,22.0,7.0,-0.0,434.34,-337.18,-154.275,-72.265
20627,Deuterium,1082.0,242.0,1200.0,1350.0,8.0,20.0,22.0,7.0,0.004,432.119,-337.617,-164.326,-84.265
20628,Deuterium,1082.0,242.0,1200.0,1350.0,8.0,20.0,22.0,7.0,-0.003,430.533,-338.321,-174.636,-79.978
20629,Deuterium,1082.0,242.0,1200.0,1350.0,8.0,20.0,22.0,7.0,-0.004,431.974,-337.242,-204.948,-94.104
20630,Deuterium,1082.0,242.0,1200.0,1350.0,8.0,20.0,22.0,7.0,-0.0,429.247,-338.83,-138.463,-64.601
20631,Deuterium,1082.0,242.0,1200.0,1350.0,8.0,20.0,22.0,7.0,-0.0,428.02,-337.307,-188.393,-86.003
20632,Deuterium,1082.0,242.0,1200.0,1350.0,8.0,20.0,22.0,7.0,-0.0,-0.232,-0.172,-0.214,-0.044
20633,Deuterium,1082.0,242.0,1200.0,1350.0,8.0,20.0,22.0,7.0,0.001,-0.167,0.014,0.014,0.032
20634,Deuterium,1082.0,242.0,1200.0,1350.0,7.0,3.0,3.0,3.0,-0.003,2.357,-0.025,-0.326,-0.042
20635,Deuterium,1082.0,242.0,1200.0,1350.0,7.0,3.0,3.0,3.0,0.001,430.876,-334.023,-155.785,-72.201
20636,Deuterium,1082.0,242.0,1200.0,1350.0,8.0,20.0,22.0,7.0,0.0,431.6,-336.291,-185.333,-86.336
20637,Deuterium,1082.0,242.0,1200.0,1350.0,8.0,20.0,22.0,7.0,0.002,430.177,-337.281,-152.684,-72.606
20638,Deuterium,1082.0,242.0,1200.0,1350.0,8.0,20.0,22.0,7.0,0.003,429.844,-334.954,-165.891,-84.107
20639,Deuterium,1082.0,242.0,1200.0,1350.0,8.0,20.0,20.0,0.0,0.001,426.746,334.946,-149.988,-99.655
20640,Deuterium,1082.0,242.0,1200.0,1350.0,8.0,20.0,20.0,0.0,0.0,429.15,334.856,-149.835,-99.911
20641,Deuterium,1082.0,242.0,1200.0,1350.0,8.0,20.0,20.0,0.0,-0.001,425.966,336.246,-150.88,-99.92
20642,Deuterium,1082.0,242.0,1200.0,1350.0,8.0,20.0,20.0,0.0,-0.0,425.521,336.014,-148.42,-100.023
20643,Deuterium,1082.0,242.0,1200.0,1350.0,8.0,20.0,20.0,0.0,-0.0,425.548,334.655,-150.11,-100.015
20644,Deuterium,1082.0,242.0,1200.0,1350.0,8.0,20.0,20.0,0.0,0.0,422.888,335.241,-151.642,-99.864
20645,Deuterium,1082.0,242.0,1200.0,1350.0,8.0,20.0,20.0,0.0,0.001,422.36,334.235,-151.038,-99.676
20646,Deuterium,1082.0,242.0,1200.0,1350.0,8.0,20.0,20.0,0.0,-0.0,344.77,299.073,-100.275,-10.832
20647,Deuterium,1082.0,242.0,1200.0,1350.0,8.0,20.0,20.0,0.0,-0.001,343.729,299.441,98.517,-11.137
20648,Deuterium,1086.0,242.0,1200.0,1350.0,8.0,20.0,20.0,0.0,-0.002,344.498,298.355,98.212,-11.343
20649,Deuterium,1086.0,242.0,1200.0,1350.0,8.0,20.0,20.0,0.0,-0.005,342.981,299.387,97.966,-11.414
20650,Deuterium,1086.0,242.0,1200.0,1350.0,8.0,20.0,20.0,0.0,-0.001,343.228,299.204,99.024,-11.064
20651,Deuterium,1086.0,242.0,1200.0,1350.0,8.0,20.0,20.0,0.0,0.001,341.455,297.766,99.68,-11.12
20652,Deuterium,1086.0,242.0,1200.0,1350.0,8.0,20.0,20.0,0.0,-0.001,-0.733,0.262,-0.825,-0.036
20653,Deuterium,1086.0,242.0,1200.0,1350.0,8.0,20.0,20.0,0.0,-0.002,0.666,0.692,-1.938,-0.336
20654,Deuterium,1086.0,242.0,1200.0,1350.0,0.0,0.0,22.0,0.0,0.003,-1.098,0.027,-0.097,-0.004
20655,Deuterium,1086.0,242.0,1200.0,1350.0,0.0,0.0,22.0,0.0,-0.005,-0.165,0.442,-1.307,0.235
20656,Deuterium,1086.0,242.0,1200.0,1350.0,7.0,3.0,3.0,3.0,0.001,434.709,-338.05,-172.542,-80.011
20657,Deuterium,1086.0,242.0,1200.0,1350.0,8.0,20.0,22.0,7.0,-0.001,0.272,-0.07,-0.399,0.143
20658,Deuterium,1086.0,242.0,1200.0,1350.0,8.0,20.0,22.0,7.0,0.001,432.048,338.441,-172.225,-80.303
20659,Deuterium,1084.0,242.0,1200.0,1350.0,8.0,20.0,22.0,7.0,0.0,433.166,336.914,-174.163,-79.786
20660,Deuterium,1084.0,242.0,1200.0,1350.0,8.0,20.0,22.0,7.0,0.0,430.76,338.653,-170.964,-80.761
20661,Deuterium,1084.0,242.0,1200.0,1350.0,8.0,20.0,22.0,7.0,-0.004,-0.163,-0.891,-2.965,0.391
20662,Deuterium,1084.0,242.0,1200.0,1350.0,8.0,20.0,22.0,7.0,0.002,431.424,-0.818,-174.27,-79.886
20663,Deuterium,1084.0,242.0,1200.0,1350.0,8.0,20.0,22.0,7.0,-0.002,429.736,264.11,-171.856,-80.394
20664,Deuterium,1084.0,242.0,1200.0,1350.0,8.0,20.0,22.0,7.0,-0.005,428.205,261.746,-175.139,-79.485
20665,Deuterium,1084.0,242.0,1200.0,1350.0,8.0,20.0,22.0,7.0,-0.001,428.452,406.966,-171.792,-80.113
20666,Deuterium,1084.0,242.0,1200.0,1350.0,8.0,20.0,22.0,7.0,0.0,426.35,408.111,-172.15,-79.975
20667,Deuterium,1084.0,242.0,1200.0,1350.0,8.0,20.0,22.0,7.0,-0.001,426.138,301.033,-171.643,-80.124
20668,Deuterium,1084.0,242.0,1200.0,1350.0,8.0,20.0,22.0,7.0,-0.0,425.966,301.424,-171.629,-80.085
20669,Deuterium,1084.0,242.0,1200.0,1350.0,8.0,20.0,22.0,7.0,-0.001,424.617,374.054,-174.385,-79.81
20670,Deuterium,1084.0,242.0,1200.0,1350.0,8.0,20.0,22.0,7.0,0.001,423.342,376.596,-171.12,-80.173
20671,Deuterium,1084.0,242.0,1200.0,1350.0,8.0,20.0,22.0,7.0,0.001,419.389,375.124,-172.118,-80.234
20672,Deuterium,1084.0,242.0,1200.0,1350.0,8.0,20.0,22.0,7.0,0.0,420.738,339.409,-172.243,-80.135
20673,Deuterium,1084.0,242.0,1200.0,1350.0,8.0,20.0,22.0,7.0,0.0,420.008,338.278,-170.154,-80.352
20674,Deuterium,1084.0,242.0,1200.0,1350.0,8.0,20.0,22.0,7.0,0.0,418.713,264.211,-171.678,-80.041
20675,Deuterium,1084.0,242.0,1200.0,1350.0,8.0,20.0,22.0,7.0,0.006,418.731,263.951,-170.96,-79.97
20676,Deuterium,1086.0,242.0,1200.0,1350.0,8.0,20.0,22.0,7.0,0.0,416.406,262.713,-170.052,-80.454
20677,Deuterium,1080.0,242.0,1200.0,1350.0,8.0,20.0,22.0,7.0,-0.002,416.419,262.666,-172.299,-79.952
20678,Deuterium,1076.0,242.0,1200.0,1350.0,8.0,20.0,22.0,7.0,-0.0,416.047,263.79,-169.784,-80.286
20679,Deuterium,1076.0,242.0,1200.0,1350.0,3.0,3.0,3.0,3.0,-0.001,422.569,0.153,-172.586,-80.49
20680,Deuterium,1076.0,242.0,1200.0,1350.0,7.0,0.0,0.0,0.0,0.001,0.445,0.145,0.26,0.038
20681,Deuterium,1076.0,242.0,1200.0,1350.0,8.0,20.0,22.0,7.0,0.001,424.641,-339.031,-173.862,-80.156
20682,Deuterium,1084.0,242.0,1200.0,1350.0,8.0,20.0,22.0,7.0,0.0,424.323,-339.696,-173.083,-80.351
20683,Deuterium,1084.0,242.0,1200.0,1350.0,8.0,20.0,22.0,7.0,0.002,425.202,-339.55,-171.797,-80.593
20684,Deuterium,1082.0,242.0,1200.0,1350.0,8.0,20.0,22.0,7.0,0.001,422.166,-338.767,-174.942,-79.807
20685,Deuterium,1076.0,242.0,1200.0,1350.0,8.0,20.0,22.0,7.0,0.003,422.369,-337.995,-174.945,-80.186
20686,Deuterium,1076.0,242.0,1200.0,1350.0,8.0,20.0,22.0,7.0,-0.001,420.692,0.299,-173.016,-80.195
20687,Deuterium,1076.0,242.0,1200.0,1350.0,8.0,20.0,22.0,7.0,0.0,1.047,-0.796,2.042,-0.346
20688,Deuterium,1076.0,242.0,1200.0,1350.0,8.0,3.0,3.0,3.0,0.004,-0.149,0.028,-0.17,0.031
20689,Deuterium,1076.0,242.0,1200.0,1350.0,8.0,3.0,3.0,3.0,0.001,-0.285,-0.495,0.563,-0.177
20690,Deuterium,1076.0,242.0,1200.0,1350.0,8.0,3.0,3.0,3.0,-0.0,441.991,-336.158,-172.836,-79.898
20691,Deuterium,1076.0,242.0,1200.0,1350.0,8.0,3.0,3.0,3.0,-0.0,0.1,-0.37,-0.36,-0.022
20692,Deuterium,1076.0,242.0,1200.0,1350.0,8.0,3.0,3.0,3.0,0.001,0.038,-0.208,0.489,-0.169
20693,Deuterium,1080.0,242.0,1200.0,1350.0,8.0,20.0,22.0,7.0,-0.002,442.265,-336.13,-171.904,-79.893
20694,Deuterium,1080.0,242.0,1200.0,1350.0,8.0,20.0,22.0,7.0,-0.001,441.348,-336.622,-171.308,-79.969
20695,Deuterium,1080.0,242.0,1200.0,1350.0,8.0,20.0,22.0,7.0,-0.0,438.808,-337.781,-171.816,-79.859
20696,Deuterium,1080.0,242.0,1200.0,1350.0,8.0,20.0,22.0,7.0,-0.0,438.586,-338.165,-167.603,-80.278
20697,Deuterium,1080.0,242.0,1200.0,1350.0,8.0,20.0,22.0,7.0,-0.001,435.924,-261.921,-173.745,-79.724
20698,Deuterium,1080.0,242.0,1200.0,1350.0,8.0,20.0,22.0,7.0,-0.004,437.109,-262.402,-169.952,-79.822
20699,Deuterium,1080.0,242.0,1200.0,1350.0,8.0,20.0,22.0,3.0,0.001,-0.205,0.313,-1.758,0.341
20700,Deuterium,1080.0,242.0,1200.0,1350.0,8.0,20.0,22.0,7.0,0.007,431.092,-408.241,-170.4,-80.091
20701,Deuterium,1080.0,242.0,1200.0,1350.0,8.0,20.0,22.0,7.0,0.003,433.464,-409.326,-171.32,-80.087
20702,Deuterium,1080.0,242.0,1200.0,1350.0,8.0,20.0,22.0,3.0,0.003,-0.276,0.086,-0.667,-0.008
20703,Deuterium,1080.0,242.0,1200.0,1350.0,8.0,20.0,22.0,7.0,-0.0,431.437,-408.818,-170.183,-80.254
20704,Deuterium,1080.0,242.0,1200.0,1350.0,8.0,20.0,22.0,7.0,0.0,432.241,-409.624,-170.134,-80.266
20705,Deuterium,1080.0,242.0,1200.0,1350.0,8.0,20.0,22.0,7.0,-0.0,431.424,-300.387,-172.681,-79.997
20706,Deuterium,1080.0,242.0,1200.0,1350.0,8.0,20.0,22.0,7.0,0.001,429.105,-300.171,-170.938,-79.988
20707,Deuterium,1080.0,242.0,1200.0,1350.0,8.0,20.0,22.0,7.0,-0.0,429.646,-374.858,-170.808,-79.848
20708,Deuterium,1080.0,242.0,1200.0,1350.0,8.0,20.0,22.0,7.0,-0.0,425.43,-373.569,-173.677,-79.971
20709,Deuterium,1080.0,242.0,1200.0,1350.0,8.0,20.0,22.0,7.0,-0.002,426.479,-337.149,-171.985,-79.969
20710,Deuterium,1084.0,242.0,1200.0,1350.0,8.0,20.0,22.0,7.0,0.003,424.695,-338.303,-170.646,-80.066
20711,Deuterium,1084.0,242.0,1200.0,1350.0,3.0,3.0,3.0,3.0,-0.005,433.282,-330.032,-171.525,-79.697
20712,Deuterium,1084.0,242.0,1200.0,1350.0,3.0,3.0,3.0,3.0,-0.001,432.253,-331.029,-172.637,-80.174
20713,Deuterium,1084.0,242.0,1200.0,1350.0,7.0,3.0,3.0,3.0,-0.001,0.327,-0.059,1.373,-0.02
20714,Deuterium,1084.0,242.0,1200.0,1350.0,8.0,20.0,22.0,7.0,0.0,0.412,-0.348,-0.131,-0.012
20715,Deuterium,1080.0,242.0,1200.0,1350.0,8.0,20.0,22.0,7.0,0.003,429.929,-336.38,-171.251,-80.252
20716,Deuterium,1078.0,242.0,1200.0,1350.0,8.0,20.0,22.0,7.0,0.001,427.773,-337.965,-171.444,-80.254
20717,Deuterium,1080.0,242.0,1200.0,1350.0,8.0,20.0,22.0,7.0,-0.002,428.051,-337.4,-171.78,-80.008
20718,Deuterium,1080.0,242.0,1200.0,1350.0,8.0,20.0,22.0,7.0,0.0,427.39,-336.547,-173.609,-80.243
20719,Deuterium,1078.0,242.0,1200.0,1350.0,8.0,20.0,22.0,7.0,-0.0,428.399,-337.911,-171.619,-80.066
20720,Deuterium,1078.0,242.0,1200.0,1350.0,8.0,20.0,22.0,7.0,-0.001,425.341,-264.263,-168.238,-80.449
20721,Deuterium,1078.0,242.0,1200.0,1350.0,8.0,20.0,22.0,7.0,0.001,423.507,-261.897,-171.093,-80.223
20722,Deuterium,1078.0,242.0,1200.0,1350.0,8.0,20.0,22.0,7.0,-0.0,422.763,-405.325,-173.021,-80.073
20723,Deuterium,1078.0,242.0,1200.0,1350.0,8.0,20.0,22.0,7.0,-0.001,421.371,-407.581,-172.394,-80.142
20724,Deuterium,1078.0,242.0,1200.0,1350.0,8.0,20.0,22.0,7.0,0.006,421.073,-300.923,-172.162,-80.195
20725,Deuterium,1080.0,242.0,1200.0,1350.0,8.0,20.0,22.0,7.0,0.0,420.241,-298.613,-171.067,-80.069
20726,Deuterium,1080.0,242.0,1200.0,1350.0,8.0,20.0,22.0,7.0,0.0,417.388,-298.268,-171.315,-79.968
20727,Deuterium,1080.0,242.0,1200.0,1350.0,8.0,20.0,22.0,7.0,-0.002,417.956,-373.909,-170.078,-80.408
20728,Deuterium,1080.0,242.0,1200.0,1350.0,8.0,20.0,22.0,7.0,-0.0,417.078,-374.124,-170.692,-80.167
20729,Deuterium,1078.0,242.0,1200.0,1350.0,8.0,20.0,22.0,7.0,0.002,417.907,-336.338,-171.077,-80.068
20730,Deuterium,1080.0,242.0,1200.0,1350.0,8.0,20.0,22.0,7.0,0.0,415.737,-336.753,-169.523,-80.013
20731,Deuterium,1080.0,242.0,1200.0,1350.0,3.0,3.0,3.0,3.0,-0.004,421.634,-337.04,-172.158,-79.902
20732,Deuterium,1080.0,242.0,1200.0,1350.0,3.0,3.0,3.0,3.0,0.0,-0.455,-0.125,0.032,-0.069
20733,Deuterium,1080.0,242.0,1200.0,1350.0,8.0,3.0,3.0,3.0,0.001,0.25,0.161,0.068,0.108
20734,Deuterium,1080.0,242.0,1200.0,1350.0,8.0,20.0,22.0,7.0,-0.001,420.567,-336.743,-171.098,-80.201
20735,Deuterium,1080.0,242.0,1200.0,1350.0,8.0,20.0,22.0,7.0,-0.001,420.603,-337.958,-169.833,-80.376
20736,Deuterium,1080.0,242.0,1200.0,1350.0,8.0,20.0,22.0,7.0,-0.0,420.054,-336.772,-133.541,-64.211
20737,Deuterium,1080.0,242.0,1200.0,1350.0,8.0,20.0,22.0,7.0,0.001,419.934,-335.827,-105.058,-51.64
20738,Deuterium,1080.0,242.0,1200.0,1350.0,8.0,20.0,22.0,7.0,-0.002,419.845,-337.836,-146.534,-68.455
20739,Deuterium,1080.0,242.0,1200.0,1350.0,8.0,20.0,22.0,7.0,-0.002,415.637,-335.797,-113.653,-79.96
20740,Deuterium,1080.0,242.0,1200.0,1350.0,8.0,20.0,22.0,7.0,-0.0,417.551,-338.027,-126.672,-60.568
20741,Deuterium,1080.0,242.0,1200.0,1350.0,8.0,20.0,22.0,7.0,-0.002,0.651,0.59,-1.276,0.345
20742,Deuterium,1080.0,242.0,1200.0,1350.0,8.0,20.0,22.0,7.0,0.001,415.161,-336.905,-119.72,-56.319
20743,Deuterium,1080.0,242.0,1200.0,1350.0,8.0,20.0,22.0,7.0,-0.002,414.74,-335.173,-172.225,-79.643
20744,Deuterium,1080.0,242.0,1200.0,1350.0,8.0,20.0,22.0,7.0,0.001,413.401,-335.351,-135.361,-64.442
20745,Deuterium,1080.0,242.0,1200.0,1350.0,8.0,20.0,22.0,7.0,-0.0,415.323,-336.77,-103.279,-51.207
20746,Deuterium,1080.0,242.0,1200.0,1350.0,8.0,20.0,22.0,7.0,0.001,412.349,-336.763,-102.514,-51.309
20747,Deuterium,1080.0,242.0,1200.0,1350.0,8.0,20.0,22.0,7.0,-0.0,411.215,-335.646,-144.622,-68.385
20748,Deuterium,1080.0,242.0,1200.0,1350.0,8.0,20.0,22.0,7.0,0.0,411.227,-336.581,-110.471,-79.994
20749,Deuterium,1080.0,242.0,1200.0,1350.0,8.0,20.0,22.0,7.0,0.001,409.057,-336.834,-125.171,-60.402
20750,Deuterium,1080.0,242.0,1200.0,1350.0,8.0,20.0,22.0,7.0,-0.001,409.883,-335.075,-119.379,-56.532
20751,Deuterium,1070.0,242.0,1200.0,1340.0,8.0,20.0,22.0,7.0,-0.001,410.95,-336.062,-169.625,-80.262
20752,Deuterium,1066.0,242.0,1200.0,1340.0,8.0,20.0,22.0,7.0,0.002,407.03,-335.546,-170.86,-80.107
20753,Deuterium,1066.0,242.0,1200.0,1340.0,3.0,3.0,3.0,3.0,-0.001,416.227,-338.622,-107.335,-53.289
20754,Deuterium,1076.0,242.0,1200.0,1350.0,7.0,3.0,3.0,3.0,0.0,0.134,-0.13,0.277,0.092
20755,Deuterium,1080.0,242.0,1200.0,1350.0,8.0,20.0,22.0,7.0,-0.003,419.007,-335.407,-114.247,-52.361
20756,Deuterium,1074.0,242.0,1200.0,1350.0,8.0,20.0,22.0,7.0,-0.0,417.208,-333.842,-175.845,-79.539
20757,Deuterium,1080.0,242.0,1200.0,1350.0,8.0,20.0,22.0,7.0,0.0,415.867,-336.92,-111.973,-52.804
20758,Deuterium,1066.0,236.0,1200.0,1340.0,8.0,20.0,22.0,7.0,-0.002,414.875,-334.844,-113.321,-52.621
20759,Deuterium,1070.0,236.0,1200.0,1340.0,8.0,20.0,22.0,0.0,0.003,413.467,-336.423,-169.601,-80.12
20760,Deuterium,1074.0,236.0,1200.0,1340.0,8.0,20.0,22.0,0.0,-0.001,413.697,-335.211,-171.196,-80.285
20761,Deuterium,1064.0,236.0,1200.0,1340.0,8.0,20.0,22.0,0.0,0.001,410.608,-336.02,-171.41,-80.055
20762,Deuterium,1080.0,242.0,1200.0,1350.0,8.0,20.0,22.0,7.0,0.002,409.757,-335.212,-111.77,-52.95
20763,Deuterium,3080.0,242.0,3200.0,3350.0,8.0,20.0,22.0,7.0,0.003,410.886,-336.806,-111.552,-52.546
20764,Deuterium,3080.0,242.0,3200.0,3350.0,8.0,20.0,22.0,7.0,0.003,411.182,-334.328,-111.669,-52.549
20765,Deuterium,3080.0,242.0,3200.0,3350.0,8.0,20.0,22.0,7.0,0.002,408.219,-334.874,-111.859,-52.588
20766,Deuterium,3080.0,242.0,3200.0,3350.0,8.0,20.0,22.0,7.0,0.003,406.711,-335.612,-110.867,-52.573
20767,Deuterium,3080.0,242.0,3200.0,3350.0,8.0,20.0,22.0,7.0,-0.0,409.438,-335.075,-108.847,-52.846
20768,Deuterium,3080.0,242.0,3200.0,3350.0,8.0,20.0,22.0,7.0,0.0,406.809,-336.459,-110.456,-52.609
20769,Deuterium,3080.0,242.0,3200.0,3350.0,8.0,20.0,22.0,7.0,0.002,404.833,-334.109,-111.367,-52.696
20770,Deuterium,3080.0,242.0,3200.0,3350.0,8.0,20.0,22.0,7.0,-0.001,405.611,-334.463,-110.084,-52.938
20771,Deuterium,3080.0,242.0,3200.0,3350.0,8.0,20.0,22.0,7.0,-0.004,406.654,-335.879,-109.862,-53.065
20772,Deuterium,3080.0,242.0,3200.0,3350.0,3.0,3.0,3.0,3.0,-0.004,431.119,-334.322,-112.338,-52.603
20773,Deuterium,3080.0,242.0,3200.0,3350.0,7.0,3.0,3.0,3.0,0.001,-0.005,0.879,-0.925,0.412
20774,Deuterium,3080.0,242.0,3200.0,3350.0,8.0,20.0,22.0,7.0,0.001,430.704,-335.865,-113.726,-52.365
20775,Deuterium,3082.0,242.0,3200.0,3350.0,8.0,20.0,22.0,7.0,0.002,432.063,-333.469,-116.362,-51.897
20776,Deuterium,3082.0,242.0,3200.0,3350.0,8.0,20.0,22.0,7.0,0.0,429.611,-336.389,-110.819,-52.99
20777,Deuterium,3082.0,242.0,3200.0,3350.0,8.0,20.0,22.0,7.0,0.001,428.415,-334.91,-0.599,-11.135
20778,Deuterium,3082.0,242.0,3200.0,3350.0,8.0,20.0,22.0,7.0,0.005,425.385,-335.807,-112.47,-52.783
20779,Deuterium,3082.0,242.0,3200.0,3350.0,8.0,20.0,22.0,7.0,-0.001,427.285,-335.879,1.651,-11.39
20780,Deuterium,3082.0,242.0,3200.0,3350.0,8.0,20.0,22.0,7.0,0.001,424.287,-336.825,-111.086,-52.781
20781,Deuterium,3082.0,242.0,3200.0,3350.0,8.0,20.0,22.0,7.0,0.001,424.383,-335.016,-111.639,-52.899
20782,Deuterium,3082.0,242.0,3200.0,3350.0,8.0,20.0,22.0,7.0,0.002,422.371,-336.718,-111.065,-52.804
20783,Deuterium,3076.0,242.0,3200.0,3350.0,8.0,20.0,22.0,7.0,0.002,422.068,-334.809,-113.767,-52.443
20784,Deuterium,3082.0,242.0,3200.0,3350.0,8.0,20.0,22.0,7.0,-0.005,422.454,-335.561,-0.378,-10.94
20785,Deuterium,3082.0,242.0,3200.0,3350.0,8.0,20.0,22.0,7.0,-0.001,421.084,-335.551,-111.581,-52.773
20786,Deuterium,3082.0,242.0,3200.0,3350.0,8.0,20.0,22.0,7.0,-0.005,424.066,-334.881,-2.445,-11.015
20787,Deuterium,3082.0,242.0,3200.0,3350.0,8.0,20.0,22.0,7.0,0.0,416.47,-335.395,-111.759,-52.653
20788,Deuterium,3082.0,242.0,3200.0,3350.0,8.0,20.0,22.0,7.0,0.005,416.051,-334.31,-2.664,-11.112
20789,Deuterium,3082.0,242.0,3200.0,3350.0,8.0,20.0,22.0,7.0,0.001,416.145,-336.011,-111.775,-53.14
20790,Deuterium,3082.0,242.0,3200.0,3350.0,8.0,20.0,22.0,7.0,0.002,-1.798,0.304,0.53,-0.004
20791,Deuterium,3082.0,242.0,3200.0,3350.0,8.0,20.0,22.0,7.0,-0.0,0.987,0.154,-0.234,0.073
20792,Deuterium,3082.0,242.0,3200.0,3350.0,8.0,20.0,22.0,7.0,0.0,0.296,0.289,-0.608,0.173
20793,Deuterium,3082.0,242.0,3200.0,3350.0,8.0,20.0,22.0,7.0,0.0,478.221,-334.631,-271.429,-66.448
20794,Deuterium,3082.0,242.0,3200.0,3350.0,8.0,20.0,22.0,7.0,-0.004,0.631,-0.318,0.453,-0.183
20795,Deuterium,3082.0,242.0,3200.0,3350.0,8.0,20.0,22.0,7.0,0.001,1.365,0.596,-139.844,-66.208
20796,Deuterium,3082.0,242.0,3200.0,3350.0,8.0,20.0,22.0,7.0,0.002,-1.579,-0.339,1.035,-0.029
20797,Deuterium,3082.0,242.0,3200.0,3350.0,8.0,20.0,22.0,7.0,0.0,0.312,-0.19,0.484,-0.135
20798,Deuterium,3082.0,242.0,3200.0,3350.0,8.0,20.0,22.0,7.0,-0.001,1.297,0.152,-1.724,-1.091
20799,Deuterium,3082.0,242.0,3200.0,3350.0,8.0,20.0,22.0,7.0,0.004,0.446,-0.689,-136.941,-66.81
20800,Deuterium,3082.0,242.0,3200.0,3350.0,8.0,20.0,22.0,7.0,0.002,1.343,0.026,-138.283,-64.616
20801,Deuterium,3082.0,242.0,3200.0,3350.0,7.0,20.0,22.0,7.0,-0.003,2.55,0.375,-0.07,0.047
20802,Deuterium,3082.0,242.0,3200.0,3350.0,8.0,20.0,22.0,7.0,0.0,476.962,-334.718,-138.003,-64.468
20803,Deuterium,3082.0,242.0,3200.0,3350.0,8.0,20.0,22.0,7.0,0.003,476.389,-334.767,-138.497,-64.195
20804,Deuterium,3082.0,242.0,3200.0,3350.0,8.0,20.0,22.0,7.0,-0.002,474.053,-335.59,-137.18,-64.401
20805,Deuterium,3084.0,242.0,3200.0,3350.0,8.0,20.0,22.0,7.0,-0.0,474.189,-334.21,-137.523,-64.164
20806,Deuterium,3084.0,242.0,3200.0,3350.0,8.0,20.0,22.0,7.0,0.002,474.371,-333.887,-139.795,-64.355
20807,Deuterium,3086.0,242.0,3200.0,3350.0,8.0,20.0,22.0,7.0,-0.003,474.126,-335.976,-138.241,-64.568
20808,Deuterium,3086.0,242.0,3200.0,3350.0,8.0,20.0,20.0,7.0,0.001,470.408,-334.686,-139.612,-64.483
20809,Deuterium,3086.0,242.0,3200.0,3350.0,8.0,20.0,20.0,7.0,-0.002,470.787,-334.249,-136.263,-64.58
20810,Deuterium,3086.0,242.0,3200.0,3350.0,8.0,20.0,20.0,7.0,-0.001,468.566,-335.279,-136.303,-64.333
20811,Deuterium,3086.0,242.0,3200.0,3350.0,8.0,20.0,18.0,7.0,0.0,466.214,-335.724,-136.8,-64.205
20812,Deuterium,3086.0,242.0,3200.0,3350.0,8.0,20.0,18.0,7.0,-0.0,465.962,-334.198,-137.063,-64.372
20813,Deuterium,3086.0,242.0,3200.0,3350.0,8.0,20.0,18.0,7.0,-0.002,465.53,-334.862,-136.927,-64.391
20814,Deuterium,3086.0,242.0,3200.0,3350.0,8.0,20.0,22.0,7.0,0.004,461.988,-335.231,-137.463,-64.16
20815,Deuterium,3084.0,242.0,3200.0,3350.0,8.0,20.0,22.0,7.0,0.0,463.251,-336.495,-134.887,-64.26
20816,Deuterium,3088.0,242.0,3200.0,3350.0,8.0,20.0,22.0,7.0,-0.002,462.205,-334.189,-136.915,-64.156
20817,Deuterium,3088.0,242.0,3200.0,3350.0,8.0,20.0,22.0,7.0,-0.0,460.316,-334.878,-134.953,-64.321
20818,Deuterium,3088.0,242.0,3200.0,3350.0,8.0,20.0,22.0,7.0,-0.003,472.407,-336.12,-137.407,-64.66
20819,Deuterium,3088.0,242.0,3200.0,3350.0,7.0,10.0,10.0,4.0,0.0,-1.466,0.061,-0.2,-0.05
20820,Deuterium,3088.0,242.0,3200.0,3350.0,8.0,20.0,22.0,7.0,-0.0,0.639,-0.032,0.47,-0.076
20821,Deuterium,3088.0,242.0,3200.0,3350.0,8.0,20.0,22.0,7.0,-0.003,471.242,-335.147,-135.977,-64.839
20822,Deuterium,3088.0,242.0,3200.0,3350.0,8.0,20.0,22.0,7.0,0.001,-0.171,0.357,0.555,0.027
20823,Deuterium,3088.0,242.0,3200.0,3350.0,8.0,20.0,22.0,7.0,0.001,468.684,-335.377,-135.746,-64.85
20824,Deuterium,3090.0,242.0,3200.0,3350.0,8.0,20.0,22.0,7.0,0.0,0.593,-0.062,0.504,0.104
20825,Deuterium,3090.0,242.0,3200.0,3350.0,8.0,20.0,22.0,7.0,0.0,467.595,-335.529,-136.462,-64.425
20826,Deuterium,3072.0,211.0,3200.0,3350.0,8.0,20.0,22.0,7.0,0.001,465.543,-334.711,-138.144,-64.254
20827,Deuterium,3076.0,211.0,3200.0,3350.0,8.0,20.0,22.0,7.0,0.0,465.149,-335.938,-135.807,-64.591
20828,Deuterium,3082.0,211.0,3200.0,3350.0,8.0,20.0,22.0,7.0,-0.0,462.142,-333.84,-136.876,-64.308
20829,Deuterium,3074.0,200.0,3200.0,3350.0,8.0,20.0,22.0,7.0,-0.0,462.821,-335.73,-136.085,-64.85
20830,Deuterium,3074.0,161.0,3200.0,3350.0,8.0,20.0,22.0,7.0,0.004,462.842,-335.519,-137.609,-64.548
20831,Deuterium,3088.0,231.0,3200.0,3350.0,8.0,20.0,22.0,7.0,-0.001,461.471,-334.381,-135.899,-64.8
20832,Deuterium,3080.0,231.0,3200.0,3350.0,8.0,20.0,22.0,7.0,0.001,460.26,-334.712,-136.542,-64.555
20833,Deuterium,3084.0,231.0,3200.0,3350.0,8.0,20.0,22.0,7.0,0.004,457.468,-335.635,-136.888,-64.246
20834,Deuterium,3080.0,231.0,3200.0,3350.0,8.0,20.0,22.0,7.0,-0.002,457.114,-334.859,-136.36,-64.753
20835,Deuterium,3082.0,231.0,3200.0,3350.0,8.0,20.0,22.0,7.0,0.003,458.008,-334.161,-136.586,-64.577
20836,Deuterium,3080.0,226.0,3200.0,3350.0,8.0,20.0,22.0,7.0,0.001,455.978,-334.451,-137.255,-64.412
20837,Deuterium,3080.0,221.0,3200.0,3350.0,8.0,20.0,22.0,7.0,-0.001,455.277,-335.403,-137.681,-64.296
20838,Deuterium,3082.0,229.0,3200.0,3350.0,8.0,20.0,22.0,7.0,-0.002,453.865,-334.236,-136.601,-64.342
20839,Deuterium,3076.0,229.0,3200.0,3350.0,8.0,20.0,22.0,7.0,-0.002,452.626,-334.234,-135.868,-64.66
20840,Deuterium,3080.0,236.0,3200.0,3350.0,8.0,20.0,22.0,7.0,-0.001,451.296,-334.015,-137.041,-64.538
20841,Deuterium,1066.0,242.0,1200.0,1340.0,3.0,3.0,3.0,3.0,0.003,-2.923,0.323,-1.643,0.139
20842,Deuterium,1066.0,242.0,1200.0,1340.0,3.0,3.0,3.0,3.0,-0.001,0.103,-0.083,-0.273,0.044
20843,Deuterium,1066.0,242.0,1200.0,1340.0,3.0,3.0,3.0,3.0,-0.003,1.727,0.22,-0.546,0.146
20844,Deuterium,1066.0,242.0,1200.0,1340.0,3.0,3.0,3.0,3.0,0.0,466.102,-337.317,-171.943,-80.22
20845,Deuterium,1066.0,242.0,1200.0,1340.0,3.0,3.0,3.0,3.0,-0.0,465.632,-335.547,-173.951,-79.865
20846,Deuterium,1066.0,242.0,1200.0,1340.0,7.0,3.0,10.0,3.0,-0.001,467.384,-337.702,-171.62,-79.949
20847,Deuterium,1066.0,242.0,1200.0,1340.0,8.0,20.0,22.0,7.0,-0.0,465.203,-337.4,-170.741,-80.186
20848,Deuterium,1066.0,242.0,1200.0,1340.0,8.0,20.0,22.0,7.0,-0.0,463.723,-336.831,-167.904,-80.336
20849,Deuterium,1066.0,242.0,1200.0,1340.0,8.0,20.0,22.0,7.0,-0.001,462.247,-336.497,-171.295,-79.889
20850,Deuterium,1066.0,242.0,1200.0,1340.0,3.0,3.0,3.0,3.0,-0.001,496.319,-334.632,-172.715,-80.039
20851,Deuterium,1066.0,242.0,1200.0,1340.0,3.0,3.0,3.0,3.0,0.002,496.903,-335.474,-171.951,-79.766
20852,Deuterium,1066.0,242.0,1200.0,1340.0,7.0,5.0,5.0,3.0,0.002,494.644,-335.566,-170.531,-79.961
20853,Deuterium,1066.0,242.0,1200.0,1340.0,7.0,5.0,5.0,3.0,0.001,494.252,-335.285,-170.993,-79.914
20854,Deuterium,1066.0,242.0,1200.0,1340.0,7.0,5.0,22.0,3.0,0.001,491.365,-335.563,-169.861,-80.012
20855,Deuterium,1066.0,242.0,1200.0,1340.0,7.0,20.0,22.0,8.0,-0.002,490.751,-335.814,-171.245,-79.927
20856,Deuterium,1066.0,242.0,1200.0,1340.0,7.0,20.0,22.0,8.0,0.002,488.238,-335.051,-170.414,-80.005
20857,Deuterium,1066.0,242.0,1200.0,1340.0,7.0,20.0,22.0,8.0,-0.001,488.705,-334.864,-171.42,-79.534
20858,Deuterium,1066.0,242.0,1200.0,1340.0,3.0,3.0,3.0,3.0,0.001,-0.39,0.086,0.132,0.033
20859,Deuterium,1072.0,242.0,1200.0,1340.0,3.0,3.0,3.0,3.0,-0.0,379.043,-337.076,-137.94,-66.285
20860,Deuterium,1072.0,242.0,1200.0,1340.0,3.0,3.0,3.0,3.0,0.003,380.899,-337.322,-138.872,-66.55
20861,Deuterium,1072.0,242.0,1200.0,1340.0,7.0,3.0,3.0,3.0,0.001,-1.789,-0.14,-0.008,-1.253
20862,Deuterium,1072.0,242.0,1200.0,1340.0,8.0,20.0,18.0,7.0,-0.001,379.41,-336.909,-138.1,-66.078
20863,Deuterium,1072.0,242.0,1200.0,1340.0,8.0,20.0,18.0,7.0,0.004,376.929,-337.933,-133.754,-66.793
20864,Deuterium,1072.0,242.0,1200.0,1340.0,8.0,20.0,20.0,7.0,0.005,374.385,-335.425,-136.286,-66.482
20865,Deuterium,1072.0,242.0,1200.0,1340.0,8.0,20.0,22.0,7.0,0.001,374.36,-334.991,-139.819,-66.055
20866,Deuterium,1072.0,242.0,1200.0,1340.0,8.0,20.0,22.0,7.0,-0.001,0.884,1.056,-3.431,-0.313
20867,Deuterium,1072.0,242.0,1200.0,1340.0,8.0,20.0,18.0,7.0,0.003,370.335,-335.725,-137.535,-66.317
20868,Deuterium,1062.0,242.0,1200.0,1340.0,8.0,20.0,18.0,7.0,0.0,373.078,-336.041,-137.597,-66.393
20869,Deuterium,1062.0,242.0,1200.0,1340.0,8.0,20.0,20.0,7.0,0.0,371.834,-335.298,-134.539,-66.507
20870,Deuterium,1062.0,242.0,1200.0,1340.0,8.0,20.0,22.0,7.0,-0.002,371.912,-335.849,-135.427,-66.012
20871,Deuterium,1062.0,231.0,1200.0,1340.0,8.0,20.0,22.0,7.0,0.002,370.346,-334.606,-136.717,-66.241
20872,Deuterium,1068.0,231.0,1200.0,1340.0,8.0,20.0,22.0,7.0,-0.004,370.222,-334.215,-137.017,-66.365
20873,Deuterium,1056.0,231.0,1200.0,1340.0,8.0,20.0,22.0,7.0,-0.001,369.279,-335.175,-136.883,-65.82
20874,Deuterium,1068.0,247.0,1200.0,1340.0,8.0,20.0,22.0,7.0,0.001,367.301,-334.093,-137.704,-66.25
20875,Deuterium,1056.0,247.0,1200.0,1340.0,8.0,20.0,22.0,7.0,-0.0,368.319,-335.049,-136.723,-66.139
20876,Deuterium,1056.0,247.0,1200.0,1340.0,8.0,20.0,22.0,7.0,0.001,0.114,-0.106,0.37,-0.046
20877,Deuterium,1068.0,242.0,1200.0,1340.0,7.0,3.0,3.0,3.0,-0.0,401.073,-334.033,-137.614,-66.327
20878,Deuterium,1068.0,242.0,1200.0,1340.0,3.0,3.0,3.0,3.0,-0.008,404.136,-335.83,-136.745,-66.101
20879,Deuterium,1068.0,242.0,1200.0,1340.0,3.0,3.0,3.0,3.0,-0.0,404.096,-334.766,-138.466,-66.058
20880,Deuterium,1068.0,242.0,1200.0,1340.0,3.0,3.0,3.0,3.0,0.002,402.221,-335.99,-138.711,-66.276
20881,Deuterium,1068.0,242.0,1200.0,1340.0,7.0,3.0,3.0,3.0,-0.001,0.677,0.658,-2.759,0.202
20882,Deuterium,1068.0,242.0,1200.0,1340.0,8.0,20.0,22.0,7.0,-0.0,399.011,-334.681,-137.01,-66.148
20883,Deuterium,1068.0,242.0,1200.0,1340.0,8.0,20.0,20.0,7.0,-0.0,400.526,-334.014,-139.71,-65.825
20884,Deuterium,1068.0,242.0,1200.0,1340.0,8.0,20.0,18.0,7.0,-0.001,399.507,-333.589,-139.909,-65.902
20885,Deuterium,1068.0,242.0,1200.0,1340.0,8.0,20.0,22.0,7.0,-0.001,397.093,-335.681,-137.791,-66.099
20886,Deuterium,1080.0,242.0,1200.0,1350.0,8.0,20.0,22.0,7.0,0.002,477.414,-334.056,-138.122,-65.939
20887,Deuterium,1080.0,242.0,1200.0,1350.0,8.0,20.0,22.0,7.0,-0.0,478.648,-335.301,-137.579,-66.139
20888,Deuterium,1082.0,242.0,1200.0,1350.0,8.0,20.0,22.0,7.0,0.0,476.773,-333.631,-137.059,-66.07
20889,Deuterium,1082.0,236.0,1200.0,1350.0,8.0,20.0,22.0,7.0,-0.002,477.661,-334.616,-136.61,-66.181
20890,Deuterium,1078.0,247.0,1200.0,1350.0,8.0,20.0,22.0,7.0,0.001,474.743,-334.34,-137.518,-66.141
20891,Deuterium,1082.0,247.0,1200.0,1350.0,8.0,20.0,22.0,7.0,0.001,472.445,-333.678,-136.946,-66.29
20892,Deuterium,1078.0,236.0,1200.0,1350.0,8.0,20.0,22.0,7.0,-0.002,474.166,-334.999,-134.996,-66.556
20893,Deuterium,1084.0,231.0,1200.0,1350.0,8.0,20.0,22.0,7.0,-0.003,472.934,-334.279,-137.565,-65.975
20894,Deuterium,1080.0,231.0,1200.0,1350.0,8.0,20.0,22.0,7.0,-0.003,470.128,-333.602,-136.552,-66.153
20895,Deuterium,1080.0,231.0,1200.0,1350.0,7.0,3.0,3.0,7.0,0.001,-1.085,0.711,-2.137,0.03
20896,Deuterium,1080.0,242.0,1200.0,1350.0,7.0,3.0,3.0,7.0,-0.001,477.545,-335.278,-139.028,-66.399
20897,Deuterium,1080.0,242.0,1200.0,1350.0,8.0,20.0,22.0,7.0,-0.0,0.92,0.458,-0.988,0.396
20898,Deuterium,1080.0,242.0,1200.0,1350.0,8.0,20.0,22.0,7.0,-0.0,476.694,-335.915,-137.384,-66.209
20899,Deuterium,1080.0,242.0,1200.0,1350.0,8.0,20.0,22.0,7.0,-0.002,474.229,-335.241,-138.078,-66.143
20900,Deuterium,1080.0,242.0,1200.0,1350.0,8.0,20.0,22.0,7.0,0.001,473.698,-335.005,-138.028,-66.12
20901,Deuterium,1084.0,231.0,1200.0,1350.0,8.0,20.0,22.0,7.0,0.0,472.883,-335.668,-137.09,-66.34
20902,Deuterium,1084.0,242.0,1200.0,1350.0,8.0,20.0,22.0,7.0,-0.002,470.938,-335.412,-137.171,-66.183
20903,Deuterium,1086.0,247.0,1200.0,1350.0,8.0,20.0,22.0,7.0,-0.002,470.7,-336.048,-136.817,-66.143
20904,Deuterium,1082.0,247.0,1200.0,1350.0,8.0,20.0,22.0,7.0,0.001,468.274,-334.886,-138.639,-66.366
20905,Deuterium,1082.0,236.0,1200.0,1350.0,8.0,20.0,22.0,7.0,-0.002,467.59,-335.64,-137.451,-66.395
20906,Deuterium,1086.0,236.0,1200.0,1350.0,8.0,20.0,22.0,7.0,-0.001,465.2,-334.146,-137.971,-65.922
20907,Deuterium,1084.0,242.0,1200.0,1350.0,8.0,20.0,22.0,7.0,-0.0,464.401,-334.864,-137.316,-66.198
20908,Deuterium,1084.0,242.0,1200.0,1350.0,8.0,20.0,22.0,7.0,-0.002,463.697,-334.417,-137.647,-65.989
20909,Deuterium,1086.0,226.0,1200.0,1350.0,8.0,20.0,22.0,7.0,-0.0,462.345,-334.753,-137.869,-65.799
20910,Deuterium,1082.0,226.0,1200.0,1350.0,3.0,3.0,3.0,3.0,0.001,0.083,0.004,-0.051,0.156
20911,Deuterium,1082.0,226.0,1200.0,1350.0,4.0,3.0,3.0,3.0,0.0,0.162,0.33,0.786,0.127
20912,Deuterium,1082.0,226.0,1200.0,1350.0,4.0,3.0,3.0,3.0,0.001,492.501,-333.558,-137.302,-66.096
20913,Deuterium,1082.0,226.0,1200.0,1350.0,4.0,3.0,3.0,3.0,0.001,-0.031,0.05,-0.083,-0.151
20914,Deuterium,1082.0,226.0,1200.0,1350.0,4.0,3.0,3.0,3.0,0.0,0.559,0.521,-0.896,0.327
20915,Deuterium,1082.0,226.0,1200.0,1350.0,4.0,3.0,3.0,3.0,0.001,0.21,-0.117,-0.056,-0.123
20916,Deuterium,1082.0,226.0,1200.0,1350.0,4.0,3.0,3.0,3.0,0.0,0.118,0.177,-0.653,0.055
20917,Deuterium,1078.0,226.0,1200.0,1350.0,3.0,3.0,3.0,3.0,0.003,-1.82,0.063,-0.406,-0.01
20918,Deuterium,1078.0,226.0,1200.0,1350.0,4.0,3.0,3.0,3.0,0.002,-0.526,-0.195,0.149,-0.179
20919,Deuterium,1078.0,226.0,1200.0,1350.0,4.0,3.0,3.0,3.0,0.002,0.368,0.774,-1.897,0.226
20920,Deuterium,1078.0,226.0,1200.0,1350.0,4.0,3.0,3.0,3.0,-0.0,1.071,-0.087,0.061,0.11
20921,Deuterium,1078.0,226.0,1200.0,1350.0,3.0,3.0,3.0,3.0,0.0,0.927,0.245,-1.069,0.481
20922,Deuterium,1078.0,226.0,1200.0,1350.0,4.0,3.0,3.0,3.0,-0.001,0.535,0.08,1.706,-0.358
20923,Deuterium,1078.0,226.0,1200.0,1350.0,4.0,3.0,3.0,3.0,0.001,-4.043,0.807,-1.846,0.259
20924,Deuterium,1078.0,226.0,1200.0,1350.0,6.0,3.0,3.0,3.0,0.004,3.898,0.401,1.073,-0.135
20925,Deuterium,1078.0,226.0,1200.0,1350.0,7.0,3.0,3.0,3.0,0.0,0.559,-0.034,-2.388,0.348
20926,Deuterium,1078.0,226.0,1200.0,1350.0,8.0,3.0,3.0,3.0,0.0,-0.142,-0.438,0.429,-0.206
20927,Deuterium,1078.0,226.0,1200.0,1350.0,3.0,3.0,3.0,3.0,-0.003,504.866,-338.118,-140.552,-24.008
20928,Deuterium,1080.0,242.0,1200.0,1350.0,8.0,20.0,18.0,7.0,-0.0,365.624,-338.762,-140.547,-66.187
20929,Deuterium,1070.0,242.0,1200.0,1350.0,8.0,20.0,18.0,7.0,-0.001,365.591,-338.494,-142.314,-66.328
20930,Deuterium,1070.0,201.0,1200.0,1350.0,8.0,20.0,18.0,7.0,-0.003,363.786,-339.285,-140.131,-66.621
20931,Deuterium,1074.0,161.0,1200.0,1350.0,8.0,20.0,18.0,7.0,0.0,364.29,-339.039,-138.521,-66.644
20932,Deuterium,1076.0,120.0,1200.0,1350.0,8.0,20.0,18.0,7.0,0.0,361.746,-338.736,-140.586,-66.486
20933,Deuterium,1076.0,120.0,1200.0,1350.0,8.0,20.0,18.0,7.0,-0.002,270.572,-340.144,-139.44,-66.96
20934,Deuterium,1080.0,101.0,1200.0,1350.0,8.0,20.0,18.0,7.0,0.001,273.833,-339.385,-139.644,-66.453
20935,Deuterium,1080.0,101.0,1200.0,1350.0,8.0,20.0,18.5,7.0,0.001,271.572,-338.348,-140.465,-66.721
20936,Deuterium,1080.0,101.0,1200.0,1350.0,8.0,20.0,18.0,0.0,0.0,271.302,-339.331,-139.963,-66.642
20937,Deuterium,1080.0,101.0,1200.0,1350.0,8.0,20.0,18.0,0.0,0.001,271.481,-339.414,-136.506,-67.041
20938,Deuterium,1080.0,101.0,1200.0,1350.0,8.0,20.0,18.0,0.0,-0.001,271.066,-338.958,-138.933,-66.637
20939,Deuterium,1070.0,242.0,1200.0,1350.0,8.0,20.0,18.0,7.0,0.0,0.127,0.381,-0.613,0.147
20940,Deuterium,1070.0,242.0,1200.0,1350.0,8.0,20.0,18.0,7.0,0.003,1.8,0.066,-0.249,0.024
20941,Deuterium,1070.0,242.0,1200.0,1350.0,8.0,20.0,18.0,7.0,0.0,0.702,0.291,-0.602,0.152
20942,Deuterium,1070.0,242.0,1200.0,1350.0,8.0,20.0,18.0,7.0,-0.004,-0.94,0.233,0.143,-0.024
20943,Deuterium,1070.0,242.0,1200.0,1350.0,8.0,20.0,18.0,7.0,0.004,-1.181,-0.015,0.154,-0.012
20944,Deuterium,1070.0,242.0,1200.0,1350.0,8.0,20.0,18.0,7.0,0.003,1.461,-0.269,1.117,-0.166
20945,Deuterium,1070.0,242.0,1200.0,1350.0,8.0,20.0,18.0,7.0,0.002,2.234,-0.128,0.399,-0.077
20946,Deuterium,1070.0,242.0,1200.0,1350.0,8.0,20.0,18.0,7.0,0.001,0.098,-0.194,0.037,0.028
20947,Deuterium,1070.0,242.0,1200.0,1350.0,8.0,20.0,18.0,7.0,0.003,-0.524,0.665,-0.552,0.288
20948,Deuterium,3091.0,242.0,3200.0,3355.0,7.0,3.0,3.0,3.0,-0.003,-1.887,0.337,-1.424,0.224
20949,Deuterium,3091.0,242.0,3200.0,3355.0,8.0,20.0,22.0,3.0,-0.001,419.351,-337.299,-165.83,-84.284
20950,Deuterium,3091.0,242.0,3200.0,3355.0,8.0,20.0,22.0,7.0,-0.0,410.601,-339.67,-165.09,-84.365
20951,Deuterium,3091.0,242.0,3200.0,3355.0,8.0,20.0,22.0,7.0,0.001,408.872,-338.799,-138.916,-66.555
20952,Deuterium,3091.0,242.0,3200.0,3355.0,8.0,20.0,22.0,7.0,0.0,406.065,-336.715,-164.247,-84.032
20953,Deuterium,3091.0,242.0,3200.0,3355.0,8.0,20.0,22.0,7.0,0.003,-0.341,0.001,0.509,-0.15
20954,Deuterium,3091.0,242.0,3200.0,3355.0,8.0,20.0,22.0,7.0,-0.002,406.709,-337.224,-163.458,-84.054
20955,Deuterium,3091.0,242.0,3200.0,3355.0,8.0,20.0,22.0,7.0,-0.002,404.386,-339.379,-162.472,-84.671
20956,Deuterium,3087.0,242.0,3200.0,3355.0,8.0,20.0,22.0,7.0,-0.0,403.047,-337.791,-165.002,-84.373
20957,Deuterium,3087.0,242.0,3200.0,3355.0,8.0,20.0,22.0,7.0,0.003,401.626,-338.883,-165.246,-83.934
20958,Deuterium,3087.0,242.0,3200.0,3355.0,8.0,20.0,22.0,7.0,-0.001,401.652,-337.989,-161.221,-84.515
20959,Deuterium,3087.0,242.0,3200.0,3355.0,8.0,20.0,22.0,7.0,-0.002,402.011,-338.526,-161.91,-84.383
20960,Deuterium,3087.0,242.0,3200.0,3355.0,8.0,20.0,22.0,7.0,0.001,396.754,-338.01,-163.077,-84.479
20961,Deuterium,3082.0,242.0,3200.0,3350.0,7.0,20.0,18.0,7.0,0.001,0.192,0.345,-0.833,0.167
20962,Deuterium,3082.0,242.0,3200.0,3350.0,8.0,20.0,22.0,7.0,0.0,399.291,-334.591,-163.958,-84.248
20963,Deuterium,3082.0,242.0,3200.0,3350.0,8.0,20.0,22.0,7.0,-0.0,401.035,-334.961,-162.074,-84.413
20964,Deuterium,3082.0,242.0,3200.0,3350.0,8.0,20.0,22.0,7.0,0.001,397.129,-334.419,-164.007,-83.895
20965,Deuterium,3082.0,242.0,3200.0,3350.0,8.0,20.0,22.0,7.0,-0.0,395.995,-333.711,-163.515,-83.66
20966,Deuterium,3086.0,242.0,3200.0,3350.0,8.0,20.0,22.0,7.0,-0.0,397.024,-335.046,-163.422,-84.38
20967,Deuterium,3078.0,242.0,3200.0,3350.0,8.0,20.0,22.0,7.0,-0.0,395.121,-333.873,-162.58,-83.829
20968,Deuterium,3078.0,242.0,3200.0,3350.0,8.0,20.0,22.0,7.0,0.0,395.126,-334.307,-163.836,-83.704
20969,Deuterium,3078.0,242.0,3200.0,3350.0,8.0,20.0,22.0,7.0,0.0,0.103,-0.123,0.131,0.008
20970,Deuterium,3078.0,242.0,3200.0,3350.0,8.0,20.0,22.0,7.0,0.002,-0.891,0.293,-1.288,0.155
20971,Deuterium,3078.0,242.0,3200.0,3350.0,8.0,20.0,22.0,7.0,0.0,0.552,0.041,0.005,0.028
20972,Deuterium,3078.0,242.0,3200.0,3350.0,8.0,20.0,22.0,7.0,0.001,0.082,1.727,-3.151,0.53
20973,Deuterium,3078.0,242.0,3200.0,3350.0,8.0,20.0,22.0,7.0,-0.001,0.904,0.022,0.214,0.179
20974,Deuterium,3078.0,242.0,3200.0,3350.0,8.0,20.0,22.0,7.0,0.0,0.528,-0.718,2.578,-0.446
20975,Deuterium,3078.0,242.0,3200.0,3350.0,8.0,20.0,22.0,7.0,0.001,0.002,0.084,0.048,0.08
20976,Deuterium,3078.0,242.0,3200.0,3350.0,8.0,20.0,22.0,7.0,-0.001,0.287,0.223,0.093,0.132
20977,Deuterium,3078.0,242.0,3200.0,3350.0,8.0,20.0,22.0,7.0,0.004,-1.648,0.467,-0.978,0.112
20978,Deuterium,3078.0,242.0,3200.0,3350.0,7.0,3.0,3.0,3.0,-0.002,0.902,-0.057,0.036,0.072
20979,Deuterium,3078.0,242.0,3200.0,3350.0,7.0,3.0,3.0,3.0,0.003,-1.343,0.169,-0.743,0.072
20980,Deuterium,3078.0,242.0,3200.0,3350.0,7.0,3.0,3.0,3.0,0.003,396.941,-332.994,-165.26,-84.024
20981,Deuterium,3082.0,242.0,3200.0,3350.0,8.0,20.0,22.0,7.0,0.001,397.378,-334.831,-165.871,-83.881
20982,Deuterium,3082.0,242.0,3200.0,3350.0,8.0,20.0,22.0,7.0,0.001,396.654,-334.4,-164.897,-83.881
20983,Deuterium,3082.0,242.0,3200.0,3350.0,8.0,20.0,22.0,7.0,0.003,396.738,-335.381,-164.187,-83.89
20984,Deuterium,3082.0,242.0,3200.0,3350.0,8.0,20.0,22.0,7.0,-0.002,17.757,-0.756,-0.496,-0.016
20985,Deuterium,3082.0,242.0,3200.0,3350.0,8.0,20.0,22.0,7.0,0.001,-0.597,-0.064,0.641,-0.127
20986,Deuterium,3082.0,242.0,3200.0,3350.0,8.0,20.0,22.0,7.0,0.001,-0.468,0.166,-0.008,0.223
20987,Deuterium,3082.0,242.0,3200.0,3350.0,8.0,20.0,22.0,7.0,0.001,-0.35,-0.019,0.311,0.027
20988,Deuterium,3082.0,242.0,3200.0,3350.0,8.0,20.0,22.0,7.0,-0.001,0.417,-0.162,1.14,-0.034
20989,Deuterium,3082.0,242.0,3200.0,3350.0,8.0,20.0,22.0,7.0,-0.002,0.778,0.001,1.621,-0.012
20990,Deuterium,3082.0,242.0,3200.0,3350.0,8.0,20.0,22.0,7.0,0.008,-0.118,0.055,-0.151,-0.058
20991,Deuterium,3082.0,242.0,3200.0,3350.0,8.0,20.0,22.0,7.0,0.002,0.475,-0.091,-0.232,-0.087
20992,Deuterium,3082.0,242.0,3200.0,3350.0,8.0,20.0,22.0,7.0,0.0,-0.085,0.356,0.351,0.015
20993,Deuterium,3082.0,242.0,3200.0,3350.0,8.0,20.0,22.0,7.0,0.0,0.036,0.324,-0.002,0.374
20994,Deuterium,3082.0,242.0,3200.0,3350.0,8.0,20.0,22.0,7.0,0.0,-0.009,-0.013,0.645,0.011
20995,Deuterium,3082.0,242.0,3200.0,3350.0,8.0,20.0,22.0,7.0,0.0,-4.591,0.509,-0.27,0.232
20996,Deuterium,3082.0,242.0,3200.0,3350.0,8.0,20.0,22.0,7.0,0.0,-3.746,-0.837,2.498,-0.315
20997,Deuterium,3082.0,242.0,3200.0,3350.0,8.0,20.0,22.0,7.0,-0.0,13.674,-0.564,1.246,-0.428
20998,Deuterium,3082.0,242.0,3200.0,3350.0,8.0,20.0,22.0,7.0,-0.0,-3.644,0.462,-0.716,0.223
20999,Deuterium,3082.0,242.0,3200.0,3350.0,8.0,20.0,22.0,7.0,-0.001,21.657,0.179,-0.232,0.048
21000,Deuterium,3082.0,242.0,3200.0,3350.0,8.0,20.0,22.0,7.0,-0.004,-0.448,0.454,-1.468,0.074
21001,Deuterium,3082.0,242.0,3200.0,3350.0,8.0,20.0,22.0,7.0,-0.001,-0.132,-0.149,1.901,-0.111
21002,Deuterium,3082.0,242.0,3200.0,3350.0,8.0,20.0,22.0,7.0,-0.001,0.494,0.093,-0.538,0.324
21003,Deuterium,3082.0,242.0,3200.0,3350.0,7.0,3.0,3.0,3.0,-0.003,-2.132,0.527,-1.035,0.474
21004,Deuterium,3082.0,242.0,3200.0,3350.0,7.0,3.0,3.0,3.0,-0.002,-0.368,0.105,1.159,-0.035
21005,Deuterium,3082.0,242.0,3200.0,3350.0,7.0,3.0,3.0,3.0,-0.0,0.408,1.21,-3.287,0.339
21006,Deuterium,3082.0,242.0,3200.0,3350.0,7.0,3.0,3.0,3.0,-0.001,0.249,0.15,-0.585,-0.069
21007,Deuterium,3082.0,242.0,3200.0,3350.0,7.0,3.0,3.0,3.0,0.003,-1.317,0.178,-0.143,0.101
21008,Deuterium,3082.0,242.0,3200.0,3350.0,7.0,3.0,3.0,3.0,0.001,0.884,-1.524,5.47,-0.518
21009,Deuterium,3082.0,242.0,3200.0,3350.0,5.0,3.0,3.0,3.0,-0.002,-0.225,-0.744,2.507,-0.105
21010,Deuterium,3082.0,242.0,3200.0,3350.0,3.0,3.0,3.0,3.0,0.0,0.218,0.705,-1.538,0.419
21011,Deuterium,3082.0,242.0,3200.0,3350.0,3.0,3.0,3.0,3.0,-0.001,0.136,-0.278,0.653,-0.003
21012,Deuterium,3082.0,242.0,3200.0,3350.0,3.0,3.0,3.0,3.0,-0.002,1.457,0.103,-0.314,-0.019
21013,Deuterium,3082.0,242.0,3200.0,3350.0,3.0,3.0,3.0,3.0,-0.002,0.639,0.137,-0.039,-0.007
21014,Deuterium,3082.0,242.0,3200.0,3350.0,3.0,3.0,3.0,3.0,-0.001,42.945,-0.491,0.859,-0.34
21015,Deuterium,3082.0,242.0,3200.0,3350.0,3.0,3.0,3.0,3.0,-0.0,76.511,-0.218,0.733,-0.088
21016,Deuterium,3082.0,242.0,3200.0,3350.0,3.0,3.0,3.0,3.0,-0.002,155.315,-0.432,0.156,0.107
21017,Deuterium,3082.0,242.0,3200.0,3350.0,3.0,3.0,3.0,3.0,0.0,-1.23,-0.181,0.212,-0.04
21018,Deuterium,3082.0,242.0,3200.0,3350.0,3.0,3.0,3.0,3.0,-0.001,0.759,0.021,-0.39,0.084
21019,Deuterium,3082.0,242.0,3200.0,3350.0,3.0,3.0,3.0,3.0,0.001,-1.154,0.257,-1.627,0.365
21020,Deuterium,3082.0,242.0,3200.0,3350.0,3.0,3.0,3.0,3.0,0.002,-0.14,0.318,-0.058,0.08
21021,Deuterium,3082.0,242.0,3200.0,3350.0,2.0,3.0,3.0,3.0,0.001,0.005,-0.1,0.351,0.08
21022,Deuterium,3082.0,242.0,3200.0,3350.0,2.0,3.0,3.0,3.0,0.0,-0.089,0.292,-0.735,-0.08
21023,Deuterium,3082.0,242.0,3200.0,3350.0,4.0,3.0,3.0,3.0,0.0,-0.279,0.165,0.132,-0.061
21024,Deuterium,3082.0,242.0,3200.0,3350.0,4.0,3.0,3.0,3.0,0.003,-0.412,0.935,-2.588,0.302
21025,Deuterium,3082.0,242.0,3200.0,3350.0,5.0,3.0,3.0,3.0,0.0,-1.882,-0.214,0.472,-0.073
21026,Deuterium,3082.0,242.0,3200.0,3350.0,6.0,3.0,3.0,3.0,0.001,1.847,0.615,-0.867,0.151
21027,Deuterium,3082.0,242.0,3200.0,3350.0,4.0,3.0,3.0,3.0,-0.001,0.325,-0.256,1.465,-0.016
21028,Deuterium,3082.0,242.0,3200.0,3350.0,4.0,3.0,3.0,3.0,0.001,-0.842,-0.01,-0.044,0.23
21029,Deuterium,3082.0,242.0,3200.0,3350.0,5.0,3.0,3.0,3.0,0.002,-0.214,0.335,-0.808,-0.066
21030,Deuterium,3082.0,242.0,3200.0,3350.0,5.0,3.0,3.0,3.0,0.003,0.555,-0.225,1.509,-0.124
21031,Deuterium,3082.0,242.0,3200.0,3350.0,4.0,3.0,3.0,3.0,0.002,0.051,0.065,-1.157,0.055
21032,Deuterium,3082.0,242.0,3200.0,3350.0,4.0,3.0,3.0,3.0,0.003,0.851,0.215,-1.027,0.096
21033,Deuterium,3082.0,242.0,3200.0,3350.0,4.0,3.0,3.0,3.0,0.0,-0.245,-0.423,-0.562,-0.256
21034,Deuterium,3082.0,242.0,3200.0,3350.0,4.0,3.0,3.0,3.0,0.0,0.323,0.106,-0.463,0.017
21035,Deuterium,3082.0,242.0,3200.0,3350.0,4.0,3.0,3.0,3.0,0.001,3.731,-0.747,3.379,-0.409
21036,Deuterium,3082.0,242.0,3200.0,3350.0,4.0,3.0,3.0,3.0,0.001,-0.27,0.226,-0.321,-0.112
21037,Deuterium,3082.0,242.0,3200.0,3350.0,4.0,3.0,3.0,3.0,0.001,-1.822,-0.354,0.925,-0.299
21038,Deuterium,3082.0,242.0,3200.0,3350.0,4.0,3.0,3.0,3.0,0.005,-1.366,-0.064,-0.353,0.243
21039,Deuterium,3082.0,242.0,3200.0,3350.0,4.0,3.0,3.0,3.0,0.001,0.383,-0.121,-0.231,0.212
21040,Deuterium,3082.0,242.0,3200.0,3350.0,4.0,3.0,3.0,3.0,0.002,-1.005,1.569,-3.542,0.776
21041,Deuterium,3082.0,242.0,3200.0,3350.0,5.0,3.0,3.0,3.0,0.0,0.381,-0.04,0.312,0.042
21042,Deuterium,3082.0,242.0,3200.0,3350.0,5.0,3.0,3.0,3.0,-0.0,-0.811,0.195,0.475,0.039
21043,Deuterium,3082.0,242.0,3200.0,3350.0,5.0,3.0,3.0,3.0,-0.0,2.098,-0.647,0.521,-0.467
21044,Deuterium,3082.0,242.0,3200.0,3350.0,5.0,3.0,3.0,3.0,-0.003,1.878,-0.273,1.079,0.038
21045,Deuterium,3082.0,242.0,3200.0,3350.0,5.0,3.0,3.0,3.0,0.001,-0.045,-0.015,-0.214,0.071
21046,Deuterium,3082.0,242.0,3200.0,3350.0,5.0,3.0,3.0,3.0,-0.002,-0.764,0.35,-0.12,0.388
21047,Deuterium,3082.0,242.0,3200.0,3350.0,5.0,3.0,3.0,3.0,-0.0,1.346,-0.009,0.17,0.126
21048,Deuterium,3082.0,242.0,3200.0,3350.0,5.0,3.0,3.0,3.0,-0.002,-0.283,0.384,-2.683,-0.24
21049,Deuterium,3082.0,242.0,3200.0,3350.0,5.0,3.0,3.0,3.0,0.002,0.147,0.188,-0.105,0.035
21050,Deuterium,3082.0,242.0,3200.0,3350.0,5.0,3.0,3.0,3.0,-0.002,1.481,-0.543,2.235,0.144
21051,Deuterium,3082.0,242.0,3200.0,3350.0,6.0,3.0,3.0,3.0,0.001,-0.446,0.286,-0.804,0.121
21052,Deuterium,3082.0,242.0,3200.0,3350.0,6.0,3.0,3.0,3.0,0.0,0.374,-0.013,0.882,-0.006
21053,Deuterium,3082.0,242.0,3200.0,3350.0,6.0,3.0,3.0,3.0,0.002,-2.266,0.188,-0.363,0.24
21054,Deuterium,3082.0,242.0,3200.0,3350.0,6.0,3.0,3.0,3.0,-0.001,-1.755,-0.352,0.546,-0.193
21055,Deuterium,3082.0,242.0,3200.0,3350.0,6.0,3.0,3.0,3.0,0.0,0.641,0.166,-0.005,0.339
21056,Deuterium,3082.0,242.0,3200.0,3350.0,6.0,3.0,3.0,3.0,-0.001,0.561,0.026,0.635,-0.187
21057,Deuterium,3082.0,242.0,3200.0,3350.0,6.0,3.0,3.0,3.0,0.001,1.058,-0.279,0.209,-0.196
21058,Deuterium,3082.0,242.0,3200.0,3350.0,6.0,3.0,3.0,3.0,-0.0,-1.314,-0.376,1.529,0.037
21059,Deuterium,3082.0,242.0,3200.0,3350.0,6.0,3.0,3.0,3.0,0.003,-1.394,-0.008,-0.204,-0.044
21060,Deuterium,3082.0,242.0,3200.0,3350.0,6.0,3.0,3.0,3.0,-0.0,-0.131,0.195,-0.249,-0.03
21061,Deuterium,3082.0,242.0,3200.0,3350.0,7.0,3.0,3.0,3.0,-0.001,3.595,0.194,-0.619,-0.013
21062,Deuterium,3082.0,242.0,3200.0,3350.0,7.0,3.0,3.0,3.0,0.0,0.071,-0.596,1.687,-0.071
21063,Deuterium,3082.0,242.0,3200.0,3350.0,7.0,3.0,3.0,3.0,0.001,-0.637,-1.363,4.08,-0.397
21064,Deuterium,3082.0,242.0,3200.0,3350.0,7.0,3.0,3.0,3.0,-0.0,1.096,-0.023,-0.26,0.165
21065,Deuterium,3082.0,242.0,3200.0,3350.0,7.0,3.0,3.0,3.0,-0.002,1.922,-0.412,0.908,0.165
21066,Deuterium,3082.0,242.0,3200.0,3350.0,7.0,3.0,3.0,3.0,-0.005,2.958,0.42,-0.782,0.009
21067,Deuterium,3082.0,242.0,3200.0,3350.0,7.0,3.0,3.0,3.0,0.001,-0.118,0.599,-0.804,0.044
21068,Deuterium,3082.0,242.0,3200.0,3350.0,7.0,3.0,3.0,3.0,0.0,-0.12,-0.041,0.292,-0.028
21069,Deuterium,3082.0,242.0,3200.0,3350.0,7.0,3.0,3.0,3.0,0.001,1.649,-0.849,2.768,-0.217
21070,Deuterium,3082.0,242.0,3200.0,3350.0,7.0,3.0,3.0,3.0,-0.001,0.058,-0.087,-0.407,0.04
21071,Deuterium,3082.0,242.0,3200.0,3350.0,8.0,3.0,3.0,3.0,-0.001,1.439,-0.005,0.165,0.129
21072,Deuterium,3082.0,242.0,3200.0,3350.0,8.0,3.0,3.0,3.0,0.001,-0.53,-0.193,1.329,-0.225
21073,Deuterium,3082.0,242.0,3200.0,3350.0,8.0,3.0,3.0,3.0,0.001,0.169,0.077,0.519,-0.088
21074,Deuterium,3082.0,242.0,3200.0,3350.0,8.0,3.0,3.0,3.0,0.001,-0.015,0.23,-0.636,0.329
21075,Deuterium,3082.0,242.0,3200.0,3350.0,8.0,3.0,3.0,3.0,0.001,0.512,0.311,-0.519,0.158
21076,Deuterium,3082.0,242.0,3200.0,3350.0,8.0,3.0,3.0,3.0,0.0,-0.793,-0.417,0.757,-0.197
21077,Deuterium,3082.0,242.0,3200.0,3350.0,8.0,3.0,3.0,3.0,0.001,0.314,0.2,-0.434,0.088
21078,Deuterium,3082.0,242.0,3200.0,3350.0,8.0,3.0,3.0,3.0,-0.001,1.274,-0.041,0.154,0.023
21079,Deuterium,3082.0,242.0,3200.0,3350.0,3.0,3.0,3.0,3.0,0.0,0.35,0.415,-0.545,0.368
21080,Deuterium,3082.0,242.0,3200.0,3350.0,3.0,3.0,3.0,3.0,0.002,-1.446,-0.594,1.553,-0.298
21081,Deuterium,3082.0,242.0,3200.0,3350.0,6.0,3.0,3.0,3.0,-0.002,0.308,0.082,0.16,0.182
21082,Deuterium,3082.0,242.0,3200.0,3350.0,7.0,3.0,3.0,3.0,0.001,-0.098,0.278,-0.599,0.017
21083,Deuterium,3082.0,242.0,3200.0,3350.0,8.0,3.0,3.0,3.0,-0.001,0.704,-0.182,0.523,-0.173
21084,Deuterium,3087.0,242.0,3200.0,3355.0,8.0,3.0,3.0,3.0,0.0,412.746,-327.652,-163.088,-0.208
21085,Deuterium,3087.0,242.0,3200.0,3355.0,8.0,3.0,3.0,3.0,-0.002,419.522,-328.857,-164.612,-83.042
21086,Deuterium,3087.0,242.0,3200.0,3355.0,8.0,20.0,22.0,7.0,-0.0,416.729,-329.004,-163.042,-83.413
21087,Deuterium,3083.0,242.0,3200.0,3355.0,8.0,20.0,22.0,7.0,0.001,413.501,-329.765,-162.327,-83.562
21088,Deuterium,3079.0,242.0,3200.0,3355.0,8.0,20.0,22.0,7.0,0.001,411.817,-328.936,-162.456,-83.367
21089,Deuterium,3077.0,242.0,3200.0,3355.0,8.0,20.0,22.0,7.0,-0.003,412.467,-329.88,-163.198,-83.793
21090,Deuterium,3075.0,242.0,3200.0,3355.0,8.0,20.0,22.0,7.0,-0.002,412.127,-328.322,-163.177,-83.278
21091,Deuterium,3077.0,236.0,3200.0,3355.0,8.0,20.0,22.0,7.0,0.001,408.411,-329.999,-162.141,-83.145
21092,Deuterium,3077.0,247.0,3200.0,3355.0,8.0,20.0,22.0,7.0,0.003,407.877,-329.437,-161.652,-83.502
21093,Deuterium,3077.0,247.0,3200.0,3355.0,7.0,3.0,3.0,3.0,-0.0,1.437,0.592,-1.916,0.103
21094,Deuterium,3077.0,242.0,3200.0,3355.0,7.0,3.0,3.0,3.0,0.001,399.795,-328.708,-163.561,-83.621
21095,Deuterium,3077.0,247.0,3200.0,3355.0,8.0,20.0,22.0,7.0,-0.003,402.152,-331.309,-162.105,-83.73
21096,Deuterium,3077.0,247.0,3200.0,3355.0,8.0,20.0,22.0,7.0,-0.001,399.278,-330.048,-162.163,-83.964
21097,Deuterium,3077.0,236.0,3200.0,3355.0,8.0,20.0,22.0,7.0,0.0,398.184,-329.54,-164.403,-83.188
21098,Deuterium,3075.0,226.0,3200.0,3355.0,8.0,20.0,22.0,7.0,-0.004,396.549,-329.286,-161.742,-83.657
21099,Deuterium,3075.0,226.0,3200.0,3355.0,8.0,20.0,22.0,7.0,-0.0,395.623,-328.865,-162.663,-83.55
21100,Deuterium,3075.0,206.0,3200.0,3355.0,8.0,20.0,22.0,7.0,-0.0,394.705,-328.53,-163.598,-83.245
21101,Deuterium,3075.0,190.0,3200.0,3355.0,8.0,20.0,22.0,7.0,0.0,393.85,-329.599,-162.393,-83.575
21102,Deuterium,3077.0,180.0,3200.0,3355.0,8.0,20.0,22.0,7.0,0.003,391.031,-328.136,-162.003,-83.516
21103,Deuterium,3073.0,161.0,3200.0,3355.0,8.0,20.0,22.0,7.0,0.001,392.232,-329.96,-161.446,-83.565
21104,Deuterium,3075.0,161.0,3200.0,3355.0,8.0,20.0,22.0,7.0,-0.0,390.776,-328.893,-162.173,-83.722
21105,Deuterium,3075.0,120.0,3200.0,3355.0,8.0,20.0,22.0,7.0,-0.001,390.657,-329.611,-160.756,-83.379
21106,Deuterium,3075.0,101.0,3200.0,3355.0,8.0,20.0,22.0,7.0,-0.0,389.428,-330.217,-160.355,-83.516
21107,Deuterium,3075.0,101.0,3200.0,3355.0,8.0,20.0,21.0,7.0,-0.001,388.719,-329.578,-161.043,-83.504
21108,Deuterium,3075.0,101.0,3200.0,3355.0,8.0,20.0,20.0,7.0,0.0,387.309,-329.877,-161.613,-83.409
21109,Deuterium,3075.0,101.0,3200.0,3355.0,7.0,3.0,3.0,3.0,0.003,-1.279,-0.572,0.687,0.025
21110,Deuterium,3091.0,247.0,3200.0,3355.0,8.0,3.0,3.0,3.0,0.0,392.108,-329.41,-163.29,-83.53
21111,Deuterium,3091.0,247.0,3200.0,3355.0,8.0,20.0,22.0,7.0,0.0,393.625,-330.113,-162.904,-83.517
21112,Deuterium,3075.0,206.0,3200.0,3355.0,8.0,20.0,22.0,7.0,0.001,391.123,-329.688,-164.338,-83.889
21113,Deuterium,3081.0,206.0,3200.0,3355.0,8.0,20.0,22.0,7.0,0.001,391.608,-330.877,-163.378,-83.567
21114,Deuterium,3081.0,206.0,3200.0,3355.0,8.0,20.0,22.0,7.0,0.001,390.9,-328.468,-164.483,-83.465
21115,Deuterium,1081.0,206.0,1200.0,1355.0,8.0,20.0,22.0,7.0,-0.003,390.334,-330.488,-162.054,-83.447
21116,Deuterium,1081.0,206.0,1200.0,1355.0,8.0,20.0,22.0,7.0,-0.004,388.568,-329.259,-162.329,-83.782
21117,Deuterium,1083.0,206.0,1200.0,1355.0,8.0,20.0,22.0,7.0,0.0,387.334,-329.618,-161.141,-83.239
21118,Deuterium,1089.0,206.0,1200.0,1355.0,8.0,20.0,22.0,7.0,-0.003,387.918,-329.012,-163.239,-83.115
21119,Deuterium,1093.0,206.0,1200.0,1355.0,8.0,20.0,22.0,7.0,0.0,385.082,-328.573,-161.691,-83.631
21120,Deuterium,1093.0,206.0,1200.0,1355.0,7.0,3.0,3.0,3.0,-0.0,0.332,-0.497,0.567,-0.111
21121,Deuterium,3075.0,206.0,3200.0,3355.0,8.0,3.0,3.0,3.0,-0.002,390.677,-329.702,-161.508,-83.564
21122,Deuterium,3075.0,206.0,3200.0,3355.0,8.0,3.0,3.0,3.0,0.002,1.198,-0.29,0.3,-0.161
21123,Deuterium,3075.0,206.0,3200.0,3355.0,8.0,20.0,22.0,7.0,-0.001,390.88,-330.627,-161.66,-83.964
21124,Deuterium,3077.0,206.0,3200.0,3355.0,8.0,20.0,22.0,7.0,0.0,390.528,-329.382,-162.619,-83.965
21125,Deuterium,3079.0,206.0,3200.0,3355.0,8.0,20.0,22.0,7.0,-0.002,391.872,-330.302,-160.793,-83.815
21126,Deuterium,3081.0,206.0,3200.0,3355.0,8.0,20.0,22.0,7.0,0.004,388.149,-328.54,-163.323,-83.619
21127,Deuterium,3083.0,206.0,3200.0,3355.0,8.0,20.0,22.0,7.0,-0.0,388.107,-329.393,-162.811,-83.452
21128,Deuterium,3083.0,206.0,3200.0,3355.0,8.0,20.0,22.0,7.0,0.001,386.156,-328.655,-162.528,-83.088
21129,Deuterium,3081.0,206.0,3200.0,3355.0,8.0,20.0,22.0,7.0,-0.001,385.574,-328.334,-162.48,-83.147
21130,Deuterium,3079.0,206.0,3200.0,3355.0,8.0,20.0,22.0,7.0,0.005,385.779,-328.485,-162.641,-83.448
21131,Deuterium,3077.0,206.0,3200.0,3355.0,8.0,20.0,22.0,7.0,0.001,384.541,-329.315,-161.954,-83.092
21132,Deuterium,3075.0,206.0,3200.0,3355.0,8.0,20.0,22.0,7.0,0.009,383.561,-328.29,-161.589,-83.677
21133,Deuterium,3073.0,206.0,3200.0,3355.0,8.0,20.0,22.0,7.0,0.0,383.46,-329.735,-160.367,-83.828
21134,Deuterium,3071.0,206.0,3200.0,3355.0,8.0,20.0,22.0,7.0,-0.002,383.574,-328.466,-162.953,-83.425
21135,Deuterium,3077.0,206.0,3200.0,3355.0,8.0,20.0,22.0,7.0,0.0,381.288,-328.628,-161.771,-0.126
21136,Deuterium,3077.0,206.0,3200.0,3355.0,8.0,20.0,22.0,7.0,0.001,381.58,-330.023,-161.229,-83.454
21137,Deuterium,3081.0,206.0,3200.0,3355.0,8.0,20.0,22.0,7.0,-0.002,380.027,-327.926,-161.631,-83.496
21138,Deuterium,3081.0,206.0,3200.0,3355.0,8.0,20.0,22.0,7.0,0.001,0.23,0.115,0.092,0.069
21139,Deuterium,3081.0,206.0,3200.0,3355.0,8.0,20.0,22.0,7.0,0.002,1.174,-0.441,1.897,-0.058
21140,Deuterium,3081.0,206.0,3200.0,3355.0,8.0,20.0,22.0,7.0,-0.001,0.8,-0.26,0.579,-0.111
21141,Deuterium,3081.0,206.0,3200.0,3355.0,8.0,20.0,22.0,7.0,0.001,0.225,-0.696,0.945,-0.36
21142,Deuterium,3081.0,206.0,3200.0,3355.0,8.0,20.0,22.0,7.0,-0.001,0.274,-0.114,0.48,-0.02
21143,Deuterium,3081.0,206.0,3200.0,3355.0,3.0,3.0,3.0,3.0,0.002,0.396,-0.08,1.555,-0.054
21144,Deuterium,3081.0,206.0,3200.0,3355.0,3.0,3.0,3.0,3.0,0.002,-0.221,0.351,-0.616,0.253
21145,Deuterium,3081.0,206.0,3200.0,3355.0,7.0,3.0,3.0,3.0,0.001,1.049,0.354,-0.426,0.238
21146,Deuterium,3081.0,206.0,3200.0,3355.0,8.0,20.0,22.0,7.0,0.0,395.019,-330.372,-163.252,-83.272
21147,Deuterium,3081.0,206.0,3200.0,3355.0,8.0,20.0,22.0,7.0,-0.0,397.569,-330.197,-163.785,-83.302
21148,Deuterium,3081.0,206.0,3200.0,3355.0,8.0,20.0,22.0,7.0,0.001,397.088,-331.11,-162.186,-83.379
21149,Deuterium,3085.0,206.0,3200.0,3355.0,8.0,20.0,22.0,7.0,-0.001,395.788,-331.259,-161.151,-83.509
21150,Deuterium,3087.0,206.0,3200.0,3355.0,8.0,20.0,22.0,7.0,-0.001,393.005,-330.818,-163.52,-83.405
21151,Deuterium,3091.0,206.0,3200.0,3355.0,8.0,20.0,22.0,7.0,-0.002,392.803,-330.63,-163.907,-83.092
21152,Deuterium,3095.0,206.0,3200.0,3355.0,8.0,20.0,22.0,7.0,0.0,391.308,-330.465,-162.894,-83.458
21153,Deuterium,3095.0,206.0,3200.0,3355.0,8.0,20.0,22.0,7.0,-0.001,391.403,-330.177,-162.982,-83.459
21154,Deuterium,3095.0,206.0,3200.0,3355.0,8.0,20.0,22.0,7.0,-0.001,390.167,-330.372,-165.411,-83.083
21155,Deuterium,3093.0,211.0,3200.0,3355.0,8.0,20.0,22.0,7.0,0.004,387.245,-331.963,-161.27,-83.51
21156,Deuterium,3091.0,211.0,3200.0,3355.0,8.0,20.0,22.0,7.0,-0.002,391.39,-330.421,-163.376,-83.492
21157,Deuterium,3091.0,211.0,3200.0,3355.0,8.0,20.0,22.0,7.0,-0.001,388.851,-331.757,-164.113,-83.326
21158,Deuterium,3091.0,211.0,3200.0,3355.0,8.0,20.0,22.0,7.0,0.002,385.794,-331.491,-163.245,-83.21
21159,Deuterium,3091.0,211.0,3200.0,3355.0,3.0,20.0,22.0,7.0,0.003,-0.005,-0.178,-1.098,0.208
21160,Deuterium,3091.0,211.0,3200.0,3355.0,7.0,3.0,3.0,3.0,-0.002,-0.111,0.765,-2.199,0.219
21161,Deuterium,3091.0,211.0,3200.0,3355.0,8.0,20.0,22.0,7.0,-0.004,390.66,-330.326,-162.682,-83.558
21162,Deuterium,3091.0,211.0,3200.0,3355.0,8.0,20.0,22.0,7.0,-0.001,393.841,-331.827,-161.285,-83.9
21163,Deuterium,3089.0,201.0,3200.0,3355.0,8.0,20.0,22.0,7.0,0.002,392.441,-330.807,-163.442,-83.507
21164,Deuterium,3087.0,201.0,3200.0,3355.0,8.0,20.0,22.0,7.0,0.001,391.437,-330.252,-163.989,-83.562
21165,Deuterium,3087.0,201.0,3200.0,3355.0,8.0,20.0,22.0,7.0,0.003,390.067,-331.786,-164.133,-83.254
21166,Deuterium,3085.0,201.0,3200.0,3355.0,8.0,20.0,22.0,7.0,-0.001,390.593,-327.511,-162.855,-83.811
21167,Deuterium,3083.0,201.0,3200.0,3355.0,8.0,20.0,22.0,7.0,0.001,388.341,-325.647,-163.074,-83.598
21168,Deuterium,3093.0,201.0,3200.0,3355.0,8.0,20.0,22.0,7.0,-0.002,387.713,-323.355,-163.368,-83.479
21169,Deuterium,3093.0,201.0,3200.0,3355.0,8.0,20.0,22.0,7.0,0.0,386.946,-322.84,-163.481,-83.382
21170,Deuterium,3093.0,201.0,3200.0,3355.0,8.0,20.0,22.0,7.0,0.003,386.068,-324.485,-164.371,-83.227
21171,Deuterium,3093.0,201.0,3200.0,3355.0,8.0,20.0,22.0,7.0,0.003,382.237,-327.048,-162.171,-83.327
21172,Deuterium,3093.0,201.0,3200.0,3355.0,8.0,20.0,22.0,7.0,0.0,384.848,-331.508,-203.308,-103.391
21173,Deuterium,3093.0,201.0,3200.0,3355.0,8.0,20.0,22.0,7.0,0.001,383.659,-329.302,-203.478,-103.036
21174,Deuterium,3093.0,201.0,3200.0,3355.0,8.0,20.0,22.0,7.0,0.0,382.529,-331.076,-241.192,-122.986
21175,Deuterium,3093.0,201.0,3200.0,3355.0,8.0,20.0,22.0,7.0,-0.0,381.143,-330.025,-241.335,-122.658
21176,Deuterium,3093.0,201.0,3200.0,3355.0,8.0,20.0,22.0,7.0,0.004,379.419,-330.792,-163.49,-83.291
21177,Deuterium,3093.0,201.0,3200.0,3355.0,8.0,20.0,22.0,7.0,-0.001,380.636,-331.876,-163.164,-83.425
21178,Deuterium,3093.0,201.0,3200.0,3355.0,8.0,20.0,22.0,7.0,0.002,379.373,-330.069,-247.059,-130.458
21179,Deuterium,3093.0,201.0,3200.0,3355.0,8.0,20.0,22.0,7.0,0.001,378.437,-329.89,-247.198,-130.331
21180,Deuterium,3093.0,210.0,3200.0,3355.0,8.0,20.0,21.0,7.0,0.0,379.851,-331.491,-161.917,-83.742
21181,Deuterium,3093.0,210.0,3200.0,3355.0,8.0,20.0,20.0,7.0,-0.002,380.172,-329.139,-164.328,-83.322
21182,Deuterium,3093.0,210.0,3200.0,3355.0,8.0,20.0,19.0,7.0,-0.0,376.601,-330.36,-161.816,-83.402
21183,Deuterium,3093.0,210.0,3200.0,3355.0,8.0,20.0,18.0,7.0,0.003,376.272,-330.225,-162.626,-82.977
21184,Deuterium,3093.0,210.0,3200.0,3355.0,7.0,3.0,3.0,3.0,-0.0,382.578,-330.237,-164.075,-83.594
21185,Deuterium,3093.0,210.0,3200.0,3355.0,7.0,3.0,3.0,3.0,-0.003,385.338,-331.257,-163.746,-83.48
21186,Deuterium,3093.0,210.0,3200.0,3355.0,8.0,20.0,20.0,7.0,-0.002,384.832,-330.145,-162.611,-83.802
21187,Deuterium,3093.0,210.0,3200.0,3355.0,8.0,20.0,19.0,7.0,-0.001,382.271,-330.788,-163.278,-83.548
21188,Deuterium,3093.0,210.0,3200.0,3355.0,8.0,20.0,19.0,7.0,0.001,379.107,-329.77,-162.112,-83.664
21189,Deuterium,3093.0,210.0,3200.0,3355.0,8.0,20.0,18.0,7.0,-0.003,380.996,-329.536,-162.577,-83.399
21190,Deuterium,3093.0,210.0,3200.0,3355.0,8.0,20.0,18.0,7.0,0.001,376.581,-328.812,-165.146,-83.054
21191,Deuterium,3093.0,210.0,3200.0,3355.0,8.0,20.0,17.0,7.0,-0.0,378.254,-328.397,-163.515,-83.579
21192,Deuterium,3093.0,210.0,3200.0,3355.0,8.0,20.0,17.0,7.0,0.001,376.671,-329.484,-163.458,-83.297
21193,Deuterium,3093.0,210.0,3200.0,3355.0,8.0,20.0,20.0,7.0,-0.0,376.236,-328.11,-163.732,-83.468
21194,Deuterium,3093.0,201.0,3200.0,3355.0,8.0,20.0,20.0,7.0,0.0,376.53,-329.971,-160.949,-83.629
21195,Deuterium,3091.0,190.0,3200.0,3355.0,8.0,20.0,20.0,7.0,0.001,374.427,-330.171,-160.527,-83.656
21196,Deuterium,3091.0,190.0,3200.0,3355.0,8.0,20.0,19.5,7.0,0.001,374.407,-328.671,-163.101,-83.624
21197,Deuterium,3091.0,161.0,3200.0,3355.0,8.0,20.0,19.5,7.0,0.001,373.719,-330.288,-161.803,-83.232
21198,Deuterium,3091.0,120.0,3200.0,3355.0,8.0,20.0,19.5,7.0,0.002,373.369,-328.389,-162.417,-83.436
21199,Deuterium,3089.0,101.0,3200.0,3355.0,8.0,20.0,19.5,7.0,-0.001,372.441,-328.701,-162.502,-83.455
21200,Deuterium,3089.0,101.0,3200.0,3355.0,8.0,20.0,19.5,7.0,-0.008,390.29,-330.328,-165.029,-83.545
21201,Deuterium,3089.0,101.0,3200.0,3355.0,7.0,3.0,3.0,3.0,0.001,0.969,-0.4,1.049,-0.145
21202,Deuterium,3089.0,101.0,3200.0,3355.0,8.0,20.0,18.0,7.0,0.002,388.67,-328.986,-165.995,-83.695
21203,Deuterium,3089.0,101.0,3200.0,3355.0,8.0,20.0,18.0,7.0,-0.001,389.524,-329.932,-164.221,-83.305
21204,Deuterium,3087.0,139.0,3200.0,3355.0,8.0,20.0,18.0,7.0,-0.004,389.579,-329.407,-162.726,-83.401
21205,Deuterium,3087.0,139.0,3200.0,3355.0,8.0,20.0,18.0,7.0,-0.004,388.559,-329.912,-163.807,-83.493
21206,Deuterium,3087.0,133.0,3200.0,3355.0,8.0,20.0,18.0,7.0,0.0,385.307,-331.22,-159.598,-84.014
21207,Deuterium,3087.0,133.0,3200.0,3355.0,8.0,20.0,18.0,7.0,-0.0,387.301,-329.726,-162.241,-83.288
21208,Deuterium,3087.0,120.0,3200.0,3355.0,8.0,20.0,18.0,7.0,0.001,385.195,-330.456,-162.483,-82.945
21209,Deuterium,3087.0,110.0,3200.0,3355.0,8.0,20.0,18.0,7.0,0.0,383.543,-329.211,-161.725,-83.354
21210,Deuterium,3087.0,110.0,3200.0,3355.0,8.0,20.0,18.0,7.0,0.001,382.625,-330.072,-162.623,-83.344
21211,Deuterium,3087.0,105.0,3200.0,3355.0,8.0,20.0,18.0,7.0,-0.002,384.665,-328.63,-162.787,-83.617
21212,Deuterium,3087.0,105.0,3200.0,3355.0,8.0,20.0,18.0,7.0,-0.002,2.537,0.151,0.1,0.044
21213,Deuterium,3087.0,105.0,3200.0,3355.0,8.0,20.0,18.0,7.0,0.001,-0.276,0.762,-1.663,0.341
21214,Deuterium,3087.0,105.0,3200.0,3355.0,8.0,20.0,18.0,7.0,-0.003,2.922,-0.394,2.076,-0.056
21215,Deuterium,3087.0,105.0,3200.0,3355.0,8.0,20.0,18.0,7.0,0.001,0.113,-0.364,1.013,-0.217
21216,Deuterium,3087.0,105.0,3200.0,3355.0,8.0,3.0,3.0,3.0,-0.002,1.693,-0.117,0.552,0.113
21217,Deuterium,3087.0,105.0,3200.0,3355.0,8.0,3.0,3.0,3.0,-0.001,375.515,-329.71,-164.808,-83.556
21218,Deuterium,3083.0,105.0,3200.0,3355.0,8.0,20.0,18.0,7.0,0.0,375.363,-329.016,-164.761,-83.43
21219,Deuterium,3087.0,105.0,3200.0,3355.0,8.0,20.0,17.5,7.0,-0.001,376.424,-329.982,-164.452,-82.986
21220,Deuterium,3087.0,100.0,3200.0,3355.0,8.0,20.0,17.5,7.0,0.001,373.637,-332.314,-161.811,-83.8
21221,Deuterium,3087.0,100.0,3200.0,3355.0,8.0,20.0,17.0,7.0,-0.001,372.476,-329.321,-161.267,-83.505
21222,Deuterium,3087.0,100.0,3200.0,3355.0,8.0,20.0,17.0,7.0,0.004,371.36,-330.117,-162.762,-83.593
21223,Deuterium,3087.0,100.0,3200.0,3355.0,8.0,20.0,17.0,7.0,0.001,370.547,-329.86,-162.867,-83.313
21224,Deuterium,3087.0,100.0,3200.0,3355.0,8.0,20.0,17.0,7.0,0.0,370.661,-329.214,-162.465,-83.531
21225,Deuterium,3087.0,100.0,3200.0,3355.0,8.0,20.0,17.0,7.0,-0.005,369.875,-330.618,-162.514,-83.467
21226,Deuterium,3087.0,100.0,3200.0,3355.0,8.0,20.0,17.0,7.0,0.001,377.769,-328.34,-165.562,-83.394
21227,Deuterium,3089.0,100.0,3200.0,3355.0,8.0,20.0,17.0,7.0,0.002,377.448,-330.333,-162.212,-83.621
21228,Deuterium,3085.0,100.0,3200.0,3355.0,8.0,20.0,17.0,7.0,-0.001,376.559,-329.578,-162.522,-83.494
21229,Deuterium,3083.0,100.0,3200.0,3355.0,8.0,20.0,17.0,7.0,-0.002,376.067,-330.632,-160.532,-83.525
21230,Deuterium,3081.0,100.0,3200.0,3355.0,8.0,20.0,17.0,7.0,0.001,376.568,-329.644,-161.659,-83.67
21231,Deuterium,3079.0,100.0,3200.0,3355.0,8.0,20.0,17.0,7.0,-0.003,375.129,-329.614,-161.562,-83.848
21232,Deuterium,3087.0,100.0,3200.0,3355.0,8.0,20.0,18.0,0.0,0.0,373.002,-329.421,-163.99,-83.247
21233,Deuterium,3067.0,110.0,3200.0,3355.0,8.0,20.0,18.0,0.0,0.004,372.224,-328.632,-164.793,-83.471
21234,Deuterium,3075.0,110.0,3200.0,3355.0,8.0,20.0,18.0,0.0,0.003,372.732,-328.318,-162.587,-83.525
21235,Deuterium,3075.0,110.0,3200.0,3355.0,8.0,20.0,18.5,0.0,0.001,370.741,-329.395,-162.414,-83.436
21236,Deuterium,3067.0,110.0,3200.0,3355.0,8.0,20.0,19.5,0.0,-0.001,371.097,-329.706,-163.919,-83.173
21237,Deuterium,3067.0,110.0,3200.0,3355.0,8.0,3.0,3.0,3.0,0.001,0.454,0.208,-0.361,0.139
21238,Deuterium,3089.0,161.0,3200.0,3355.0,8.0,3.0,3.0,3.0,0.001,250.1,-329.886,-165.55,-83.755
21239,Deuterium,3089.0,161.0,3200.0,3355.0,8.0,20.0,18.0,7.0,-0.001,247.757,-329.322,-163.912,-83.684
21240,Deuterium,3069.0,161.0,3200.0,3355.0,8.0,20.0,18.0,7.0,-0.0,248.408,-331.061,-162.376,-84.005
21241,Deuterium,3073.0,161.0,3200.0,3355.0,8.0,20.0,18.0,7.0,-0.001,247.938,-330.122,-162.392,-84.047
21242,Deuterium,3075.0,161.0,3200.0,3355.0,8.0,20.0,18.5,7.0,0.0,247.427,-330.736,-162.76,-83.633
21243,Deuterium,3075.0,171.0,3200.0,3355.0,8.0,20.0,18.5,7.0,0.0,248.294,-329.702,-163.381,-83.601
21244,Deuterium,3077.0,171.0,3200.0,3355.0,8.0,20.0,19.0,7.0,0.004,246.706,-330.374,-163.783,-83.671
21245,Deuterium,3079.0,171.0,3200.0,3355.0,8.0,20.0,18.5,7.0,0.011,246.548,-329.278,-162.987,-83.694
21246,Deuterium,3079.0,139.0,3200.0,3355.0,8.0,20.0,18.0,7.0,0.001,246.833,-328.834,-165.324,-83.285
21247,Deuterium,3083.0,139.0,3200.0,3355.0,8.0,20.0,18.0,7.0,-0.001,246.398,-331.184,-161.575,-83.965
21248,Deuterium,3077.0,139.0,3200.0,3355.0,8.0,20.0,17.0,7.0,-0.001,245.864,-329.905,-162.767,-83.765
21249,Deuterium,3075.0,144.0,3200.0,3355.0,8.0,20.0,17.0,7.0,-0.0,245.414,-329.588,-163.534,-83.627
21250,Deuterium,3075.0,144.0,3200.0,3355.0,8.0,20.0,17.0,7.0,-0.0,245.196,-330.29,-203.061,-103.102
21251,Deuterium,3073.0,161.0,3200.0,3355.0,8.0,20.0,18.0,7.0,-0.001,245.293,-329.255,-162.485,-83.646
21252,Deuterium,3075.0,161.0,3200.0,3355.0,8.0,20.0,18.0,7.0,0.001,245.128,-329.398,-163.028,-83.56
21253,Deuterium,3077.0,161.0,3200.0,3355.0,8.0,20.0,18.0,7.0,0.003,243.469,-330.722,-161.844,-83.673
21254,Deuterium,3081.0,161.0,3200.0,3355.0,8.0,20.0,18.0,7.0,-0.001,245.075,-328.655,-164.866,-83.433
21255,Deuterium,3085.0,161.0,3200.0,3355.0,8.0,20.0,18.0,7.0,0.001,244.556,-329.312,-162.582,-83.599
21256,Deuterium,3089.0,161.0,3200.0,3355.0,8.0,20.0,18.0,7.0,0.003,242.865,-330.827,-161.306,-84.036
21257,Deuterium,3069.0,161.0,3200.0,3355.0,8.0,20.0,18.5,7.0,-0.004,245.695,-329.455,-162.505,-84.126
21258,Deuterium,3069.0,161.0,3200.0,3355.0,7.0,3.0,3.0,3.0,0.0,-0.281,-0.895,2.152,-0.522
21259,Deuterium,3069.0,161.0,3200.0,3355.0,7.0,3.0,3.0,3.0,0.002,-2.508,0.561,-3.257,0.318
21260,Deuterium,3069.0,161.0,3200.0,3355.0,7.0,3.0,3.0,3.0,0.002,248.802,-328.292,-166.061,-83.636
21261,Deuterium,3085.0,161.0,3200.0,3355.0,8.0,20.0,18.0,0.0,0.001,370.433,-330.721,-164.54,-84.008
21262,Deuterium,3085.0,161.0,3200.0,3355.0,8.0,20.0,18.0,0.0,-0.0,370.81,-330.653,-164.342,-83.636
21263,Deuterium,3083.0,161.0,3200.0,3355.0,8.0,20.0,18.0,0.0,0.0,370.674,-329.813,-163.132,-83.933
21264,Deuterium,3081.0,161.0,3200.0,3355.0,8.0,20.0,18.2,0.0,-0.001,370.028,-330.551,-165.36,-83.674
21265,Deuterium,3083.0,161.0,3200.0,3355.0,8.0,20.0,18.0,0.0,-0.001,369.482,-329.308,-163.958,-83.655
21266,Deuterium,3083.0,161.0,3200.0,3355.0,8.0,20.0,18.2,0.0,-0.001,365.865,-329.072,-164.635,-83.328
21267,Deuterium,3083.0,161.0,3200.0,3355.0,8.0,20.0,18.2,0.0,-0.001,367.68,-329.365,-164.016,-83.259
21268,Deuterium,3083.0,161.0,3200.0,3355.0,8.0,20.0,18.2,0.0,0.005,366.322,-329.111,-163.361,-83.636
21269,Deuterium,3083.0,161.0,3200.0,3355.0,8.0,20.0,18.2,0.0,-0.001,366.899,-330.457,-163.58,-83.858
21270,Deuterium,3083.0,161.0,3200.0,3355.0,8.0,20.0,18.2,0.0,-0.001,383.434,-330.338,-163.183,-83.682
21271,Deuterium,3085.0,161.0,3200.0,3355.0,8.0,20.0,18.2,0.0,-0.0,384.596,-329.821,-161.239,-83.547
21272,Deuterium,3085.0,161.0,3200.0,3355.0,8.0,20.0,18.5,0.0,-0.007,383.627,-329.052,-165.149,-83.878
21273,Deuterium,3083.0,161.0,3200.0,3355.0,8.0,20.0,18.5,0.0,0.001,381.115,-330.142,-163.317,-83.369
21274,Deuterium,3081.0,161.0,3200.0,3355.0,8.0,20.0,18.5,0.0,0.001,380.429,-329.37,-162.519,-83.62
21275,Deuterium,3081.0,161.0,3200.0,3355.0,8.0,20.0,18.5,0.0,0.001,-1.936,0.207,-0.273,-0.034
21276,Deuterium,3081.0,161.0,3200.0,3355.0,8.0,20.0,18.5,0.0,-0.003,1.484,0.556,0.55,0.266
21277,Deuterium,3081.0,161.0,3200.0,3355.0,8.0,20.0,18.5,0.0,-0.002,1.571,-0.239,0.657,-0.302
21278,Deuterium,3081.0,161.0,3200.0,3355.0,8.0,20.0,18.5,0.0,0.004,-0.949,0.282,-0.333,0.06
21279,Deuterium,3081.0,161.0,3200.0,3355.0,8.0,20.0,18.5,0.0,-0.008,-0.325,-0.346,0.143,-0.014
21280,Deuterium,3081.0,206.0,3200.0,3355.0,7.0,3.0,3.0,3.0,0.002,0.027,-0.171,-1.056,-0.205
21281,Deuterium,3081.0,161.0,3200.0,3355.0,8.0,3.0,3.0,3.0,-0.001,404.713,-330.066,-84.06,-26.956
21282,Deuterium,3083.0,161.0,3200.0,3355.0,8.0,20.0,18.5,0.0,0.001,406.219,-330.8,-164.642,-83.444
21283,Deuterium,3083.0,161.0,3200.0,3355.0,8.0,20.0,18.5,0.0,0.001,406.756,-329.201,-246.109,-122.451
21284,Deuterium,3087.0,100.0,3200.0,3355.0,8.0,20.0,17.0,7.0,-0.001,404.972,-329.902,-163.33,-83.661
21285,Deuterium,3087.0,100.0,3200.0,3355.0,8.0,20.0,17.0,7.0,-0.001,404.128,-330.581,-164.118,-83.633
21286,Deuterium,3087.0,100.0,3200.0,3355.0,8.0,20.0,17.0,7.0,0.002,402.237,-329.999,-164.354,-83.746
21287,Deuterium,3087.0,100.0,3200.0,3355.0,8.0,20.0,17.0,7.0,0.001,401.884,-329.767,-162.599,-83.764
21288,Deuterium,3075.0,144.0,3200.0,3355.0,8.0,20.0,17.0,7.0,0.001,244.543,-330.474,-204.479,-103.421
21289,Deuterium,3075.0,144.0,3200.0,3355.0,8.0,20.0,17.0,7.0,0.001,244.619,-329.692,-205.781,-103.557
21290,Deuterium,3083.0,161.0,3200.0,3355.0,8.0,20.0,18.5,0.0,-0.0,400.287,-329.832,-162.115,-83.87
21291,Deuterium,3083.0,161.0,3200.0,3355.0,8.0,20.0,18.5,0.0,-0.001,398.761,-328.063,-245.499,-123.021
21292,Deuterium,3083.0,161.0,3200.0,3355.0,7.0,3.0,3.0,3.0,-0.0,0.535,-0.232,0.153,-0.092
21293,Deuterium,3083.0,161.0,3200.0,3355.0,7.0,3.0,3.0,3.0,-0.0,417.125,-324.553,-163.732,-83.375
21294,Deuterium,3083.0,161.0,3200.0,3355.0,7.0,3.0,3.0,3.0,0.002,-0.935,-0.437,0.514,-0.271
21295,Deuterium,3083.0,161.0,3200.0,3355.0,8.0,20.0,22.0,7.0,-0.003,419.493,-326.332,-161.531,-83.467
21296,Deuterium,3083.0,161.0,3200.0,3355.0,8.0,20.0,20.0,7.0,0.001,416.317,-326.051,-162.648,-83.688
21297,Deuterium,3081.0,161.0,3200.0,3355.0,8.0,20.0,20.0,7.0,0.0,416.544,-325.51,-162.127,-83.202
21298,Deuterium,3087.0,161.0,3200.0,3355.0,8.0,20.0,20.0,7.0,-0.002,415.778,-326.354,-161.996,-83.815
21299,Deuterium,3087.0,161.0,3200.0,3355.0,8.0,20.0,20.0,7.0,0.0,412.975,-324.532,-163.729,-83.42
21300,Deuterium,3089.0,161.0,3200.0,3355.0,8.0,20.0,20.0,7.0,-0.002,413.742,-324.929,-162.129,-83.588
21301,Deuterium,3089.0,161.0,3200.0,3355.0,8.0,20.0,20.0,7.0,0.0,411.9,-324.599,-163.252,-83.397
21302,Deuterium,3091.0,161.0,3200.0,3355.0,8.0,20.0,20.0,7.0,0.001,410.668,-324.544,-161.156,-83.244
21303,Deuterium,3093.0,161.0,3200.0,3355.0,8.0,20.0,20.0,7.0,0.0,409.514,-324.475,-161.925,-83.479
21304,Deuterium,3093.0,161.0,3200.0,3355.0,3.0,3.0,3.0,3.0,0.002,-1.009,-0.756,2.51,-0.165
21305,Deuterium,3093.0,161.0,3200.0,3355.0,7.0,3.0,3.0,3.0,0.0,0.258,0.252,-1.195,0.157
21306,Deuterium,3093.0,161.0,3200.0,3355.0,7.0,3.0,3.0,3.0,0.0,414.31,-325.569,0.255,0.037
21307,Deuterium,3093.0,161.0,3200.0,3355.0,7.0,3.0,3.0,3.0,0.001,415.139,-326.701,-164.189,-83.52
21308,Deuterium,3093.0,161.0,3200.0,3355.0,8.0,20.0,21.0,7.0,-0.0,0.405,-0.114,0.216,-0.242
21309,Deuterium,3093.0,161.0,3200.0,3355.0,8.0,20.0,21.0,7.0,-0.004,413.708,-324.183,-164.062,-83.643
21310,Deuterium,3093.0,161.0,3200.0,3355.0,8.0,20.0,21.0,7.0,0.001,413.038,-323.634,-164.045,-83.334
21311,Deuterium,3093.0,161.0,3200.0,3355.0,8.0,20.0,20.0,7.0,0.0,411.512,-322.899,-165.749,-83.032
21312,Deuterium,3095.0,161.0,3200.0,3355.0,8.0,20.0,20.0,7.0,-0.003,410.325,-324.269,-162.736,-83.214
21313,Deuterium,3091.0,242.0,3200.0,3355.0,8.0,20.0,22.0,7.0,-0.0,408.255,-324.634,-162.862,-83.742
21314,Deuterium,3091.0,242.0,3200.0,3355.0,8.0,20.0,22.0,7.0,0.001,408.021,-324.071,-163.186,-83.472
21315,Deuterium,3091.0,242.0,3200.0,3355.0,8.0,20.0,22.0,7.0,-0.0,406.981,-325.016,-162.497,-83.645
21316,Deuterium,3091.0,242.0,3200.0,3355.0,8.0,20.0,22.0,7.0,-0.002,405.498,-324.47,-161.614,-83.695
21317,Deuterium,3091.0,242.0,3200.0,3355.0,8.0,20.0,22.0,7.0,0.0,404.163,-324.807,-160.652,-83.593
21318,Deuterium,3095.0,242.0,3200.0,3355.0,8.0,20.0,22.0,7.0,-0.0,404.01,-323.533,-163.609,-83.373
21319,Deuterium,3089.0,242.0,3200.0,3355.0,7.0,3.0,3.0,3.0,0.001,-0.385,-0.372,0.64,0.017
21320,Deuterium,3091.0,242.0,3200.0,3355.0,8.0,20.0,22.0,7.0,-0.0,408.077,-324.264,-166.687,-83.371
21321,Deuterium,3091.0,242.0,3200.0,3355.0,8.0,20.0,22.0,7.0,0.001,410.129,-325.571,-164.713,-83.587
21322,Deuterium,3091.0,242.0,3200.0,3355.0,8.0,20.0,22.0,7.0,-0.002,410.873,-325.611,-162.551,-83.488
21323,Deuterium,3091.0,242.0,3200.0,3355.0,8.0,20.0,22.0,7.0,0.0,407.792,-324.977,-165.538,-83.463
21324,Deuterium,3091.0,242.0,3200.0,3355.0,8.0,20.0,22.0,7.0,-0.002,405.335,-324.325,-162.582,-83.243
21325,Deuterium,3095.0,242.0,3200.0,3355.0,8.0,20.0,22.0,7.0,-0.002,404.86,-324.008,-164.218,-83.59
21326,Deuterium,3093.0,242.0,3200.0,3355.0,8.0,20.0,22.0,7.0,-0.001,403.693,-324.331,-165.618,-83.602
21327,Deuterium,3091.0,242.0,3200.0,3355.0,8.0,20.0,22.0,7.0,-0.001,404.914,-324.011,-163.123,-83.477
21328,Deuterium,3091.0,242.0,3200.0,3355.0,8.0,20.0,22.0,7.0,-0.0,402.194,-324.295,-161.653,-83.496
21329,Deuterium,3091.0,242.0,3200.0,3355.0,8.0,20.0,22.0,7.0,0.002,399.002,-324.691,-162.809,-83.602
21330,Deuterium,3091.0,242.0,3200.0,3355.0,8.0,20.0,22.0,7.0,-0.0,400.167,-323.819,-161.874,-83.864
21331,Deuterium,3091.0,242.0,3200.0,3355.0,8.0,20.0,22.0,7.0,-0.001,399.695,-323.53,-162.448,-83.357
21332,Deuterium,3091.0,242.0,3200.0,3355.0,8.0,20.0,22.0,7.0,0.0,0.675,0.146,0.311,0.145
21333,Deuterium,3091.0,242.0,3200.0,3355.0,8.0,20.0,22.0,7.0,0.001,-0.098,0.292,-1.14,0.156
21334,Deuterium,3091.0,242.0,3200.0,3355.0,7.0,3.0,3.0,3.0,0.001,-0.396,-1.392,2.554,-0.693
21335,Deuterium,3091.0,242.0,3200.0,3355.0,7.0,3.0,3.0,3.0,0.001,421.369,-320.295,-163.804,-83.858
21336,Deuterium,3091.0,242.0,3200.0,3355.0,8.0,20.0,22.0,7.0,0.0,422.721,-322.606,-164.82,-83.609
21337,Deuterium,3091.0,242.0,3200.0,3355.0,8.0,20.0,22.0,7.0,-0.001,0.181,0.328,-0.955,0.216
21338,Deuterium,3091.0,242.0,3200.0,3355.0,8.0,20.0,22.0,7.0,-0.001,418.553,-321.731,-164.746,-83.301
21339,Deuterium,3091.0,242.0,3200.0,3355.0,8.0,20.0,22.0,7.0,-0.001,420.371,-322.319,-163.962,-83.945
21340,Deuterium,3091.0,242.0,3200.0,3355.0,8.0,20.0,22.0,7.0,-0.001,419.324,-321.894,-163.551,-83.516
21341,Deuterium,3091.0,242.0,3200.0,3355.0,8.0,20.0,22.0,7.0,-0.0,417.673,-322.746,-165.121,-83.411
21342,Deuterium,3091.0,242.0,3200.0,3355.0,8.0,20.0,22.0,7.0,-0.005,419.188,-323.05,-164.766,-83.376
21343,Deuterium,3091.0,242.0,3200.0,3355.0,8.0,20.0,22.0,7.0,-0.0,416.281,-322.599,-163.821,-83.641
21344,Deuterium,3091.0,242.0,3200.0,3355.0,8.0,20.0,22.0,7.0,0.001,414.76,-321.189,-165.222,-83.378
21345,Deuterium,3091.0,242.0,3200.0,3355.0,8.0,20.0,22.0,7.0,0.001,413.557,-322.77,-164.55,-83.767
21346,Deuterium,3091.0,242.0,3200.0,3355.0,8.0,20.0,22.0,7.0,0.001,412.535,-321.059,-165.703,-83.106
21347,Deuterium,3091.0,242.0,3200.0,3355.0,8.0,20.0,22.0,0.0,-0.001,410.343,-322.502,-162.419,-83.555
21348,Deuterium,3091.0,242.0,3200.0,3355.0,8.0,20.0,22.0,0.0,-0.001,-0.63,-0.64,2.3,-0.13
21349,Deuterium,3091.0,242.0,3200.0,3355.0,3.0,3.0,3.0,3.0,-0.0,413.221,-319.738,-165.044,-83.396
21350,Deuterium,3091.0,242.0,3200.0,3355.0,7.0,3.0,3.0,3.0,0.0,0.18,-0.017,0.667,0.013
21351,Deuterium,3091.0,242.0,3200.0,3355.0,7.0,3.0,3.0,3.0,0.001,0.439,0.04,0.866,0.095
21352,Deuterium,3091.0,242.0,3200.0,3355.0,7.0,3.0,3.0,3.0,0.006,-0.065,-0.376,0.519,-0.101
21353,Deuterium,3091.0,242.0,3200.0,3355.0,7.0,3.0,3.0,3.0,-0.001,0.056,-0.065,0.117,0.014
21354,Deuterium,3091.0,242.0,3200.0,3355.0,8.0,20.0,22.0,7.0,-0.001,414.372,-322.142,-163.603,-83.242
21355,Deuterium,3091.0,242.0,3200.0,3355.0,8.0,20.0,22.0,7.0,0.0,412.668,-322.543,-161.082,-83.581
21356,Deuterium,3091.0,242.0,3200.0,3355.0,8.0,20.0,22.0,7.0,-0.001,412.405,-321.603,-164.262,-83.556
21357,Deuterium,3091.0,242.0,3200.0,3355.0,8.0,20.0,22.0,7.0,-0.0,-0.766,-0.119,-163.622,-83.405
21358,Deuterium,3091.0,242.0,3200.0,3355.0,8.0,20.0,22.0,7.0,-0.001,2.065,0.074,0.239,0.188
21359,Deuterium,3091.0,242.0,3200.0,3355.0,8.0,20.0,22.0,7.0,0.0,409.329,-322.474,-163.614,-83.606
21360,Deuterium,3091.0,242.0,3200.0,3355.0,8.0,20.0,22.0,7.0,-0.002,411.621,-322.652,-162.679,-83.381
21361,Deuterium,3091.0,242.0,3200.0,3355.0,8.0,20.0,22.0,7.0,0.002,407.197,-322.115,-163.257,-83.152
21362,Deuterium,3091.0,242.0,3200.0,3355.0,8.0,20.0,22.0,7.0,0.0,408.589,-322.113,-164.126,-83.343
21363,Deuterium,3091.0,242.0,3200.0,3355.0,8.0,20.0,22.0,7.0,0.001,-0.074,0.092,-0.09,0.063
21364,Deuterium,3091.0,242.0,3200.0,3355.0,8.0,20.0,22.0,7.0,-0.001,0.013,0.31,-1.006,0.099
21365,Deuterium,3091.0,242.0,3200.0,3355.0,8.0,20.0,22.0,7.0,-0.002,2.324,-0.051,-0.613,-0.099
21366,Deuterium,3091.0,242.0,3200.0,3355.0,7.0,3.0,3.0,3.0,0.001,0.753,-0.183,0.825,-0.058
21367,Deuterium,3091.0,242.0,3200.0,3355.0,8.0,20.0,22.0,7.0,-0.007,413.686,-320.25,-162.981,-83.797
21368,Deuterium,3091.0,242.0,3200.0,3355.0,8.0,20.0,22.0,7.0,0.0,412.844,-320.672,-162.982,-83.457
21369,Deuterium,3091.0,242.0,3200.0,3355.0,8.0,20.0,22.0,7.0,-0.003,413.303,-321.908,-161.365,-83.94
21370,Deuterium,3091.0,242.0,3200.0,3355.0,8.0,20.0,22.0,7.0,-0.003,412.107,-321.09,-161.976,-83.713
21371,Deuterium,3091.0,242.0,3200.0,3355.0,8.0,20.0,22.0,7.0,0.0,410.098,-320.469,-165.545,-83.557
21372,Deuterium,3091.0,242.0,3200.0,3355.0,8.0,20.0,22.0,7.0,-0.001,407.306,-321.168,-164.248,-83.659
21373,Deuterium,3091.0,242.0,3200.0,3355.0,8.0,20.0,22.0,7.0,-0.002,410.697,-321.663,-162.424,-83.651
21374,Deuterium,3091.0,242.0,3200.0,3355.0,8.0,20.0,22.0,7.0,-0.001,408.037,-321.335,-163.785,-83.558
21375,Deuterium,3091.0,242.0,3200.0,3355.0,8.0,20.0,22.0,7.0,-0.0,406.246,-321.048,-163.629,-83.358
21376,Deuterium,3091.0,242.0,3200.0,3355.0,8.0,20.0,22.0,7.0,-0.004,405.829,-320.569,-165.85,-83.296
21377,Deuterium,3091.0,242.0,3200.0,3355.0,8.0,20.0,22.0,7.0,0.001,404.288,-321.673,-164.243,-83.233
21378,Deuterium,3091.0,242.0,3200.0,3355.0,8.0,20.0,22.0,7.0,-0.0,403.493,-321.817,-162.514,-83.509
21379,Deuterium,3091.0,242.0,3200.0,3355.0,8.0,20.0,22.0,7.0,-0.0,403.319,-321.346,-163.875,-83.511
21380,Deuterium,3091.0,242.0,3200.0,3355.0,8.0,20.0,22.0,7.0,-0.002,402.573,-321.661,-163.13,-83.523
21381,Deuterium,3093.0,242.0,3200.0,3355.0,8.0,20.0,22.0,7.0,0.001,400.466,-321.712,-163.133,-83.456
21382,Deuterium,3089.0,242.0,3200.0,3355.0,8.0,20.0,22.0,7.0,-0.004,403.337,-321.416,-162.183,-83.336
21383,Deuterium,3087.0,242.0,3200.0,3355.0,8.0,20.0,22.0,7.0,0.002,399.96,-321.26,-163.838,-83.673
21384,Deuterium,3087.0,242.0,3200.0,3355.0,3.0,3.0,3.0,3.0,0.0,0.191,-0.002,-0.119,-0.183
21385,Deuterium,3087.0,242.0,3200.0,3355.0,3.0,3.0,3.0,3.0,-0.001,0.21,-0.208,0.619,-0.189
21386,Deuterium,3087.0,242.0,3200.0,3355.0,3.0,3.0,3.0,3.0,0.003,-1.031,-0.116,0.37,0.035
21387,Deuterium,3087.0,242.0,3200.0,3355.0,3.0,3.0,3.0,3.0,-0.0,-0.232,0.35,-1.259,0.169
21388,Deuterium,3087.0,242.0,3200.0,3355.0,3.0,3.0,3.0,3.0,0.001,-0.646,0.016,0.165,-0.102
21389,,0.0,0.0,0.0,0.0,0.0,0.0,0.0,0.0,0.0,0.0,0.0,0.0,0.0
21390,Deuterium,3091.0,242.0,3200.0,3355.0,7.0,3.0,3.0,3.0,0.005,-1.011,-0.01,0.182,0.015
21391,Deuterium,3091.0,242.0,3200.0,3355.0,7.0,3.0,3.0,3.0,-0.002,407.072,-321.084,-164.532,-83.551
21392,Deuterium,3091.0,242.0,3200.0,3355.0,8.0,20.0,22.0,7.0,-0.001,407.311,-322.291,-164.846,-83.719
21393,Deuterium,3089.0,242.0,3200.0,3355.0,8.0,20.0,22.0,7.0,0.001,406.059,-322.31,-164.352,-83.592
21394,Deuterium,3087.0,242.0,3200.0,3355.0,8.0,20.0,22.0,7.0,-0.005,406.219,-322.767,-164.776,-83.842
21395,Deuterium,3089.0,242.0,3200.0,3355.0,8.0,20.0,22.0,7.0,-0.0,404.832,-321.627,-163.446,-83.418
21396,Deuterium,3089.0,242.0,3200.0,3355.0,8.0,20.0,22.0,7.0,-0.002,402.094,-323.446,-162.494,-83.979
21397,Deuterium,3089.0,242.0,3200.0,3355.0,8.0,20.0,22.0,7.0,-0.001,403.148,-321.595,-165.565,-83.478
21398,Deuterium,3089.0,242.0,3200.0,3355.0,8.0,20.0,22.0,7.0,-0.0,399.43,-322.568,-163.697,-83.961
21399,Deuterium,3089.0,242.0,3200.0,3355.0,8.0,20.0,22.0,7.0,0.001,402.37,-322.479,-163.459,-83.838
21400,Deuterium,3089.0,242.0,3200.0,3355.0,8.0,20.0,22.0,7.0,-0.001,400.419,-321.85,-163.396,-83.919
21401,Deuterium,3089.0,242.0,3200.0,3355.0,8.0,20.0,22.0,7.0,-0.002,-0.858,-0.149,-1.538,-0.016
21402,Deuterium,3089.0,242.0,3200.0,3355.0,8.0,20.0,22.0,7.0,-0.001,77.304,0.31,0.894,0.192
21403,Deuterium,3089.0,242.0,3200.0,3355.0,8.0,20.0,22.0,7.0,-0.001,40.894,-0.516,1.448,-0.197
21404,Deuterium,3089.0,242.0,3200.0,3355.0,8.0,20.0,22.0,7.0,0.0,143.897,-0.104,0.954,0.138
21405,Deuterium,3089.0,242.0,3200.0,3355.0,8.0,20.0,22.0,7.0,-0.001,-0.644,0.33,-0.338,0.019
21406,Deuterium,3089.0,242.0,3200.0,3355.0,8.0,20.0,22.0,7.0,-0.001,211.925,-0.057,0.036,0.009
21407,Deuterium,3091.0,242.0,3200.0,3355.0,3.0,3.0,3.0,3.0,-0.001,0.14,-0.232,0.755,-0.032
21408,Deuterium,3091.0,242.0,3200.0,3355.0,3.0,3.0,3.0,3.0,0.006,-2.51,-0.22,0.049,-0.007
21409,Deuterium,3091.0,242.0,3200.0,3355.0,3.0,3.0,3.0,3.0,0.001,12.025,1.101,-3.627,0.29
21410,Deuterium,3091.0,242.0,3200.0,3355.0,3.0,3.0,3.0,3.0,0.001,418.633,-318.866,-165.012,-83.791
21411,Deuterium,3091.0,242.0,3200.0,3355.0,7.0,3.0,3.0,3.0,0.0,2.473,0.573,-1.682,0.132
21412,Deuterium,3091.0,242.0,3200.0,3355.0,8.0,20.0,22.0,7.0,0.0,0.673,0.107,0.037,0.151
21413,Deuterium,3091.0,242.0,3200.0,3355.0,8.0,20.0,22.0,7.0,0.003,-1.17,-0.001,-2.354,-0.127
21414,Deuterium,3091.0,242.0,3200.0,3355.0,8.0,20.0,22.0,7.0,0.004,-0.278,-0.183,-0.049,-0.124
21415,Deuterium,3091.0,242.0,3200.0,3355.0,8.0,20.0,22.0,7.0,-0.0,0.14,-0.071,-0.222,0.009
21416,Deuterium,3091.0,242.0,3200.0,3355.0,8.0,20.0,22.0,7.0,0.003,-1.677,0.074,0.008,0.005
21417,Deuterium,3091.0,242.0,3200.0,3355.0,8.0,20.0,22.0,7.0,0.001,-0.45,-0.606,1.417,-0.212
21418,Deuterium,3091.0,242.0,3200.0,3355.0,8.0,20.0,22.0,7.0,0.0,417.442,-319.697,-163.082,-83.715
21419,Deuterium,3091.0,242.0,3200.0,3355.0,8.0,20.0,22.0,7.0,0.001,417.255,-319.467,-164.937,-83.403
21420,Deuterium,3091.0,242.0,3200.0,3355.0,8.0,20.0,22.0,7.0,0.001,416.606,-321.384,-162.597,-83.906
21421,Deuterium,3091.0,242.0,3200.0,3355.0,8.0,20.0,22.0,7.0,0.0,414.773,-312.688,-164.077,-83.842
21422,Deuterium,3091.0,242.0,3200.0,3355.0,8.0,20.0,22.0,7.0,0.001,413.085,-311.846,-163.283,-83.698
21423,Deuterium,3087.0,161.0,3200.0,3355.0,8.0,20.0,22.0,7.0,0.0,412.016,-311.026,-165.202,-83.646
21424,Deuterium,3087.0,161.0,3200.0,3355.0,8.0,20.0,22.0,7.0,0.004,411.98,-310.432,-166.163,-83.503
21425,Deuterium,3091.0,242.0,3200.0,3355.0,8.0,20.0,22.0,7.0,0.001,410.886,-311.083,-165.088,-83.467
21426,Deuterium,3089.0,161.0,3200.0,3355.0,8.0,20.0,22.0,7.0,0.002,410.518,-310.698,-163.692,-83.696
21427,Deuterium,3087.0,161.0,3200.0,3355.0,8.0,20.0,22.0,7.0,0.002,407.992,-312.313,-161.357,-83.905
21428,Deuterium,3091.0,161.0,3200.0,3355.0,8.0,20.0,22.0,7.0,0.001,407.712,-311.232,-164.676,-83.513
21429,Deuterium,3091.0,242.0,3200.0,3355.0,8.0,20.0,22.0,7.0,0.0,406.901,-312.546,-163.71,-83.655
21430,Deuterium,3091.0,242.0,3200.0,3355.0,3.0,3.0,3.0,3.0,0.003,413.619,-288.841,-164.403,-83.994
21431,Deuterium,3091.0,242.0,3200.0,3355.0,7.0,3.0,3.0,3.0,0.001,0.129,-0.135,0.036,-0.205
21432,Deuterium,3089.0,161.0,3200.0,3355.0,8.0,20.0,22.0,7.0,-0.0,413.321,-288.432,-164.685,-83.479
21433,Deuterium,3091.0,242.0,3200.0,3355.0,8.0,20.0,22.0,7.0,0.001,0.082,0.228,-0.619,0.045
21434,Deuterium,3091.0,242.0,3200.0,3355.0,8.0,20.0,22.0,7.0,0.0,411.209,-287.421,-164.766,-83.614
21435,Deuterium,3091.0,161.0,3200.0,3355.0,8.0,20.0,22.0,7.0,-0.002,411.967,-287.728,-163.763,-83.729
21436,Deuterium,3091.0,161.0,3200.0,3355.0,8.0,20.0,22.0,7.0,-0.001,410.407,-288.079,-162.278,-83.809
21437,Deuterium,3091.0,161.0,3200.0,3355.0,8.0,20.0,22.0,7.0,-0.001,408.585,-287.392,-162.772,-83.699
21438,Deuterium,3091.0,161.0,3200.0,3355.0,8.0,20.0,22.0,7.0,0.001,-0.162,0.002,-0.942,-0.003
21439,Deuterium,3091.0,161.0,3200.0,3355.0,8.0,20.0,22.0,7.0,0.0,0.247,0.171,-0.412,0.024
21440,Deuterium,3091.0,161.0,3200.0,3355.0,8.0,20.0,22.0,7.0,0.0,407.248,-287.118,-163.69,-83.576
21441,Deuterium,3091.0,242.0,3200.0,3355.0,8.0,20.0,22.0,7.0,0.0,407.28,-291.276,-164.925,-83.409
21442,Deuterium,3089.0,161.0,3200.0,3355.0,8.0,20.0,22.0,7.0,0.0,405.248,-291.093,-167.714,-83.415
21443,Deuterium,3091.0,242.0,3200.0,3355.0,3.0,3.0,3.0,3.0,0.001,410.579,-290.676,-165.104,-84.046
21444,Deuterium,3091.0,242.0,3200.0,3355.0,7.0,3.0,3.0,3.0,-0.001,0.612,-0.05,0.825,-0.061
21445,Deuterium,3089.0,161.0,3200.0,3355.0,8.0,20.0,22.0,7.0,-0.0,410.98,-329.986,-166.762,-83.366
21446,Deuterium,3089.0,242.0,3200.0,3355.0,8.0,20.0,22.0,7.0,0.001,410.113,-330.48,-164.523,-83.643
21447,Deuterium,3065.0,242.0,3200.0,3355.0,8.0,20.0,22.0,7.0,0.001,409.556,-329.633,-164.842,-83.295
21448,Deuterium,3065.0,201.0,3200.0,3355.0,8.0,20.0,22.0,7.0,-0.0,407.224,-329.91,-162.081,-83.508
21449,Deuterium,3075.0,180.0,3200.0,3355.0,8.0,20.0,22.0,7.0,0.001,407.268,-328.958,-165.058,-83.577
21450,Deuterium,3075.0,171.0,3200.0,3355.0,8.0,20.0,22.0,7.0,-0.002,406.168,-328.988,-163.639,-83.471
21451,Deuterium,3071.0,171.0,3200.0,3355.0,8.0,20.0,22.0,7.0,0.003,404.391,-328.785,-164.858,-83.529
21452,Deuterium,3069.0,171.0,3200.0,3355.0,8.0,20.0,22.0,7.0,0.0,403.219,-329.785,-161.217,-83.854
21453,Deuterium,3069.0,166.0,3200.0,3355.0,8.0,20.0,22.0,7.0,-0.001,402.361,-328.859,-164.881,-83.756
21454,Deuterium,3071.0,171.0,3200.0,3355.0,8.0,20.0,22.0,7.0,-0.001,402.56,-328.797,-164.223,-83.603
21455,Deuterium,3071.0,171.0,3200.0,3355.0,8.0,20.0,22.0,7.0,0.002,399.926,-328.457,-164.493,-83.543
21456,Deuterium,3071.0,171.0,3200.0,3355.0,8.0,20.0,22.0,7.0,0.0,398.624,-327.436,-165.319,-83.309
21457,Deuterium,3071.0,171.0,3200.0,3355.0,8.0,20.0,22.0,7.0,-0.002,400.234,-328.457,-162.748,-83.582
21458,Deuterium,3081.0,171.0,3200.0,3355.0,8.0,20.0,22.0,7.0,0.001,398.459,-327.854,-162.697,-83.682
21459,,0.0,0.0,0.0,0.0,0.0,0.0,0.0,0.0,0.0,0.0,0.0,0.0,0.0
21460,Deuterium,3083.0,171.0,3200.0,3355.0,8.0,20.0,21.5,7.0,-0.001,397.42,-326.824,-165.435,-83.601
21461,Deuterium,3083.0,171.0,3200.0,3355.0,8.0,20.0,21.5,7.0,-0.001,396.489,-328.522,-163.439,-83.809
21462,Deuterium,3083.0,171.0,3200.0,3355.0,8.0,20.0,21.5,7.0,-0.0,396.509,-325.744,-168.774,-83.153
21463,Deuterium,3083.0,171.0,3200.0,3355.0,8.0,20.0,21.5,7.0,-0.0,393.021,-325.938,-162.736,-83.636
21464,Deuterium,3083.0,171.0,3200.0,3355.0,0.0,0.0,0.0,0.0,0.0,-0.617,0.275,-0.192,0.087
21465,Deuterium,3083.0,171.0,3200.0,3355.0,0.0,0.0,0.0,0.0,-0.002,0.508,-0.334,1.195,-0.085
21466,Deuterium,3083.0,171.0,3200.0,3355.0,0.0,0.0,0.0,0.0,0.001,-0.477,0.168,-0.278,0.107
21467,Deuterium,3083.0,171.0,3200.0,3355.0,0.0,0.0,0.0,0.0,0.002,-0.428,-0.047,0.894,0.096
21468,Deuterium,3083.0,171.0,3200.0,3355.0,0.0,0.0,0.0,0.0,0.002,-0.25,-0.333,1.728,0.122
21469,Deuterium,3083.0,171.0,3200.0,3355.0,0.0,0.0,0.0,0.0,0.003,-0.022,-0.239,-0.38,-0.333
21470,Deuterium,3083.0,171.0,3200.0,3355.0,0.0,0.0,0.0,0.0,0.002,-1.359,-0.486,1.775,-0.049
21471,Deuterium,3083.0,171.0,3200.0,3355.0,7.0,3.0,3.0,3.0,-0.001,-0.533,0.01,0.475,0.384
21472,Deuterium,3083.0,171.0,3200.0,3355.0,7.0,3.0,3.0,3.0,-0.006,421.804,-326.083,-163.985,-83.764
21473,Deuterium,3083.0,171.0,3200.0,3355.0,7.0,3.0,3.0,3.0,0.003,-0.724,0.054,-0.516,0.067
21474,Deuterium,3083.0,171.0,3200.0,3355.0,7.0,3.0,3.0,3.0,0.004,0.568,0.626,-2.327,-0.023
21475,Deuterium,3083.0,171.0,3200.0,3355.0,7.0,3.0,3.0,3.0,0.0,0.22,0.699,-1.57,0.21
21476,Deuterium,3083.0,171.0,3200.0,3355.0,7.0,3.0,3.0,3.0,-0.001,-1.121,0.133,-0.412,0.09
21477,,0.0,0.0,0.0,0.0,0.0,0.0,0.0,0.0,0.0,0.0,0.0,0.0,0.0
21478,Deuterium,3087.0,171.0,3200.0,3355.0,7.0,20.0,20.0,0.0,0.001,417.647,-325.043,-163.217,-83.469
21479,Deuterium,3087.0,171.0,3200.0,3355.0,8.0,20.0,22.0,0.0,0.003,415.987,-324.459,-162.115,-83.367
21480,Deuterium,3087.0,171.0,3200.0,3355.0,8.0,20.0,20.0,0.0,-0.0,-0.098,-0.249,0.799,-0.148
21481,Deuterium,3087.0,171.0,3200.0,3355.0,8.0,20.0,20.0,0.0,-0.001,0.042,-0.055,0.258,0.01
21482,Deuterium,3087.0,171.0,3200.0,3355.0,7.0,3.0,3.0,3.0,-0.002,2.746,0.001,1.147,0.115
21483,Deuterium,3087.0,171.0,3200.0,3355.0,7.0,3.0,3.0,3.0,-0.004,1.74,0.723,-1.816,0.1
21484,Deuterium,3087.0,171.0,3200.0,3355.0,7.0,3.0,3.0,3.0,-0.002,421.124,-325.052,0.095,0.085
21485,Deuterium,3087.0,171.0,3200.0,3355.0,7.0,3.0,3.0,3.0,0.0,422.416,-325.104,-164.946,-83.404
21486,Deuterium,3087.0,171.0,3200.0,3355.0,8.0,20.0,20.0,0.0,-0.005,419.799,-325.107,-162.561,-83.704
21487,Deuterium,3087.0,171.0,3200.0,3355.0,8.0,20.0,21.0,0.0,-0.004,419.64,-324.269,-163.128,-83.366
21488,Deuterium,3087.0,171.0,3200.0,3355.0,8.0,20.0,22.0,0.0,-0.0,415.707,-323.809,-163.159,-83.421
21489,Deuterium,3089.0,161.0,3200.0,3355.0,8.0,20.0,22.0,0.0,0.001,414.455,-324.466,-160.988,-83.331
21490,Deuterium,3089.0,161.0,3200.0,3355.0,8.0,20.0,22.0,7.0,-0.002,414.317,-322.462,-164.172,-83.332
21491,Deuterium,3091.0,161.0,3200.0,3355.0,8.0,20.0,22.0,7.0,-0.0,410.318,-321.726,-164.398,-83.379
21492,Deuterium,3089.0,151.0,3200.0,3355.0,8.0,20.0,22.0,7.0,0.0,411.557,-320.728,-167.196,-83.175
21493,Deuterium,3087.0,151.0,3200.0,3355.0,8.0,20.0,22.0,7.0,0.001,409.34,-319.392,-165.114,-83.468
21494,Deuterium,3089.0,151.0,3200.0,3355.0,8.0,20.0,22.0,7.0,0.003,408.24,-318.551,-163.262,-83.643
21495,Deuterium,3089.0,151.0,3200.0,3355.0,8.0,20.0,22.0,7.0,-0.004,408.149,-317.783,-163.06,-83.761
21496,Deuterium,3089.0,151.0,3200.0,3355.0,8.0,20.0,22.0,7.0,-0.0,407.258,-315.375,-163.43,-83.23
21497,Deuterium,3089.0,151.0,3200.0,3355.0,8.0,20.0,22.0,7.0,-0.0,405.985,-314.947,-162.56,-83.648
21498,Deuterium,3089.0,151.0,3200.0,3355.0,8.0,20.0,22.0,7.0,-0.0,404.335,-314.983,-162.302,-83.403
21499,Deuterium,3089.0,146.0,3200.0,3355.0,8.0,20.0,22.0,7.0,-0.0,403.319,-313.262,-163.833,-82.792
21500,Deuterium,3085.0,146.0,3200.0,3355.0,8.0,20.0,22.0,7.0,-0.006,402.482,-312.27,-162.653,-83.492
21501,Deuterium,3085.0,146.0,3200.0,3355.0,8.0,20.0,22.0,7.0,-0.002,1.428,0.062,0.129,0.116
21502,Deuterium,3085.0,146.0,3200.0,3355.0,7.0,3.0,3.0,3.0,0.0,2.003,-0.009,-0.601,0.23
21503,Deuterium,3085.0,146.0,3200.0,3355.0,7.0,3.0,3.0,3.0,-0.002,406.58,-313.898,-163.76,-83.605
21504,Deuterium,3085.0,146.0,3200.0,3355.0,8.0,20.0,22.0,7.0,0.001,408.456,-311.554,-164.038,-83.564
21505,Deuterium,3085.0,146.0,3200.0,3355.0,8.0,20.0,22.0,7.0,-0.0,407.493,-308.622,-164.152,-83.592
21506,Deuterium,3089.0,146.0,3200.0,3355.0,8.0,20.0,22.0,7.0,0.001,406.426,-306.022,-163.22,-83.258
21507,Deuterium,3083.0,146.0,3200.0,3355.0,8.0,20.0,22.0,7.0,0.002,403.851,-302.688,-164.186,-83.576
21508,Deuterium,3081.0,146.0,3200.0,3355.0,8.0,20.0,22.0,7.0,-0.002,404.636,-299.795,-164.333,-83.296
21509,Deuterium,3079.0,146.0,3200.0,3355.0,8.0,20.0,22.0,7.0,0.003,400.907,-296.268,-165.363,-83.265
21510,Deuterium,3077.0,146.0,3200.0,3355.0,8.0,20.0,22.0,7.0,0.001,401.762,-295.728,-164.535,-83.403
21511,Helium,3055.0,146.0,3200.0,3355.0,8.0,20.0,20.0,0.0,0.0,399.84,-294.991,-164.343,-83.291
21512,Helium,3055.0,146.0,3200.0,3355.0,8.0,20.0,21.0,0.0,0.0,399.394,-294.206,-161.333,-83.661
21513,Helium,3055.0,146.0,3200.0,3355.0,8.0,20.0,22.0,0.0,0.003,399.127,-292.588,-163.213,-83.557
21514,Helium,3051.0,146.0,3200.0,3355.0,8.0,20.0,22.0,0.0,0.003,396.618,-291.317,-162.69,-83.447
21515,Helium,3053.0,146.0,3200.0,3355.0,8.0,20.0,22.0,0.0,-0.001,397.937,-289.932,-162.719,-83.523
21516,Helium,3055.0,139.0,3200.0,3355.0,8.0,20.0,22.0,0.0,0.003,394.54,-0.702,-160.26,-83.4
21517,Helium,3055.0,139.0,3200.0,3355.0,8.0,20.0,22.0,0.0,0.001,395.979,-311.14,-162.013,-83.532
21518,Helium,3055.0,139.0,3200.0,3355.0,8.0,20.0,22.0,0.0,0.001,394.614,-312.361,-160.72,-83.406
21519,Helium,3051.0,139.0,3200.0,3355.0,8.0,20.0,22.0,0.0,-0.001,393.115,-313.212,-163.906,-83.611
21520,Helium,3051.0,139.0,3200.0,3355.0,8.0,20.0,22.0,0.0,-0.0,392.66,-314.48,-163.761,-83.618
21521,Helium,3051.0,139.0,3200.0,3355.0,8.0,20.0,22.0,0.0,-0.002,392.275,-319.035,-163.34,-83.287
21522,Helium,3051.0,139.0,3200.0,3355.0,8.0,20.0,22.0,0.0,-0.003,391.555,-317.292,-163.057,-83.184
21523,Helium,3051.0,139.0,3200.0,3355.0,7.0,3.0,3.0,0.0,-0.001,-0.953,-1.147,3.654,-0.216
21524,Helium,3051.0,139.0,3200.0,3355.0,7.0,3.0,3.0,0.0,0.002,-0.715,0.874,-2.298,0.313
21525,Helium,3051.0,139.0,3200.0,3355.0,7.0,3.0,3.0,0.0,0.001,399.773,-323.95,-163.41,-83.433
21526,Helium,3051.0,139.0,3200.0,3355.0,8.0,20.0,22.0,0.0,-0.001,401.927,-323.195,-163.843,-83.593
21527,Helium,3055.0,139.0,3200.0,3355.0,8.0,20.0,22.0,0.0,-0.002,398.621,-322.285,-164.569,-83.639
21528,Helium,3055.0,139.0,3200.0,3355.0,8.0,20.0,22.0,0.0,0.001,398.452,-322.064,-164.849,-83.737
21529,Helium,3055.0,139.0,3200.0,3355.0,8.0,20.0,22.0,0.0,-0.001,397.761,-321.248,-164.749,-83.443
21530,Helium,3055.0,139.0,3200.0,3355.0,8.0,20.0,22.0,0.0,0.001,396.144,-316.656,-167.914,-83.6
21531,Helium,3055.0,139.0,3200.0,3355.0,8.0,20.0,22.0,0.0,-0.001,395.739,-316.316,-164.116,-83.554
21532,Helium,3055.0,139.0,3200.0,3355.0,8.0,20.0,22.0,0.0,-0.0,393.839,-315.353,-166.636,-83.233
21533,Helium,3055.0,139.0,3200.0,3355.0,8.0,20.0,22.0,0.0,0.001,392.564,-316.466,-164.895,-83.187
21534,Helium,3055.0,139.0,3200.0,3355.0,8.0,20.0,22.0,0.0,0.004,391.406,-315.792,-164.304,-83.374
21535,Helium,3055.0,139.0,3200.0,3355.0,8.0,20.0,22.0,0.0,-0.0,391.319,-314.972,-163.125,-83.469
21536,Helium,3055.0,139.0,3200.0,3355.0,8.0,20.0,22.0,0.0,0.011,389.0,-313.809,-163.637,-83.453
21537,Helium,3055.0,139.0,3200.0,3355.0,8.0,20.0,22.0,0.0,0.001,390.21,-313.839,-162.852,-83.579
21538,Helium,3055.0,139.0,3200.0,3355.0,8.0,20.0,22.0,0.0,-0.008,388.41,-313.548,-162.714,-83.442
21539,Helium,3055.0,139.0,3200.0,3355.0,8.0,20.0,22.0,0.0,0.0,387.887,-315.154,-164.023,-83.389
21540,Helium,3055.0,139.0,3200.0,3355.0,8.0,20.0,22.0,0.0,0.005,387.024,-313.281,-165.002,-83.392
21541,Helium,3055.0,139.0,3200.0,3355.0,8.0,20.0,22.0,0.0,-0.001,386.849,-313.767,-163.751,-83.232
21542,Helium,3055.0,139.0,3200.0,3355.0,8.0,20.0,22.0,0.0,0.002,384.269,-312.459,-164.579,-83.475
21543,Helium,3055.0,139.0,3200.0,3355.0,8.0,20.0,22.0,0.0,0.0,383.456,-311.856,-163.23,-83.278
21544,Helium,3055.0,139.0,3200.0,3355.0,8.0,20.0,22.0,0.0,0.004,385.467,-312.146,-161.477,-83.38
21545,Helium,3055.0,139.0,3200.0,3355.0,8.0,20.0,22.0,0.0,-0.0,383.041,-310.805,-164.858,-83.173
21546,Deuterium,3085.0,146.0,3200.0,3355.0,8.0,20.0,22.0,7.0,0.001,382.307,-311.799,-163.084,-83.139
21547,Deuterium,3085.0,146.0,3200.0,3355.0,8.0,20.0,22.0,7.0,0.003,380.965,-310.816,-164.107,-83.504
21548,Deuterium,3085.0,146.0,3200.0,3355.0,8.0,20.0,22.0,7.0,0.002,379.756,-310.804,-161.647,-83.302
21549,Deuterium,3085.0,146.0,3200.0,3355.0,8.0,20.0,22.0,7.0,-0.005,380.841,-310.453,-163.605,-83.435
21550,Deuterium,3085.0,146.0,3200.0,3355.0,8.0,20.0,22.0,7.0,0.002,377.058,-309.608,-162.945,-83.357
21551,Deuterium,3085.0,146.0,3200.0,3355.0,8.0,20.0,22.0,7.0,-0.001,378.424,-309.911,-162.869,-83.553
21552,Deuterium,3085.0,146.0,3200.0,3355.0,7.0,3.0,3.0,3.0,-0.004,0.381,0.982,-2.062,0.276
21553,Deuterium,3085.0,146.0,3200.0,3355.0,7.0,3.0,3.0,3.0,-0.0,-0.285,0.063,0.219,0.209
21554,Deuterium,3085.0,146.0,3200.0,3355.0,7.0,3.0,3.0,3.0,-0.0,0.563,-0.091,0.438,0.076
21555,Deuterium,3085.0,146.0,3200.0,3355.0,7.0,3.0,3.0,3.0,-0.001,0.74,0.097,-0.983,0.063
21556,Deuterium,3085.0,146.0,3200.0,3355.0,7.0,3.0,3.0,3.0,0.001,-0.662,-0.265,-0.606,-0.143
21557,Deuterium,3085.0,146.0,3200.0,3355.0,7.0,3.0,3.0,3.0,0.001,-0.368,0.202,0.0,0.129
21558,Deuterium,3085.0,146.0,3200.0,3355.0,7.0,3.0,3.0,3.0,-0.0,417.618,-311.754,-163.858,-83.75
21559,Deuterium,3085.0,146.0,3200.0,3355.0,7.0,20.0,18.0,7.0,0.0,-1.59,0.911,-1.975,0.357
21560,Deuterium,3085.0,146.0,3200.0,3355.0,7.0,20.0,18.0,7.0,-0.002,1.154,-0.194,-0.613,0.013
21561,Deuterium,3085.0,146.0,3200.0,3355.0,7.0,20.0,18.0,7.0,-0.001,0.078,-0.058,0.39,-0.203
21562,Deuterium,3085.0,146.0,3200.0,3355.0,7.0,20.0,18.0,7.0,0.001,0.397,0.239,-0.246,0.25
21563,Deuterium,3085.0,146.0,3200.0,3355.0,7.0,20.0,18.0,7.0,0.003,414.911,-313.626,-162.909,-83.603
21564,Deuterium,3085.0,146.0,3200.0,3355.0,8.0,20.0,18.0,7.0,0.0,416.655,-312.506,-164.644,-83.445
21565,Deuterium,3085.0,146.0,3200.0,3355.0,8.0,20.0,20.0,7.0,0.0,415.194,-312.451,-163.829,-83.583
21566,Deuterium,3085.0,146.0,3200.0,3355.0,7.0,3.0,3.0,3.0,-0.001,0.927,0.517,-1.437,0.095
21567,Deuterium,3085.0,146.0,3200.0,3355.0,7.0,3.0,3.0,3.0,0.0,412.466,-312.277,-163.834,-83.256
21568,Deuterium,3085.0,146.0,3200.0,3355.0,8.0,20.0,18.0,0.0,-0.002,414.878,-312.532,-162.648,-83.146
21569,Deuterium,3085.0,146.0,3200.0,3355.0,8.0,20.0,19.0,0.0,0.001,413.042,-312.465,-162.455,-83.436
21570,Deuterium,3085.0,146.0,3200.0,3355.0,8.0,20.0,20.0,0.0,0.004,409.826,-311.506,-164.114,-83.104
21571,Deuterium,3085.0,146.0,3200.0,3355.0,8.0,20.0,21.0,0.0,0.0,410.452,-311.262,-163.313,-83.456
21572,Deuterium,3085.0,146.0,3200.0,3355.0,8.0,20.0,22.0,0.0,-0.003,409.897,-311.929,-162.685,-83.33
21573,Deuterium,3085.0,146.0,3200.0,3355.0,8.0,20.0,18.0,7.0,0.002,407.2,-310.1,-165.148,-83.31
21574,Deuterium,3085.0,146.0,3200.0,3355.0,8.0,20.0,19.0,7.0,0.001,407.638,-310.733,-161.351,-83.405
21575,Deuterium,3085.0,146.0,3200.0,3355.0,8.0,20.0,20.0,7.0,-0.004,405.261,-308.495,-164.776,-82.59
21576,Deuterium,3085.0,146.0,3200.0,3355.0,8.0,20.0,21.0,7.0,-0.003,405.863,-309.165,-162.692,-83.247
21577,Deuterium,3085.0,146.0,3200.0,3355.0,8.0,20.0,22.0,7.0,0.012,401.566,-308.798,-162.212,-82.965
21578,Deuterium,3085.0,146.0,3200.0,3355.0,8.0,20.0,22.0,7.0,0.002,399.165,-308.44,-163.077,-83.132
21579,Deuterium,3085.0,146.0,3200.0,3355.0,8.0,20.0,20.0,7.0,0.0,399.595,-308.425,-162.475,-83.349
21580,Deuterium,3085.0,146.0,3200.0,3355.0,8.0,20.0,18.0,7.0,0.001,398.946,-308.301,-161.575,-83.22
21581,Deuterium,3085.0,146.0,3200.0,3355.0,8.0,20.0,18.0,0.0,0.005,395.614,-307.522,-161.696,-83.05
21582,Deuterium,3085.0,146.0,3200.0,3355.0,8.0,20.0,20.0,0.0,-0.003,397.541,-307.876,-161.942,-83.195
21583,Deuterium,3085.0,146.0,3200.0,3355.0,8.0,20.0,22.0,0.0,-0.005,400.169,-307.536,-161.453,-83.13
21584,Deuterium,3083.0,146.0,3200.0,3355.0,8.0,20.0,22.0,0.0,0.0,395.501,-308.326,-162.049,-83.304
21585,Deuterium,3091.0,146.0,3200.0,3355.0,3.0,3.0,3.0,3.0,-0.005,401.392,-306.044,-166.541,-83.348
21586,Deuterium,3091.0,146.0,3200.0,3355.0,7.0,3.0,3.0,3.0,-0.003,0.223,0.025,0.691,-0.132
21587,Deuterium,3085.0,146.0,3200.0,3355.0,8.0,20.0,22.0,0.0,-0.001,401.317,-308.498,-163.712,-83.348
21588,Deuterium,3085.0,146.0,3200.0,3355.0,8.0,20.0,22.0,0.0,0.0,419.206,-307.726,-164.927,-83.069
21589,Deuterium,3087.0,146.0,3200.0,3355.0,8.0,20.0,22.0,0.0,-0.004,419.139,-308.117,-162.251,-83.497
21590,Deuterium,3085.0,146.0,3200.0,3355.0,8.0,20.0,22.0,0.0,-0.001,417.259,-307.696,-163.802,-83.368
21591,Deuterium,3085.0,146.0,3200.0,3355.0,8.0,20.0,22.0,0.0,-0.004,415.693,-308.049,-162.096,-83.381
21592,Deuterium,3085.0,146.0,3200.0,3355.0,8.0,20.0,22.0,0.0,-0.012,415.695,-307.017,-165.394,-83.319
21593,Deuterium,3085.0,146.0,3200.0,3355.0,8.0,20.0,22.0,0.0,-0.002,414.707,-307.849,-162.081,-83.669
21594,Deuterium,3085.0,146.0,3200.0,3355.0,8.0,20.0,22.0,0.0,0.003,411.073,-306.822,-162.731,-83.481
21595,Deuterium,3085.0,146.0,3200.0,3355.0,8.0,20.0,22.0,7.0,0.001,410.031,-306.391,-163.639,-83.489
21596,Deuterium,3085.0,146.0,3200.0,3355.0,8.0,20.0,22.0,7.0,0.002,408.774,-306.504,-163.831,-83.718
21597,Deuterium,3083.0,146.0,3200.0,3355.0,8.0,20.0,22.0,7.0,-0.0,408.873,-304.149,-163.31,-83.4
21598,Deuterium,3085.0,242.0,3200.0,3355.0,3.0,3.0,3.0,3.0,0.001,-0.25,-0.4,1.127,-0.165
21599,Deuterium,3085.0,242.0,3200.0,3355.0,3.0,3.0,3.0,3.0,-0.0,-0.236,-0.134,0.669,0.014
21600,Deuterium,3085.0,242.0,3200.0,3355.0,3.0,3.0,3.0,3.0,0.001,-0.588,-0.317,0.949,0.025
21601,Deuterium,3085.0,242.0,3200.0,3355.0,3.0,3.0,3.0,3.0,0.0,-1.395,-0.082,-0.636,-0.296
21602,Deuterium,3085.0,242.0,3200.0,3355.0,3.0,3.0,3.0,3.0,-0.0,-0.078,0.27,-0.694,0.078
21603,Deuterium,3085.0,242.0,3200.0,3355.0,3.0,3.0,3.0,3.0,0.002,0.893,-0.11,0.679,-0.007
21604,Deuterium,3085.0,242.0,3200.0,3355.0,3.0,3.0,3.0,3.0,-0.001,0.448,0.105,-0.253,0.063
21605,Deuterium,3085.0,242.0,3200.0,3355.0,3.0,3.0,3.0,3.0,0.001,-0.229,-0.061,0.044,-0.002
21606,Deuterium,3085.0,242.0,3200.0,3355.0,3.0,3.0,3.0,3.0,-0.003,2.023,-1.497,4.098,-0.586
21607,Deuterium,3085.0,242.0,3200.0,3355.0,3.0,3.0,3.0,3.0,-0.0,-0.156,-0.508,1.354,-0.166
21608,Deuterium,3085.0,242.0,3200.0,3355.0,3.0,3.0,3.0,3.0,-0.0,0.523,0.61,-1.079,0.36
21609,Deuterium,3085.0,242.0,3200.0,3355.0,3.0,3.0,3.0,3.0,-0.003,-2.47,-0.26,0.618,-0.122
21610,Deuterium,3085.0,242.0,3200.0,3355.0,3.0,3.0,3.0,3.0,0.003,-0.873,0.021,-0.105,0.11
21611,Deuterium,3085.0,242.0,3200.0,3355.0,3.0,3.0,3.0,3.0,0.003,0.425,-0.005,-0.361,-0.046
21612,Deuterium,3085.0,242.0,3200.0,3355.0,3.0,3.0,3.0,3.0,0.001,0.61,-0.556,2.257,-0.066
21613,Deuterium,3085.0,242.0,3200.0,3355.0,3.0,3.0,3.0,3.0,0.001,0.586,0.161,-0.465,0.017
21614,Deuterium,3085.0,242.0,3200.0,3355.0,3.0,3.0,3.0,3.0,0.008,-1.023,-0.125,0.163,-0.016
21615,Deuterium,3085.0,242.0,3200.0,3355.0,3.0,3.0,3.0,3.0,0.008,-0.579,0.039,0.229,0.128
21616,Deuterium,3085.0,242.0,3200.0,3355.0,7.0,3.0,3.0,0.0,-0.001,-1.04,0.254,-0.144,0.224
21617,Deuterium,3085.0,146.0,3200.0,3355.0,7.0,3.0,3.0,0.0,0.0,436.006,-307.762,-164.944,-83.216
21618,Deuterium,3085.0,146.0,3200.0,3355.0,8.0,20.0,22.0,0.0,0.0,436.263,-307.569,-166.555,-82.952
21619,Deuterium,3089.0,146.0,3200.0,3355.0,8.0,20.0,22.0,0.0,0.003,435.242,-307.835,-163.507,-83.402
21620,Deuterium,3087.0,146.0,3200.0,3355.0,8.0,20.0,22.0,0.0,0.0,432.945,-308.358,-164.856,-83.163
21621,Deuterium,3089.0,146.0,3200.0,3355.0,8.0,20.0,22.0,0.0,0.001,431.313,-310.274,-159.906,-83.684
21622,Deuterium,3089.0,146.0,3200.0,3355.0,8.0,20.0,21.0,0.0,0.002,428.464,-307.15,-166.1,-83.054
21623,Deuterium,3089.0,146.0,3200.0,3355.0,8.0,20.0,21.0,0.0,0.001,430.228,-306.573,-165.867,-82.805
21624,Deuterium,3089.0,146.0,3200.0,3355.0,8.0,20.0,21.0,0.0,0.0,428.657,-307.972,-163.425,-83.364
21625,Deuterium,3089.0,146.0,3200.0,3355.0,8.0,20.0,21.0,0.0,0.0,424.614,-307.862,-163.329,-83.598
21626,Deuterium,3089.0,146.0,3200.0,3355.0,8.0,20.0,21.0,0.0,-0.001,425.933,-307.106,-166.368,-83.216
21627,Deuterium,3089.0,146.0,3200.0,3355.0,8.0,20.0,21.0,0.0,-0.0,423.955,-306.279,-162.144,-83.255
21628,Deuterium,3089.0,146.0,3200.0,3355.0,8.0,20.0,21.0,0.0,-0.005,423.4,-306.063,-163.941,-83.595
21629,Deuterium,3087.0,146.0,3200.0,3355.0,7.0,3.0,3.0,3.0,0.002,-0.584,-1.05,2.252,-0.346
21630,Deuterium,3087.0,146.0,3200.0,3355.0,7.0,3.0,3.0,3.0,0.002,424.951,-299.325,-165.662,-83.738
21631,Deuterium,3085.0,146.0,3200.0,3355.0,8.0,20.0,21.0,0.0,-0.001,428.41,-334.881,-165.273,-83.298
21632,Deuterium,3085.0,146.0,3200.0,3355.0,8.0,20.0,22.0,0.0,-0.001,424.704,-337.024,-160.313,-83.38
21633,Deuterium,3085.0,146.0,3200.0,3355.0,8.0,20.0,22.0,0.0,0.004,422.596,-337.429,-163.364,-83.506
21634,Deuterium,3085.0,146.0,3200.0,3355.0,8.0,20.0,22.0,0.0,0.002,423.628,-337.065,-165.056,-83.092
21635,Deuterium,3085.0,146.0,3200.0,3355.0,8.0,20.0,22.0,0.0,-0.001,421.013,-336.203,-164.657,-83.12
21636,Deuterium,3087.0,146.0,3200.0,3355.0,8.0,20.0,22.0,7.0,-0.003,421.456,-336.808,-162.22,-83.666
21637,Deuterium,3087.0,146.0,3200.0,3355.0,8.0,20.0,22.0,7.0,-0.0,418.057,0.672,-166.293,-83.35
21638,Deuterium,3087.0,146.0,3200.0,3355.0,8.0,20.0,22.0,7.0,-0.002,416.522,60.824,-163.685,-83.613
21639,Deuterium,3087.0,146.0,3200.0,3355.0,8.0,20.0,22.0,7.0,0.005,414.067,60.387,-164.554,-83.334
21640,Deuterium,3087.0,146.0,3200.0,3355.0,8.0,20.0,22.0,7.0,0.002,415.058,117.67,-164.07,-83.476
21641,Deuterium,3087.0,146.0,3200.0,3355.0,8.0,20.0,22.0,7.0,0.01,412.249,117.497,-163.98,-83.607
21642,Deuterium,3085.0,146.0,3200.0,3355.0,8.0,20.0,22.0,7.0,0.001,409.648,117.026,-162.998,-83.404
21643,Deuterium,3083.0,146.0,3200.0,3355.0,8.0,20.0,22.0,7.0,-0.001,410.02,117.09,-164.968,-83.74
21644,Deuterium,3081.0,146.0,3200.0,3355.0,8.0,20.0,22.0,7.0,0.001,409.16,118.012,-162.612,-83.509
21645,Deuterium,3079.0,146.0,3200.0,3355.0,8.0,20.0,22.0,7.0,-0.0,408.556,117.546,-162.648,-83.939
21646,Deuterium,3087.0,146.0,3200.0,3355.0,8.0,20.0,22.0,7.0,-0.0,407.242,117.344,-162.531,-83.535
21647,Deuterium,3087.0,146.0,3200.0,3355.0,8.0,20.0,22.0,7.0,-0.001,407.284,116.991,-163.644,-83.261
21648,Deuterium,3087.0,146.0,3200.0,3355.0,8.0,20.0,22.0,7.0,0.001,405.457,60.708,-163.797,-83.341
21649,Deuterium,3087.0,146.0,3200.0,3355.0,8.0,20.0,22.0,7.0,-0.0,402.386,-0.032,-163.308,-83.595
21650,Deuterium,3087.0,146.0,3200.0,3355.0,8.0,20.0,22.0,7.0,-0.0,401.862,-0.342,-163.096,-83.228
21651,Deuterium,3087.0,146.0,3200.0,3355.0,8.0,20.0,22.0,7.0,0.001,400.103,60.273,-162.959,-83.36
21652,Deuterium,3087.0,146.0,3200.0,3355.0,8.0,20.0,22.0,7.0,-0.0,398.855,60.068,-163.68,-83.307
21653,Deuterium,3087.0,146.0,3200.0,3355.0,8.0,20.0,22.0,7.0,-0.008,397.861,60.405,-162.538,-83.524
21654,Deuterium,3087.0,146.0,3200.0,3355.0,8.0,20.0,22.0,7.0,0.0,396.806,61.08,-161.277,-83.833
21655,Deuterium,3087.0,146.0,3200.0,3355.0,8.0,20.0,22.0,7.0,-0.001,395.534,168.653,-163.738,-83.24
21656,Deuterium,3087.0,146.0,3200.0,3355.0,8.0,20.0,22.0,7.0,-0.0,394.641,167.743,-164.199,-82.976
21657,Deuterium,3087.0,146.0,3200.0,3355.0,8.0,20.0,22.0,7.0,0.002,393.66,167.459,-163.32,-83.246
21658,Deuterium,3087.0,146.0,3200.0,3355.0,8.0,20.0,22.0,7.0,0.0,392.237,214.158,-162.203,-83.403
21659,Deuterium,3087.0,146.0,3200.0,3355.0,8.0,20.0,22.0,7.0,0.002,388.818,214.709,-162.673,-83.215
21660,Deuterium,3087.0,146.0,3200.0,3355.0,8.0,20.0,22.0,7.0,0.0,389.227,260.742,-163.547,-83.516
21661,Deuterium,3087.0,146.0,3200.0,3355.0,8.0,20.0,22.0,7.0,-0.002,388.528,258.345,-164.864,-83.385
21662,Deuterium,3087.0,146.0,3200.0,3355.0,8.0,20.0,22.0,7.0,0.001,388.297,256.214,-162.763,-82.412
21663,Deuterium,3087.0,146.0,3200.0,3355.0,3.0,3.0,3.0,3.0,-0.001,1.787,-0.306,-1.076,0.1
21664,Deuterium,3087.0,146.0,3200.0,3355.0,3.0,3.0,3.0,3.0,-0.001,1.0,0.15,0.67,-0.114
21665,Deuterium,3087.0,146.0,3200.0,3355.0,3.0,3.0,3.0,3.0,-0.001,0.174,-0.128,0.078,0.004
21666,Deuterium,3087.0,146.0,3200.0,3355.0,3.0,3.0,3.0,3.0,-0.002,1.655,-0.094,0.207,0.062
21667,Deuterium,3087.0,146.0,3200.0,3355.0,7.0,3.0,3.0,3.0,-0.002,2.588,0.031,0.911,-0.035
21668,Deuterium,3085.0,146.0,3200.0,3355.0,7.0,3.0,3.0,3.0,-0.0,425.695,-337.078,-163.21,-83.603
21669,Deuterium,3085.0,146.0,3200.0,3355.0,8.0,20.0,18.0,0.0,-0.0,426.691,-336.676,-164.528,-83.137
21670,Deuterium,3077.0,146.0,3200.0,3355.0,8.0,20.0,18.0,0.0,-0.002,421.785,-336.994,-164.722,-83.189
21671,Deuterium,3079.0,146.0,3200.0,3355.0,8.0,20.0,18.0,0.0,0.002,418.088,-336.322,-168.813,-82.738
21672,Deuterium,3083.0,146.0,3200.0,3355.0,8.0,20.0,18.0,0.0,-0.0,328.513,-337.148,-164.175,-83.134
21673,Deuterium,3083.0,146.0,3200.0,3355.0,8.0,20.0,18.0,0.0,0.001,326.707,-337.86,-85.171,-45.091
21674,Deuterium,3083.0,146.0,3200.0,3355.0,8.0,20.0,18.5,0.0,0.0,325.51,-337.691,-82.464,-45.24
21675,Deuterium,3083.0,146.0,3200.0,3355.0,8.0,20.0,18.5,0.0,-0.001,323.434,-336.192,-86.729,-44.829
21676,Deuterium,3085.0,146.0,3200.0,3355.0,8.0,20.0,18.5,0.0,-0.004,323.96,-337.203,-85.738,-44.88
21677,Deuterium,3085.0,146.0,3200.0,3355.0,8.0,20.0,18.5,0.0,0.001,320.685,-337.099,-85.188,-45.279
21678,Deuterium,3085.0,146.0,3200.0,3355.0,8.0,20.0,18.5,0.0,-0.0,320.452,-337.201,-84.601,-49.161
21679,Deuterium,3085.0,146.0,3200.0,3355.0,8.0,20.0,18.5,0.0,-0.001,320.4,-336.416,-84.531,-48.989
21680,Deuterium,3087.0,146.0,3200.0,3355.0,8.0,20.0,18.5,0.0,0.002,332.462,-338.357,-83.846,-45.423
21681,Deuterium,3087.0,146.0,3200.0,3355.0,8.0,20.0,18.5,0.0,-0.001,333.539,-336.285,-0.507,-10.487
21682,Deuterium,3087.0,146.0,3200.0,3355.0,8.0,20.0,18.5,0.0,-0.001,331.805,-335.348,-3.64,-10.422
21683,Deuterium,3087.0,146.0,3200.0,3355.0,8.0,20.0,18.5,0.0,-0.0,331.268,-337.269,-0.799,-11.097
21684,Deuterium,3087.0,146.0,3200.0,3355.0,8.0,20.0,18.5,0.0,-0.001,330.622,-336.601,-1.748,-10.697
21685,Deuterium,3087.0,146.0,3200.0,3355.0,8.0,20.0,18.5,0.0,-0.003,327.546,-335.713,-2.06,-10.379
21686,Deuterium,3087.0,146.0,3200.0,3355.0,8.0,20.0,18.5,0.0,0.0,327.747,-337.477,0.322,-10.852
21687,Deuterium,3087.0,146.0,3200.0,3355.0,8.0,20.0,18.5,0.0,-0.002,294.797,-336.274,-3.771,-10.318
21688,Deuterium,3087.0,146.0,3200.0,3355.0,8.0,20.0,18.5,0.0,0.003,293.716,-335.972,-1.948,-10.386
21689,Deuterium,3087.0,146.0,3200.0,3355.0,8.0,20.0,18.5,0.0,0.0,293.872,-336.217,0.329,-10.811
21690,Deuterium,3085.0,146.0,3200.0,3355.0,8.0,20.0,18.5,0.0,-0.004,294.607,-335.777,-3.287,-10.097
21691,Deuterium,3085.0,146.0,3200.0,3355.0,8.0,20.0,18.5,0.0,0.0,250.027,-336.45,-1.045,-10.537
21692,Deuterium,3081.0,146.0,3200.0,3355.0,8.0,20.0,18.5,0.0,-0.002,250.493,-335.645,-1.539,-10.682
21693,Deuterium,3081.0,130.0,3200.0,3355.0,8.0,20.0,18.5,0.0,0.0,250.159,-336.266,-0.005,-10.615
21694,Deuterium,3081.0,130.0,3200.0,3355.0,8.0,20.0,18.5,0.0,-0.0,250.537,-334.746,-0.117,-10.676
21695,Deuterium,3081.0,130.0,3200.0,3355.0,8.0,20.0,18.5,0.0,0.005,249.896,0.38,-1.062,-10.744
21696,Deuterium,3085.0,130.0,3200.0,3355.0,8.0,20.0,18.5,0.0,0.0,248.038,-0.807,0.713,-10.807
21697,Deuterium,3085.0,130.0,3200.0,3355.0,8.0,20.0,18.5,0.0,-0.002,249.366,-0.098,-0.864,-10.376
21698,Deuterium,3085.0,130.0,3200.0,3355.0,8.0,20.0,18.5,0.0,-0.001,245.49,0.895,-165.438,-82.675
21699,Deuterium,3085.0,130.0,3200.0,3355.0,8.0,20.0,18.5,0.0,-0.002,247.34,0.245,-1.66,-10.332
21700,Deuterium,3085.0,130.0,3200.0,3355.0,3.0,3.0,3.0,3.0,-0.008,251.196,0.007,0.363,-10.369
21701,Deuterium,3085.0,130.0,3200.0,3355.0,7.0,3.0,3.0,3.0,-0.001,-1.415,-0.603,2.451,-0.118
21702,Deuterium,3085.0,130.0,3200.0,3355.0,8.0,20.0,18.5,0.0,-0.001,251.17,0.112,-1.117,-10.475
21703,Deuterium,3085.0,130.0,3200.0,3355.0,8.0,20.0,18.5,0.0,-0.002,250.9,-0.104,0.467,-10.49
21704,Deuterium,3087.0,130.0,3200.0,3355.0,8.0,20.0,18.5,0.0,0.0,251.021,0.097,-2.048,-10.535
21705,Deuterium,3087.0,130.0,3200.0,3355.0,8.0,20.0,18.5,0.0,-0.005,249.8,0.783,-2.642,-10.043
21706,Deuterium,3087.0,130.0,3200.0,3355.0,8.0,20.0,18.5,0.0,-0.001,249.724,-0.574,0.718,-11.01
21707,Helium,3069.0,130.0,3200.0,3355.0,8.0,20.0,18.5,0.0,0.001,249.562,0.435,-1.734,-10.48
21708,Helium,3055.0,146.0,3200.0,3355.0,8.0,20.0,18.5,0.0,0.0,249.7,-0.592,0.747,-10.589
21709,Helium,3057.0,146.0,3200.0,3355.0,8.0,20.0,18.5,0.0,-0.0,250.248,-0.206,-0.92,-10.434
21710,Helium,3057.0,146.0,3200.0,3355.0,8.0,20.0,18.5,0.0,-0.002,250.419,-0.53,0.575,-10.488
21711,Helium,3057.0,146.0,3200.0,3355.0,8.0,20.0,18.5,0.0,-0.003,249.009,-0.65,1.271,-10.982
21712,Helium,3059.0,146.0,3200.0,3355.0,8.0,20.0,18.5,0.0,0.002,245.85,0.377,-1.845,-10.269
21713,Helium,3059.0,146.0,3200.0,3355.0,8.0,20.0,18.5,0.0,0.001,247.846,-0.105,1.169,-10.545
21714,Helium,3061.0,151.0,3200.0,3355.0,8.0,20.0,18.5,0.0,0.0,247.661,0.219,-1.921,-10.712
21715,Helium,3045.0,151.0,3200.0,3355.0,8.0,20.0,18.5,0.0,-0.002,249.512,0.054,-0.847,-10.517
21716,Helium,3047.0,151.0,3200.0,3355.0,8.0,20.0,18.5,0.0,0.001,247.802,0.251,-1.414,-10.545
21717,Helium,3047.0,151.0,3200.0,3355.0,8.0,20.0,18.5,0.0,-0.001,247.358,-0.443,1.191,-10.659
21718,Helium,3049.0,151.0,3200.0,3355.0,8.0,20.0,18.5,0.0,-0.0,247.296,0.12,-1.278,-10.511
21719,Helium,3051.0,151.0,3200.0,3355.0,8.0,20.0,18.5,0.0,0.007,246.314,-0.275,0.75,-10.652
21720,Helium,3051.0,151.0,3200.0,3355.0,8.0,20.0,18.5,0.0,-0.002,247.281,-0.215,0.341,-10.412
21721,Helium,3051.0,151.0,3200.0,3355.0,8.0,20.0,18.5,0.0,-0.003,246.92,-214.266,1.461,-10.444
21722,Helium,3051.0,151.0,3200.0,3355.0,8.0,20.0,18.5,0.0,-0.0,245.164,-215.323,0.248,-10.376
21723,Helium,3049.0,151.0,3200.0,3355.0,8.0,20.0,18.5,0.0,0.002,243.364,-214.168,-3.075,-10.268
21724,Helium,3047.0,151.0,3200.0,3355.0,8.0,20.0,18.5,0.0,-0.001,245.322,-215.022,1.388,-10.635
21725,Helium,3047.0,151.0,3200.0,3355.0,8.0,20.0,18.5,0.0,0.001,244.244,-214.018,0.91,-10.536
21726,Helium,3047.0,151.0,3200.0,3355.0,8.0,20.0,18.5,0.0,-0.002,245.681,-213.507,-0.862,-10.49
21727,Helium,3051.0,151.0,3200.0,3355.0,8.0,20.0,18.5,0.0,-0.0,244.737,-213.733,-0.864,-10.541
21728,Helium,3051.0,151.0,3200.0,3355.0,8.0,20.0,18.5,0.0,-0.002,245.088,-214.625,-1.096,-10.617
21729,Helium,3051.0,151.0,3200.0,3355.0,8.0,20.0,18.5,0.0,-0.006,245.137,0.688,-1.953,-10.384
21730,Helium,3051.0,151.0,3200.0,3355.0,8.0,20.0,19.5,0.0,0.003,244.416,-0.009,-1.09,-10.627
21731,Helium,3051.0,151.0,3200.0,3355.0,8.0,20.0,20.0,0.0,-0.0,242.611,0.094,-0.952,-10.696
21732,Helium,3051.0,151.0,3200.0,3355.0,5.0,3.0,3.0,3.0,0.002,-1.698,0.52,-0.345,0.116
21733,Deuterium,3091.0,242.0,3200.0,3355.0,5.0,3.0,3.0,3.0,-0.003,0.902,-0.117,-0.149,-0.092
21734,Deuterium,3091.0,242.0,3200.0,3355.0,7.0,3.0,3.0,3.0,0.001,-1.889,-0.219,0.585,-0.053
21735,Helium,3051.0,242.0,3200.0,3355.0,7.0,3.0,3.0,3.0,0.001,256.668,-213.94,-163.872,-83.046
21736,Helium,3051.0,151.0,3200.0,3355.0,8.0,20.0,19.5,0.0,-0.002,258.802,-214.424,-0.947,-10.585
21737,Helium,3053.0,151.0,3200.0,3355.0,8.0,20.0,19.5,0.0,0.004,253.611,-214.897,-1.67,-10.516
21738,Helium,3053.0,151.0,3200.0,3355.0,8.0,20.0,19.5,0.0,-0.001,255.79,0.193,-1.358,-10.74
21739,Helium,3053.0,151.0,3200.0,3355.0,8.0,20.0,19.5,0.0,-0.0,257.126,0.127,-2.038,-10.452
21740,Helium,3055.0,151.0,3200.0,3355.0,8.0,20.0,19.5,0.0,-0.0,256.144,0.465,-1.059,-10.359
21741,Helium,3055.0,151.0,3200.0,3355.0,8.0,20.0,20.0,0.0,0.004,255.538,-0.068,-1.522,-10.678
21742,Helium,3055.0,151.0,3200.0,3355.0,8.0,20.0,21.0,0.0,-0.0,255.767,-0.01,-1.2,-10.456
21743,Helium,3055.0,151.0,3200.0,3355.0,8.0,20.0,21.0,0.0,0.0,254.738,0.424,-1.266,-10.324
21744,Helium,3055.0,151.0,3200.0,3355.0,8.0,20.0,21.0,0.0,0.001,253.968,-0.081,-1.037,-10.666
21745,Helium,3055.0,151.0,3200.0,3355.0,8.0,20.0,21.0,0.0,0.0,254.437,0.198,-0.981,-10.529
21746,Helium,3055.0,151.0,3200.0,3355.0,8.0,20.0,21.0,0.0,0.0,254.014,0.188,-3.981,-10.436
21747,Helium,3055.0,151.0,3200.0,3355.0,8.0,20.0,21.0,0.0,-0.0,252.952,0.573,-2.605,-10.059
21748,Helium,3055.0,151.0,3200.0,3355.0,3.0,3.0,3.0,3.0,-0.001,255.411,0.573,-3.277,-10.227
21749,Helium,3055.0,151.0,3200.0,3355.0,7.0,3.0,3.0,3.0,-0.003,1.506,-0.428,1.534,-0.382
21750,Helium,3085.0,130.0,3200.0,3355.0,8.0,20.0,18.5,0.0,0.001,256.58,-0.079,-0.353,-10.587
21751,Helium,3085.0,130.0,3200.0,3355.0,8.0,20.0,18.5,0.0,0.001,254.427,0.665,-5.146,-10.478
21752,Deuterium,3085.0,130.0,3200.0,3355.0,8.0,20.0,18.5,0.0,-0.002,256.013,0.091,0.524,-10.69
21753,Helium,3055.0,151.0,3200.0,3355.0,8.0,20.0,21.0,0.0,0.001,254.805,0.386,-2.22,-10.746
21754,Helium,3055.0,151.0,3200.0,3355.0,8.0,20.0,21.0,0.0,-0.003,256.266,0.093,-1.952,-10.903
21755,Helium,3055.0,151.0,3200.0,3355.0,8.0,20.0,21.0,0.0,-0.002,256.041,-0.04,-1.293,-10.374
21756,Helium,3055.0,151.0,3200.0,3355.0,8.0,20.0,21.0,0.0,0.0,254.551,0.013,-0.725,-10.477
21757,Helium,3055.0,151.0,3200.0,3355.0,8.0,20.0,21.0,0.0,-0.001,254.899,0.126,-0.91,-10.702
21758,Helium,3055.0,151.0,3200.0,3355.0,8.0,20.0,21.0,0.0,-0.0,254.509,-0.453,0.628,-10.529
21759,Helium,3055.0,151.0,3200.0,3355.0,8.0,20.0,21.0,0.0,-0.003,253.059,0.324,-0.708,-10.48
21760,Helium,3055.0,151.0,3200.0,3355.0,8.0,20.0,21.0,0.0,-0.003,253.555,-0.113,-47.915,-30.846
21761,Helium,3055.0,151.0,3200.0,3355.0,8.0,20.0,21.0,0.0,0.001,252.352,0.391,-48.285,-30.499
21762,Helium,3055.0,151.0,3200.0,3355.0,8.0,20.0,21.0,0.0,0.002,251.876,0.197,-0.635,-10.478
21763,Helium,3055.0,151.0,3200.0,3355.0,8.0,20.0,21.0,0.0,0.0,252.054,-0.082,-0.687,-10.454
21764,Helium,3055.0,151.0,3200.0,3355.0,8.0,20.0,21.0,0.0,0.0,252.664,0.047,-84.353,-44.804
21765,Helium,3055.0,151.0,3200.0,3355.0,8.0,20.0,21.0,0.0,0.0,251.047,-0.377,-85.039,-45.218
21766,Helium,3055.0,151.0,3200.0,3355.0,8.0,20.0,22.0,0.0,0.001,250.41,-0.004,-84.662,-44.91
21767,Helium,3055.0,151.0,3200.0,3355.0,8.0,20.0,22.0,0.0,0.005,249.586,-0.247,-83.761,-44.868
21768,Helium,3055.0,151.0,3200.0,3355.0,8.0,20.0,22.0,0.0,0.006,251.183,0.682,-86.534,-44.69
21769,Helium,3055.0,151.0,3200.0,3355.0,8.0,20.0,22.0,0.0,-0.002,252.87,0.001,-83.657,-44.886
21770,Helium,3055.0,151.0,3200.0,3355.0,8.0,20.0,22.0,0.0,0.01,249.758,0.373,-1.69,-10.805
21771,Helium,3055.0,151.0,3200.0,3355.0,8.0,20.0,22.0,0.0,0.005,250.054,-0.028,-1.427,-10.538
21772,Helium,3055.0,151.0,3200.0,3355.0,8.0,20.0,22.0,0.0,-0.001,249.731,-0.057,-0.321,-10.604
21773,Helium,3055.0,151.0,3200.0,3355.0,8.0,20.0,22.0,0.0,-0.002,251.513,-0.131,-0.499,-10.647
21774,Helium,3055.0,151.0,3200.0,3355.0,8.0,20.0,22.0,0.0,0.002,248.279,0.435,-1.347,-10.448
21775,Helium,3055.0,151.0,3200.0,3355.0,8.0,20.0,22.0,0.0,0.007,248.862,-0.192,0.277,-10.726
21776,Helium,3055.0,151.0,3200.0,3355.0,8.0,20.0,22.0,0.0,0.001,247.637,0.224,-1.499,-10.597
21777,Helium,3055.0,151.0,3200.0,3355.0,8.0,20.0,22.0,0.0,0.001,248.548,0.591,-1.928,-10.362
21778,Helium,3055.0,151.0,3200.0,3355.0,8.0,20.0,22.0,0.0,-0.003,249.029,-0.057,-1.013,-10.61
21779,Helium,3055.0,151.0,3200.0,3355.0,8.0,20.0,22.0,0.0,0.003,246.879,0.043,-0.645,-10.617
21780,Helium,3055.0,151.0,3200.0,3355.0,8.0,20.0,22.0,0.0,0.0,248.178,0.23,-0.631,-10.428
21781,Helium,3055.0,151.0,3200.0,3355.0,8.0,20.0,22.0,0.0,0.0,247.679,-0.353,-0.041,-10.564
21782,Helium,3055.0,151.0,3200.0,3355.0,8.0,20.0,22.0,0.0,0.0,246.57,0.117,-1.42,-10.798
21783,Helium,3055.0,151.0,3200.0,3355.0,8.0,20.0,22.0,0.0,0.002,247.579,-0.677,0.842,-11.054
21784,Helium,3055.0,151.0,3200.0,3355.0,8.0,20.0,22.0,0.0,0.0,246.65,1.068,-3.852,-10.539
21785,Helium,3055.0,151.0,3200.0,3355.0,8.0,20.0,22.0,0.0,-0.001,248.432,-0.175,-0.499,-10.902
21786,Helium,3055.0,151.0,3200.0,3355.0,3.0,3.0,3.0,3.0,0.0,249.664,-212.627,-86.863,-44.897
21787,Helium,3055.0,151.0,3200.0,3355.0,3.0,3.0,3.0,3.0,0.001,0.132,0.227,0.961,0.117
21788,Deuterium,3085.0,130.0,3200.0,3355.0,3.0,3.0,3.0,3.0,0.004,-0.735,0.351,-0.083,0.163
21789,Deuterium,3085.0,130.0,3200.0,3355.0,3.0,3.0,3.0,3.0,-0.002,0.305,-0.053,0.104,-0.087
21790,Deuterium,3085.0,130.0,3200.0,3355.0,8.0,20.0,18.5,0.0,0.001,249.506,0.043,-1.076,-10.397
21791,Deuterium,3085.0,130.0,3200.0,3355.0,8.0,20.0,18.5,0.0,-0.002,251.099,0.069,-0.229,-10.433
21792,Deuterium,3085.0,130.0,3200.0,3355.0,8.0,20.0,18.5,0.0,-0.003,252.958,1.084,-165.525,-82.6
21793,Deuterium,3085.0,130.0,3200.0,3355.0,8.0,20.0,18.5,0.0,0.003,250.365,-0.249,-163.878,-83.262
21794,Helium,3051.0,151.0,3200.0,3355.0,8.0,20.0,22.0,0.0,-0.002,250.593,0.861,-3.228,-10.289
21795,Helium,3051.0,151.0,3200.0,3355.0,8.0,20.0,22.0,0.0,-0.007,250.811,0.08,-0.314,-10.671
21796,Helium,3051.0,151.0,3200.0,3355.0,8.0,20.0,22.0,0.0,0.001,249.622,0.041,-1.212,-10.527
21797,Helium,3055.0,151.0,3200.0,3355.0,8.0,20.0,22.0,0.0,0.005,249.688,-0.195,-0.587,-10.894
21798,Helium,3105.0,151.0,3200.0,3355.0,8.0,20.0,22.0,0.0,-0.001,247.877,0.011,-2.035,-10.931
21799,Helium,3055.0,151.0,3200.0,3355.0,8.0,20.0,22.0,0.0,-0.001,250.624,0.01,-0.703,-10.683
21800,Helium,3055.0,151.0,3200.0,3355.0,8.0,20.0,18.0,0.0,0.001,247.78,0.289,-1.495,-10.374
21801,Helium,3055.0,151.0,3200.0,3355.0,8.0,20.0,18.0,0.0,-0.0,249.464,1.16,-5.04,-10.017
21802,Deuterium,3085.0,130.0,3200.0,3355.0,8.0,20.0,18.5,0.0,0.001,251.092,-0.389,-0.991,-10.856
21803,Deuterium,3087.0,130.0,3200.0,3355.0,8.0,20.0,18.5,0.0,-0.001,247.924,0.188,-1.09,-10.336
21804,Deuterium,3085.0,130.0,3200.0,3355.0,8.0,20.0,19.0,0.0,-0.003,248.833,-0.173,-1.902,-10.843
21805,Deuterium,3085.0,130.0,3200.0,3355.0,8.0,20.0,19.0,0.0,0.0,247.695,-0.182,-0.745,-10.743
21806,Deuterium,3085.0,130.0,3200.0,3355.0,8.0,20.0,18.5,0.0,-0.0,204.277,-0.197,-0.523,-10.73
21807,Deuterium,3085.0,130.0,3200.0,3355.0,8.0,20.0,18.5,0.0,-0.004,204.5,-0.413,-0.012,-10.549
21808,Deuterium,3085.0,130.0,3200.0,3355.0,3.0,3.0,3.0,3.0,-0.001,208.46,-215.2,-84.565,-45.213
21809,Deuterium,3085.0,130.0,3200.0,3355.0,7.0,0.0,0.0,0.0,0.002,-1.967,-0.54,2.008,-0.054
21810,Deuterium,3085.0,130.0,3200.0,3355.0,0.0,0.0,0.0,0.0,-0.001,-1.219,0.14,-0.176,0.102
21811,Deuterium,3085.0,130.0,3200.0,3355.0,0.0,0.0,0.0,0.0,0.0,-0.024,-0.143,0.709,-0.043
21812,Deuterium,3085.0,130.0,3200.0,3355.0,0.0,0.0,0.0,0.0,-0.0,0.586,0.085,0.156,0.0
21813,Deuterium,3085.0,130.0,3200.0,3355.0,0.0,0.0,0.0,0.0,0.0,0.301,0.022,0.392,0.015
21814,Deuterium,3085.0,130.0,3200.0,3355.0,0.0,0.0,0.0,0.0,0.0,0.103,0.123,-0.007,0.087
21815,Deuterium,3085.0,130.0,3200.0,3355.0,0.0,0.0,0.0,0.0,0.002,-2.228,-0.584,2.707,-0.186
21816,Deuterium,3085.0,130.0,3200.0,3355.0,0.0,0.0,0.0,0.0,0.001,-0.577,-1.592,4.628,-0.713
21817,Deuterium,3085.0,130.0,3200.0,3355.0,0.0,0.0,0.0,0.0,-0.0,-2.261,0.065,-0.19,-0.029
21818,Deuterium,3085.0,130.0,3200.0,3355.0,0.0,0.0,0.0,0.0,0.001,-1.874,-0.124,0.307,-0.204
21819,Deuterium,3085.0,130.0,3200.0,3355.0,0.0,0.0,0.0,0.0,-0.0,2.334,0.033,-0.048,-0.054
21820,Deuterium,3085.0,130.0,3200.0,3355.0,0.0,0.0,0.0,0.0,0.0,0.512,-0.259,0.781,-0.126
21821,Deuterium,3085.0,130.0,3200.0,3355.0,0.0,0.0,0.0,0.0,0.0,0.234,-0.395,0.631,-0.218
21822,Deuterium,3085.0,130.0,3200.0,3355.0,0.0,0.0,0.0,0.0,-0.001,0.468,0.269,-0.456,0.098
21823,Deuterium,3085.0,130.0,3200.0,3355.0,0.0,0.0,0.0,0.0,0.002,0.394,0.387,-0.932,0.124
21824,Deuterium,3085.0,130.0,3200.0,3355.0,0.0,0.0,0.0,0.0,0.002,0.463,0.025,-0.305,0.018
21825,Deuterium,3085.0,130.0,3200.0,3355.0,0.0,0.0,0.0,0.0,0.0,-0.178,0.631,-0.733,0.276
21826,Deuterium,3085.0,130.0,3200.0,3355.0,0.0,0.0,0.0,0.0,0.001,-0.604,-0.468,0.74,-0.214
21827,Deuterium,3085.0,130.0,3200.0,3355.0,0.0,0.0,0.0,0.0,-0.0,0.425,0.068,0.694,-0.018
21828,Deuterium,3085.0,130.0,3200.0,3355.0,0.0,0.0,0.0,0.0,0.003,-1.835,0.214,-0.618,0.144
21829,Deuterium,3085.0,130.0,3200.0,3355.0,0.0,0.0,0.0,0.0,0.001,0.265,-0.529,1.524,-0.205
21830,Deuterium,3085.0,130.0,3200.0,3355.0,0.0,0.0,0.0,0.0,0.001,0.185,-0.006,0.012,0.051
21831,Deuterium,3085.0,130.0,3200.0,3355.0,0.0,0.0,0.0,0.0,-0.001,0.259,-0.393,-0.635,-0.142
21832,Deuterium,3085.0,130.0,3200.0,3355.0,0.0,0.0,0.0,0.0,0.001,-0.628,0.046,0.071,0.042
21833,Deuterium,3085.0,130.0,3200.0,3355.0,0.0,0.0,0.0,0.0,0.0,0.26,0.743,-2.031,0.331
21834,Deuterium,3085.0,130.0,3200.0,3355.0,0.0,0.0,0.0,0.0,0.0,-0.015,0.158,-0.608,0.133
21835,Deuterium,3085.0,130.0,3200.0,3355.0,0.0,0.0,0.0,0.0,0.001,1.196,0.299,-0.694,0.023
21836,Deuterium,3085.0,130.0,3200.0,3355.0,0.0,0.0,0.0,0.0,0.001,4.996,-215.484,2.878,-0.416
21837,Deuterium,3085.0,130.0,3200.0,3355.0,0.0,0.0,0.0,0.0,0.003,-6.93,0.027,0.854,0.008
21838,Deuterium,3085.0,130.0,3200.0,3355.0,0.0,0.0,0.0,0.0,0.004,-2.657,0.384,0.263,0.022
21839,Deuterium,3085.0,130.0,3200.0,3355.0,0.0,0.0,0.0,0.0,-0.001,71.79,-0.328,2.362,-0.17
21840,Deuterium,3085.0,130.0,3200.0,3355.0,0.0,0.0,0.0,0.0,-0.002,39.127,0.067,-0.636,-0.115
21841,Deuterium,3085.0,130.0,3200.0,3355.0,0.0,0.0,0.0,0.0,0.001,5.408,0.346,-1.855,0.293
21842,Deuterium,3085.0,130.0,3200.0,3355.0,0.0,0.0,0.0,0.0,-0.0,-0.118,-0.118,0.394,0.102
21843,Deuterium,3085.0,130.0,3200.0,3355.0,0.0,0.0,0.0,0.0,-0.0,-0.151,0.536,-1.835,0.29
21844,Deuterium,3085.0,130.0,3200.0,3355.0,8.0,20.0,18.5,0.0,-0.0,-0.405,0.238,-0.406,0.114
21845,Deuterium,3085.0,130.0,3200.0,3355.0,8.0,20.0,18.5,0.0,-0.0,1.252,0.029,-0.28,0.024
21846,Deuterium,3085.0,130.0,3200.0,3355.0,5.0,3.0,3.0,3.0,-0.0,-0.365,-213.446,-83.749,-45.036
21847,Deuterium,3085.0,130.0,3200.0,3355.0,5.0,3.0,3.0,3.0,0.002,-1.098,0.633,-1.661,0.31
21848,Deuterium,3085.0,130.0,3200.0,3355.0,5.0,3.0,3.0,3.0,0.001,320.42,0.281,-0.209,-0.735
21849,Deuterium,3085.0,130.0,3200.0,3355.0,5.0,3.0,3.0,0.0,0.001,0.889,0.759,-1.482,0.212
21850,Deuterium,3085.0,130.0,3200.0,3355.0,5.0,3.0,3.0,0.0,-0.001,0.515,0.233,0.051,-0.571
21851,Deuterium,3085.0,130.0,3200.0,3355.0,7.0,3.0,3.0,0.0,0.0,226.842,-0.133,-0.716,-0.888
21852,Deuterium,3081.0,130.0,3200.0,3355.0,7.0,20.0,14.0,0.0,-0.001,227.549,0.903,-2.401,-10.352
21853,Deuterium,3061.0,130.0,3200.0,3355.0,7.0,20.0,14.0,0.0,0.003,226.972,-0.403,0.633,-10.856
21854,Deuterium,3075.0,130.0,3200.0,3355.0,7.0,20.0,15.0,0.0,-0.001,227.894,-0.053,-1.731,-10.699
21855,Deuterium,3075.0,130.0,3200.0,3355.0,7.0,20.0,15.0,0.0,0.002,225.238,-0.226,-0.626,-10.614
21856,Deuterium,3075.0,130.0,3200.0,3355.0,7.0,20.0,15.0,0.0,0.0,224.953,-0.048,-0.122,-10.503
21857,Deuterium,3075.0,130.0,3200.0,3355.0,7.0,20.0,16.0,0.0,-0.0,223.303,0.001,-1.227,-10.537
21858,Deuterium,3071.0,130.0,3200.0,3355.0,7.0,20.0,16.0,0.0,-0.001,225.366,0.218,-1.857,-10.341
21859,Deuterium,3079.0,130.0,3200.0,3355.0,7.0,20.0,16.0,0.0,-0.0,224.181,0.111,-1.947,-10.39
21860,Deuterium,3083.0,133.0,3200.0,3355.0,7.0,20.0,16.0,0.0,-0.003,224.497,-0.164,0.132,-10.815
21861,Deuterium,3079.0,120.0,3200.0,3355.0,7.0,20.0,16.0,0.0,0.005,220.425,0.459,-1.488,-10.462
21862,Deuterium,3081.0,120.0,3200.0,3355.0,7.0,20.0,16.5,0.0,0.001,222.617,0.458,-2.149,-10.26
21863,Deuterium,3081.0,120.0,3200.0,3355.0,8.0,20.0,16.5,0.0,0.0,224.161,0.353,-2.445,-10.368
21864,Deuterium,3081.0,120.0,3200.0,3355.0,7.0,3.0,0.0,0.0,0.002,-1.051,0.121,-0.122,0.004
21865,Deuterium,3081.0,120.0,3200.0,3355.0,7.0,3.0,0.0,0.0,-0.006,220.719,0.064,-0.414,0.246
21866,Deuterium,3081.0,120.0,3200.0,3355.0,8.0,20.0,16.5,0.0,-0.0,222.886,0.35,-0.365,-0.089
21867,Deuterium,3081.0,120.0,3200.0,3355.0,8.0,20.0,16.5,0.0,-0.002,222.744,-0.021,0.165,0.003
21868,Deuterium,3081.0,120.0,3200.0,3355.0,8.0,20.0,16.5,0.0,0.001,172.026,-0.754,1.466,-0.226
21869,Deuterium,3081.0,120.0,3200.0,3355.0,8.0,20.0,16.5,0.0,0.0,171.008,-1.019,2.975,-0.104
21870,Deuterium,3079.0,120.0,3200.0,3355.0,8.0,20.0,16.8,0.0,-0.001,171.452,0.742,-2.498,0.12
21871,Deuterium,3077.0,120.0,3200.0,3355.0,8.0,20.0,17.0,0.0,-0.0,171.445,-0.712,2.201,-0.186
21872,Deuterium,3081.0,120.0,3200.0,3355.0,8.0,20.0,17.0,0.0,-0.001,171.046,0.057,-1.003,-0.013
21873,Deuterium,3083.0,120.0,3200.0,3355.0,8.0,20.0,17.3,0.0,0.005,169.705,-0.157,0.477,0.004
21874,Deuterium,3083.0,120.0,3200.0,3355.0,8.0,20.0,17.3,0.0,0.001,170.904,-0.428,1.336,-0.051
21875,Deuterium,3085.0,120.0,3200.0,3355.0,8.0,20.0,17.3,0.0,-0.002,167.527,0.291,-0.961,0.051
21876,Deuterium,3085.0,120.0,3200.0,3355.0,8.0,20.0,17.5,0.0,-0.001,170.436,-0.028,0.64,-0.074
21877,Deuterium,3085.0,120.0,3200.0,3355.0,8.0,20.0,17.5,0.0,-0.0,170.879,-0.142,0.964,-0.055
21878,Deuterium,3085.0,120.0,3200.0,3355.0,8.0,20.0,17.5,0.0,0.002,167.257,-0.005,0.012,-0.055
21879,Deuterium,3087.0,120.0,3200.0,3355.0,8.0,20.0,17.7,0.0,-0.0,169.3,0.213,-0.489,0.162
21880,Deuterium,3089.0,120.0,3200.0,3355.0,8.0,20.0,18.0,0.0,-0.002,168.07,-0.455,2.366,0.11
21881,Deuterium,3089.0,120.0,3200.0,3355.0,8.0,20.0,18.0,0.0,0.0,182.886,0.223,-0.514,-0.35
21882,Deuterium,3089.0,120.0,3200.0,3355.0,8.0,20.0,18.0,0.0,-0.001,182.935,-0.177,0.339,0.193
21883,Deuterium,3069.0,120.0,3200.0,3355.0,8.0,20.0,18.0,0.0,-0.002,182.129,0.384,-1.342,0.156
21884,Deuterium,3079.0,120.0,3200.0,3355.0,8.0,20.0,18.0,0.0,0.001,184.521,1.249,-3.112,0.565
21885,Deuterium,3083.0,120.0,3200.0,3355.0,8.0,20.0,18.0,0.0,0.0,182.186,-0.01,0.837,0.278
21886,Deuterium,3083.0,120.0,3200.0,3355.0,8.0,20.0,18.0,0.0,0.001,182.129,-0.169,0.794,0.034
21887,Deuterium,3083.0,120.0,3200.0,3355.0,8.0,20.0,18.0,0.0,0.0,156.433,-0.188,0.387,0.173
21888,Deuterium,3083.0,120.0,3200.0,3355.0,8.0,20.0,18.0,0.0,0.001,159.539,-0.61,1.78,-0.029
21889,Deuterium,3083.0,120.0,3200.0,3355.0,8.0,20.0,18.0,0.0,-0.002,156.732,0.093,0.017,0.123
21890,Deuterium,3083.0,120.0,3200.0,3355.0,8.0,20.0,18.3,0.0,0.001,157.048,-0.665,1.505,-0.325
21891,Deuterium,3083.0,120.0,3200.0,3355.0,8.0,20.0,18.3,0.0,-0.0,156.618,-0.157,0.479,-0.143
21892,Deuterium,3083.0,124.0,3200.0,3355.0,8.0,20.0,18.3,0.0,0.001,156.797,-0.074,0.126,0.303
21893,Deuterium,3083.0,124.0,3200.0,3355.0,8.0,20.0,18.3,0.0,-0.0,156.819,-0.684,2.201,-0.074
21894,Deuterium,3083.0,130.0,3200.0,3355.0,8.0,20.0,18.5,0.0,0.003,155.44,-0.425,0.356,0.117
21895,Deuterium,3083.0,130.0,3200.0,3355.0,8.0,20.0,18.5,0.0,-0.001,157.227,-0.121,0.826,-0.034
21896,Deuterium,3083.0,134.0,3200.0,3355.0,8.0,20.0,18.7,0.0,-0.001,155.917,0.789,-1.682,0.045
21897,Deuterium,3083.0,134.0,3200.0,3355.0,8.0,20.0,18.7,0.0,0.001,155.658,-0.046,1.176,0.259
21898,Deuterium,3081.0,134.0,3200.0,3355.0,8.0,20.0,18.7,0.0,-0.001,158.244,0.116,0.012,-0.08
21899,Deuterium,3085.0,134.0,3200.0,3355.0,8.0,20.0,18.7,0.0,-0.002,155.886,0.1,-0.738,0.328
21900,Deuterium,3083.0,140.0,3200.0,3355.0,8.0,20.0,19.0,0.0,-0.001,156.173,-0.055,0.55,-0.114
21901,Deuterium,3083.0,140.0,3200.0,3355.0,8.0,20.0,19.0,0.0,-0.001,156.046,-0.203,0.394,0.258
21902,Deuterium,3083.0,140.0,3200.0,3355.0,8.0,20.0,19.0,0.0,-0.004,158.309,0.112,-0.227,0.118
21903,Deuterium,3083.0,130.0,3200.0,3355.0,8.0,20.0,19.0,0.0,0.006,113.715,0.226,-1.522,0.426
21904,Deuterium,3079.0,130.0,3200.0,3355.0,8.0,20.0,19.0,0.0,-0.0,116.094,0.039,0.368,-0.341
21905,Deuterium,3075.0,130.0,3200.0,3355.0,8.0,20.0,19.0,0.0,-0.002,116.585,-0.611,1.731,-0.428
21906,Deuterium,3075.0,130.0,3200.0,3355.0,3.0,3.0,3.0,0.0,-0.0,217.464,-210.455,-84.907,-45.159
21907,Deuterium,3075.0,130.0,3200.0,3355.0,7.0,20.0,19.0,0.0,0.001,1.127,0.352,-0.487,0.157
21908,Deuterium,3075.0,130.0,3200.0,3355.0,8.0,20.0,19.0,0.0,-0.003,263.709,-210.722,-84.616,-45.297
21909,Deuterium,3079.0,110.0,3200.0,3355.0,8.0,20.0,19.0,0.0,-0.005,268.006,-210.883,-84.947,-45.047
21910,Deuterium,3079.0,110.0,3200.0,3355.0,8.0,20.0,19.0,0.0,-0.0,265.831,-210.22,-85.073,-45.21
21911,Deuterium,3085.0,110.0,3200.0,3355.0,8.0,20.0,19.0,0.0,0.0,266.865,-211.137,-82.826,-45.418
21912,Deuterium,3081.0,120.0,3200.0,3355.0,8.0,20.0,18.5,0.0,0.0,266.308,-210.639,1.344,-10.85
21913,Deuterium,3081.0,120.0,3200.0,3355.0,8.0,20.0,18.5,0.0,-0.001,265.629,-0.068,-0.932,-10.464
21914,Deuterium,3083.0,120.0,3200.0,3355.0,8.0,20.0,18.5,0.0,-0.0,264.041,-0.749,1.115,-10.782
21915,Deuterium,3085.0,120.0,3200.0,3355.0,8.0,20.0,18.5,0.0,-0.0,262.559,0.341,-1.227,-9.979
21916,Deuterium,3085.0,120.0,3200.0,3355.0,8.0,20.0,18.0,0.0,0.001,263.426,-0.286,-0.767,-10.8
21917,Deuterium,3083.0,115.0,3200.0,3355.0,8.0,20.0,18.5,0.0,0.003,263.548,0.808,-3.942,-10.343
21918,Deuterium,3083.0,115.0,3200.0,3355.0,8.0,20.0,16.0,0.0,-0.0,264.384,0.369,-1.67,-10.622
21919,Deuterium,3083.0,115.0,3200.0,3355.0,8.0,20.0,14.0,0.0,-0.0,264.21,-0.145,-0.535,-10.888
21920,Deuterium,3083.0,115.0,3200.0,3355.0,8.0,20.0,14.0,0.0,-0.002,264.51,-0.387,-0.16,-10.557
21921,Deuterium,3081.0,115.0,3200.0,3355.0,8.0,20.0,14.2,0.0,0.001,261.864,0.105,-1.682,-10.477
21922,Deuterium,3081.0,115.0,3200.0,3355.0,8.0,20.0,14.6,0.0,0.001,259.708,-209.845,0.368,-10.358
21923,Deuterium,3083.0,115.0,3200.0,3355.0,8.0,20.0,14.0,0.0,0.003,258.891,-210.313,-1.071,-10.67
21924,Deuterium,3083.0,115.0,3200.0,3355.0,8.0,20.0,14.0,0.0,0.001,262.076,-209.878,-82.592,-44.587
21925,Deuterium,3083.0,115.0,3200.0,3355.0,8.0,20.0,14.0,0.0,-0.003,261.131,-209.545,-84.981,-44.849
21926,Deuterium,3083.0,115.0,3200.0,3355.0,8.0,20.0,14.0,0.0,0.001,306.54,-210.04,-83.863,-45.1
21927,Deuterium,3083.0,115.0,3200.0,3355.0,8.0,20.0,14.2,0.0,0.0,304.747,-208.943,-84.835,-44.724
21928,Deuterium,3083.0,115.0,3200.0,3355.0,8.0,20.0,14.4,0.0,-0.001,305.516,-209.462,-83.858,-44.969
21929,Deuterium,3083.0,115.0,3200.0,3355.0,8.0,20.0,14.6,0.0,-0.001,305.211,-209.682,-84.642,-45.05
21930,Deuterium,3083.0,115.0,3200.0,3355.0,8.0,20.0,14.8,0.0,0.002,303.742,-208.637,-85.358,-45.143
21931,Deuterium,3085.0,115.0,3200.0,3355.0,8.0,20.0,14.8,0.0,-0.0,302.513,-208.602,-84.604,-44.799
21932,Deuterium,3087.0,115.0,3200.0,3355.0,8.0,20.0,14.8,0.0,0.002,301.461,-207.645,-86.173,-44.702
21933,Deuterium,3085.0,115.0,3200.0,3355.0,8.0,20.0,14.8,0.0,-0.0,344.498,-208.703,-84.116,-44.956
21934,Deuterium,3085.0,115.0,3200.0,3355.0,8.0,20.0,15.0,0.0,-0.004,346.222,-208.46,-84.818,-45.105
21935,Deuterium,3079.0,115.0,3200.0,3355.0,8.0,20.0,15.0,0.0,-0.001,344.213,-208.003,-83.359,-44.907
21936,Deuterium,3085.0,115.0,3200.0,3355.0,8.0,20.0,15.0,0.0,-0.001,344.877,-208.104,0.546,-10.996
21937,Deuterium,3085.0,115.0,3200.0,3355.0,8.0,20.0,16.0,0.0,-0.002,212.96,-0.145,-0.355,-10.31
21938,Deuterium,3085.0,115.0,3200.0,3355.0,8.0,20.0,16.5,0.0,-0.001,209.311,-0.07,-1.329,-10.795
21939,Deuterium,3085.0,115.0,3200.0,3355.0,8.0,20.0,16.8,0.0,0.002,212.278,0.438,-2.262,-10.492
21940,Deuterium,3085.0,115.0,3200.0,3355.0,8.0,20.0,17.0,0.0,-0.004,211.916,0.101,-1.461,-10.621
21941,Deuterium,3087.0,117.0,3200.0,3355.0,8.0,20.0,17.0,0.0,-0.01,210.842,-0.75,1.517,-11.285
21942,Deuterium,3087.0,117.0,3200.0,3355.0,8.0,20.0,18.0,0.0,-0.001,210.24,-1.03,1.941,-11.128
21943,Deuterium,3087.0,117.0,3200.0,3355.0,8.0,20.0,16.8,0.0,0.0,209.679,-0.236,-46.77,-30.806
21944,Deuterium,3087.0,117.0,3200.0,3355.0,7.0,3.0,3.0,0.0,0.001,-0.439,-0.184,0.249,-0.033
21945,Deuterium,3087.0,117.0,3200.0,3355.0,7.0,3.0,3.0,0.0,-0.0,214.549,0.44,-49.186,-30.791
21946,Deuterium,3085.0,130.0,3200.0,3355.0,8.0,20.0,17.0,0.0,-0.001,214.967,-0.609,-0.014,-10.619
21947,Deuterium,3083.0,130.0,3200.0,3355.0,8.0,20.0,17.0,0.0,0.0,215.41,-0.224,-0.285,-10.726
21948,Deuterium,3083.0,135.0,3200.0,3355.0,8.0,20.0,17.5,0.0,-0.003,214.174,0.334,-1.616,-10.275
21949,Deuterium,3083.0,135.0,3200.0,3355.0,8.0,20.0,17.5,0.0,-0.004,216.123,0.01,0.025,-10.541
21950,Deuterium,3087.0,135.0,3200.0,3355.0,8.0,20.0,17.5,0.0,0.002,213.399,-0.299,0.94,-10.816
21951,Deuterium,3087.0,135.0,3200.0,3355.0,8.0,20.0,17.5,0.0,0.001,214.197,1.086,-3.708,-10.637
21952,Deuterium,3087.0,140.0,3200.0,3355.0,8.0,20.0,18.0,0.0,-0.0,213.475,0.302,-1.375,-10.571
21953,Deuterium,3089.0,140.0,3200.0,3355.0,8.0,20.0,18.0,0.0,-0.001,213.896,0.182,-1.05,-10.625
21954,Deuterium,3089.0,140.0,3200.0,3355.0,8.0,20.0,18.0,0.0,0.0,214.676,-0.196,-84.002,-45.146
21955,Deuterium,3089.0,140.0,3200.0,3355.0,8.0,20.0,18.0,0.0,-0.0,212.693,-0.533,-82.756,-45.346
21956,Deuterium,3089.0,140.0,3200.0,3355.0,8.0,20.0,18.0,0.0,0.001,213.697,0.057,-1.373,-10.711
21957,Deuterium,3087.0,140.0,3200.0,3355.0,8.0,20.0,18.0,0.0,0.0,-0.027,0.348,-2.462,-10.176
21958,Deuterium,3087.0,140.0,3200.0,3355.0,8.0,20.0,18.0,0.0,-0.0,224.386,0.37,-1.867,-10.483
21959,Deuterium,3087.0,140.0,3200.0,3355.0,8.0,20.0,18.0,0.0,0.001,224.722,-0.014,-0.911,-10.361
21960,Helium,3045.0,140.0,3200.0,3355.0,8.0,20.0,18.0,0.0,0.003,209.686,-0.076,-0.518,-10.591
21961,Helium,3065.0,140.0,3200.0,3355.0,8.0,20.0,18.0,0.0,0.002,212.359,-0.024,-1.551,-10.523
21962,Helium,3065.0,130.0,3200.0,3355.0,8.0,20.0,18.0,0.0,0.0,211.831,0.014,-1.278,-10.57
21963,Helium,3063.0,130.0,3200.0,3355.0,8.0,20.0,18.0,0.0,-0.002,212.777,0.086,-0.57,-10.598
21964,Helium,3061.0,130.0,3200.0,3355.0,8.0,20.0,18.0,0.0,-0.0,210.301,0.259,-1.687,-10.406
21965,Helium,3059.0,130.0,3200.0,3355.0,8.0,20.0,18.5,0.0,-0.001,212.74,0.232,-1.984,-10.62
21966,Helium,3057.0,130.0,3200.0,3355.0,8.0,20.0,19.0,0.0,0.0,211.942,0.785,-3.313,-10.211
21967,Helium,3057.0,130.0,3200.0,3355.0,8.0,20.0,19.5,0.0,-0.0,211.016,-0.654,1.56,-10.7
21968,Helium,3055.0,130.0,3200.0,3355.0,8.0,20.0,20.0,0.0,-0.001,212.562,-0.185,-0.737,-10.445
21969,Helium,3055.0,130.0,3200.0,3355.0,8.0,20.0,20.0,0.0,0.004,254.872,-0.53,0.619,-10.777
21970,Helium,3059.0,130.0,3200.0,3355.0,8.0,20.0,20.0,0.0,0.002,257.469,0.358,-0.825,-10.585
21971,Helium,3065.0,161.0,3200.0,3355.0,8.0,20.0,20.0,0.0,0.002,254.674,0.092,-0.733,-10.615
21972,Helium,3055.0,130.0,3200.0,3355.0,8.0,20.0,20.0,0.0,0.003,211.076,1.119,-4.289,-10.491
21973,Helium,3055.0,130.0,3200.0,3355.0,8.0,20.0,20.0,0.0,-0.001,211.898,0.175,-1.417,-10.731
21974,Helium,3059.0,130.0,3200.0,3355.0,8.0,20.0,20.0,0.0,0.0,210.773,0.091,-1.622,-10.541
21975,Deuterium,3059.0,135.0,3200.0,3355.0,8.0,20.0,17.5,0.0,-0.001,210.43,-0.674,0.957,-10.7
21976,Deuterium,3087.0,135.0,3200.0,3355.0,8.0,20.0,17.5,0.0,0.002,208.278,0.35,-1.387,-10.641
21977,Deuterium,3085.0,135.0,3200.0,3355.0,8.0,20.0,17.5,0.0,-0.0,210.359,0.017,-1.48,-10.908
21978,Deuterium,3083.0,135.0,3200.0,3355.0,8.0,20.0,17.5,0.0,-0.0,210.917,0.115,-1.202,-10.829
21979,Deuterium,3083.0,135.0,3200.0,3355.0,8.0,20.0,17.7,0.0,0.003,209.661,0.306,-1.631,-10.556
21980,Deuterium,3081.0,135.0,3200.0,3355.0,8.0,20.0,17.9,0.0,-0.003,210.369,0.078,-1.704,-10.769
21981,Deuterium,3081.0,135.0,3200.0,3355.0,8.0,20.0,17.9,0.0,0.0,209.677,0.314,-34.121,-22.97
21982,Deuterium,3083.0,135.0,3200.0,3355.0,8.0,20.0,17.9,0.0,0.0,208.784,-0.145,-0.84,-10.777
21983,Deuterium,3085.0,135.0,3200.0,3355.0,8.0,20.0,17.9,0.0,-0.001,210.626,-0.065,-1.38,-10.828
21984,Deuterium,3083.0,135.0,3200.0,3355.0,8.0,20.0,17.9,0.0,0.001,208.637,0.481,-1.617,-10.104
21985,Deuterium,3083.0,140.0,3200.0,3355.0,8.0,20.0,17.9,0.0,-0.001,209.899,0.128,-1.602,-10.707
21986,Deuterium,3083.0,140.0,3200.0,3355.0,0.0,0.0,0.0,0.0,-0.001,2.952,-0.107,0.708,-0.014
21987,Deuterium,3083.0,140.0,3200.0,3355.0,0.0,0.0,0.0,0.0,-0.0,-1.023,-0.067,-0.109,0.028
21988,Deuterium,3083.0,140.0,3200.0,3355.0,0.0,0.0,0.0,0.0,-0.001,0.127,0.143,-0.845,0.205
21989,Deuterium,3083.0,140.0,3200.0,3355.0,0.0,0.0,0.0,0.0,0.0,1.007,0.173,-0.294,0.06
21990,Deuterium,3083.0,140.0,3200.0,3355.0,0.0,0.0,0.0,0.0,0.0,-0.869,0.074,0.589,0.227
21991,Deuterium,3083.0,140.0,3200.0,3355.0,0.0,0.0,0.0,0.0,0.0,1.851,-0.249,0.387,-0.437
21992,Deuterium,3083.0,140.0,3200.0,3355.0,0.0,0.0,0.0,0.0,0.002,0.884,-0.707,1.356,-0.487
21993,Deuterium,3083.0,140.0,3200.0,3355.0,0.0,0.0,0.0,0.0,-0.003,0.978,0.323,0.071,0.04
21994,Deuterium,3083.0,140.0,3200.0,3355.0,0.0,0.0,0.0,0.0,0.001,-0.679,0.025,0.256,0.052
21995,Deuterium,3083.0,140.0,3200.0,3355.0,0.0,0.0,0.0,0.0,0.003,1.722,-0.372,1.127,-0.133
21996,Deuterium,3083.0,140.0,3200.0,3355.0,0.0,0.0,0.0,0.0,-0.0,0.428,-0.549,0.212,-0.265
21997,Deuterium,3083.0,140.0,3200.0,3355.0,0.0,0.0,0.0,0.0,-0.001,0.864,-0.087,0.631,0.008
21998,Deuterium,3083.0,140.0,3200.0,3355.0,0.0,0.0,0.0,0.0,0.001,0.276,0.126,0.669,0.142
21999,Deuterium,3083.0,140.0,3200.0,3355.0,0.0,0.0,0.0,0.0,-0.003,1.071,-0.28,0.995,-0.087
22000,Deuterium,3083.0,140.0,3200.0,3355.0,0.0,0.0,0.0,0.0,0.004,-1.306,-0.496,0.584,-0.257
22001,Deuterium,3083.0,140.0,3200.0,3355.0,0.0,0.0,0.0,0.0,0.002,-2.025,-0.154,0.019,-0.107
22002,Deuterium,3083.0,140.0,3200.0,3355.0,0.0,0.0,0.0,0.0,0.001,0.261,-0.072,0.166,-0.009
22003,Deuterium,3083.0,140.0,3200.0,3355.0,0.0,0.0,0.0,0.0,0.0,-0.185,0.886,-2.059,0.4
22004,Deuterium,3083.0,140.0,3200.0,3355.0,0.0,0.0,0.0,0.0,0.0,0.341,-0.34,0.747,-0.099
22005,Deuterium,3083.0,140.0,3200.0,3355.0,0.0,0.0,0.0,0.0,0.001,-0.974,0.435,-1.571,0.114
22006,Deuterium,3083.0,140.0,3200.0,3355.0,0.0,0.0,0.0,0.0,-0.001,0.397,0.085,-0.516,0.266
22007,Deuterium,3083.0,140.0,3200.0,3355.0,0.0,0.0,0.0,0.0,-0.001,0.011,-0.724,1.639,-0.44
22008,Deuterium,3083.0,140.0,3200.0,3355.0,0.0,0.0,0.0,0.0,0.003,1.083,-0.13,0.368,-0.126
22009,Deuterium,3083.0,140.0,3200.0,3355.0,0.0,0.0,0.0,0.0,0.002,102.562,0.406,0.134,-0.066
22010,Deuterium,3083.0,140.0,3200.0,3355.0,0.0,0.0,0.0,0.0,-0.001,104.008,-0.029,2.094,-0.182
22011,Deuterium,3083.0,140.0,3200.0,3355.0,0.0,0.0,0.0,0.0,0.001,103.252,0.932,-1.302,-0.153
22012,Deuterium,3083.0,140.0,3200.0,3355.0,0.0,0.0,0.0,0.0,0.002,102.691,0.456,0.382,-0.058
22013,Deuterium,3083.0,140.0,3200.0,3355.0,0.0,0.0,0.0,0.0,0.0,101.99,0.154,0.721,-0.142
22014,Deuterium,3083.0,140.0,3200.0,3355.0,0.0,0.0,0.0,0.0,0.001,99.984,0.343,1.543,0.242
22015,Deuterium,3083.0,140.0,3200.0,3355.0,0.0,0.0,0.0,0.0,-0.001,101.281,0.387,-0.849,-0.267
22016,Deuterium,3083.0,140.0,3200.0,3355.0,0.0,0.0,0.0,0.0,0.002,-1.524,-0.149,1.076,-0.146
22017,Deuterium,3083.0,140.0,3200.0,3355.0,0.0,0.0,0.0,0.0,-0.001,0.073,0.477,-0.202,0.314
22018,Deuterium,3083.0,140.0,3200.0,3355.0,0.0,0.0,0.0,0.0,-0.0,0.833,1.176,-2.785,0.425
22019,Deuterium,3083.0,140.0,3200.0,3355.0,0.0,0.0,0.0,0.0,-0.001,0.069,0.023,0.302,-0.113
22020,Deuterium,3083.0,140.0,3200.0,3355.0,0.0,0.0,0.0,0.0,0.001,-1.444,-0.289,-323.789,-0.515
22021,Deuterium,3083.0,140.0,3200.0,3355.0,0.0,0.0,0.0,0.0,0.004,-0.735,-0.053,0.894,-153.738
22022,Deuterium,3083.0,140.0,3200.0,3355.0,0.0,0.0,0.0,0.0,0.002,0.258,-0.148,-324.239,-155.062
22023,Deuterium,3083.0,140.0,3200.0,3355.0,0.0,0.0,0.0,0.0,-0.001,0.465,-0.057,-0.158,-0.012
22024,Deuterium,3083.0,140.0,3200.0,3355.0,0.0,0.0,0.0,0.0,-0.002,-1.297,0.32,-1.149,0.021
22025,Deuterium,3083.0,140.0,3200.0,3355.0,0.0,0.0,0.0,0.0,-0.001,75.532,0.498,-0.416,0.084
22026,Deuterium,3083.0,140.0,3200.0,3355.0,0.0,0.0,0.0,0.0,-0.004,76.363,1.248,-1.207,0.347
22027,Deuterium,3083.0,140.0,3200.0,3355.0,0.0,0.0,0.0,0.0,0.001,-0.43,-0.779,2.164,-0.528
22028,Deuterium,3083.0,140.0,3200.0,3355.0,0.0,0.0,0.0,0.0,-0.0,73.721,0.322,0.322,-0.197
22029,Deuterium,3083.0,140.0,3200.0,3355.0,0.0,0.0,0.0,0.0,0.0,32.115,0.68,-1.468,-0.084
22030,Deuterium,3083.0,140.0,3200.0,3355.0,0.0,0.0,0.0,0.0,0.002,-0.138,-0.079,0.239,-0.064
22031,Deuterium,3083.0,140.0,3200.0,3355.0,0.0,0.0,0.0,0.0,0.002,-1.862,-0.769,1.354,-0.212
22032,Deuterium,3083.0,140.0,3200.0,3355.0,0.0,0.0,0.0,0.0,-0.002,1.697,0.267,-0.684,-0.032
22033,Deuterium,3083.0,140.0,3200.0,3355.0,0.0,0.0,0.0,0.0,0.0,0.031,0.098,-0.158,0.031
22034,Deuterium,3083.0,140.0,3200.0,3355.0,0.0,0.0,0.0,0.0,-0.002,102.29,0.652,-0.899,0.092
22035,Deuterium,3083.0,140.0,3200.0,3355.0,0.0,0.0,0.0,0.0,-0.0,2.68,0.164,-0.66,0.045
22036,Deuterium,3083.0,140.0,3200.0,3355.0,0.0,0.0,0.0,0.0,0.001,0.044,0.2,-0.706,-0.128
22037,Deuterium,3083.0,140.0,3200.0,3355.0,0.0,0.0,0.0,0.0,0.002,75.296,0.838,-0.893,0.079
22038,Deuterium,3083.0,140.0,3200.0,3355.0,0.0,0.0,0.0,0.0,-0.001,75.405,0.374,1.295,-0.12
22039,Deuterium,3083.0,140.0,3200.0,3355.0,0.0,0.0,0.0,0.0,-0.002,77.141,0.083,1.156,-0.124
22040,Deuterium,3083.0,140.0,3200.0,3355.0,0.0,0.0,0.0,0.0,-0.0,74.501,0.341,0.017,-0.175
22041,Deuterium,3083.0,140.0,3200.0,3355.0,0.0,0.0,0.0,0.0,-0.001,79.723,0.462,0.061,-0.118
22042,Deuterium,3083.0,140.0,3200.0,3355.0,0.0,0.0,0.0,0.0,-0.0,74.227,0.397,-0.087,0.114
22043,Deuterium,3083.0,140.0,3200.0,3355.0,0.0,0.0,0.0,0.0,-0.001,75.218,0.405,-0.558,-0.093
22044,Deuterium,3083.0,140.0,3200.0,3355.0,0.0,0.0,0.0,0.0,0.0,76.891,-0.063,1.526,-0.236
22045,Deuterium,3083.0,140.0,3200.0,3355.0,3.0,3.0,3.0,3.0,0.001,222.608,-208.403,-84.976,-44.403
22046,Deuterium,3083.0,140.0,3200.0,3355.0,3.0,3.0,3.0,3.0,0.001,0.14,-0.004,-0.141,0.058
22047,Deuterium,3083.0,140.0,3200.0,3355.0,5.0,3.0,3.0,3.0,0.0,0.922,-0.122,-0.324,0.245
22048,Deuterium,3083.0,140.0,3200.0,3355.0,5.0,3.0,3.0,3.0,-0.0,0.279,0.432,-0.781,0.336
22049,Deuterium,3083.0,140.0,3200.0,3355.0,7.0,20.0,18.0,0.0,-0.0,0.158,1.552,-4.731,0.285
22050,Deuterium,3083.0,140.0,3200.0,3355.0,7.0,20.0,18.0,0.0,0.001,223.452,-0.442,0.894,0.163
22051,Deuterium,3079.0,140.0,3200.0,3355.0,8.0,20.0,18.0,0.0,-0.001,223.69,-0.095,-1.437,-10.637
22052,Deuterium,3077.0,140.0,3200.0,3355.0,8.0,20.0,18.0,0.0,0.006,221.398,0.257,-1.789,-10.305
22053,Deuterium,3073.0,140.0,3200.0,3355.0,8.0,20.0,18.0,0.0,0.002,220.409,0.709,-2.172,-10.62
22054,Deuterium,3075.0,140.0,3200.0,3355.0,8.0,20.0,18.0,0.0,-0.0,220.919,-0.342,-0.119,-10.59
22055,Deuterium,3077.0,140.0,3200.0,3355.0,8.0,20.0,18.0,0.0,-0.0,222.223,0.026,-0.104,-10.434
22056,Deuterium,3081.0,140.0,3200.0,3355.0,8.0,20.0,18.0,0.0,0.001,219.193,-0.373,0.202,-10.891
22057,Deuterium,3083.0,140.0,3200.0,3355.0,8.0,20.0,18.0,0.0,0.0,220.492,-0.009,-0.457,-10.866
22058,Deuterium,3081.0,140.0,3200.0,3355.0,8.0,20.0,18.0,0.0,0.001,221.387,-0.118,-2.157,-10.691
22059,Deuterium,3081.0,135.0,3200.0,3355.0,8.0,20.0,18.2,0.0,-0.002,219.296,0.099,-0.923,-10.826
22060,Deuterium,3081.0,135.0,3200.0,3355.0,8.0,20.0,18.2,0.0,-0.0,220.124,0.951,-3.549,-11.023
22061,Deuterium,3079.0,135.0,3200.0,3355.0,8.0,20.0,18.2,0.0,0.003,219.868,-1.278,2.783,-10.561
22062,Deuterium,3077.0,135.0,3200.0,3355.0,8.0,20.0,18.2,0.0,0.003,218.139,-0.072,-1.32,-10.781
22063,Deuterium,3077.0,135.0,3200.0,3355.0,8.0,20.0,18.5,0.0,0.001,218.993,0.015,-1.673,-10.818
22064,Deuterium,3077.0,135.0,3200.0,3355.0,8.0,20.0,18.5,0.0,-0.002,221.151,0.001,-0.854,-10.734
22065,Deuterium,3081.0,135.0,3200.0,3355.0,8.0,20.0,18.5,0.0,-0.0,218.964,0.129,-1.794,-10.855
22066,Deuterium,3085.0,135.0,3200.0,3355.0,8.0,20.0,18.5,0.0,0.0,218.988,0.623,-2.541,-10.988
22067,Deuterium,3081.0,140.0,3200.0,3355.0,8.0,20.0,18.5,0.0,-0.0,218.792,-0.098,-46.549,-30.597
22068,Deuterium,3081.0,140.0,3200.0,3355.0,8.0,20.0,18.0,0.0,0.0,217.796,-0.138,-0.541,-10.668
22069,Deuterium,3081.0,140.0,3200.0,3355.0,8.0,20.0,18.0,0.0,-0.006,219.915,0.753,-3.681,-10.927
22070,Deuterium,3081.0,140.0,3200.0,3355.0,8.0,20.0,18.0,0.0,-0.0,217.701,0.319,-1.103,-10.648
22071,Deuterium,3085.0,140.0,3200.0,3355.0,8.0,20.0,18.0,0.0,-0.003,219.716,-0.223,-1.146,-10.534
22072,Deuterium,3083.0,140.0,3200.0,3355.0,8.0,20.0,18.0,0.0,0.0,217.142,0.375,-1.967,-10.789
22073,Deuterium,3083.0,140.0,3200.0,3355.0,8.0,20.0,18.0,0.0,0.001,229.388,-0.542,0.869,-10.62
22074,Deuterium,3083.0,140.0,3200.0,3355.0,8.0,20.0,18.0,0.0,0.0,193.111,0.141,-2.686,-10.856
22075,Deuterium,3083.0,140.0,3200.0,3355.0,8.0,20.0,18.0,0.0,-0.0,166.966,0.803,-4.387,-10.485
22076,Deuterium,3081.0,140.0,3200.0,3355.0,8.0,20.0,18.1,0.0,0.001,168.137,-1.34,2.873,-10.892
22077,Deuterium,3087.0,140.0,3200.0,3355.0,8.0,20.0,18.2,0.0,0.005,166.564,-0.133,-1.344,-10.816
22078,Deuterium,3087.0,140.0,3200.0,3355.0,3.0,3.0,3.0,0.0,-0.0,169.73,-0.029,-46.911,-23.216
22079,Deuterium,3087.0,140.0,3200.0,3355.0,3.0,3.0,3.0,0.0,-0.001,0.586,-0.328,0.272,-0.314
22080,Deuterium,3087.0,140.0,3200.0,3355.0,7.0,3.0,3.0,0.0,-0.001,0.543,-0.2,0.027,0.16
22081,Deuterium,3087.0,140.0,3200.0,3355.0,8.0,20.0,18.2,0.0,0.001,171.178,-0.07,0.175,-10.469
22082,Deuterium,3087.0,140.0,3200.0,3355.0,8.0,20.0,18.4,0.0,0.0,170.126,-0.294,0.436,-10.664
22083,Deuterium,3087.0,140.0,3200.0,3355.0,8.0,20.0,18.4,0.0,-0.001,170.173,0.105,-0.903,-10.818
22084,Deuterium,3087.0,140.0,3200.0,3355.0,8.0,20.0,18.4,0.0,-0.0,170.592,-0.352,-46.534,-22.889
22085,Deuterium,3087.0,140.0,3200.0,3355.0,8.0,20.0,18.4,0.0,-0.005,169.785,-0.261,-47.012,-23.006
22086,Deuterium,3087.0,140.0,3200.0,3355.0,8.0,20.0,18.4,0.0,0.0,169.875,0.35,-0.764,-10.578
22087,Deuterium,3087.0,140.0,3200.0,3355.0,8.0,20.0,18.4,0.0,0.001,167.609,0.868,-3.637,-10.504
22088,Deuterium,3085.0,140.0,3200.0,3355.0,8.0,20.0,18.4,0.0,0.003,169.345,-0.779,0.984,-10.839
22089,,0.0,0.0,0.0,0.0,0.0,0.0,0.0,0.0,0.0,0.0,0.0,0.0,0.0
22090,Deuterium,3085.0,140.0,3200.0,3355.0,8.0,20.0,18.4,0.0,-0.001,169.589,0.053,-1.066,-10.795
22091,Deuterium,3085.0,140.0,3200.0,3355.0,8.0,20.0,18.4,0.0,-0.001,193.583,0.091,-47.184,-22.738
22092,Deuterium,3085.0,140.0,3200.0,3355.0,8.0,20.0,18.0,0.0,0.0,193.168,-0.238,-46.739,-23.007
22093,Deuterium,3085.0,140.0,3200.0,3355.0,8.0,20.0,19.0,0.0,-0.003,195.53,-0.127,-46.931,-22.83
22094,Deuterium,3085.0,140.0,3200.0,3355.0,8.0,20.0,19.0,0.0,-0.001,192.995,0.16,-84.423,-44.648
22095,Deuterium,3087.0,140.0,3200.0,3355.0,8.0,20.0,18.4,0.0,-0.004,168.725,-0.473,-44.372,-23.073
22096,Deuterium,3087.0,140.0,3200.0,3355.0,8.0,20.0,18.4,0.0,0.001,167.594,-0.002,-47.533,-22.359
22097,Deuterium,3087.0,140.0,3200.0,3355.0,7.0,20.0,18.4,0.0,-0.001,168.253,-0.087,-46.193,-22.824
22098,Deuterium,3085.0,140.0,3200.0,3355.0,8.0,20.0,18.6,0.0,-0.002,169.325,0.727,-66.578,-35.313
22099,Deuterium,3085.0,140.0,3200.0,3355.0,8.0,20.0,18.8,0.0,-0.005,168.725,-0.021,-63.751,-35.476
22100,Deuterium,3083.0,140.0,3200.0,3355.0,8.0,20.0,19.0,0.0,-0.001,168.56,0.007,-64.392,-35.29
22101,Deuterium,3085.0,140.0,3200.0,3355.0,8.0,20.0,19.0,0.0,-0.001,168.719,0.131,-64.27,-35.614
22102,Deuterium,3087.0,140.0,3200.0,3355.0,8.0,20.0,19.0,0.0,-0.001,168.326,1.135,-67.498,-34.948
22103,Deuterium,3087.0,146.0,3200.0,3355.0,8.0,20.0,19.0,0.0,-0.004,170.186,-0.017,-64.319,-35.663
22104,Deuterium,3087.0,151.0,3200.0,3355.0,8.0,20.0,19.2,0.0,0.002,167.667,-0.358,-82.514,-44.912
22105,Deuterium,3087.0,151.0,3200.0,3355.0,8.0,20.0,19.4,0.0,0.001,166.377,0.199,-83.639,-44.833
22106,Deuterium,3085.0,140.0,3200.0,3355.0,8.0,20.0,18.8,0.0,0.004,165.308,0.068,-64.202,-35.57
22107,Deuterium,3085.0,140.0,3200.0,3355.0,8.0,20.0,18.8,0.0,0.001,167.07,0.193,-65.416,-34.93
22108,Deuterium,3085.0,140.0,3200.0,3355.0,8.0,20.0,18.8,0.0,-0.005,168.282,-0.134,-63.433,-35.449
22109,Deuterium,3085.0,140.0,3200.0,3355.0,8.0,20.0,18.8,0.0,0.002,165.734,-0.068,-63.9,-35.668
22110,Deuterium,3085.0,140.0,3200.0,3355.0,8.0,20.0,18.9,0.0,0.002,164.346,0.153,-64.353,-35.45
22111,Deuterium,3085.0,140.0,3200.0,3355.0,3.0,3.0,3.0,0.0,-0.001,167.901,0.068,-65.872,-35.518
22112,Deuterium,3085.0,140.0,3200.0,3355.0,3.0,3.0,3.0,0.0,-0.001,-0.953,-0.082,0.039,0.206
22113,Deuterium,3085.0,140.0,3200.0,3355.0,7.0,20.0,18.8,0.0,0.002,168.999,-0.161,-64.996,-35.293
22114,Deuterium,3085.0,140.0,3200.0,3355.0,7.0,20.0,18.8,0.0,-0.0,167.999,-0.629,-62.945,-35.624
22115,Deuterium,3085.0,140.0,3200.0,3355.0,7.0,20.0,18.8,0.0,0.001,168.329,0.684,-66.291,-35.576
22116,Deuterium,3085.0,140.0,3200.0,3355.0,7.0,20.0,18.8,0.0,0.001,168.445,0.219,-65.477,-35.274
22117,Deuterium,3085.0,140.0,3200.0,3355.0,7.0,20.0,18.8,0.0,-0.002,169.632,0.223,-65.714,-35.365
22118,Deuterium,3085.0,140.0,3200.0,3355.0,8.0,20.0,18.8,0.0,-0.002,168.901,-0.58,-62.892,-35.439
22119,Deuterium,3085.0,140.0,3200.0,3355.0,8.0,20.0,18.8,0.0,-0.001,169.525,0.141,-64.813,-35.484
22120,Deuterium,3085.0,140.0,3200.0,3355.0,8.0,20.0,18.8,0.0,-0.0,168.249,0.482,-65.585,-34.994
22121,Deuterium,3085.0,140.0,3200.0,3355.0,8.0,20.0,18.8,0.0,0.002,166.433,-1.523,-60.379,-35.812
22122,Deuterium,3085.0,140.0,3200.0,3355.0,8.0,20.0,18.8,0.0,-0.004,170.051,-0.307,-63.963,-35.343
22123,Deuterium,3085.0,140.0,3200.0,3355.0,8.0,20.0,18.8,0.0,-0.002,168.255,-0.199,-84.228,-44.649
22124,Deuterium,3085.0,140.0,3200.0,3355.0,8.0,20.0,18.8,0.0,0.001,166.638,-0.436,-63.099,-35.464
22125,Deuterium,3085.0,140.0,3200.0,3355.0,8.0,20.0,18.8,0.0,-0.004,168.307,0.614,-48.204,-30.244
22126,Deuterium,3085.0,140.0,3200.0,3355.0,8.0,20.0,18.8,0.0,-0.0,167.306,-0.197,-0.324,-10.702
22127,Deuterium,3085.0,140.0,3200.0,3355.0,8.0,20.0,18.8,0.0,0.002,164.831,0.054,-54.953,-31.656
22128,Deuterium,3085.0,140.0,3200.0,3355.0,8.0,20.0,18.8,0.0,0.0,165.422,-0.304,-73.636,-40.285
22129,Deuterium,3085.0,140.0,3200.0,3355.0,8.0,20.0,18.8,0.0,-0.001,166.6,0.104,-84.06,-44.752
22130,Deuterium,3085.0,140.0,3200.0,3355.0,8.0,20.0,18.8,0.0,-0.002,165.943,0.255,-55.527,-31.194
22131,Deuterium,3085.0,140.0,3200.0,3355.0,8.0,20.0,18.8,0.0,-0.0,166.244,0.697,-2.373,-10.357
22132,Deuterium,3085.0,140.0,3200.0,3355.0,8.0,20.0,18.8,0.0,0.001,166.531,-0.282,-46.015,-30.455
22133,Deuterium,3085.0,140.0,3200.0,3355.0,8.0,20.0,18.8,0.0,-0.001,165.932,-0.064,-64.382,-35.294
22134,Deuterium,3085.0,140.0,3200.0,3355.0,8.0,20.0,18.8,0.0,-0.0,166.074,0.551,-84.891,-44.634
22135,Deuterium,3085.0,140.0,3200.0,3355.0,8.0,20.0,18.8,0.0,-0.002,166.016,-0.434,-72.823,-40.045
22136,Deuterium,3085.0,140.0,3200.0,3355.0,8.0,20.0,18.8,0.0,-0.001,165.974,-0.178,-91.498,-48.369
22137,Deuterium,3085.0,140.0,3200.0,3355.0,8.0,20.0,18.8,0.0,0.001,165.208,-0.237,-278.772,-134.835
22138,Deuterium,3085.0,140.0,3200.0,3355.0,8.0,20.0,18.8,0.0,-0.0,166.126,0.259,-147.249,-74.896
22139,Deuterium,3085.0,140.0,3200.0,3355.0,8.0,20.0,18.8,0.0,0.003,165.357,0.839,-204.286,-102.106
22140,Deuterium,3085.0,140.0,3200.0,3355.0,8.0,20.0,18.8,0.0,0.001,164.187,-0.73,-120.749,-63.318
22141,Deuterium,3085.0,140.0,3200.0,3355.0,8.0,20.0,18.8,0.0,0.003,162.88,-0.121,-177.689,-90.166
22142,Deuterium,3085.0,140.0,3200.0,3355.0,8.0,20.0,18.8,0.0,0.002,163.13,-0.217,-62.724,-35.815
22143,Deuterium,3085.0,140.0,3200.0,3355.0,7.0,3.0,3.0,3.0,0.001,-0.925,0.296,-0.713,0.059
22144,Deuterium,3085.0,140.0,3200.0,3355.0,7.0,3.0,3.0,3.0,-0.003,-1.252,-0.021,0.11,-0.025
22145,Deuterium,3085.0,140.0,3200.0,3355.0,7.0,3.0,3.0,3.0,0.001,169.344,0.575,-66.8,-35.565
22146,Deuterium,3085.0,140.0,3200.0,3355.0,8.0,20.0,18.8,0.0,-0.001,173.109,-0.087,-64.282,-35.38
22147,Deuterium,3087.0,242.0,3200.0,3355.0,8.0,20.0,18.8,0.0,-0.002,0.789,-0.22,1.532,0.182
22148,Deuterium,3087.0,242.0,3200.0,3355.0,7.0,3.0,3.0,3.0,0.001,0.14,-0.061,0.855,0.283
22149,Deuterium,3087.0,242.0,3200.0,3355.0,7.0,3.0,18.8,3.0,-0.002,0.209,-289.3,-65.774,-35.595
22150,Deuterium,3087.0,242.0,3200.0,3355.0,7.0,3.0,18.8,3.0,-0.001,474.924,-290.925,-65.521,-35.241
22151,Deuterium,3087.0,242.0,3200.0,3355.0,7.0,3.0,18.8,3.0,-0.001,430.669,-320.185,-65.122,-35.327
22152,Deuterium,3087.0,242.0,3200.0,3355.0,8.0,20.0,18.8,0.0,-0.0,426.038,-318.236,-65.439,-35.288
22153,Deuterium,3089.0,242.0,3200.0,3355.0,8.0,20.0,18.8,0.0,0.001,425.499,-316.407,-162.254,-83.06
22154,Deuterium,3089.0,242.0,3200.0,3355.0,8.0,20.0,19.0,0.0,0.001,424.416,-313.31,-165.061,-82.773
22155,Deuterium,3089.0,242.0,3200.0,3355.0,8.0,20.0,19.0,0.0,-0.003,422.521,-312.129,-163.123,-82.92
22156,Deuterium,3091.0,242.0,3200.0,3355.0,8.0,20.0,19.0,0.0,-0.003,423.131,-311.4,-160.985,-82.802
22157,Deuterium,3091.0,242.0,3200.0,3355.0,8.0,20.0,19.0,0.0,-0.0,421.099,-309.779,-163.074,-82.868
22158,Deuterium,3093.0,242.0,3200.0,3355.0,8.0,20.0,19.0,0.0,-0.001,419.31,-308.523,-162.724,-82.842
22159,Deuterium,3093.0,242.0,3200.0,3355.0,8.0,20.0,19.0,7.0,0.001,418.299,-308.233,-160.284,-83.044
22160,Deuterium,3093.0,242.0,3200.0,3355.0,8.0,20.0,20.0,7.0,0.003,416.415,-305.846,-162.599,-82.861
22161,Deuterium,3093.0,247.0,3200.0,3355.0,8.0,20.0,22.0,7.0,-0.001,417.146,-304.392,-161.991,-82.797
22162,Deuterium,3093.0,242.0,3200.0,3355.0,8.0,20.0,22.0,7.0,-0.002,417.232,-303.402,-161.538,-82.775
22163,Deuterium,3093.0,231.0,3200.0,3355.0,8.0,20.0,22.0,7.0,-0.001,414.902,-301.599,-161.078,-83.08
22164,Deuterium,3093.0,231.0,3200.0,3355.0,3.0,3.0,3.0,3.0,-0.001,417.914,-284.634,-166.309,-82.615
22165,Deuterium,3093.0,231.0,3200.0,3355.0,7.0,3.0,3.0,3.0,0.001,419.959,-330.969,-164.418,-82.817
22166,Deuterium,3093.0,231.0,3200.0,3355.0,7.0,3.0,3.0,3.0,0.005,-0.717,-0.213,0.248,-0.332
22167,Deuterium,3093.0,231.0,3200.0,3355.0,7.0,3.0,3.0,3.0,0.0,0.047,-0.068,0.199,-0.057
22168,Deuterium,3093.0,231.0,3200.0,3355.0,7.0,3.0,3.0,3.0,0.001,0.815,0.077,0.126,-0.096
22169,Deuterium,3087.0,231.0,3200.0,3355.0,8.0,20.0,19.0,0.0,-0.001,415.357,-330.294,-162.723,-82.792
22170,Deuterium,3087.0,231.0,3200.0,3355.0,8.0,20.0,19.0,0.0,0.002,415.094,-330.724,-163.106,-82.862
22171,Deuterium,3087.0,231.0,3200.0,3355.0,8.0,20.0,19.0,0.0,-0.0,416.359,-329.344,-164.953,-82.554
22172,Deuterium,3089.0,231.0,3200.0,3355.0,8.0,20.0,20.0,0.0,-0.001,413.129,-330.018,-161.767,-83.02
22173,Deuterium,3091.0,231.0,3200.0,3355.0,8.0,20.0,20.0,0.0,-0.001,413.392,-328.799,-162.972,-82.763
22174,Deuterium,3089.0,231.0,3200.0,3355.0,8.0,20.0,20.0,0.0,0.0,412.683,-328.113,-163.052,-82.795
22175,Deuterium,3089.0,231.0,3200.0,3355.0,8.0,20.0,20.0,7.0,-0.0,410.422,-327.516,-163.485,-82.765
22176,Deuterium,3091.0,231.0,3200.0,3355.0,8.0,20.0,20.0,7.0,-0.001,410.445,-327.272,-162.925,-82.613
22177,Deuterium,3095.0,231.0,3200.0,3355.0,8.0,20.0,20.0,7.0,0.001,408.518,-326.366,-161.543,-82.506
22178,Deuterium,3095.0,231.0,3200.0,3355.0,8.0,20.0,20.0,7.0,0.0,406.242,-326.131,-163.625,-82.813
22179,Deuterium,3095.0,231.0,3200.0,3355.0,8.0,20.0,20.0,7.0,0.0,407.382,-240.52,-162.539,-82.792
22180,Deuterium,3091.0,231.0,3200.0,3355.0,8.0,20.0,20.0,7.0,-0.001,406.36,-239.391,-162.994,-82.611
22181,Deuterium,3093.0,231.0,3200.0,3355.0,8.0,20.0,20.0,7.0,-0.003,402.889,-239.729,-160.944,-82.528
22182,Deuterium,3089.0,180.0,3200.0,3355.0,8.0,20.0,20.0,7.0,0.002,402.55,-238.666,-162.726,-82.357
22183,Deuterium,3091.0,180.0,3200.0,3355.0,8.0,20.0,20.0,7.0,0.001,402.011,-199.58,-161.845,-82.596
22184,Deuterium,3089.0,180.0,3200.0,3355.0,8.0,20.0,20.0,7.0,0.003,400.579,-199.603,-160.669,-82.524
22185,Deuterium,3089.0,180.0,3200.0,3355.0,8.0,20.0,20.0,7.0,0.002,0.169,-0.084,-0.037,-0.089
22186,Deuterium,3089.0,180.0,3200.0,3355.0,8.0,20.0,20.0,7.0,-0.003,-2.404,-0.815,1.789,-0.382
22187,Deuterium,3089.0,180.0,3200.0,3355.0,8.0,20.0,20.0,7.0,0.003,0.042,-0.591,1.536,-0.317
22188,Deuterium,3089.0,180.0,3200.0,3355.0,8.0,20.0,20.0,7.0,0.001,0.005,0.321,-1.38,0.148
22189,Deuterium,3089.0,180.0,3200.0,3355.0,8.0,20.0,20.0,7.0,0.006,-0.842,0.142,-1.539,0.044
22190,Deuterium,3089.0,180.0,3200.0,3355.0,8.0,20.0,20.0,7.0,-0.0,0.864,0.299,-0.361,0.159
22191,Deuterium,3089.0,180.0,3200.0,3355.0,8.0,20.0,20.0,7.0,0.003,0.586,0.538,-1.59,0.225
22192,Deuterium,3089.0,180.0,3200.0,3355.0,8.0,20.0,20.0,7.0,0.0,-0.018,-0.067,0.27,-0.057
22193,Deuterium,3089.0,180.0,3200.0,3355.0,8.0,20.0,20.0,7.0,-0.002,0.435,0.321,-0.899,0.131
22194,Deuterium,3089.0,180.0,3200.0,3355.0,8.0,20.0,20.0,7.0,0.002,1.227,0.225,0.061,0.124
22195,Deuterium,3089.0,180.0,3200.0,3355.0,8.0,20.0,20.0,7.0,0.001,-0.207,0.008,-0.027,0.042
22196,Deuterium,3089.0,180.0,3200.0,3355.0,8.0,20.0,20.0,7.0,0.0,-0.191,-0.263,1.392,-0.085
22197,Deuterium,3089.0,180.0,3200.0,3355.0,8.0,20.0,20.0,7.0,0.003,1.111,0.22,-0.097,0.091
22198,Deuterium,3089.0,180.0,3200.0,3355.0,8.0,20.0,20.0,7.0,0.005,0.082,0.985,-4.433,0.385
22199,Deuterium,3089.0,180.0,3200.0,3355.0,8.0,20.0,20.0,7.0,0.001,0.809,-0.813,2.888,-0.265
22200,Deuterium,3085.0,180.0,3200.0,3355.0,3.0,3.0,6.0,3.0,-0.001,422.995,-207.03,-164.118,-82.914
22201,Deuterium,3085.0,180.0,3200.0,3355.0,7.0,3.0,6.0,3.0,0.0,1.37,-0.008,0.117,0.142
22202,Deuterium,3085.0,180.0,3200.0,3355.0,8.0,20.0,20.0,0.0,0.001,422.324,-207.371,-162.965,-82.794
22203,Deuterium,3087.0,180.0,3200.0,3355.0,8.0,20.0,20.0,7.0,-0.003,423.91,-207.209,-162.612,-82.499
22204,Deuterium,3091.0,180.0,3200.0,3355.0,8.0,20.0,20.0,7.0,-0.002,423.61,-206.243,-163.834,-82.686
22205,Deuterium,3091.0,180.0,3200.0,3355.0,8.0,20.0,20.0,7.0,0.005,419.89,-207.451,-159.575,-82.755
22206,Deuterium,3095.0,180.0,3200.0,3355.0,8.0,20.0,20.0,7.0,-0.0,418.954,-206.192,-162.49,-82.587
22207,Deuterium,3095.0,180.0,3200.0,3355.0,8.0,20.0,20.0,7.0,-0.0,420.986,-316.888,-162.651,-82.636
22208,Deuterium,3095.0,180.0,3200.0,3355.0,8.0,20.0,20.0,7.0,-0.0,417.836,-318.713,-160.569,-82.869
22209,Deuterium,3095.0,180.0,3200.0,3355.0,8.0,20.0,20.0,7.0,0.0,414.84,-112.686,-160.885,-82.819
22210,Deuterium,3095.0,180.0,3200.0,3355.0,8.0,20.0,20.0,7.0,-0.0,414.341,-111.999,-161.253,-82.791
22211,Deuterium,3095.0,180.0,3200.0,3355.0,8.0,20.0,20.0,7.0,0.0,413.71,-246.118,-162.945,-82.662
22212,Deuterium,3095.0,180.0,3200.0,3355.0,8.0,20.0,20.0,7.0,-0.0,413.417,-247.014,-161.801,-82.97
22213,Deuterium,3095.0,180.0,3200.0,3355.0,8.0,20.0,20.0,7.0,0.001,412.452,0.081,-162.19,-82.535
22214,Deuterium,3095.0,180.0,3200.0,3355.0,8.0,20.0,20.0,7.0,0.003,410.325,-0.147,-161.901,-82.551
22215,Deuterium,3095.0,180.0,3200.0,3355.0,8.0,20.0,20.0,7.0,0.003,409.924,245.66,-161.562,-82.68
22216,Deuterium,3095.0,180.0,3200.0,3355.0,8.0,20.0,20.0,7.0,-0.003,410.647,245.367,-162.098,-82.597
22217,Deuterium,3095.0,180.0,3200.0,3355.0,8.0,20.0,20.0,7.0,-0.0,408.331,111.691,-161.74,-82.689
22218,Deuterium,3095.0,180.0,3200.0,3355.0,8.0,20.0,20.0,7.0,-0.0,408.266,110.624,-164.014,-82.639
22219,Deuterium,3095.0,180.0,3200.0,3355.0,8.0,20.0,20.0,7.0,0.004,407.05,316.25,-163.972,-82.14
22220,Deuterium,3095.0,180.0,3200.0,3355.0,8.0,20.0,20.0,7.0,0.001,406.667,317.303,-162.585,-82.438
22221,Deuterium,3095.0,180.0,3200.0,3355.0,8.0,20.0,20.0,7.0,-0.001,405.25,204.504,-162.791,-82.834
22222,Deuterium,3095.0,180.0,3200.0,3355.0,8.0,20.0,20.0,7.0,0.0,402.874,203.444,-161.998,-82.561
22223,Deuterium,3095.0,180.0,3200.0,3355.0,3.0,3.0,3.0,0.0,0.001,301.348,244.783,-1.027,-0.649
22224,Deuterium,3091.0,180.0,3200.0,3355.0,7.0,3.0,3.0,0.0,0.003,-0.089,-0.121,-0.144,0.076
22225,Deuterium,3095.0,180.0,3200.0,3355.0,7.0,20.0,20.0,0.0,-0.002,304.257,-245.338,-0.804,-1.034
22226,Deuterium,3087.0,180.0,3200.0,3355.0,7.0,20.0,20.0,0.0,-0.0,302.359,-244.732,-1.108,-0.854
22227,Deuterium,3091.0,180.0,3200.0,3355.0,7.0,20.0,20.0,0.0,0.001,300.985,-244.798,-1.142,-0.638
22228,Deuterium,3091.0,180.0,3200.0,3355.0,7.0,20.0,20.0,0.0,-0.002,303.009,-244.779,-0.339,-0.969
22229,Deuterium,3091.0,180.0,3200.0,3355.0,7.0,20.0,20.0,0.0,0.003,300.018,-244.96,-0.036,-0.866
22230,Deuterium,3089.0,180.0,3200.0,3355.0,7.0,20.0,20.0,0.0,-0.003,302.03,-242.843,-1.955,-0.577
22231,Deuterium,3089.0,180.0,3200.0,3355.0,7.0,20.0,20.0,0.0,0.0,299.691,-242.824,-2.082,-0.931
22232,Deuterium,3089.0,180.0,3200.0,3355.0,7.0,20.0,20.0,0.0,-0.004,301.413,-243.661,1.215,-0.974
22233,Deuterium,3089.0,180.0,3200.0,3355.0,7.0,20.0,20.0,0.0,-0.002,298.628,-242.421,-1.252,-0.845
22234,Deuterium,3089.0,180.0,3200.0,3355.0,7.0,20.0,20.0,0.0,0.001,297.547,-242.211,0.331,-1.076
22235,Deuterium,3089.0,180.0,3200.0,3355.0,7.0,20.0,20.0,0.0,0.003,296.271,-241.406,0.007,-0.844
22236,Deuterium,3089.0,180.0,3200.0,3355.0,7.0,20.0,20.0,0.0,0.001,296.69,-241.308,-0.81,-0.789
22237,Deuterium,3089.0,180.0,3200.0,3355.0,7.0,20.0,20.0,0.0,0.0,297.459,-240.476,-1.034,-0.803
22238,Deuterium,3089.0,180.0,3200.0,3355.0,7.0,20.0,20.0,0.0,-0.001,297.156,-240.846,-0.109,-0.736
22239,Deuterium,3089.0,180.0,3200.0,3355.0,7.0,20.0,20.0,0.0,-0.001,296.503,-240.348,0.448,-0.796
22240,Deuterium,3089.0,180.0,3200.0,3355.0,7.0,20.0,20.0,0.0,-0.001,295.436,-241.155,1.953,-0.95
22241,Deuterium,3089.0,180.0,3200.0,3355.0,7.0,20.0,20.0,0.0,0.0,295.113,-238.747,-3.218,-1.013
22242,Deuterium,3089.0,180.0,3200.0,3355.0,7.0,3.0,3.0,0.0,-0.003,301.109,-241.548,-1.748,-1.027
22243,Deuterium,3089.0,180.0,3200.0,3355.0,7.0,3.0,3.0,0.0,0.004,-0.755,0.162,-0.448,0.167
22244,Deuterium,3089.0,180.0,3200.0,3355.0,7.0,20.0,20.0,0.0,0.002,300.704,-242.13,-0.316,-0.818
22245,Deuterium,3089.0,180.0,3200.0,3355.0,7.0,20.0,20.0,0.0,-0.003,301.702,-242.725,0.979,-1.076
22246,Deuterium,3089.0,180.0,3200.0,3355.0,7.0,20.0,20.0,0.0,-0.003,301.593,-241.563,-0.553,-0.783
22247,Deuterium,3089.0,180.0,3200.0,3355.0,7.0,20.0,20.0,0.0,0.001,301.782,-241.237,-2.308,-0.778
22248,Deuterium,3089.0,180.0,3200.0,3355.0,7.0,20.0,20.0,0.0,-0.001,299.595,-240.786,0.536,-0.688
22249,Deuterium,3089.0,180.0,3200.0,3355.0,7.0,20.0,20.0,0.0,-0.001,298.34,-240.207,-2.188,-0.845
22250,Deuterium,3089.0,180.0,3200.0,3355.0,7.0,20.0,20.0,0.0,0.002,298.289,-240.326,0.587,-1.147
22251,Deuterium,3089.0,180.0,3200.0,3355.0,7.0,20.0,20.0,0.0,-0.001,297.309,-239.664,0.105,-1.163
22252,Deuterium,3089.0,180.0,3200.0,3355.0,7.0,20.0,20.0,0.0,0.001,296.975,-239.721,-0.555,-0.916
22253,Deuterium,3089.0,180.0,3200.0,3355.0,7.0,20.0,20.0,0.0,0.001,296.22,-239.287,-0.161,-0.488
22254,Deuterium,3089.0,180.0,3200.0,3355.0,7.0,20.0,20.0,0.0,-0.0,296.04,-237.836,-1.566,-1.166
22255,Deuterium,3089.0,180.0,3200.0,3355.0,7.0,20.0,20.0,0.0,0.002,294.817,-238.531,-0.701,-0.882
22256,Deuterium,3089.0,180.0,3200.0,3355.0,7.0,20.0,20.0,0.0,0.002,293.525,-237.598,-1.286,-0.975
22257,Deuterium,3089.0,180.0,3200.0,3355.0,0.0,0.0,0.0,0.0,0.004,-0.793,0.016,-0.003,-0.114
22258,Deuterium,3089.0,180.0,3200.0,3355.0,0.0,0.0,0.0,0.0,-0.002,0.497,0.123,-0.175,-0.162
22259,Deuterium,3089.0,180.0,3200.0,3355.0,0.0,0.0,0.0,0.0,0.002,69.14,0.196,0.39,0.25
22260,Deuterium,3089.0,180.0,3200.0,3355.0,0.0,0.0,0.0,0.0,0.0,70.213,0.143,0.83,0.002
22261,Deuterium,3089.0,180.0,3200.0,3355.0,0.0,0.0,0.0,0.0,0.001,70.487,0.004,0.674,-0.061
22262,Deuterium,3089.0,180.0,3200.0,3355.0,7.0,3.0,3.0,3.0,0.0,0.067,-0.335,2.099,0.213
22263,Deuterium,3089.0,180.0,3200.0,3355.0,7.0,3.0,3.0,3.0,-0.002,-0.673,0.369,-165.888,-82.6
22264,Deuterium,3089.0,180.0,3200.0,3355.0,7.0,3.0,3.0,3.0,0.001,312.523,-248.509,-165.671,-82.931
22265,Deuterium,3089.0,180.0,3200.0,3355.0,7.0,20.0,20.0,0.0,0.001,314.08,-249.282,-0.316,-0.747
22266,Deuterium,3075.0,180.0,3200.0,3355.0,7.0,20.0,20.0,0.0,-0.0,311.419,-248.469,-2.386,-0.726
22267,Deuterium,3081.0,180.0,3200.0,3355.0,7.0,20.0,20.0,0.0,0.002,313.862,-249.413,-0.497,-0.742
22268,Deuterium,3081.0,180.0,3200.0,3355.0,7.0,20.0,20.0,0.0,0.002,310.256,-248.733,-1.006,-0.684
22269,Deuterium,3081.0,180.0,3200.0,3355.0,7.0,20.0,20.0,0.0,-0.001,313.323,-248.865,1.621,-0.816
22270,Deuterium,3083.0,180.0,3200.0,3355.0,7.0,20.0,20.5,0.0,0.001,310.577,-247.847,-1.651,-0.646
22271,Deuterium,3083.0,180.0,3200.0,3355.0,7.0,20.0,20.5,0.0,-0.003,310.984,-248.075,-0.524,-0.837
22272,Deuterium,3083.0,180.0,3200.0,3355.0,7.0,20.0,21.0,0.0,0.0,308.999,-248.095,-0.458,-0.76
22273,Deuterium,3083.0,180.0,3200.0,3355.0,7.0,20.0,21.0,0.0,0.0,308.521,-248.074,-0.431,-0.959
22274,Deuterium,3083.0,180.0,3200.0,3355.0,7.0,20.0,21.5,0.0,-0.001,310.83,-247.14,-2.44,-0.886
22275,Deuterium,3083.0,180.0,3200.0,3355.0,7.0,20.0,21.5,0.0,0.0,307.903,-247.759,-0.222,-1.155
22276,Deuterium,3085.0,180.0,3200.0,3355.0,7.0,20.0,22.0,0.0,-0.0,307.777,-247.286,-0.813,-0.864
22277,Deuterium,3085.0,180.0,3200.0,3355.0,7.0,20.0,22.0,0.0,0.004,305.019,-246.919,-65.105,-35.558
22278,Deuterium,3085.0,180.0,3200.0,3355.0,7.0,20.0,22.0,0.0,-0.001,348.628,-247.017,-66.549,-35.512
22279,Deuterium,3085.0,180.0,3200.0,3355.0,7.0,20.0,22.0,0.0,-0.001,349.176,-247.705,-62.172,-35.269
22280,Deuterium,3087.0,180.0,3200.0,3355.0,7.0,20.0,22.0,0.0,-0.002,426.579,-247.047,-64.626,-35.275
22281,Deuterium,3093.0,180.0,3200.0,3355.0,7.0,20.0,22.0,0.0,-0.001,426.501,-246.219,-64.161,-35.365
22282,Deuterium,3089.0,180.0,3200.0,3355.0,7.0,20.0,22.0,0.0,0.001,385.701,-245.785,-65.159,-35.507
22283,Deuterium,3089.0,180.0,3200.0,3355.0,3.0,3.0,3.0,0.0,0.003,350.982,-248.497,-64.878,-35.443
22284,Deuterium,3089.0,180.0,3200.0,3355.0,7.0,3.0,3.0,0.0,0.0,0.015,0.378,-0.686,0.227
22285,Deuterium,3085.0,180.0,3200.0,3355.0,7.0,20.0,22.0,0.0,-0.001,352.35,-248.288,-65.377,-35.347
22286,Deuterium,3087.0,180.0,3200.0,3355.0,7.0,20.0,22.0,0.0,-0.001,350.637,-248.258,-63.276,-35.483
22287,Deuterium,3089.0,180.0,3200.0,3355.0,7.0,20.0,22.0,0.0,-0.0,350.791,-247.868,-65.035,-35.433
22288,Deuterium,3091.0,180.0,3200.0,3355.0,7.0,20.0,22.0,0.0,-0.0,348.88,-246.586,-65.181,-34.981
22289,Deuterium,3093.0,180.0,3200.0,3355.0,7.0,20.0,22.0,0.0,0.0,347.009,-246.292,-63.508,-35.801
22290,Deuterium,3091.0,180.0,3200.0,3355.0,7.0,20.0,22.0,0.0,-0.001,349.278,-246.468,-64.015,-35.645
22291,Deuterium,3091.0,180.0,3200.0,3355.0,7.0,20.0,22.0,0.0,-0.001,347.452,-246.188,-64.256,-34.856
22292,Deuterium,3091.0,180.0,3200.0,3355.0,7.0,20.0,22.0,0.0,-0.0,345.839,-245.107,-64.764,-35.199
22293,Deuterium,3091.0,180.0,3200.0,3355.0,7.0,20.0,22.0,0.0,0.001,345.483,-244.785,-66.035,-35.343
22294,Deuterium,3091.0,180.0,3200.0,3355.0,7.0,20.0,22.0,0.0,0.0,344.672,-245.28,-62.671,-35.665
22295,Deuterium,3091.0,180.0,3200.0,3355.0,7.0,20.0,22.0,0.0,0.0,344.034,-244.749,-63.825,-35.382
22296,Deuterium,3091.0,180.0,3200.0,3355.0,7.0,20.0,22.0,0.0,-0.002,343.475,-243.547,-66.237,-35.546
22297,Deuterium,3091.0,180.0,3200.0,3355.0,7.0,20.0,22.0,0.0,-0.004,345.723,-244.119,-63.664,-35.326
22298,Deuterium,3091.0,180.0,3200.0,3355.0,7.0,20.0,22.0,0.0,0.0,343.293,-243.219,-64.307,-35.248
22299,Deuterium,3091.0,180.0,3200.0,3355.0,7.0,20.0,22.0,0.0,-0.001,343.019,-243.291,-65.938,-35.314
22300,Deuterium,3091.0,180.0,3200.0,3355.0,7.0,20.0,22.0,0.0,0.001,342.497,-241.702,-66.532,-35.353
22301,Deuterium,3091.0,180.0,3200.0,3355.0,3.0,3.0,3.0,0.0,0.0,346.523,-244.951,-64.715,-35.292
22302,Deuterium,3091.0,180.0,3200.0,3355.0,7.0,20.0,15.6,0.0,0.001,-1.417,1.157,-2.461,0.28
22303,Deuterium,3091.0,180.0,3200.0,3355.0,7.0,20.0,15.6,0.0,-0.0,347.509,-244.669,-65.348,-35.448
22304,Deuterium,3087.0,180.0,3200.0,3355.0,7.0,20.0,15.6,0.0,-0.004,348.174,-244.241,-66.931,-35.11
22305,Deuterium,3087.0,180.0,3200.0,3355.0,7.0,20.0,15.6,0.0,0.001,345.647,-244.219,-64.436,-35.296
22306,Deuterium,3091.0,180.0,3200.0,3355.0,7.0,20.0,15.6,0.0,0.0,345.382,-244.178,-65.292,-35.285
22307,Deuterium,3091.0,180.0,3200.0,3355.0,7.0,20.0,15.6,0.0,-0.001,344.65,-243.094,-65.925,-35.056
22308,Deuterium,3091.0,180.0,3200.0,3355.0,7.0,20.0,22.0,0.0,-0.005,344.709,-243.774,-64.418,-35.386
22309,Deuterium,3091.0,180.0,3200.0,3355.0,7.0,20.0,22.0,0.0,0.001,343.74,-242.483,-65.005,-35.498
22310,Deuterium,3091.0,180.0,3200.0,3355.0,0.0,0.0,0.0,0.0,0.001,43.164,0.202,-0.804,0.032
22311,Deuterium,3091.0,180.0,3200.0,3355.0,0.0,0.0,0.0,0.0,-0.0,44.093,0.313,-0.655,0.019
22312,Deuterium,3089.0,180.0,3200.0,3355.0,0.0,0.0,0.0,0.0,-0.002,0.423,0.181,-0.669,0.085
22313,Deuterium,3089.0,180.0,3200.0,3355.0,0.0,0.0,0.0,0.0,0.001,0.466,0.122,-0.533,0.077
22314,Deuterium,3089.0,180.0,3200.0,3355.0,0.0,0.0,0.0,0.0,-0.001,0.299,0.038,-0.148,0.008
22315,Deuterium,3089.0,180.0,3200.0,3355.0,0.0,0.0,0.0,0.0,0.0,0.083,1.224,-4.356,-0.028
22316,Deuterium,3089.0,180.0,3200.0,3355.0,0.0,0.0,0.0,0.0,-0.001,1.57,-0.275,0.787,0.017
22317,Deuterium,3089.0,180.0,3200.0,3355.0,0.0,0.0,0.0,0.0,0.001,0.223,0.133,0.044,0.11
22318,Deuterium,3089.0,180.0,3200.0,3355.0,0.0,0.0,0.0,0.0,-0.002,0.501,0.219,-0.633,0.123
22319,Deuterium,3089.0,180.0,3200.0,3355.0,0.0,0.0,0.0,0.0,0.0,0.388,-0.249,0.604,-0.132
22320,Deuterium,3089.0,180.0,3200.0,3355.0,0.0,0.0,0.0,0.0,-0.003,1.27,-0.085,0.311,-0.058
22321,Deuterium,3089.0,180.0,3200.0,3355.0,0.0,0.0,0.0,0.0,0.001,0.851,0.19,-0.373,-0.071
22322,Deuterium,3089.0,180.0,3200.0,3355.0,0.0,0.0,0.0,0.0,0.001,-0.33,-0.674,2.042,-0.192
22323,Deuterium,3089.0,180.0,3200.0,3355.0,0.0,0.0,0.0,0.0,0.001,-0.281,0.138,-0.528,-0.046
22324,Deuterium,3089.0,180.0,3200.0,3355.0,0.0,0.0,0.0,0.0,-0.007,3.343,0.137,0.487,0.064
22325,Deuterium,3089.0,180.0,3200.0,3355.0,3.0,3.0,3.0,3.0,-0.001,0.657,0.035,-162.799,-82.192
22326,Deuterium,3089.0,180.0,3200.0,3355.0,3.0,3.0,3.0,3.0,-0.002,358.378,-248.161,1.013,-0.903
22327,Deuterium,3089.0,180.0,3200.0,3355.0,7.0,3.0,3.0,0.0,-0.0,-0.387,-0.099,-0.207,-0.039
22328,Deuterium,3089.0,180.0,3200.0,3355.0,7.0,20.0,20.0,0.0,0.002,357.053,-247.821,-63.868,-34.761
22329,Deuterium,3085.0,180.0,3200.0,3355.0,7.0,20.0,20.0,0.0,0.001,357.395,-248.516,-63.756,-34.979
22330,Deuterium,3085.0,180.0,3200.0,3355.0,7.0,20.0,20.0,0.0,0.0,-0.519,0.094,-0.453,0.154
22331,Deuterium,3085.0,180.0,3200.0,3355.0,7.0,20.0,20.0,0.0,-0.0,355.81,-246.428,-66.884,-35.154
22332,Deuterium,3087.0,180.0,3200.0,3355.0,7.0,20.0,20.0,0.0,0.002,355.03,-247.229,-64.131,-35.184
22333,Deuterium,3087.0,180.0,3200.0,3355.0,7.0,20.0,20.0,0.0,-0.002,356.916,-247.675,-64.487,-35.043
22334,Deuterium,3087.0,180.0,3200.0,3355.0,7.0,20.0,20.0,0.0,0.0,353.742,-246.547,-64.411,-35.075
22335,Deuterium,3087.0,180.0,3200.0,3355.0,7.0,20.0,20.0,0.0,0.0,353.803,-246.53,-64.562,-35.173
22336,Deuterium,3087.0,180.0,3200.0,3355.0,7.0,20.0,20.0,0.0,0.004,353.685,-245.968,-64.075,-35.072
22337,Deuterium,3087.0,180.0,3200.0,3355.0,7.0,20.0,20.0,0.0,0.002,351.288,-246.158,-63.976,-34.947
22338,Deuterium,3087.0,180.0,3200.0,3355.0,7.0,20.0,20.0,0.0,0.001,350.748,-246.296,-63.394,-35.094
22339,Deuterium,3087.0,180.0,3200.0,3355.0,7.0,20.0,20.0,0.0,0.002,351.339,-245.544,-63.298,-35.445
22340,Deuterium,3087.0,180.0,3200.0,3355.0,7.0,20.0,20.0,0.0,-0.001,350.853,-245.246,-64.424,-35.0
22341,Deuterium,3087.0,180.0,3200.0,3355.0,7.0,20.0,20.0,0.0,0.001,348.61,-244.354,-66.179,-34.578
22342,Deuterium,3087.0,180.0,3200.0,3355.0,0.0,0.0,0.0,0.0,0.0,44.304,0.724,-2.188,0.282
22343,Deuterium,3087.0,180.0,3200.0,3355.0,0.0,0.0,0.0,0.0,-0.001,46.425,0.05,0.813,0.075
22344,Deuterium,3087.0,180.0,3200.0,3355.0,0.0,0.0,0.0,0.0,0.0,0.158,0.005,0.389,-0.242
22345,Deuterium,3087.0,180.0,3200.0,3355.0,3.0,3.0,3.0,3.0,0.002,0.259,-0.625,1.785,-0.366
22346,Deuterium,3087.0,180.0,3200.0,3355.0,3.0,3.0,3.0,3.0,-0.002,0.726,-0.072,0.166,-0.006
22347,Deuterium,3087.0,180.0,3200.0,3355.0,3.0,3.0,3.0,3.0,0.003,-1.227,0.258,-0.618,0.103
22348,Deuterium,3087.0,180.0,3200.0,3355.0,3.0,3.0,3.0,3.0,0.001,-0.474,0.006,0.022,0.046
22349,Deuterium,3087.0,180.0,3200.0,3355.0,3.0,3.0,3.0,3.0,0.0,350.426,-244.632,-63.91,-35.116
22350,Deuterium,3085.0,180.0,3200.0,3355.0,7.0,3.0,3.0,3.0,-0.002,2.19,-0.58,1.409,-0.273
22351,Deuterium,3085.0,180.0,3200.0,3355.0,7.0,20.0,20.0,0.0,-0.002,351.923,-243.877,-67.325,-35.064
22352,Deuterium,3085.0,180.0,3200.0,3355.0,7.0,20.0,20.0,0.0,-0.004,353.938,-244.629,-64.603,-34.963
22353,Deuterium,3085.0,180.0,3200.0,3355.0,7.0,20.0,20.0,0.0,0.003,350.221,-244.653,-64.256,-35.251
22354,Deuterium,3085.0,180.0,3200.0,3355.0,7.0,20.0,20.0,0.0,-0.0,-0.005,0.879,-2.771,0.023
22355,Deuterium,3085.0,180.0,3200.0,3355.0,7.0,20.0,20.0,0.0,0.004,347.755,-244.328,-63.35,-34.975
22356,Deuterium,3085.0,180.0,3200.0,3355.0,7.0,20.0,20.0,0.0,0.002,348.759,-244.042,-63.72,-35.314
22357,Deuterium,3085.0,180.0,3200.0,3355.0,7.0,20.0,20.0,0.0,0.0,348.436,-243.317,-63.998,-34.861
22358,Deuterium,3085.0,180.0,3200.0,3355.0,7.0,20.0,20.0,0.0,0.002,347.342,-242.688,-63.958,-35.111
22359,Deuterium,3085.0,180.0,3200.0,3355.0,7.0,20.0,20.0,0.0,-0.0,347.238,-242.476,-63.825,-35.171
22360,Deuterium,3085.0,180.0,3200.0,3355.0,7.0,20.0,20.0,0.0,-0.0,-0.338,0.207,-1.381,0.239
22361,Deuterium,3085.0,180.0,3200.0,3355.0,7.0,20.0,20.0,0.0,-0.002,1.597,0.144,-0.348,0.185
22362,Deuterium,3085.0,180.0,3200.0,3355.0,7.0,20.0,20.0,0.0,-0.005,2.248,-0.034,-0.012,0.187
22363,Deuterium,3085.0,180.0,3200.0,3355.0,7.0,20.0,20.0,0.0,0.002,-0.062,0.274,-0.585,0.093
22364,Deuterium,3085.0,180.0,3200.0,3355.0,7.0,20.0,20.0,0.0,0.001,0.898,0.188,-0.131,0.159
22365,Deuterium,3085.0,180.0,3200.0,3355.0,7.0,20.0,20.0,0.0,0.002,-0.35,0.429,-1.904,0.107
22366,Deuterium,3085.0,180.0,3200.0,3355.0,7.0,20.0,20.0,0.0,-0.0,0.376,-0.756,2.035,-0.086
22367,Deuterium,3085.0,180.0,3200.0,3355.0,7.0,20.0,20.0,0.0,0.008,-3.393,-0.228,0.765,0.174
22368,Deuterium,3085.0,180.0,3200.0,3355.0,7.0,20.0,20.0,0.0,0.001,1.775,-0.345,1.756,-0.055
22369,Deuterium,3085.0,180.0,3200.0,3355.0,7.0,20.0,20.0,0.0,0.0,-0.312,-0.064,-0.0,0.14
22370,Deuterium,3085.0,180.0,3200.0,3355.0,7.0,20.0,20.0,0.0,0.004,-0.171,1.093,-2.333,0.382
22371,Deuterium,3085.0,180.0,3200.0,3355.0,3.0,3.0,3.0,0.0,0.0,353.343,-247.532,-64.497,-34.982
22372,Deuterium,3085.0,180.0,3200.0,3355.0,7.0,3.0,3.0,0.0,-0.0,-0.125,-0.262,0.224,-0.111
22373,Deuterium,3085.0,180.0,3200.0,3355.0,7.0,20.0,20.0,0.0,0.0,354.424,-247.834,-65.898,-34.979
22374,Deuterium,3085.0,180.0,3200.0,3355.0,7.0,20.0,20.0,0.0,0.007,351.12,-247.683,-63.773,-35.097
22375,Deuterium,3085.0,180.0,3200.0,3355.0,7.0,20.0,20.0,0.0,-0.007,355.311,-247.654,-63.513,-34.99
22376,Deuterium,3085.0,180.0,3200.0,3355.0,7.0,20.0,20.0,0.0,-0.001,352.894,-246.87,-64.399,-35.178
22377,Deuterium,3085.0,180.0,3200.0,3355.0,7.0,20.0,20.0,0.0,0.002,352.305,-247.627,-61.507,-35.169
22378,Deuterium,3085.0,180.0,3200.0,3355.0,7.0,20.0,20.0,0.0,0.0,351.196,-246.427,-63.841,-35.03
22379,Deuterium,3085.0,180.0,3200.0,3355.0,7.0,20.0,20.0,0.0,-0.001,350.684,-245.686,-65.125,-34.741
22380,Deuterium,3085.0,180.0,3200.0,3355.0,7.0,20.0,20.0,0.0,-0.001,349.303,-244.542,-65.748,-35.143
22381,Deuterium,3085.0,180.0,3200.0,3355.0,7.0,20.0,20.0,0.0,0.0,350.171,-244.221,-65.709,-35.162
22382,Deuterium,3085.0,180.0,3200.0,3355.0,7.0,20.0,20.0,0.0,0.0,348.447,-243.795,-65.954,-35.004
22383,Deuterium,3085.0,180.0,3200.0,3355.0,7.0,20.0,20.0,0.0,-0.0,347.9,-244.263,-63.961,-34.943
22384,,0.0,0.0,0.0,0.0,0.0,0.0,0.0,0.0,0.0,0.0,0.0,0.0,0.0
22385,Deuterium,3085.0,180.0,3200.0,3355.0,7.0,20.0,20.0,0.0,0.004,-0.944,0.509,-1.544,-0.08
22386,Deuterium,3085.0,180.0,3200.0,3355.0,7.0,20.0,20.0,0.0,0.003,345.701,-244.288,-63.915,-35.42
22387,Deuterium,3085.0,180.0,3200.0,3355.0,7.0,20.0,20.0,0.0,0.0,350.02,-244.226,-62.912,-34.895
22388,Deuterium,3085.0,180.0,3200.0,3355.0,7.0,20.0,20.0,0.0,0.004,348.258,-243.595,-64.007,-34.917
22389,Deuterium,3085.0,180.0,3200.0,3355.0,7.0,20.0,20.0,0.0,0.002,346.659,-243.696,-64.044,-34.896
22390,Deuterium,3085.0,180.0,3200.0,3355.0,7.0,20.0,20.0,0.0,-0.0,347.548,-242.843,-64.781,-34.831
22391,Deuterium,3085.0,180.0,3200.0,3355.0,7.0,20.0,20.0,0.0,0.0,346.957,-242.902,-63.698,-34.873
22392,Deuterium,3085.0,180.0,3200.0,3355.0,7.0,20.0,20.0,0.0,-0.001,346.365,-242.405,-63.827,-35.334
22393,Deuterium,3085.0,180.0,3200.0,3355.0,7.0,20.0,20.0,0.0,-0.001,345.777,-242.636,-62.921,-35.2
22394,Deuterium,3085.0,180.0,3200.0,3355.0,7.0,20.0,20.0,0.0,-0.002,345.658,-242.027,-63.522,-35.015
22395,Deuterium,3085.0,180.0,3200.0,3355.0,7.0,20.0,20.0,0.0,0.001,344.269,-242.067,-64.222,-35.039
22396,Deuterium,3085.0,180.0,3200.0,3355.0,7.0,20.0,20.0,0.0,-0.001,343.001,-241.832,-64.294,-35.317
22397,Deuterium,3085.0,180.0,3200.0,3355.0,7.0,20.0,20.0,0.0,0.001,341.91,-241.205,-64.682,-34.98
22398,Deuterium,3085.0,180.0,3200.0,3355.0,7.0,20.0,20.0,0.0,0.004,341.152,-241.33,-63.311,-35.011
22399,Deuterium,3085.0,180.0,3200.0,3355.0,7.0,20.0,20.0,0.0,0.001,341.462,-240.617,-64.43,-35.022
22400,Deuterium,3085.0,180.0,3200.0,3355.0,7.0,20.0,20.0,0.0,0.001,340.638,-239.925,-65.478,-35.047
22401,Deuterium,3085.0,180.0,3200.0,3355.0,7.0,20.0,20.0,0.0,-0.0,341.126,-239.615,-64.915,-35.108
22402,Deuterium,3085.0,180.0,3200.0,3355.0,7.0,20.0,20.0,0.0,0.001,338.388,-240.08,-62.709,-34.995
22403,Deuterium,3085.0,180.0,3200.0,3355.0,7.0,20.0,20.0,0.0,0.007,336.532,-238.387,-2.043,-0.885
22404,Deuterium,3085.0,180.0,3200.0,3355.0,7.0,20.0,20.0,0.0,0.0,338.176,-239.24,-62.67,-35.186
22405,Deuterium,3085.0,180.0,3200.0,3355.0,7.0,20.0,20.0,0.0,-0.001,338.424,-238.539,0.083,-0.708
22406,Deuterium,3085.0,180.0,3200.0,3355.0,7.0,20.0,20.0,0.0,-0.0,336.775,-238.946,2.758,-0.949
22407,Deuterium,3085.0,180.0,3200.0,3355.0,7.0,20.0,20.0,0.0,0.002,336.011,-238.885,1.57,-0.761
22408,Deuterium,3085.0,180.0,3200.0,3355.0,7.0,20.0,20.0,0.0,-0.006,339.715,-238.582,-64.104,-34.871
22409,Deuterium,3085.0,180.0,3200.0,3355.0,7.0,20.0,20.0,0.0,0.0,335.583,-237.642,-64.253,-35.023
22410,Deuterium,3085.0,180.0,3200.0,3355.0,3.0,3.0,3.0,0.0,-0.001,0.813,0.025,-64.949,-35.303
22411,Deuterium,3085.0,180.0,3200.0,3355.0,7.0,3.0,3.0,0.0,0.0,338.428,-240.025,0.076,-1.054
22412,Deuterium,3085.0,180.0,3200.0,3355.0,7.0,20.0,20.0,0.0,0.002,340.386,-240.264,-62.797,-35.163
22413,Deuterium,3085.0,180.0,3200.0,3355.0,7.0,20.0,20.0,0.0,-0.003,340.95,-239.23,-65.407,-34.984
22414,Deuterium,3085.0,180.0,3200.0,3355.0,7.0,20.0,20.0,0.0,-0.002,339.27,-239.819,-64.631,-35.088
22415,Deuterium,3085.0,180.0,3200.0,3355.0,7.0,20.0,20.0,0.0,-0.0,340.25,-239.476,-65.456,-35.073
22416,Deuterium,3085.0,180.0,3200.0,3355.0,7.0,20.0,20.0,0.0,-0.0,338.943,-239.605,-61.784,-35.303
22417,Deuterium,3085.0,180.0,3200.0,3355.0,7.0,20.0,20.0,0.0,-0.002,338.23,-239.648,-64.803,-35.151
22418,Deuterium,3085.0,180.0,3200.0,3355.0,7.0,20.0,20.0,0.0,0.001,-0.118,-0.05,0.244,0.043
22419,Deuterium,3085.0,180.0,3200.0,3355.0,7.0,20.0,20.0,0.0,-0.0,336.737,-238.771,-64.514,-34.999
22420,Deuterium,3085.0,180.0,3200.0,3355.0,7.0,20.0,20.0,0.0,-0.002,338.141,-107.748,-66.446,-35.001
22421,Deuterium,3085.0,180.0,3200.0,3355.0,7.0,20.0,20.0,0.0,0.0,336.156,-108.387,-64.528,-34.747
22422,Deuterium,3085.0,180.0,3200.0,3355.0,7.0,20.0,20.0,0.0,-0.002,337.114,-108.549,-64.918,-35.202
22423,Deuterium,3085.0,180.0,3200.0,3355.0,7.0,20.0,20.0,0.0,0.001,334.77,-108.88,-42.732,-46.059
22424,Deuterium,3085.0,180.0,3200.0,3355.0,7.0,20.0,20.0,0.0,-0.005,2.243,0.229,-0.854,0.086
22425,Deuterium,3085.0,180.0,3200.0,3355.0,7.0,20.0,20.0,0.0,0.001,-0.519,0.178,-0.326,0.038
22426,Deuterium,3085.0,180.0,3200.0,3355.0,7.0,20.0,20.0,0.0,-0.001,-0.243,0.42,-0.95,0.052
22427,Deuterium,3085.0,180.0,3200.0,3355.0,7.0,20.0,20.0,0.0,0.0,0.025,0.43,-1.473,-0.071
22428,Deuterium,3085.0,180.0,3200.0,3355.0,3.0,3.0,3.0,0.0,-0.001,343.255,-241.572,-61.718,-35.188
22429,Deuterium,3085.0,180.0,3200.0,3355.0,7.0,20.0,20.0,0.0,0.0,0.249,0.284,-0.114,-0.166
22430,Deuterium,3085.0,180.0,3200.0,3355.0,7.0,20.0,20.0,0.0,-0.0,342.052,-241.837,-62.96,-35.406
22431,Deuterium,3085.0,180.0,3200.0,3355.0,7.0,20.0,20.0,0.0,-0.0,341.509,-240.919,-65.057,-34.661
22432,Deuterium,3085.0,180.0,3200.0,3355.0,7.0,20.0,20.0,0.0,-0.001,340.533,-240.489,-64.436,-34.794
22433,Deuterium,3085.0,180.0,3200.0,3355.0,7.0,20.0,20.0,0.0,-0.0,339.57,-240.412,-62.732,-34.385
22434,Deuterium,3085.0,180.0,3200.0,3355.0,7.0,20.0,20.0,0.0,0.0,339.178,-240.474,1.332,-0.47
22435,Deuterium,3085.0,180.0,3200.0,3355.0,7.0,20.0,20.0,0.0,-0.001,339.201,-240.286,-61.948,-34.81
22436,Deuterium,3085.0,180.0,3200.0,3355.0,7.0,20.0,20.0,0.0,-0.003,339.911,-108.736,-44.063,-45.69
22437,Deuterium,3085.0,180.0,3200.0,3355.0,7.0,20.0,20.0,0.0,-0.001,337.524,-109.662,-42.646,-45.433
22438,Deuterium,3085.0,180.0,3200.0,3355.0,7.0,20.0,20.0,0.0,-0.001,335.742,-108.994,-44.082,-46.013
22439,Deuterium,3085.0,180.0,3200.0,3355.0,7.0,20.0,20.0,0.0,-0.001,336.53,-108.704,-45.626,-46.048
22440,Deuterium,3085.0,180.0,3200.0,3355.0,7.0,20.0,20.0,0.0,0.001,336.557,-109.422,-42.922,-45.636
22441,Deuterium,3085.0,180.0,3200.0,3355.0,7.0,20.0,20.0,0.0,-0.001,-0.307,1.109,-2.347,0.488
22442,Deuterium,3085.0,180.0,3200.0,3355.0,7.0,20.0,20.0,0.0,0.002,-1.134,-0.771,2.198,-0.319
22443,Deuterium,3085.0,180.0,3200.0,3355.0,7.0,20.0,20.0,0.0,-0.001,-1.577,-0.519,2.544,-0.077
22444,Deuterium,3085.0,180.0,3200.0,3355.0,7.0,20.0,20.0,0.0,-0.002,1.651,0.453,-0.587,0.233
22445,Deuterium,3085.0,180.0,3200.0,3355.0,3.0,3.0,3.0,0.0,0.003,353.219,-112.896,-45.107,-0.02
22446,Deuterium,3085.0,180.0,3200.0,3355.0,7.0,3.0,3.0,0.0,0.003,0.989,-0.068,-64.771,-0.195
22447,Deuterium,3085.0,180.0,3200.0,3355.0,7.0,3.0,3.0,0.0,0.0,0.007,-0.118,-64.501,-0.358
22448,Deuterium,3085.0,180.0,3200.0,3355.0,7.0,3.0,3.0,0.0,0.002,1.241,-0.245,-65.071,-0.437
22449,Deuterium,3085.0,180.0,3200.0,3355.0,7.0,3.0,3.0,0.0,0.001,-0.04,0.025,-63.751,0.152
22450,Deuterium,3085.0,180.0,3200.0,3355.0,7.0,3.0,3.0,0.0,0.0,-1.414,0.059,-64.604,-62.614
22451,Deuterium,3085.0,180.0,3200.0,3355.0,7.0,20.0,20.0,0.0,0.002,351.865,-112.738,-62.637,-34.92
22452,Deuterium,3085.0,180.0,3200.0,3355.0,7.0,20.0,20.0,0.0,0.0,352.833,-112.07,-65.507,-35.069
22453,Deuterium,3085.0,180.0,3200.0,3355.0,7.0,20.0,20.0,0.0,-0.0,354.208,-111.533,-45.278,-44.06
22454,Deuterium,3085.0,180.0,3200.0,3355.0,7.0,20.0,20.0,0.0,-0.003,352.807,-111.807,-43.089,-44.096
22455,Deuterium,3085.0,180.0,3200.0,3355.0,7.0,20.0,20.0,0.0,-0.001,350.254,-112.015,-42.866,-44.106
22456,Deuterium,3085.0,180.0,3200.0,3355.0,7.0,20.0,20.0,0.0,-0.001,350.192,-112.15,-42.656,-44.115
22457,Deuterium,3085.0,180.0,3200.0,3355.0,7.0,20.0,20.0,0.0,-0.002,350.552,-111.791,-43.869,-44.02
22458,Deuterium,3085.0,180.0,3200.0,3355.0,7.0,20.0,20.0,0.0,-0.0,348.839,-111.653,-42.895,-44.102
22459,Deuterium,3085.0,180.0,3200.0,3355.0,7.0,20.0,20.0,0.0,0.001,347.122,-111.0,-44.844,-44.027
22460,Deuterium,3085.0,180.0,3200.0,3355.0,7.0,20.0,20.0,0.0,-0.002,347.342,-111.172,-44.703,-43.891
22461,Deuterium,3085.0,180.0,3200.0,3355.0,7.0,20.0,20.0,0.0,-0.003,347.089,-111.142,-44.53,-43.765
22462,Deuterium,3085.0,180.0,3200.0,3355.0,7.0,20.0,20.0,0.0,-0.002,346.039,-110.934,-43.651,-44.054
22463,Deuterium,3085.0,180.0,3200.0,3355.0,7.0,20.0,20.0,0.0,-0.003,346.532,-110.682,-45.259,-43.667
22464,Deuterium,3085.0,180.0,3200.0,3355.0,7.0,20.0,20.0,0.0,-0.001,-0.009,-1.303,4.188,-0.345
22465,Deuterium,3085.0,180.0,3200.0,3355.0,7.0,20.0,20.0,0.0,0.002,0.392,0.088,-0.233,0.096
22466,Deuterium,3085.0,180.0,3200.0,3355.0,7.0,20.0,20.0,0.0,-0.001,0.111,0.566,-1.483,0.225
22467,Deuterium,3085.0,180.0,3200.0,3355.0,3.0,3.0,3.0,0.0,0.001,349.271,-112.33,-44.645,-43.89
22468,Deuterium,3085.0,180.0,3200.0,3355.0,7.0,3.0,3.0,0.0,-0.001,-0.777,0.713,-1.585,0.176
22469,Deuterium,3085.0,180.0,3200.0,3355.0,7.0,3.0,3.0,0.0,-0.001,0.739,-0.714,1.259,-0.334
22470,Deuterium,3085.0,180.0,3200.0,3355.0,7.0,20.0,20.0,0.0,0.0,349.888,-111.934,-43.859,-43.938
22471,Deuterium,3085.0,180.0,3200.0,3355.0,7.0,20.0,20.0,0.0,-0.001,347.559,-111.998,-43.265,-43.766
22472,Deuterium,3085.0,180.0,3200.0,3355.0,7.0,20.0,20.0,0.0,0.002,346.716,-111.842,-43.978,-43.802
22473,Deuterium,3085.0,180.0,3200.0,3355.0,7.0,20.0,20.0,0.0,0.0,347.178,-112.118,-42.452,-44.134
22474,Deuterium,3085.0,180.0,3200.0,3355.0,7.0,20.0,20.0,0.0,0.001,345.935,-111.983,-42.712,-43.981
22475,Deuterium,3085.0,180.0,3200.0,3355.0,7.0,20.0,20.0,0.0,-0.0,346.911,-111.92,-43.396,-43.681
22476,Deuterium,3085.0,180.0,3200.0,3355.0,7.0,20.0,20.0,0.0,-0.001,345.534,-111.764,-42.49,-43.703
22477,Deuterium,3085.0,180.0,3200.0,3355.0,7.0,20.0,20.0,0.0,-0.006,344.865,-111.416,-44.158,-43.715
22478,Deuterium,3085.0,180.0,3200.0,3355.0,7.0,20.0,20.0,0.0,-0.0,343.052,-111.05,-43.82,-43.572
22479,Deuterium,3085.0,180.0,3200.0,3355.0,7.0,20.0,20.0,0.0,-0.002,343.765,-111.358,-42.802,-43.716
22480,Deuterium,3085.0,180.0,3200.0,3355.0,7.0,20.0,20.0,0.0,0.003,340.477,-111.041,-43.717,-43.757
22481,Deuterium,3085.0,180.0,3200.0,3355.0,7.0,20.0,20.0,0.0,-0.001,341.045,-111.009,-43.931,-43.486
22482,Deuterium,3085.0,180.0,3200.0,3355.0,7.0,20.0,20.0,0.0,-0.004,342.627,-110.678,-43.488,-43.833
22483,Deuterium,3085.0,180.0,3200.0,3355.0,7.0,20.0,20.0,0.0,0.001,-0.165,-0.06,0.344,0.09
22484,Deuterium,3085.0,180.0,3200.0,3355.0,3.0,3.0,3.0,0.0,-0.001,344.297,-111.608,-66.478,-34.929
22485,Deuterium,3085.0,180.0,3200.0,3355.0,7.0,3.0,3.0,0.0,0.002,0.521,0.716,-2.191,-0.256
22486,Deuterium,3085.0,180.0,3200.0,3355.0,7.0,20.0,20.0,0.0,0.003,345.144,-112.614,-41.914,-44.06
22487,Deuterium,3085.0,180.0,3200.0,3355.0,7.0,20.0,20.0,0.0,0.0,344.81,-113.019,-39.885,-44.178
22488,Deuterium,3085.0,180.0,3200.0,3355.0,7.0,20.0,20.0,0.0,0.001,343.286,-111.978,-43.416,-43.952
22489,Deuterium,3085.0,180.0,3200.0,3355.0,7.0,20.0,20.0,0.0,-0.002,342.919,-111.55,-43.163,-43.993
22490,Deuterium,3085.0,180.0,3200.0,3355.0,7.0,20.0,20.0,0.0,0.001,341.146,-111.163,-43.491,-43.842
22491,Deuterium,3085.0,180.0,3200.0,3355.0,7.0,20.0,20.0,0.0,0.001,341.375,-110.816,-45.371,-43.536
22492,Deuterium,3085.0,180.0,3200.0,3355.0,7.0,20.0,20.0,0.0,0.002,340.718,-110.662,-44.204,-43.731
22493,Deuterium,3085.0,180.0,3200.0,3355.0,7.0,20.0,20.0,0.0,-0.003,341.136,-110.083,-45.534,-44.059
22494,Deuterium,3085.0,180.0,3200.0,3355.0,7.0,20.0,20.0,0.0,0.001,338.989,-111.074,-42.469,-44.095
22495,Deuterium,3085.0,180.0,3200.0,3355.0,7.0,20.0,20.0,0.0,-0.0,338.889,-111.072,-42.878,-43.879
22496,Deuterium,3085.0,180.0,3200.0,3355.0,7.0,20.0,20.0,0.0,-0.0,339.35,-110.494,-44.798,-43.625
22497,Deuterium,3085.0,180.0,3200.0,3355.0,7.0,20.0,20.0,0.0,0.004,336.349,-111.046,-43.281,-43.806
22498,Deuterium,3085.0,180.0,3200.0,3355.0,7.0,20.0,20.0,0.0,0.001,337.648,-110.441,-43.087,-43.799
22499,Deuterium,3085.0,180.0,3200.0,3355.0,7.0,20.0,20.0,0.0,-0.001,337.544,-111.329,-40.491,-43.917
22500,Deuterium,3085.0,180.0,3200.0,3355.0,7.0,20.0,20.0,0.0,0.001,336.18,-110.408,-43.946,-43.72
22501,Deuterium,3085.0,180.0,3200.0,3355.0,7.0,20.0,20.0,0.0,0.001,335.109,-110.572,-42.59,-43.869
22502,Deuterium,3085.0,180.0,3200.0,3355.0,7.0,20.0,20.0,0.0,0.0,0.45,0.013,0.095,0.024
22503,Deuterium,3085.0,180.0,3200.0,3355.0,3.0,3.0,3.0,0.0,0.0,348.568,-111.159,-0.723,-0.301
22504,Deuterium,3085.0,180.0,3200.0,3355.0,7.0,3.0,3.0,0.0,0.0,0.323,0.369,-0.947,0.166
22505,Deuterium,3085.0,180.0,3200.0,3355.0,7.0,20.0,20.0,0.0,0.001,348.314,-110.591,-65.056,-34.393
22506,Deuterium,3087.0,180.0,3200.0,3355.0,7.0,20.0,20.0,0.0,-0.001,348.82,-111.189,-63.381,-34.994
22507,Deuterium,3089.0,180.0,3200.0,3355.0,7.0,20.0,20.0,0.0,0.0,347.695,-110.438,-64.552,-34.541
22508,Deuterium,3083.0,180.0,3200.0,3355.0,7.0,20.0,20.0,0.0,-0.0,347.256,-111.211,-64.129,-34.737
22509,Deuterium,3083.0,180.0,3200.0,3355.0,7.0,3.0,3.0,0.0,0.0,349.844,-112.131,-43.418,-45.821
22510,Deuterium,3083.0,180.0,3200.0,3355.0,7.0,3.0,3.0,0.0,0.001,0.06,0.793,-1.897,0.183
22511,Deuterium,3085.0,180.0,3200.0,3355.0,7.0,3.0,3.0,0.0,-0.006,352.499,-111.319,-45.125,-45.753
22512,Deuterium,3085.0,180.0,3200.0,3355.0,7.0,20.0,20.0,0.0,-0.0,349.811,-112.111,-44.032,-45.933
22513,Deuterium,3085.0,180.0,3200.0,3355.0,7.0,20.0,20.0,0.0,0.003,348.755,-112.137,-42.532,-46.099
22514,Deuterium,3085.0,180.0,3200.0,3355.0,7.0,20.0,20.0,0.0,-0.001,348.38,-111.282,-44.482,-45.587
22515,Deuterium,3085.0,180.0,3200.0,3355.0,7.0,20.0,20.0,0.0,0.003,345.93,-111.466,-43.467,-46.15
22516,Deuterium,3085.0,180.0,3200.0,3355.0,7.0,20.0,20.0,0.0,-0.003,348.1,-111.524,-43.155,-45.754
22517,Deuterium,3085.0,180.0,3200.0,3355.0,7.0,20.0,20.0,0.0,-0.0,346.091,-111.177,-43.24,-45.83
22518,Deuterium,3085.0,180.0,3200.0,3355.0,7.0,20.0,20.0,0.0,0.0,0.495,-0.061,0.434,-0.038
22519,Deuterium,3085.0,180.0,3200.0,3355.0,7.0,20.0,20.0,0.0,0.0,343.444,-111.593,-42.306,-46.179
22520,Deuterium,3085.0,180.0,3200.0,3355.0,7.0,20.0,20.0,0.0,0.001,344.545,-111.079,-42.042,-45.898
22521,Deuterium,3085.0,180.0,3200.0,3355.0,7.0,20.0,20.0,0.0,0.0,343.162,-110.461,-43.264,-45.833
22522,Deuterium,3085.0,180.0,3200.0,3355.0,7.0,20.0,20.0,0.0,0.003,340.451,-111.136,-42.322,-45.707
22523,Deuterium,3085.0,180.0,3200.0,3355.0,7.0,20.0,20.0,0.0,-0.0,342.168,-110.069,-44.616,-45.766
22524,Deuterium,3085.0,180.0,3200.0,3355.0,7.0,20.0,20.0,0.0,0.001,340.979,-110.835,-43.318,-45.557
22525,Deuterium,3085.0,180.0,3200.0,3355.0,7.0,20.0,20.0,0.0,-0.001,341.041,-110.542,-43.976,-45.81
22526,Deuterium,3085.0,180.0,3200.0,3355.0,7.0,20.0,20.0,0.0,-0.003,341.025,-110.278,-43.074,-45.656
22527,Deuterium,3085.0,180.0,3200.0,3355.0,7.0,20.0,20.0,0.0,-0.001,341.466,-110.845,-41.712,-46.018
22528,Deuterium,3085.0,180.0,3200.0,3355.0,3.0,3.0,3.0,0.0,0.003,-1.904,-0.097,-43.861,-45.998
22529,Deuterium,3085.0,180.0,3200.0,3355.0,7.0,3.0,3.0,0.0,-0.0,344.322,-111.128,1.117,-0.502
22530,Deuterium,3085.0,180.0,3200.0,3355.0,7.0,20.0,20.0,0.0,0.001,0.341,-0.526,2.301,-0.085
22531,Deuterium,3085.0,180.0,3200.0,3355.0,7.0,20.0,20.0,0.0,-0.0,345.153,-111.249,-43.936,-45.996
22532,Deuterium,3085.0,180.0,3200.0,3355.0,7.0,20.0,20.0,0.0,0.0,0.345,-0.304,1.273,0.166
22533,Deuterium,3085.0,180.0,3200.0,3355.0,7.0,20.0,20.0,0.0,-0.002,1.005,0.051,-0.158,-0.016
22534,Deuterium,3085.0,180.0,3200.0,3355.0,7.0,20.0,20.0,0.0,-0.002,343.874,-110.762,-43.569,-45.864
22535,Deuterium,3085.0,180.0,3200.0,3355.0,7.0,20.0,20.0,0.0,-0.002,341.613,-110.475,-65.324,-34.77
22536,Deuterium,3085.0,180.0,3200.0,3355.0,7.0,20.0,20.0,0.0,-0.001,343.279,-110.736,-64.29,-34.803
22537,Deuterium,3085.0,180.0,3200.0,3355.0,7.0,20.0,20.0,0.0,0.0,340.994,-109.368,-66.483,-34.984
22538,Deuterium,3087.0,180.0,3200.0,3355.0,7.0,20.0,20.0,0.0,-0.0,341.021,-108.747,-67.946,-34.658
22539,Deuterium,3087.0,180.0,3200.0,3355.0,7.0,20.0,20.0,0.0,-0.002,340.793,-110.317,-62.96,-34.908
22540,Deuterium,3087.0,180.0,3200.0,3355.0,7.0,20.0,20.0,0.0,-0.0,339.531,-110.022,-64.161,-34.953
22541,Deuterium,3087.0,180.0,3200.0,3355.0,7.0,20.0,20.0,0.0,0.0,340.58,-110.029,-62.734,-35.103
22542,Deuterium,3085.0,180.0,3200.0,3355.0,7.0,20.0,20.0,7.0,-0.0,338.6,-109.456,-64.129,-34.969
22543,Deuterium,3085.0,180.0,3200.0,3355.0,7.0,20.0,20.0,7.0,0.001,338.346,-109.831,-63.528,-34.797
22544,Deuterium,3085.0,180.0,3200.0,3355.0,3.0,3.0,3.0,3.0,-0.0,343.246,-109.547,-67.674,-34.292
22545,Deuterium,3085.0,180.0,3200.0,3355.0,7.0,3.0,3.0,3.0,-0.001,346.338,-111.992,-64.199,-34.614
22546,Deuterium,3085.0,180.0,3200.0,3355.0,7.0,20.0,20.0,0.0,-0.001,345.886,-111.652,-64.562,-34.587
22547,Deuterium,3085.0,180.0,3200.0,3355.0,7.0,20.0,20.0,7.0,0.0,343.593,-111.631,-64.34,-34.489
22548,Deuterium,3085.0,180.0,3200.0,3355.0,7.0,20.0,20.0,7.0,0.001,343.928,-111.63,-63.182,-34.848
22549,Deuterium,3085.0,180.0,3200.0,3355.0,7.0,20.0,20.0,7.0,-0.0,0.94,0.591,-1.994,0.022
22550,Deuterium,3085.0,180.0,3200.0,3355.0,7.0,20.0,20.0,7.0,0.001,341.453,-110.17,-66.575,-34.347
22551,Deuterium,3075.0,180.0,3200.0,3355.0,7.0,20.0,20.0,7.0,0.004,339.085,-110.696,-64.53,-34.266
22552,Deuterium,3075.0,180.0,3200.0,3355.0,7.0,20.0,20.0,7.0,0.001,340.956,-110.823,-64.871,-34.555
22553,Deuterium,3075.0,180.0,3200.0,3355.0,7.0,20.0,20.0,7.0,0.0,340.92,-110.595,-62.588,-34.491
22554,Deuterium,3081.0,180.0,3200.0,3355.0,7.0,20.0,20.0,7.0,0.004,337.405,-110.281,-64.737,-34.422
22555,Deuterium,3077.0,171.0,3200.0,3355.0,7.0,20.0,20.0,7.0,-0.001,339.441,-109.917,-65.694,-34.17
22556,Deuterium,3075.0,171.0,3200.0,3355.0,7.0,20.0,20.0,7.0,0.002,336.619,-110.365,-64.783,-34.445
22557,Deuterium,3077.0,171.0,3200.0,3355.0,7.0,20.0,20.0,7.0,-0.0,337.156,-110.203,-64.034,-34.538
22558,Deuterium,3073.0,190.0,3200.0,3355.0,7.0,20.0,20.0,7.0,-0.001,338.397,-109.973,-63.735,-34.657
22559,Deuterium,3085.0,180.0,3200.0,3355.0,7.0,20.0,20.0,0.0,0.004,-0.938,-0.285,1.147,-0.07
22560,Deuterium,2830.0,180.0,3200.0,3100.0,7.0,20.0,20.0,0.0,0.001,1.009,0.168,-0.648,0.038
22561,Deuterium,2830.0,180.0,3200.0,3100.0,3.0,3.0,3.0,0.0,0.002,349.857,-112.127,-65.164,-34.114
22562,Deuterium,-170.0,180.0,3200.0,100.0,7.0,0.0,0.0,0.0,0.004,0.111,0.127,-0.353,-0.063
22563,Deuterium,-176.0,180.0,3200.0,100.0,7.0,20.0,20.0,0.0,-0.002,352.773,-111.743,-64.54,-34.734
22564,Deuterium,-182.0,180.0,3200.0,100.0,7.0,20.0,20.0,0.0,0.001,350.88,-111.288,-65.811,-34.645
22565,Deuterium,3083.0,180.0,3200.0,3355.0,7.0,20.0,20.0,0.0,0.0,350.301,-111.987,-63.197,-34.673
22566,Deuterium,3087.0,180.0,3200.0,3355.0,7.0,20.0,20.0,0.0,-0.001,350.118,-111.409,-65.253,-34.682
22567,Deuterium,3089.0,180.0,3200.0,3355.0,7.0,20.0,20.0,0.0,0.001,348.726,-112.275,-62.659,-34.472
22568,Deuterium,3079.0,180.0,3200.0,3345.0,7.0,20.0,20.0,0.0,-0.002,351.33,-111.663,-64.492,-34.68
22569,Deuterium,3099.0,180.0,3200.0,3365.0,7.0,20.0,20.0,0.0,-0.0,348.231,-111.484,-64.535,-34.478
22570,Deuterium,3097.0,180.0,3200.0,3365.0,7.0,20.0,20.0,0.0,-0.006,350.085,-111.763,-64.049,-34.676
22571,Deuterium,3095.0,180.0,3200.0,3365.0,7.0,20.0,20.0,0.0,-0.003,347.514,-111.349,-63.715,-34.404
22572,Deuterium,3091.0,180.0,3200.0,3365.0,7.0,20.0,20.0,0.0,0.005,344.534,-112.334,-61.431,-35.008
22573,Deuterium,3087.0,180.0,3200.0,3365.0,7.0,20.0,20.0,0.0,0.0,346.264,-111.291,-64.38,-34.478
22574,Deuterium,2822.0,242.0,3200.0,3100.0,3.0,3.0,3.0,3.0,0.001,425.243,-278.113,-163.459,-80.68
22575,Deuterium,2822.0,242.0,3200.0,3100.0,7.0,3.0,3.0,3.0,-0.001,429.566,-275.689,-0.779,-0.34
22576,Deuterium,2834.0,242.0,3200.0,3100.0,8.0,20.0,22.0,7.0,0.002,425.844,-348.466,-159.775,-80.713
22577,Deuterium,2834.0,242.0,3200.0,3100.0,8.0,20.0,22.0,7.0,-0.0,426.209,-348.196,-162.463,-80.805
22578,Deuterium,2834.0,242.0,3200.0,3100.0,8.0,20.0,22.0,7.0,-0.001,423.988,-347.255,-163.732,-80.621
22579,Deuterium,2834.0,242.0,3200.0,3100.0,8.0,20.0,22.0,7.0,-0.002,422.46,-345.848,-165.261,-80.663
22580,Deuterium,2836.0,242.0,3200.0,3100.0,8.0,20.0,22.0,7.0,0.004,420.066,-345.921,-161.109,-80.658
22581,Deuterium,2836.0,242.0,3200.0,3100.0,8.0,20.0,22.0,7.0,-0.001,420.992,-345.675,-161.913,-80.358
22582,Deuterium,2836.0,242.0,3200.0,3100.0,8.0,20.0,22.0,7.0,-0.005,421.213,-345.046,-162.152,-80.943
22583,Deuterium,2838.0,242.0,3200.0,3100.0,8.0,20.0,22.0,7.0,-0.004,419.593,-343.977,-162.169,-80.791
22584,Deuterium,3085.0,180.0,3200.0,3355.0,7.0,20.0,20.0,0.0,0.001,0.002,0.084,-0.197,0.052
22585,Deuterium,3085.0,180.0,3200.0,3355.0,7.0,20.0,20.0,0.0,-0.002,-0.791,-0.182,0.227,-0.173
22586,Deuterium,3085.0,180.0,3200.0,3355.0,7.0,20.0,20.0,0.0,0.0,0.027,-0.242,1.006,0.099
22587,,0.0,0.0,0.0,0.0,0.0,0.0,0.0,0.0,0.0,0.0,0.0,0.0,0.0
22588,Deuterium,3085.0,242.0,3200.0,3355.0,7.0,3.0,3.0,0.0,-0.0,0.194,-0.458,1.066,-0.302
22589,Deuterium,3085.0,242.0,3200.0,3355.0,7.0,3.0,3.0,0.0,0.002,423.739,-350.018,-164.192,-80.996
22590,Deuterium,3085.0,242.0,3200.0,3355.0,7.0,3.0,3.0,0.0,0.001,0.111,-0.013,0.015,0.183
22591,Deuterium,3089.0,242.0,3200.0,3355.0,8.0,20.0,22.0,0.0,-0.004,422.527,-348.218,-163.026,-80.951
22592,Deuterium,3089.0,242.0,3200.0,3355.0,8.0,20.0,22.0,7.0,0.004,418.631,-348.229,-162.47,-80.83
22593,Deuterium,3101.0,242.0,3200.0,3365.0,8.0,20.0,22.0,0.0,-0.001,419.271,-346.77,-161.704,-81.131
22594,Deuterium,3095.0,242.0,3200.0,3365.0,8.0,20.0,22.0,7.0,-0.001,420.58,-344.928,-164.839,-80.977
22595,Deuterium,3095.0,242.0,3200.0,3365.0,8.0,20.0,22.0,0.0,-0.0,418.914,-345.441,-162.809,-80.79
22596,Deuterium,3093.0,242.0,3200.0,3365.0,8.0,20.0,22.0,7.0,0.0,415.746,-344.133,-162.621,-81.074
22597,Deuterium,3091.0,242.0,3200.0,3365.0,8.0,20.0,22.0,0.0,-0.0,416.087,-343.528,-162.023,-80.693
22598,Deuterium,3089.0,242.0,3200.0,3365.0,8.0,20.0,22.0,7.0,0.003,412.599,-342.136,-163.188,-80.563
22599,Deuterium,3087.0,242.0,3200.0,3365.0,8.0,20.0,22.0,0.0,-0.001,414.091,-341.605,-163.306,-80.411
22600,Deuterium,3085.0,242.0,3200.0,3365.0,8.0,20.0,22.0,7.0,-0.001,412.013,-341.142,-162.746,-80.473
22601,Deuterium,3083.0,242.0,3200.0,3365.0,8.0,20.0,22.0,0.0,0.001,411.772,-341.202,-161.394,-80.686
22602,Deuterium,3083.0,242.0,3200.0,3365.0,8.0,20.0,22.0,0.0,0.001,410.617,-340.576,-159.892,-80.846
22603,Deuterium,3081.0,242.0,3200.0,3365.0,8.0,20.0,22.0,7.0,-0.007,410.628,-338.575,-164.425,-80.555
22604,Deuterium,3081.0,242.0,3200.0,3365.0,8.0,20.0,22.0,0.0,0.001,407.721,-337.454,-163.339,-80.952
22605,Deuterium,3079.0,242.0,3200.0,3365.0,8.0,20.0,22.0,7.0,0.0,407.455,-337.491,-159.685,-80.761
22606,Deuterium,3079.0,242.0,3200.0,3365.0,5.0,0.0,0.0,0.0,0.002,6.496,-0.061,0.893,0.014
22607,Deuterium,3079.0,242.0,3200.0,3365.0,0.0,0.0,0.0,0.0,0.002,17.417,0.173,-0.346,0.124
22608,Deuterium,3079.0,242.0,3200.0,3365.0,0.0,0.0,0.0,0.0,0.0,0.815,-0.008,0.188,0.071
22609,Deuterium,3079.0,242.0,3200.0,3365.0,0.0,0.0,0.0,0.0,-0.0,84.26,-0.065,0.899,-0.123
22610,Deuterium,3079.0,242.0,3200.0,3365.0,0.0,0.0,0.0,0.0,0.0,84.944,0.318,0.489,-0.019
22611,Deuterium,3079.0,242.0,3200.0,3365.0,0.0,0.0,0.0,0.0,-0.001,120.449,0.101,1.273,0.18
22612,Deuterium,3079.0,242.0,3200.0,3365.0,0.0,0.0,0.0,0.0,-0.002,156.471,1.096,-0.776,0.379
22613,Deuterium,3079.0,242.0,3200.0,3365.0,3.0,3.0,3.0,0.0,0.002,420.683,-346.793,-66.522,-34.793
22614,Deuterium,3079.0,242.0,3200.0,3365.0,5.0,3.0,3.0,0.0,-0.002,-0.339,0.342,-0.497,-0.037
22615,Deuterium,3079.0,242.0,3200.0,3365.0,5.0,3.0,3.0,0.0,-0.002,2.381,-0.203,1.239,-0.345
22616,Deuterium,3079.0,242.0,3200.0,3365.0,5.0,3.0,3.0,0.0,-0.0,1.762,0.027,-0.467,0.145
22617,Deuterium,3079.0,242.0,3200.0,3365.0,5.0,3.0,3.0,0.0,-0.002,2.038,-0.393,0.684,-0.099
22618,Deuterium,3079.0,242.0,3200.0,3365.0,7.0,3.0,3.0,0.0,0.0,-0.129,-0.145,1.093,-0.062
22619,Deuterium,3079.0,242.0,3200.0,3365.0,7.0,3.0,3.0,7.0,-0.001,0.096,-0.35,0.609,-0.127
22620,Deuterium,3089.0,242.0,3200.0,3355.0,7.0,20.0,22.0,0.0,-0.001,303.301,-244.832,-65.645,-34.91
22621,Deuterium,3089.0,180.0,3200.0,3355.0,7.0,20.0,22.0,0.0,0.0,324.035,-245.155,-64.662,-34.913
22622,Deuterium,3085.0,180.0,3200.0,3355.0,7.0,20.0,22.0,0.0,-0.0,324.111,-243.806,-65.31,-34.4
22623,Deuterium,3085.0,180.0,3200.0,3355.0,7.0,20.0,22.0,0.0,-0.001,0.036,0.117,0.236,0.087
22624,Deuterium,3085.0,180.0,3200.0,3355.0,7.0,20.0,22.0,0.0,0.001,322.528,-244.176,-64.947,-34.55
22625,Deuterium,3081.0,180.0,3200.0,3355.0,7.0,20.0,22.0,0.0,0.0,321.363,-243.127,-65.563,-34.715
22626,Deuterium,3083.0,180.0,3200.0,3355.0,7.0,20.0,22.0,0.0,0.001,319.826,-243.435,-63.851,-34.975
22627,Deuterium,3095.0,180.0,3200.0,3365.0,7.0,20.0,22.0,0.0,0.0,320.374,-242.417,-64.122,-34.852
22628,Deuterium,3090.0,201.0,3200.0,3360.0,7.0,20.0,22.0,0.0,0.001,320.164,-241.654,-66.532,-34.576
22629,Deuterium,3090.0,201.0,3200.0,3360.0,7.0,20.0,22.0,0.0,0.004,317.756,-241.581,-65.682,-34.756
22630,Deuterium,3076.0,201.0,3200.0,3360.0,7.0,20.0,22.0,0.0,-0.001,318.799,-241.539,-65.059,-35.016
22631,Deuterium,3076.0,201.0,3200.0,3360.0,7.0,20.0,22.0,0.0,-0.002,319.489,-240.451,-66.262,-34.533
22632,Deuterium,3076.0,201.0,3200.0,3360.0,7.0,20.0,22.0,0.0,0.0,319.382,-240.983,-65.623,-34.642
22633,Deuterium,3076.0,201.0,3200.0,3360.0,7.0,20.0,22.0,0.0,0.001,316.752,-239.73,-66.256,-34.377
22634,Deuterium,3076.0,201.0,3200.0,3360.0,7.0,20.0,22.0,0.0,-0.0,317.302,-240.075,-65.3,-34.369
22635,Deuterium,3076.0,201.0,3200.0,3360.0,7.0,20.0,22.0,0.0,0.0,2.061,0.195,-0.438,-0.05
22636,Deuterium,3076.0,201.0,3200.0,3360.0,7.0,20.0,22.0,0.0,0.001,316.13,-240.223,-62.821,-34.375
22637,Deuterium,3076.0,201.0,3200.0,3360.0,7.0,20.0,22.0,0.0,-0.0,318.366,-239.673,-64.839,-34.516
22638,Deuterium,2816.0,201.0,3200.0,3100.0,3.0,3.0,3.0,3.0,-0.001,328.979,-246.944,-162.392,-81.201
22639,Deuterium,2816.0,201.0,3200.0,3100.0,7.0,3.0,3.0,3.0,-0.004,1.508,0.207,-67.976,-35.06
22640,Deuterium,2816.0,201.0,3200.0,3100.0,7.0,20.0,22.0,0.0,0.001,331.317,-247.647,-66.043,-34.697
22641,Deuterium,3071.0,201.0,3200.0,3355.0,7.0,20.0,22.0,0.0,-0.0,327.88,-247.22,-66.181,-34.754
22642,Deuterium,3071.0,201.0,3200.0,3355.0,7.0,20.0,22.0,0.0,-0.004,332.219,-247.884,-64.849,-35.044
22643,Deuterium,3071.0,201.0,3200.0,3355.0,7.0,20.0,22.0,0.0,0.001,329.734,-245.987,-67.528,-34.656
22644,Deuterium,3086.0,201.0,3200.0,3360.0,7.0,20.0,22.0,0.0,0.001,329.099,-246.253,-65.563,-34.802
22645,Deuterium,3076.0,201.0,3200.0,3360.0,7.0,20.0,22.0,0.0,-0.0,329.159,-247.355,-64.557,-34.909
22646,Deuterium,3076.0,201.0,3200.0,3360.0,7.0,20.0,22.0,0.0,0.0,327.775,-246.712,-64.777,-34.857
22647,Deuterium,3076.0,201.0,3200.0,3360.0,7.0,20.0,22.0,0.0,0.001,-0.183,0.623,-1.56,0.343
22648,Deuterium,3076.0,201.0,3200.0,3360.0,7.0,20.0,22.0,0.0,-0.0,325.45,-245.512,-65.239,-34.918
22649,Deuterium,3076.0,201.0,3200.0,3360.0,7.0,20.0,22.0,0.0,-0.002,326.392,-246.141,-65.84,-35.23
22650,Deuterium,3076.0,201.0,3200.0,3360.0,7.0,20.0,22.0,0.0,0.001,324.871,-245.564,-65.64,-34.679
22651,Deuterium,3076.0,201.0,3200.0,3360.0,7.0,20.0,15.6,0.0,-0.005,327.678,-244.582,-66.383,-34.668
22652,Deuterium,3076.0,201.0,3200.0,3360.0,7.0,20.0,20.0,0.0,-0.005,326.749,-244.901,-63.371,-34.892
22653,Deuterium,3081.0,201.0,3200.0,3365.0,7.0,3.0,3.0,3.0,-0.001,327.45,-244.767,-165.155,-80.956
22654,Deuterium,3081.0,201.0,3200.0,3365.0,7.0,3.0,3.0,3.0,-0.0,2.167,-0.398,1.078,-0.314
22655,Deuterium,3081.0,201.0,3200.0,3365.0,8.0,20.0,22.0,0.0,-0.001,425.879,-348.95,-164.757,-81.105
22656,Deuterium,3081.0,201.0,3200.0,3365.0,8.0,20.0,22.0,0.0,-0.002,428.259,-349.265,-165.248,-81.264
22657,Deuterium,3081.0,201.0,3200.0,3365.0,8.0,20.0,22.0,0.0,-0.001,427.773,-347.875,-164.724,-81.18
22658,Deuterium,3081.0,201.0,3200.0,3365.0,8.0,20.0,22.0,7.0,0.002,424.79,-344.659,-164.427,-81.106
22659,Deuterium,3081.0,201.0,3200.0,3365.0,8.0,20.0,22.0,7.0,-0.002,426.525,-341.779,-164.961,-80.98
22660,Deuterium,3081.0,201.0,3200.0,3365.0,8.0,20.0,22.0,7.0,-0.001,423.737,-339.36,-164.51,-81.301
22661,Deuterium,3081.0,201.0,3200.0,3365.0,8.0,20.0,22.0,7.0,-0.0,423.612,-337.733,-163.985,-81.33
22662,Deuterium,3081.0,201.0,3200.0,3365.0,8.0,20.0,22.0,7.0,-0.001,421.817,-336.144,-164.885,-81.161
22663,Deuterium,3081.0,201.0,3200.0,3365.0,8.0,20.0,22.0,7.0,-0.003,422.748,-334.182,-164.109,-81.164
22664,Deuterium,3081.0,201.0,3200.0,3365.0,8.0,20.0,22.0,7.0,0.006,418.938,-330.992,-164.717,-81.127
22665,Deuterium,3081.0,201.0,3200.0,3365.0,8.0,20.0,22.0,7.0,0.003,419.072,-328.024,-162.68,-81.382
22666,Deuterium,3081.0,201.0,3200.0,3365.0,8.0,20.0,22.0,7.0,0.0,419.186,-323.394,-164.751,-81.342
22667,Deuterium,3081.0,201.0,3200.0,3365.0,8.0,20.0,22.0,7.0,-0.003,416.722,-324.338,-162.823,-81.305
22668,Deuterium,3081.0,201.0,3200.0,3365.0,8.0,20.0,22.0,7.0,0.0,415.163,-328.779,-163.605,-80.962
22669,Deuterium,3081.0,201.0,3200.0,3365.0,8.0,20.0,22.0,7.0,0.0,414.394,-329.692,-163.636,-80.937
22670,Deuterium,3081.0,201.0,3200.0,3365.0,8.0,20.0,22.0,7.0,0.001,412.637,-330.26,-162.67,-80.829
22671,Deuterium,3081.0,201.0,3200.0,3365.0,8.0,20.0,22.0,7.0,0.003,413.013,-330.001,-162.948,-81.255
22672,Deuterium,3081.0,201.0,3200.0,3365.0,8.0,20.0,22.0,7.0,-0.001,412.131,-329.72,-163.902,-80.817
22673,Deuterium,3083.0,201.0,3200.0,3365.0,8.0,20.0,22.0,7.0,-0.003,410.688,-330.415,-160.975,-81.059
22674,Deuterium,3081.0,201.0,3200.0,3365.0,3.0,3.0,3.0,3.0,-0.003,418.635,-331.69,-164.961,-80.962
22675,Deuterium,3081.0,201.0,3200.0,3365.0,7.0,3.0,3.0,3.0,-0.002,2.321,-0.057,0.187,0.146
22676,Deuterium,3081.0,201.0,3200.0,3365.0,8.0,20.0,22.0,0.0,-0.001,421.017,-334.165,-165.723,-81.336
22677,Deuterium,3081.0,201.0,3200.0,3365.0,8.0,20.0,22.0,7.0,-0.001,418.551,-332.157,-169.141,-80.58
22678,Deuterium,3081.0,211.0,3200.0,3365.0,8.0,20.0,22.0,0.0,0.003,416.326,-333.883,-164.398,-81.293
22679,Deuterium,3081.0,211.0,3200.0,3365.0,8.0,20.0,22.0,7.0,0.001,416.132,-332.701,-164.247,-80.863
22680,Deuterium,3079.0,211.0,3200.0,3365.0,8.0,20.0,22.0,0.0,0.0,415.454,-331.95,-163.452,-80.461
22681,Deuterium,3079.0,211.0,3200.0,3365.0,8.0,20.0,22.0,7.0,-0.0,414.045,-331.808,-163.646,-80.86
22682,Deuterium,3079.0,211.0,3200.0,3365.0,3.0,3.0,3.0,3.0,-0.003,85.289,0.317,0.365,-0.081
22683,Deuterium,3079.0,211.0,3200.0,3365.0,3.0,3.0,3.0,3.0,0.002,157.828,0.938,-0.806,-0.003
22684,Deuterium,3079.0,211.0,3200.0,3365.0,3.0,3.0,3.0,3.0,-0.003,237.19,0.763,0.044,0.024
22685,Deuterium,3079.0,211.0,3200.0,3365.0,3.0,3.0,3.0,3.0,-0.0,231.959,0.977,0.36,-0.012
22686,Deuterium,3079.0,211.0,3200.0,3365.0,3.0,3.0,3.0,3.0,-0.003,110.242,0.342,0.041,0.056
22687,Deuterium,3079.0,211.0,3200.0,3365.0,7.0,3.0,22.0,3.0,-0.002,420.781,-334.666,-1.415,-10.429
22688,Deuterium,3079.0,211.0,3200.0,3365.0,7.0,3.0,22.0,3.0,0.001,-0.71,0.015,-165.026,-81.332
22689,Deuterium,3079.0,211.0,3200.0,3365.0,8.0,20.0,22.0,0.0,-0.006,424.334,-335.8,-164.043,-80.894
22690,Deuterium,3079.0,211.0,3200.0,3365.0,8.0,20.0,22.0,0.0,-0.0,420.451,-334.103,-165.009,-81.137
22691,Deuterium,3079.0,211.0,3200.0,3365.0,8.0,20.0,22.0,0.0,-0.001,420.99,-334.673,-162.319,-81.291
22692,Deuterium,3079.0,211.0,3200.0,3365.0,8.0,20.0,22.0,0.0,-0.001,418.273,-332.97,-164.228,-80.924
22693,,0.0,0.0,0.0,0.0,0.0,0.0,0.0,0.0,0.0,0.0,0.0,0.0,0.0
22694,Deuterium,3075.0,211.0,3200.0,3365.0,8.0,20.0,22.0,0.0,-0.002,416.631,-331.621,-164.236,-80.724
22695,Deuterium,3075.0,211.0,3200.0,3365.0,8.0,20.0,22.0,0.0,0.008,412.828,-330.485,-165.618,-80.865
22696,Deuterium,3075.0,211.0,3200.0,3365.0,8.0,20.0,22.0,0.0,0.0,415.092,-330.95,-163.717,-81.172
22697,Deuterium,3075.0,211.0,3200.0,3365.0,8.0,20.0,22.0,0.0,-0.001,414.437,-329.093,-164.091,-81.094
22698,Deuterium,3075.0,211.0,3200.0,3365.0,8.0,20.0,22.0,0.0,0.003,411.053,-328.584,-164.973,-80.96
22699,Deuterium,3075.0,211.0,3200.0,3365.0,8.0,20.0,22.0,0.0,0.001,411.351,-328.322,-164.34,-81.027
22700,Deuterium,3075.0,211.0,3200.0,3365.0,8.0,20.0,22.0,7.0,0.001,411.32,-327.912,-162.597,-81.522
22701,Deuterium,3075.0,211.0,3200.0,3365.0,8.0,20.0,22.0,7.0,-0.001,410.246,-326.175,-164.011,-81.072
22702,Deuterium,3075.0,211.0,3200.0,3365.0,8.0,20.0,22.0,7.0,-0.0,410.581,-326.313,-162.58,-80.67
22703,Deuterium,3077.0,211.0,3200.0,3365.0,8.0,20.0,22.0,7.0,0.0,409.097,-325.257,-163.678,-80.877
22704,Deuterium,3077.0,211.0,3200.0,3365.0,3.0,3.0,3.0,3.0,0.001,415.795,-310.444,-162.634,-80.99
22705,Deuterium,3077.0,211.0,3200.0,3365.0,7.0,3.0,3.0,3.0,0.002,0.644,-0.279,0.277,-0.011
22706,Deuterium,3077.0,211.0,3200.0,3365.0,7.0,3.0,3.0,3.0,-0.002,1.443,0.211,-0.77,0.05
22707,Deuterium,3077.0,211.0,3200.0,3365.0,8.0,20.0,22.0,0.0,-0.003,416.428,-310.268,-165.204,-81.141
22708,Deuterium,3077.0,211.0,3200.0,3365.0,8.0,20.0,22.0,0.0,0.0,415.869,-309.876,-164.394,-81.006
22709,Deuterium,3081.0,211.0,3200.0,3365.0,8.0,20.0,22.0,0.0,0.004,411.866,-309.234,-163.344,-81.322
22710,Deuterium,3081.0,211.0,3200.0,3365.0,8.0,20.0,22.0,0.0,0.001,414.064,-308.096,-164.126,-81.085
22711,Deuterium,3081.0,211.0,3200.0,3365.0,8.0,20.0,22.5,0.0,0.0,-0.118,-307.973,-166.64,-81.41
22712,Deuterium,3081.0,211.0,3200.0,3365.0,8.0,20.0,22.5,0.0,-0.001,430.956,-306.578,-184.111,-88.772
22713,Deuterium,3077.0,211.0,3200.0,3365.0,8.0,20.0,23.0,0.0,-0.0,430.395,-305.651,-180.627,-88.664
22714,Deuterium,3075.0,211.0,3200.0,3365.0,8.0,20.0,23.0,0.0,-0.001,429.822,-305.92,-180.635,-88.764
22715,Deuterium,3075.0,211.0,3200.0,3365.0,8.0,20.0,23.0,0.0,0.001,426.04,-305.924,-178.078,-89.19
22716,Deuterium,3075.0,211.0,3200.0,3365.0,8.0,20.0,23.0,0.0,-0.0,427.232,-304.992,-179.996,-88.947
22717,Deuterium,3075.0,211.0,3200.0,3365.0,8.0,20.0,23.0,0.0,0.001,424.902,-303.435,-182.58,-88.448
22718,Deuterium,3075.0,211.0,3200.0,3365.0,8.0,20.0,23.0,0.0,0.001,425.18,-303.641,-181.574,-89.357
22719,Deuterium,3075.0,211.0,3200.0,3365.0,8.0,20.0,23.0,7.0,-0.002,424.585,-302.977,-180.646,-88.715
22720,Deuterium,3075.0,211.0,3200.0,3365.0,8.0,20.0,23.0,7.0,-0.0,423.89,-303.191,-179.111,-88.735
22721,Deuterium,3075.0,211.0,3200.0,3365.0,8.0,20.0,23.0,7.0,-0.001,421.801,-302.551,-180.094,-88.568
22722,Deuterium,3075.0,211.0,3200.0,3365.0,3.0,3.0,3.0,7.0,-0.001,444.116,-352.093,-179.361,-88.908
22723,Deuterium,3075.0,211.0,3200.0,3365.0,3.0,3.0,3.0,7.0,-0.0,448.863,-353.345,-181.372,-88.401
22724,Deuterium,3075.0,211.0,3200.0,3365.0,7.0,3.0,3.0,0.0,0.004,-0.156,-0.133,0.339,-0.293
22725,Deuterium,3075.0,211.0,3200.0,3365.0,8.0,20.0,23.0,0.0,0.002,444.996,-351.115,-180.544,-88.606
22726,Deuterium,3085.0,211.0,3200.0,3365.0,8.0,20.0,23.0,0.0,0.002,446.406,-350.727,-178.706,-88.609
22727,Deuterium,3089.0,211.0,3200.0,3365.0,8.0,20.0,23.0,0.0,-0.001,444.62,-319.636,-181.28,-88.487
22728,Deuterium,3083.0,211.0,3200.0,3365.0,8.0,20.0,23.0,0.0,0.001,443.493,-318.955,-180.742,-88.676
22729,Deuterium,3081.0,211.0,3200.0,3365.0,8.4,20.0,23.0,0.0,0.001,442.945,-319.754,-164.883,-80.782
22730,Deuterium,3083.0,211.0,3200.0,3365.0,8.4,20.0,23.0,0.0,0.004,441.433,-318.579,-172.27,-84.685
22731,Deuterium,3083.0,211.0,3200.0,3365.0,8.4,20.0,23.0,0.0,0.005,439.976,-318.576,-171.408,-84.938
22732,Deuterium,3083.0,211.0,3200.0,3365.0,8.4,20.0,23.0,0.0,0.001,437.86,-317.469,-172.844,-84.681
22733,Deuterium,3083.0,211.0,3200.0,3365.0,8.4,20.0,23.0,0.0,0.0,438.283,-317.372,-170.777,-84.899
22734,Deuterium,3077.0,211.0,3200.0,3365.0,8.4,20.0,23.0,0.0,0.001,436.193,-316.404,-172.505,-84.674
22735,Deuterium,3077.0,211.0,3200.0,3365.0,8.4,20.0,23.5,0.0,0.0,435.981,-316.472,-172.243,-84.782
22736,Deuterium,3079.0,211.0,3200.0,3365.0,8.4,20.0,23.5,0.0,0.002,434.618,-317.865,-171.01,-84.802
22737,Deuterium,3079.0,211.0,3200.0,3365.0,8.4,20.0,23.5,0.0,-0.0,433.433,-316.473,-172.532,-84.798
22738,Deuterium,3079.0,211.0,3200.0,3365.0,8.4,20.0,23.5,7.3,-0.002,434.928,-316.9,-171.51,-84.712
22739,Deuterium,3079.0,211.0,3200.0,3365.0,7.0,3.0,3.0,3.0,-0.0,0.165,0.086,-0.027,-0.09
22740,Deuterium,3079.0,211.0,3200.0,3365.0,7.0,3.0,3.0,3.0,0.0,436.574,-358.146,-172.827,-84.729
22741,Deuterium,3079.0,211.0,3200.0,3365.0,8.4,20.0,23.5,0.0,0.0,440.25,-357.628,-174.052,-84.401
22742,Deuterium,3085.0,211.0,3200.0,3365.0,8.4,20.0,23.5,0.0,-0.0,437.623,-357.497,-172.265,-84.597
22743,Deuterium,3085.0,211.0,3200.0,3365.0,8.4,20.0,23.7,0.0,-0.003,438.107,-356.482,-170.777,-84.733
22744,Deuterium,3081.0,211.0,3200.0,3365.0,8.4,20.0,23.7,0.0,0.002,433.104,-355.922,-170.231,-84.902
22745,Deuterium,3081.0,211.0,3200.0,3365.0,8.4,20.0,23.7,0.0,-0.004,435.59,-356.041,-169.535,-84.823
22746,Deuterium,3079.0,211.0,3200.0,3365.0,8.4,20.0,23.7,0.0,-0.003,432.747,-354.181,-172.235,-84.841
22747,Deuterium,3079.0,211.0,3200.0,3365.0,8.4,20.0,23.7,0.0,0.001,432.515,-354.203,-171.449,-85.053
22748,Deuterium,3077.0,211.0,3200.0,3365.0,8.4,20.0,23.7,0.0,0.004,429.493,-352.967,-171.337,-84.966
22749,Deuterium,3075.0,211.0,3200.0,3365.0,8.4,20.0,23.7,0.0,-0.0,429.546,-353.132,-170.87,-85.026
22750,Deuterium,3083.0,221.0,3200.0,3365.0,8.4,20.0,23.7,0.0,0.003,425.864,-351.593,-173.107,-84.714
22751,Deuterium,3083.0,221.0,3200.0,3365.0,8.4,20.0,23.7,0.0,-0.003,428.8,-351.814,-173.357,-84.778
22752,Deuterium,3083.0,221.0,3200.0,3365.0,8.4,20.0,23.7,0.0,-0.0,427.537,-350.98,-171.731,-85.341
22753,Deuterium,3077.0,221.0,3200.0,3365.0,8.4,20.0,23.7,0.0,0.0,425.503,-350.691,-171.8,-85.009
22754,Deuterium,3077.0,221.0,3200.0,3365.0,8.4,20.0,23.7,0.0,0.004,423.329,-349.786,-171.928,-85.073
22755,Deuterium,3077.0,221.0,3200.0,3365.0,8.4,20.0,23.7,0.0,-0.003,425.976,-349.362,-171.286,-85.197
22756,Deuterium,3077.0,221.0,3200.0,3365.0,8.4,20.0,24.0,7.3,-0.0,438.82,-348.819,-171.894,-84.933
22757,Deuterium,3083.0,201.0,3200.0,3365.0,8.0,20.0,22.0,7.0,-0.006,-0.457,0.07,-0.641,-0.094
22758,Deuterium,3083.0,201.0,3200.0,3365.0,8.0,20.0,22.0,7.0,0.001,-0.259,0.123,0.345,-0.101
22759,Deuterium,3083.0,201.0,3200.0,3365.0,8.0,20.0,22.0,7.0,0.0,88.493,-0.563,1.543,-0.351
22760,Deuterium,3083.0,201.0,3200.0,3365.0,8.0,20.0,22.0,7.0,0.001,389.479,1.59,0.378,-0.107
22761,Deuterium,3083.0,201.0,3200.0,3365.0,3.0,3.0,3.0,7.0,-0.002,391.949,1.775,-2.271,0.001
22762,Deuterium,3083.0,201.0,3200.0,3365.0,3.0,3.0,3.0,7.0,-0.001,0.639,-0.316,0.55,-0.038
22763,Deuterium,3083.0,201.0,3200.0,3365.0,3.0,3.0,3.0,7.0,0.0,469.332,1.514,0.818,0.099
22764,Deuterium,3083.0,201.0,3200.0,3365.0,3.0,3.0,3.0,7.0,0.001,468.784,2.476,-2.366,0.321
22765,Deuterium,3083.0,201.0,3200.0,3365.0,3.0,3.0,3.0,7.0,-0.005,239.887,1.089,-0.287,0.166
22766,Deuterium,3095.0,130.0,3200.0,3365.0,3.0,3.0,3.0,0.0,0.001,233.115,0.667,-66.463,-34.559
22767,Deuterium,3095.0,130.0,3200.0,3365.0,7.0,3.0,3.0,0.0,0.003,-2.159,0.313,-0.524,0.185
22768,Deuterium,3080.0,130.0,3200.0,3350.0,8.0,20.0,18.0,0.0,0.0,0.25,-0.371,0.832,-0.064
22769,Deuterium,3080.0,130.0,3200.0,3350.0,8.0,20.0,18.0,0.0,0.001,233.338,0.134,-64.918,-34.881
22770,Deuterium,3086.0,130.0,3200.0,3350.0,8.0,20.0,18.0,0.0,-0.002,233.269,0.239,-64.82,-34.792
22771,Deuterium,3088.0,130.0,3200.0,3350.0,8.0,20.0,18.0,0.0,0.004,231.282,-0.237,-64.034,-34.989
22772,Deuterium,3092.0,130.0,3200.0,3352.0,8.0,20.0,18.0,0.0,-0.001,231.828,-0.247,-64.141,-34.669
22773,Deuterium,3092.0,130.0,3200.0,3354.0,8.0,20.0,18.0,0.0,0.0,233.986,0.536,-66.763,-0.24
22774,Deuterium,3090.0,130.0,3200.0,3354.0,8.0,20.0,18.5,0.0,0.003,242.215,0.461,-64.19,-34.839
22775,Deuterium,3088.0,130.0,3200.0,3354.0,8.0,20.0,19.0,0.0,-0.0,248.672,0.232,-64.808,-34.746
22776,Deuterium,3088.0,130.0,3200.0,3354.0,8.0,20.0,19.5,0.0,0.001,254.391,-0.026,-64.453,-35.008
22777,Deuterium,3088.0,130.0,3200.0,3354.0,3.0,3.0,3.0,0.0,-0.001,256.939,0.219,-65.982,-34.425
22778,Deuterium,3088.0,130.0,3200.0,3354.0,3.0,3.0,3.0,0.0,0.001,0.423,0.211,-0.429,0.042
22779,Deuterium,3088.0,130.0,3200.0,3354.0,8.0,20.0,19.5,0.0,-0.004,258.064,0.754,-65.568,-34.757
22780,Deuterium,3086.0,130.0,3200.0,3354.0,8.0,20.0,20.0,0.0,-0.005,263.297,0.677,-65.92,-34.68
22781,Deuterium,3086.0,130.0,3200.0,3354.0,8.0,20.0,20.0,0.0,-0.002,264.421,-0.128,-66.566,-34.886
22782,Deuterium,3086.0,130.0,3200.0,3354.0,8.0,20.0,20.0,0.0,0.0,279.76,0.544,-65.913,-34.818
22783,Deuterium,3086.0,130.0,3200.0,3354.0,8.0,20.0,20.5,0.0,0.0,293.504,-0.142,-61.741,-34.782
22784,Deuterium,3090.0,130.0,3200.0,3356.0,8.0,20.0,21.0,0.0,0.0,295.093,0.422,-63.89,-35.249
22785,Deuterium,3090.0,130.0,3200.0,3356.0,8.0,20.0,21.0,0.0,0.001,308.44,0.572,-64.759,-34.868
22786,Deuterium,3090.0,130.0,3200.0,3356.0,8.0,20.0,21.5,0.0,0.001,309.81,0.411,-65.623,-34.779
22787,Deuterium,3090.0,130.0,3200.0,3356.0,8.0,20.0,21.5,0.0,0.003,322.153,1.518,-64.861,-34.809
22788,Deuterium,3090.0,130.0,3200.0,3356.0,8.0,20.0,22.0,0.0,0.0,324.831,0.338,-66.016,-34.859
22789,Deuterium,3090.0,130.0,3200.0,3356.0,8.0,20.0,22.0,0.0,0.001,330.302,0.524,-65.409,-34.686
22790,Deuterium,3088.0,130.0,3200.0,3356.0,8.0,20.0,22.0,0.0,0.003,337.122,0.482,-65.04,-34.904
22791,Deuterium,3090.0,130.0,3200.0,3360.0,8.0,20.0,22.0,0.0,-0.0,344.135,-0.23,-65.416,-34.883
22792,Deuterium,3092.0,130.0,3200.0,3360.0,8.0,20.0,22.0,0.0,0.004,352.47,0.213,-64.204,-34.865
22793,Deuterium,3092.0,135.0,3200.0,3360.0,8.0,20.0,22.0,0.0,-0.002,278.539,-0.218,-64.659,-34.849
22794,Deuterium,3092.0,135.0,3200.0,3360.0,8.0,20.0,22.0,0.0,0.001,333.558,0.037,-64.36,-34.323
22795,Deuterium,3096.0,130.0,3200.0,3360.0,8.0,20.0,18.0,0.0,-0.001,218.654,0.783,-66.491,-34.523
22796,Deuterium,3092.0,135.0,3200.0,3360.0,8.0,20.0,22.0,0.0,-0.0,335.385,2.132,-66.804,-34.703
22797,Deuterium,3096.0,135.0,3200.0,3360.0,8.0,20.0,22.0,0.0,-0.0,327.666,0.945,-63.114,0.101
22798,Deuterium,3096.0,135.0,3200.0,3360.0,3.0,3.0,3.0,3.0,-0.002,343.291,-369.592,-65.399,-0.182
22799,Deuterium,3096.0,135.0,3200.0,3360.0,7.0,3.0,3.0,3.0,-0.001,1.787,-0.274,-0.085,-0.279
22800,Deuterium,3080.0,241.0,3200.0,3360.0,8.8,20.0,23.0,0.0,-0.002,389.726,-365.997,-163.364,0.186
22801,Deuterium,3086.0,241.0,3200.0,3360.0,8.8,20.0,23.0,0.0,0.002,342.898,-367.043,-164.169,-82.478
22802,Deuterium,3076.0,241.0,3200.0,3360.0,8.8,20.0,23.0,0.0,-0.001,377.17,-366.36,-165.559,-82.515
22803,Deuterium,3080.0,231.0,3200.0,3360.0,8.8,20.0,23.0,0.0,-0.001,370.489,-365.184,-164.511,-82.505
22804,Deuterium,3088.0,231.0,3200.0,3360.0,8.8,20.0,23.0,0.0,-0.002,367.06,-364.607,-164.203,-82.685
22805,Deuterium,3088.0,231.0,3200.0,3360.0,8.8,20.0,23.0,0.0,-0.001,418.524,-363.465,-164.079,-82.411
22806,Deuterium,3088.0,231.0,3200.0,3360.0,8.8,20.0,23.0,0.0,0.0,429.225,-361.789,-163.074,-82.558
22807,Deuterium,3086.0,231.0,3200.0,3360.0,8.8,20.0,23.2,0.0,0.001,434.852,-362.236,-166.134,-82.512
22808,Deuterium,3088.0,231.0,3200.0,3360.0,8.8,20.0,23.2,0.0,-0.0,437.36,-359.889,-163.471,-82.434
22809,Deuterium,3084.0,231.0,3200.0,3360.0,8.8,20.0,23.4,0.0,0.0,405.961,-360.804,-161.39,-82.708
22810,Deuterium,3086.0,231.0,3200.0,3360.0,8.8,20.0,23.4,0.0,-0.001,1.791,0.154,0.003,-0.067
22811,Deuterium,3086.0,231.0,3200.0,3360.0,8.8,20.0,23.4,0.0,0.001,442.669,-359.081,-163.841,-82.624
22812,Deuterium,3088.0,234.0,3200.0,3362.0,8.8,20.0,23.4,0.0,0.001,440.163,-358.435,-179.313,-90.644
22813,Deuterium,3088.0,234.0,3200.0,3362.0,8.8,20.0,23.4,7.7,-0.003,423.641,-357.038,-179.001,-90.497
22814,Deuterium,3088.0,234.0,3200.0,3362.0,8.8,20.0,23.4,7.7,0.001,442.448,-356.41,-179.383,-90.42
22815,Deuterium,3088.0,234.0,3200.0,3362.0,3.0,3.0,3.0,3.0,0.001,286.951,-362.133,-182.691,-89.205
22816,Deuterium,3088.0,234.0,3200.0,3362.0,7.0,3.0,3.0,0.0,-0.0,0.43,-0.222,0.236,-0.208
22817,Deuterium,3087.0,234.0,3200.0,3365.0,8.8,20.0,23.0,0.0,0.001,440.773,-361.038,-182.222,-89.178
22818,Deuterium,3089.0,234.0,3200.0,3365.0,8.8,20.0,23.0,0.0,0.002,447.053,-360.391,-180.527,-89.263
22819,Deuterium,3089.0,234.0,3200.0,3365.0,8.8,20.0,23.5,0.0,-0.003,447.275,-358.23,-181.185,-89.081
22820,Deuterium,3089.0,234.0,3200.0,3365.0,8.8,20.0,23.5,0.0,0.001,426.281,-358.126,-181.889,-89.58
22821,Deuterium,3089.0,231.0,3200.0,3365.0,8.8,20.0,23.5,0.0,-0.0,440.122,-357.043,-181.316,-89.264
22822,Deuterium,3089.0,229.0,3200.0,3365.0,8.8,20.0,23.5,0.0,0.002,432.226,-355.898,-180.576,-89.024
22823,Deuterium,3089.0,226.0,3200.0,3365.0,8.8,20.0,23.5,0.0,0.0,441.577,-355.378,-180.659,-89.43
22824,Deuterium,3089.0,226.0,3200.0,3365.0,8.8,20.0,24.0,0.0,-0.002,452.722,-354.701,-181.082,-89.145
22825,Deuterium,3089.0,226.0,3200.0,3365.0,8.8,20.0,24.0,0.0,0.002,453.0,-352.982,-180.903,-89.016
22826,Deuterium,3089.0,224.0,3200.0,3365.0,8.8,20.0,24.0,0.0,0.002,449.176,-351.93,-181.124,-89.412
22827,Deuterium,3089.0,224.0,3200.0,3365.0,8.8,20.0,24.0,7.7,0.001,453.43,-352.263,-180.22,-89.218
22828,Deuterium,3089.0,224.0,3200.0,3365.0,8.8,20.0,24.0,7.7,-0.001,450.552,-351.049,-188.793,-93.391
22829,Deuterium,3097.0,224.0,3200.0,3365.0,8.8,20.0,24.0,7.7,0.001,453.154,-349.719,-188.403,-93.294
22830,Deuterium,3097.0,224.0,3200.0,3365.0,3.0,3.0,3.0,3.0,0.0,410.233,-327.183,-165.806,-81.274
22831,Deuterium,3097.0,224.0,3200.0,3365.0,7.0,3.0,3.0,0.0,0.0,0.405,0.306,-1.353,-0.13
22832,Deuterium,3097.0,224.0,3200.0,3365.0,8.0,20.0,22.0,0.0,-0.001,411.064,-325.983,-165.105,-81.403
22833,Deuterium,3085.0,224.0,3200.0,3365.0,8.0,20.0,22.0,0.0,-0.0,410.948,-326.009,-165.599,-81.558
22834,Deuterium,3095.0,224.0,3200.0,3365.0,8.0,20.0,22.0,0.0,0.0,410.65,-324.818,-165.299,-81.546
22835,Deuterium,3081.0,201.0,3200.0,3365.0,8.0,20.0,22.0,0.0,-0.001,411.084,-323.974,-167.293,-81.085
22836,Deuterium,3081.0,201.0,3200.0,3365.0,8.0,20.0,22.0,0.0,0.001,-0.178,-0.394,1.217,-0.122
22837,Deuterium,3081.0,201.0,3200.0,3365.0,8.0,20.0,22.0,0.0,-0.004,411.764,-322.762,-164.292,-81.468
22838,Deuterium,3093.0,201.0,3200.0,3365.0,8.0,20.0,22.0,0.0,-0.001,410.844,-322.317,-164.615,-81.563
22839,Deuterium,3091.0,201.0,3200.0,3365.0,8.0,20.0,22.0,0.0,-0.002,409.875,-323.822,-159.59,-81.85
22840,Deuterium,3091.0,201.0,3200.0,3365.0,8.0,20.0,22.0,0.0,-0.0,409.075,-318.866,-165.418,-81.126
22841,Deuterium,3091.0,201.0,3200.0,3365.0,8.0,20.0,22.0,0.0,0.0,409.18,-320.845,-165.029,-81.506
22842,Deuterium,3091.0,201.0,3200.0,3365.0,8.0,20.0,22.0,0.0,-0.001,409.222,-321.12,-165.447,-81.602
22843,Deuterium,3091.0,201.0,3200.0,3365.0,8.0,20.0,22.0,0.0,-0.0,407.364,-319.202,-164.622,-81.458
22844,Deuterium,3091.0,201.0,3200.0,3365.0,8.0,20.0,22.0,0.0,0.0,406.789,-318.848,-162.69,-81.616
22845,Deuterium,3091.0,201.0,3200.0,3365.0,8.0,20.0,22.0,7.0,0.001,-1.06,0.428,-1.885,0.255
22846,Deuterium,3091.0,201.0,3200.0,3365.0,8.0,20.0,22.0,7.0,0.002,407.01,-318.363,-164.556,-81.433
22847,Deuterium,3091.0,201.0,3200.0,3365.0,8.0,20.0,22.0,7.0,-0.0,408.629,-318.165,-162.166,-81.454
22848,Deuterium,3089.0,201.0,3200.0,3365.0,8.0,20.0,22.0,7.0,-0.001,407.847,-317.061,-163.015,-0.132
22849,Deuterium,3089.0,201.0,3200.0,3365.0,8.0,20.0,22.0,7.0,-0.004,408.881,-315.908,-166.156,-81.027
22850,Deuterium,3089.0,201.0,3200.0,3365.0,8.0,20.0,22.0,7.0,-0.001,408.799,-317.66,-160.41,-81.765
22851,Deuterium,3089.0,201.0,3200.0,3365.0,8.0,20.0,22.0,7.0,-0.0,407.489,-315.554,-164.403,-81.52
22852,Deuterium,3089.0,201.0,3200.0,3365.0,8.0,20.0,22.0,7.0,0.003,406.976,-314.403,-163.698,-81.372
22853,Deuterium,3089.0,201.0,3200.0,3365.0,3.0,3.0,3.0,3.0,-0.0,411.904,-320.389,-166.928,-81.281
22854,,0.0,0.0,0.0,0.0,0.0,0.0,0.0,0.0,0.0,0.0,0.0,0.0,0.0
22855,Deuterium,4079.0,201.0,3200.0,4355.0,5.0,3.0,3.0,3.0,0.002,-0.998,-0.454,1.032,-0.094
22856,Deuterium,4079.0,201.0,3200.0,4355.0,7.0,3.0,3.0,3.0,0.001,-0.009,-0.176,1.431,0.133
22857,Deuterium,3087.0,100.0,3200.0,3355.0,8.0,20.0,17.0,0.0,-0.0,0.216,-0.021,0.163,0.001
22858,Deuterium,3087.0,100.0,3200.0,3355.0,8.0,20.0,17.0,0.0,0.0,396.834,-320.578,-165.962,-81.388
22859,Deuterium,3087.0,100.0,3200.0,3355.0,8.0,20.0,17.0,7.0,-0.003,405.524,-320.515,-164.589,-81.436
22860,Deuterium,3087.0,100.0,3200.0,3355.0,8.0,20.0,17.0,7.0,0.004,400.848,-319.525,-164.506,-81.386
22861,Deuterium,3087.0,100.0,3200.0,3355.0,8.0,20.0,17.0,7.0,-0.004,365.303,-320.916,-149.813,-73.474
22862,Deuterium,3087.0,100.0,3200.0,3355.0,8.0,20.0,17.0,7.0,0.001,364.472,-282.253,-149.012,-73.677
22863,Deuterium,3087.0,100.0,3200.0,3355.0,8.0,20.0,17.0,7.0,0.0,340.578,-283.538,-139.223,-69.282
22864,Deuterium,3087.0,100.0,3200.0,3355.0,8.0,20.0,17.0,7.0,-0.001,341.651,-283.87,-138.697,-69.293
22865,Deuterium,3087.0,100.0,3200.0,3355.0,8.0,20.0,22.0,7.0,0.0,339.052,-282.54,-141.107,-69.424
22866,Deuterium,3087.0,100.0,3200.0,3355.0,8.0,20.0,22.0,7.0,-0.002,340.303,-244.708,-139.048,-69.477
22867,Deuterium,3087.0,100.0,3200.0,3355.0,8.0,20.0,22.0,7.0,0.004,337.328,-200.383,-139.517,-69.225
22868,Deuterium,3087.0,100.0,3200.0,3355.0,8.0,20.0,22.0,7.0,-0.002,246.278,-199.358,-103.73,-50.951
22869,Deuterium,3087.0,100.0,3200.0,3355.0,8.0,20.0,17.0,7.0,-0.003,245.402,-199.193,-100.508,-51.133
22870,Deuterium,3087.0,100.0,3200.0,3355.0,8.0,20.0,20.0,7.0,-0.0,245.775,-199.54,-101.346,-51.63
22871,Deuterium,3087.0,100.0,3200.0,3355.0,8.0,20.0,22.0,7.0,-0.0,179.246,0.183,-56.767,-33.269
22872,Deuterium,3087.0,100.0,3200.0,3355.0,8.0,20.0,22.0,7.0,0.001,345.057,0.642,-109.703,-54.405
22873,Deuterium,3087.0,100.0,3200.0,3355.0,8.0,20.0,17.0,7.0,0.0,346.806,0.271,-109.197,-54.553
22874,Deuterium,3087.0,100.0,3200.0,3355.0,8.0,20.0,17.0,7.0,0.0,235.006,0.267,-74.636,-40.102
22875,Deuterium,3087.0,100.0,3200.0,3355.0,3.0,3.0,3.0,3.0,0.001,238.775,-363.625,-75.242,-40.334
22876,Deuterium,3087.0,100.0,3200.0,3355.0,7.0,3.0,3.0,3.0,0.001,0.446,0.2,-0.438,0.184
22877,Deuterium,3077.0,201.0,3200.0,3355.0,8.0,20.0,18.0,0.0,-0.0,412.964,-363.786,-166.127,-75.711
22878,Deuterium,3081.0,201.0,3200.0,3355.0,8.0,20.0,19.0,0.0,0.0,413.953,-363.576,-166.091,-76.336
22879,Deuterium,3085.0,201.0,3200.0,3355.0,8.0,20.0,20.0,0.0,0.0,412.732,-361.183,-165.973,-76.22
22880,Deuterium,3091.0,201.0,3200.0,3355.0,8.0,20.0,20.0,0.0,0.001,412.347,-361.595,-165.74,-76.175
22881,Deuterium,3091.0,201.0,3200.0,3355.0,8.0,20.0,20.0,0.0,-0.002,413.434,-361.333,-164.058,-76.704
22882,Deuterium,3091.0,201.0,3200.0,3355.0,8.0,20.0,21.0,0.0,-0.003,412.227,-360.542,-164.444,-76.836
22883,Deuterium,3089.0,201.0,3200.0,3355.0,8.0,20.0,21.0,0.0,0.002,413.02,-359.807,-164.691,-76.264
22884,Deuterium,3089.0,201.0,3200.0,3355.0,8.0,20.0,21.0,0.0,0.001,411.77,-358.353,-166.0,-76.107
22885,Deuterium,3089.0,201.0,3200.0,3355.0,8.0,20.0,21.0,0.0,-0.001,411.167,-357.641,-164.954,-76.409
22886,Deuterium,3089.0,201.0,3200.0,3355.0,8.0,20.0,21.0,0.0,0.006,408.881,-357.635,-164.348,-76.419
22887,Deuterium,3089.0,201.0,3200.0,3355.0,8.0,20.0,22.0,0.0,0.001,410.451,-355.398,-166.297,-76.117
22888,Deuterium,3089.0,201.0,3200.0,3355.0,8.0,20.0,22.0,0.0,0.001,410.449,-356.022,-164.508,-76.033
22889,Deuterium,3089.0,201.0,3200.0,3355.0,8.0,20.0,22.0,0.0,0.001,410.445,-355.925,-163.322,-75.976
22890,Deuterium,3089.0,201.0,3200.0,3355.0,8.0,20.0,22.0,0.0,0.0,410.015,-354.324,-163.916,-76.056
22891,Deuterium,3089.0,201.0,3200.0,3355.0,8.0,20.0,23.0,0.0,0.002,409.814,-355.321,-162.13,-76.013
22892,Deuterium,3089.0,201.0,3200.0,3355.0,8.0,20.0,23.0,0.0,0.004,409.939,-353.806,-164.569,-76.575
22893,Deuterium,3091.0,201.0,3200.0,3359.0,8.0,20.0,23.0,0.0,-0.001,412.541,-352.784,-165.502,-75.878
22894,Deuterium,3091.0,201.0,3200.0,3359.0,8.0,20.0,23.0,0.0,-0.002,409.757,-351.018,-165.302,-76.048
22895,Deuterium,3091.0,201.0,3200.0,3359.0,3.0,3.0,3.0,3.0,0.003,414.323,-319.504,-166.152,-75.804
22896,Deuterium,3091.0,201.0,3200.0,3359.0,7.0,3.0,3.0,0.0,0.004,366.021,-291.126,-152.647,-73.403
22897,Deuterium,3091.0,100.0,3200.0,3359.0,8.0,20.0,17.0,0.0,0.001,365.974,-290.003,-149.849,-74.006
22898,Deuterium,3091.0,100.0,3200.0,3359.0,8.0,20.0,17.0,7.0,-0.0,366.337,-289.66,-150.12,-73.917
22899,Deuterium,3091.0,100.0,3200.0,3359.0,8.0,20.0,17.0,7.0,-0.0,365.98,-288.818,-149.538,-73.704
22900,Deuterium,3091.0,110.0,3200.0,3359.0,8.0,20.0,17.0,7.0,-0.0,365.646,-288.54,-149.458,-73.798
22901,Deuterium,3089.0,110.0,3200.0,3359.0,8.0,20.0,17.0,7.0,-0.004,365.609,-288.115,-150.544,-73.64
22902,Deuterium,3085.0,110.0,3200.0,3359.0,8.0,20.0,17.0,7.0,0.001,364.608,-287.278,-150.531,-73.725
22903,Deuterium,3085.0,120.0,3200.0,3359.0,8.0,20.0,17.0,7.0,0.001,365.967,-287.762,-149.662,-73.924
22904,Deuterium,3085.0,130.0,3200.0,3359.0,8.0,20.0,17.0,7.0,-0.002,367.224,-287.091,-150.819,-73.661
22905,Deuterium,3085.0,140.0,3200.0,3359.0,8.0,20.0,17.0,7.0,0.003,364.452,-287.409,-149.518,-73.982
22906,Deuterium,3085.0,151.0,3200.0,3359.0,8.0,20.0,17.0,7.0,-0.002,364.726,-286.017,-150.012,-73.842
22907,Deuterium,3085.0,160.0,3200.0,3359.0,8.0,20.0,17.0,7.0,0.0,364.884,-285.495,-151.69,-73.747
22908,Deuterium,3085.0,160.0,3200.0,3359.0,8.0,20.0,17.0,7.0,0.0,324.626,-283.49,-134.122,-65.93
22909,Deuterium,3085.0,160.0,3200.0,3359.0,8.0,20.0,17.0,7.0,0.0,306.293,-285.977,-123.371,-62.386
22910,Deuterium,3085.0,160.0,3200.0,3359.0,8.0,20.0,17.0,7.0,-0.001,268.983,-284.924,-109.967,-54.578
22911,Deuterium,3085.0,160.0,3200.0,3359.0,8.0,20.0,17.0,7.0,0.003,286.544,-284.425,-117.665,-58.258
22912,Deuterium,3085.0,160.0,3200.0,3359.0,3.0,3.0,3.0,3.0,-0.001,366.43,-288.693,-148.754,-75.59
22913,Deuterium,3085.0,160.0,3200.0,3359.0,7.0,3.0,3.0,3.0,-0.004,367.509,-288.672,-151.256,-73.634
22914,Deuterium,3079.0,160.0,3200.0,3355.0,8.0,20.0,22.0,7.0,0.0,0.267,0.348,0.047,0.269
22915,Deuterium,3081.0,160.0,3200.0,3355.0,8.0,20.0,17.0,0.0,0.0,366.245,-288.136,-149.859,-73.964
22916,Deuterium,3081.0,160.0,3200.0,3355.0,8.0,20.0,17.0,7.0,0.001,365.154,-288.147,-147.933,-74.075
22917,Deuterium,3081.0,160.0,3200.0,3355.0,8.0,20.0,17.0,7.0,0.001,364.488,-287.675,-148.591,-74.165
22918,Deuterium,3081.0,160.0,3200.0,3355.0,8.0,20.0,17.0,7.0,0.0,325.276,-286.411,-134.493,-65.835
22919,Deuterium,3081.0,160.0,3200.0,3355.0,8.0,20.0,17.0,7.0,-0.002,325.706,-286.886,-132.209,-66.023
22920,Deuterium,3087.0,101.0,3200.0,3355.0,8.0,20.0,17.0,7.0,-0.005,365.853,-286.67,-151.726,-74.128
22921,Deuterium,3087.0,101.0,3200.0,3355.0,8.0,20.0,17.0,7.0,0.005,361.568,-287.632,-146.814,-74.195
22922,Deuterium,3087.0,101.0,3200.0,3355.0,8.0,20.0,17.0,7.0,0.0,0.129,0.009,0.071,0.037
22923,Deuterium,3081.0,160.0,3200.0,3355.0,8.0,20.0,17.0,7.0,-0.004,406.065,-283.894,-136.131,-65.802
22924,Deuterium,3081.0,160.0,3200.0,3355.0,8.0,20.0,17.0,7.0,0.0,404.615,-286.05,-133.937,-66.142
22925,Deuterium,3079.0,180.0,3200.0,3355.0,8.0,20.0,17.0,7.0,-0.002,403.143,-283.002,-133.433,-66.017
22926,Deuterium,3079.0,200.0,3200.0,3355.0,8.0,20.0,17.0,7.0,-0.001,403.76,-284.211,-133.959,-66.075
22927,Deuterium,3081.0,160.0,3200.0,3355.0,8.0,20.0,17.0,7.0,-0.004,247.637,-203.504,-99.759,-51.199
22928,Deuterium,3081.0,200.0,3200.0,3355.0,8.0,20.0,17.0,7.0,0.003,245.472,-201.968,-98.655,-51.475
22929,Deuterium,3081.0,200.0,3200.0,3355.0,8.0,20.0,17.0,7.0,-0.0,246.127,-201.727,-100.98,-51.33
22930,Deuterium,3081.0,200.0,3200.0,3355.0,8.0,20.0,17.0,7.0,-0.003,248.14,-202.552,-98.3,-51.269
22931,Deuterium,3081.0,200.0,3200.0,3355.0,8.0,20.0,22.0,7.0,-0.002,248.555,-201.505,-100.313,-51.227
22932,Deuterium,3081.0,200.0,3200.0,3355.0,8.0,20.0,22.0,7.0,0.001,-0.553,-0.004,-0.199,0.016
22933,Deuterium,3081.0,200.0,3200.0,3355.0,8.0,20.0,22.0,7.0,-0.0,246.262,-201.123,-101.204,-51.093
22934,Deuterium,3081.0,200.0,3200.0,3365.0,8.0,20.0,22.0,0.0,0.0,408.493,-200.674,-164.785,-76.063
22935,Deuterium,3087.0,200.0,3200.0,3365.0,8.0,20.0,22.0,0.0,-0.004,410.073,-201.17,-163.78,-76.74
22936,Deuterium,3087.0,200.0,3200.0,3365.0,3.0,3.0,3.0,3.0,-0.004,414.408,-203.531,-166.1,-75.82
22937,,0.0,0.0,0.0,0.0,0.0,0.0,0.0,0.0,0.0,0.0,0.0,0.0,0.0
22938,Deuterium,3087.0,200.0,3200.0,3365.0,7.0,3.0,3.0,3.0,0.003,-0.47,0.085,0.585,0.009
22939,Deuterium,3087.0,200.0,3200.0,3365.0,7.0,3.0,3.0,3.0,-0.0,0.55,-0.065,0.27,0.125
22940,Deuterium,3091.0,160.0,3200.0,3365.0,8.0,20.0,17.0,0.0,-0.0,252.255,-204.608,-100.316,-51.756
22941,Deuterium,3081.0,160.0,3200.0,3355.0,8.0,20.0,17.0,0.0,-0.0,252.274,-204.663,-103.313,-51.346
22942,Deuterium,3081.0,160.0,3200.0,3355.0,8.0,20.0,17.0,7.0,-0.002,252.014,-204.674,-100.275,-51.696
22943,Deuterium,3081.0,160.0,3200.0,3355.0,8.0,20.0,17.0,7.0,-0.005,251.7,-204.576,-100.983,-51.566
22944,Deuterium,3081.0,180.0,3200.0,3355.0,8.0,20.0,17.0,7.0,0.002,251.756,-204.221,-102.543,-51.662
22945,Deuterium,3081.0,180.0,3200.0,3355.0,8.0,20.0,17.0,7.0,-0.0,-0.269,-0.2,-0.161,-0.044
22946,Deuterium,3081.0,180.0,3200.0,3355.0,8.0,20.0,17.0,7.0,-0.0,251.406,-203.095,-102.305,-51.495
22947,Deuterium,3081.0,180.0,3200.0,3355.0,8.0,20.0,17.0,7.0,-0.003,253.928,-203.028,-102.755,-51.271
22948,Deuterium,3081.0,180.0,3200.0,3355.0,8.0,20.0,17.0,7.0,0.002,0.679,0.046,0.339,0.002
22949,Deuterium,3081.0,180.0,3200.0,3355.0,8.0,20.0,17.0,7.0,0.001,251.638,-203.264,-101.534,-51.576
22950,Deuterium,3081.0,180.0,3200.0,3355.0,7.0,20.0,17.0,7.0,0.0,0.684,-0.168,1.023,0.048
22951,Deuterium,3081.0,180.0,3200.0,3355.0,8.0,20.0,17.0,7.0,-0.003,250.37,-202.903,-100.333,-51.613
22952,Deuterium,3081.0,180.0,3200.0,3355.0,8.0,20.0,17.0,7.0,-0.004,251.477,-203.122,-100.696,-51.563
22953,Deuterium,3081.0,180.0,3200.0,3355.0,8.0,20.0,17.0,7.0,-0.0,251.078,-202.608,-100.82,-51.521
22954,Deuterium,3081.0,180.0,3200.0,3355.0,8.0,20.0,17.0,7.0,0.0,249.751,-202.035,-101.93,-51.318
22955,Deuterium,3081.0,180.0,3200.0,3355.0,8.0,20.0,17.0,7.0,0.001,249.965,-201.584,-101.378,-51.685
22956,Deuterium,3081.0,180.0,3200.0,3355.0,8.0,20.0,20.0,7.0,0.001,249.192,-200.714,-101.784,-51.202
22957,Deuterium,3081.0,180.0,3200.0,3355.0,8.0,20.0,20.0,7.0,-0.0,297.351,-200.412,-119.532,-60.008
22958,Deuterium,3081.0,180.0,3200.0,3355.0,8.0,20.0,22.0,7.0,-0.0,298.08,-202.221,-118.622,-60.002
22959,,0.0,0.0,0.0,0.0,0.0,0.0,0.0,0.0,0.0,0.0,0.0,0.0,0.0
22960,Deuterium,3081.0,180.0,3200.0,3355.0,8.5,20.0,22.0,7.0,-0.0,297.263,-201.657,-119.411,-60.052
22961,Deuterium,3081.0,180.0,3200.0,3355.0,8.5,20.0,22.0,7.0,-0.001,321.852,-201.425,-132.854,-65.267
22962,Deuterium,3085.0,180.0,3200.0,3355.0,8.5,20.0,23.0,7.0,0.0,320.973,-201.801,-131.978,-65.697
22963,Deuterium,3085.0,180.0,3200.0,3355.0,8.5,20.0,23.0,7.0,0.005,-1.091,-0.065,0.302,0.033
22964,Deuterium,3081.0,180.0,3200.0,3355.0,9.0,20.0,23.0,7.0,-0.001,322.761,-201.914,-131.746,-65.339
22965,Deuterium,3081.0,180.0,3200.0,3355.0,6.0,20.0,23.0,7.0,0.001,322.062,-200.272,-134.314,-65.107
22966,Deuterium,3081.0,180.0,3200.0,3355.0,9.0,20.0,23.0,7.0,-0.002,336.615,-201.426,-137.553,-68.432
22967,Deuterium,3081.0,180.0,3200.0,3355.0,9.0,24.0,24.0,8.0,-0.001,337.221,-199.575,-139.637,-68.107
22968,Deuterium,3081.0,180.0,3200.0,3355.0,9.0,24.0,24.0,8.0,0.007,351.722,-201.598,-141.794,-68.408
22969,Deuterium,3081.0,180.0,3200.0,3355.0,3.0,3.0,3.0,3.0,0.002,411.652,-321.134,-165.553,-75.182
22970,Deuterium,3081.0,180.0,3200.0,3355.0,3.0,3.0,3.0,3.0,0.001,0.116,0.622,-2.561,0.195
22971,Deuterium,3081.0,180.0,3200.0,3355.0,7.0,3.0,3.0,3.0,-0.0,0.998,0.372,-0.506,0.316
22972,Deuterium,3075.0,211.0,3200.0,3355.0,8.0,20.0,22.0,0.0,-0.003,412.641,-324.34,-166.962,-75.931
22973,Deuterium,3075.0,211.0,3200.0,3355.0,8.0,20.0,22.0,0.0,0.001,411.225,-325.12,-166.896,-76.187
22974,Deuterium,3075.0,211.0,3200.0,3355.0,8.0,20.0,22.0,0.0,0.0,1.112,-0.069,-0.243,0.077
22975,Deuterium,3065.0,211.0,3200.0,3355.0,8.0,20.0,23.0,0.0,0.001,411.975,-323.963,-167.088,-75.958
22976,Deuterium,3073.0,211.0,3200.0,3355.0,8.0,20.0,23.0,0.0,0.004,411.298,-324.932,-165.394,-76.056
22977,Deuterium,3073.0,211.0,3200.0,3355.0,8.0,23.0,23.0,0.0,-0.001,412.625,1.108,-165.199,-77.6
22978,Deuterium,3073.0,211.0,3200.0,3355.0,8.0,23.0,23.0,0.0,0.0,2.729,-0.015,-6.994,-57.995
22979,Deuterium,3073.0,211.0,3200.0,3355.0,8.0,23.0,23.0,0.0,0.004,-0.552,-0.886,-7.062,-78.099
22980,Deuterium,3075.0,211.0,3200.0,3355.0,8.0,23.0,23.0,0.0,-0.0,0.049,-323.355,-8.287,-77.876
22981,,0.0,0.0,0.0,0.0,0.0,0.0,0.0,0.0,0.0,0.0,0.0,0.0,0.0
22982,Deuterium,3075.0,211.0,3200.0,3355.0,8.0,23.0,23.0,7.0,-0.001,410.857,-323.698,-164.965,-78.038
22983,Deuterium,3081.0,220.0,3200.0,3355.0,8.5,24.0,24.0,0.0,-0.001,411.327,-321.544,-164.225,-78.362
22984,Deuterium,3079.0,220.0,3200.0,3355.0,8.5,24.0,24.0,0.0,0.003,408.779,-320.611,-164.637,-78.18
22985,,0.0,0.0,0.0,0.0,0.0,0.0,0.0,0.0,0.0,0.0,0.0,0.0,0.0
22986,Deuterium,3081.0,220.0,3200.0,3355.0,8.5,24.0,24.0,7.4,-0.0,410.322,-320.872,-163.822,-78.502
22987,,0.0,0.0,0.0,0.0,0.0,0.0,0.0,0.0,0.0,0.0,0.0,0.0,0.0
22988,Deuterium,3079.0,220.0,3200.0,3355.0,8.5,24.0,24.0,0.0,0.003,433.231,-156.292,-181.431,-53.547
22989,,0.0,0.0,0.0,0.0,0.0,0.0,0.0,0.0,0.0,0.0,0.0,0.0,0.0
22990,Deuterium,3087.0,220.0,3200.0,3355.0,9.0,24.5,24.5,0.0,0.001,434.271,-157.3,-181.716,-53.807
22991,,0.0,0.0,0.0,0.0,0.0,0.0,0.0,0.0,0.0,0.0,0.0,0.0,0.0
22992,Deuterium,3087.0,220.0,3200.0,3355.0,9.0,24.5,24.5,0.0,-0.001,-1.974,0.202,-1.502,0.032
22993,,0.0,0.0,0.0,0.0,0.0,0.0,0.0,0.0,0.0,0.0,0.0,0.0,0.0
22994,Deuterium,3087.0,220.0,3200.0,3355.0,9.0,24.5,24.5,0.0,-0.001,457.658,-154.758,-189.219,-56.288
22995,,0.0,0.0,0.0,0.0,0.0,0.0,0.0,0.0,0.0,0.0,0.0,0.0,0.0
22996,Deuterium,3085.0,220.0,3200.0,3355.0,9.0,25.0,25.0,0.0,0.0,457.393,-154.35,-188.069,-56.219
22997,,0.0,0.0,0.0,0.0,0.0,0.0,0.0,0.0,0.0,0.0,0.0,0.0,0.0
22998,Deuterium,3085.0,220.0,3200.0,3355.0,10.0,25.0,25.0,10.0,-0.003,459.057,-154.696,-190.288,-56.059
22999,Deuterium,3085.0,220.0,3200.0,3355.0,10.0,25.0,25.0,10.0,-0.003,459.086,-154.937,-188.598,-56.491
23000,Deuterium,3085.0,220.0,3200.0,3355.0,3.0,3.0,3.0,3.0,0.0,363.338,-362.582,-186.008,-62.399
23001,Deuterium,3085.0,220.0,3200.0,3355.0,3.0,3.0,3.0,3.0,0.0,-0.022,0.238,-0.248,0.14
23002,Deuterium,3095.0,220.0,3200.0,3365.0,8.0,20.0,22.0,0.0,0.0,362.955,-361.8,-181.482,-62.654
23003,,3091.0,220.0,3200.0,3365.0,8.0,20.0,22.0,0.0,0.0,0.0,0.0,0.0,0.0
23004,,0.0,0.0,0.0,0.0,0.0,0.0,0.0,0.0,0.0,0.0,0.0,0.0,0.0
23005,,3097.0,230.0,3200.0,3365.0,8.0,20.0,22.0,0.0,0.0,0.0,0.0,0.0,0.0
23006,,0.0,0.0,0.0,0.0,0.0,0.0,0.0,0.0,0.0,0.0,0.0,0.0,0.0
23007,,0.0,0.0,0.0,0.0,0.0,0.0,0.0,0.0,0.0,0.0,0.0,0.0,0.0
23008,,3101.0,240.0,3200.0,3365.0,8.0,20.0,22.0,0.0,0.0,0.0,0.0,0.0,0.0
23009,,0.0,0.0,0.0,0.0,0.0,0.0,0.0,0.0,0.0,0.0,0.0,0.0,0.0
23010,,3103.0,240.0,3200.0,3365.0,8.0,20.0,22.0,0.0,0.0,0.0,0.0,0.0,0.0
23011,,0.0,0.0,0.0,0.0,0.0,0.0,0.0,0.0,0.0,0.0,0.0,0.0,0.0
23012,,3099.0,240.0,3200.0,3365.0,8.0,21.0,23.0,0.0,0.0,0.0,0.0,0.0,0.0
23013,,0.0,0.0,0.0,0.0,0.0,0.0,0.0,0.0,0.0,0.0,0.0,0.0,0.0
23014,,3097.0,230.0,3200.0,3365.0,8.0,21.0,23.0,0.0,0.0,0.0,0.0,0.0,0.0
23015,,0.0,0.0,0.0,0.0,0.0,0.0,0.0,0.0,0.0,0.0,0.0,0.0,0.0
23016,,3095.0,230.0,3200.0,3365.0,8.0,21.0,23.0,0.0,0.0,0.0,0.0,0.0,0.0
