Shot #,T0 (eV),T1 (eV),T2 (eV),T3 (eV),Err. 0 (eV),Err. 1 (eV),Err. 2 (eV),Err. 3 (eV),t0 (ms),t1 (ms),t2 (ms),t3 (ms),Saturation detected
20932.00000,999.98974,,,,598.32125,,,,5.00000,5.00000,5.00000,5.00000,1.00000
20955.00000,187.44646,,,,16.08267,,,,5.00000,5.00000,5.00000,5.00000,1.00000
20957.00000,184.32315,,,,2.13979,,,,5.00000,5.00000,5.00000,5.00000,0.00000
20958.00000,191.28392,,,,2.79519,,,,5.00000,5.00000,5.00000,5.00000,1.00000
20959.00000,156.73461,,,,1.98323,,,,5.00000,5.00000,5.00000,5.00000,1.00000
20960.00000,138.25518,,,,1.43720,,,,5.00000,5.00000,5.00000,5.00000,0.00000
20981.00000,234.15625,,,,25.10573,,,,2.00000,2.00000,2.00000,2.00000,1.00000
20982.00000,125.81214,,,,1.29902,,,,5.00000,5.00000,5.00000,5.00000,0.00000
21086.00000,110.45320,,,,1.13126,,,,5.00000,5.00000,5.00000,5.00000,0.00000
21087.00000,145.63688,,,,1.66773,,,,5.00000,5.00000,5.00000,5.00000,0.00000
21088.00000,155.51245,,,,1.67666,,,,5.00000,5.00000,5.00000,5.00000,0.00000
21089.00000,156.32179,,,,1.76147,,,,5.00000,5.00000,5.00000,5.00000,0.00000
21090.00000,181.42921,,,,2.14273,,,,5.00000,5.00000,5.00000,5.00000,0.00000
21091.00000,139.26587,,,,1.50369,,,,5.00000,5.00000,5.00000,5.00000,0.00000
21092.00000,157.82839,,,,1.74245,,,,5.00000,5.00000,5.00000,5.00000,0.00000
21095.00000,148.61981,,,,1.61611,,,,5.00000,5.00000,5.00000,5.00000,0.00000
21096.00000,166.88776,,,,1.85159,,,,5.00000,5.00000,5.00000,5.00000,0.00000
21097.00000,160.85769,,,,1.81349,,,,5.00000,5.00000,5.00000,5.00000,0.00000
21099.00000,175.01575,,,,1.98251,,,,5.00000,5.00000,5.00000,5.00000,0.00000
21100.00000,193.83779,,,,2.31802,,,,5.00000,5.00000,5.00000,5.00000,0.00000
21101.00000,200.50441,,,,2.40013,,,,5.00000,5.00000,5.00000,5.00000,0.00000
21102.00000,127.33737,,,,1.20287,,,,5.00000,5.00000,5.00000,5.00000,0.00000
21103.00000,167.23149,,,,1.91067,,,,5.00000,5.00000,5.00000,5.00000,0.00000
21104.00000,217.13056,,,,2.91220,,,,5.00000,5.00000,5.00000,5.00000,0.00000
21105.00000,158.77783,,,,1.78236,,,,5.00000,5.00000,5.00000,5.00000,0.00000
21106.00000,108.26007,,,,1.00928,,,,5.00000,5.00000,5.00000,5.00000,0.00000
21107.00000,111.83376,,,,1.03426,,,,5.00000,5.00000,5.00000,5.00000,0.00000
21113.00000,155.55162,,,,1.77669,,,,5.00000,5.00000,5.00000,5.00000,0.00000
21114.00000,118.89963,,,,1.13282,,,,5.00000,5.00000,5.00000,5.00000,0.00000
21115.00000,182.05678,,,,2.18144,,,,5.00000,5.00000,5.00000,5.00000,0.00000
21116.00000,146.99002,,,,1.48014,,,,5.00000,5.00000,5.00000,5.00000,0.00000
21117.00000,105.80139,,,,0.90634,,,,5.00000,5.00000,5.00000,5.00000,0.00000
21118.00000,119.63184,,,,1.08796,,,,5.00000,5.00000,5.00000,5.00000,0.00000
21119.00000,155.74896,,,,1.67659,,,,5.00000,5.00000,5.00000,5.00000,0.00000
21123.00000,91.90341,,,,0.89693,,,,5.00000,5.00000,5.00000,5.00000,0.00000
21124.00000,187.31587,,,,2.45439,,,,5.00000,5.00000,5.00000,5.00000,0.00000
21125.00000,194.26170,,,,2.34538,,,,5.00000,5.00000,5.00000,5.00000,0.00000
21126.00000,206.27536,,,,2.58292,,,,5.00000,5.00000,5.00000,5.00000,0.00000
21127.00000,151.34202,,,,1.67574,,,,5.00000,5.00000,5.00000,5.00000,0.00000
21128.00000,137.61341,,,,1.37373,,,,5.00000,5.00000,5.00000,5.00000,0.00000
21129.00000,217.26060,,,,3.07829,,,,5.00000,5.00000,5.00000,5.00000,0.00000
21130.00000,199.05826,,,,2.47251,,,,5.00000,5.00000,5.00000,5.00000,0.00000
21131.00000,174.45824,,,,2.08865,,,,5.00000,5.00000,5.00000,5.00000,0.00000
21132.00000,125.80444,,,,1.25370,,,,5.00000,5.00000,5.00000,5.00000,0.00000
21133.00000,176.54212,,,,2.07939,,,,5.00000,5.00000,5.00000,5.00000,0.00000
21134.00000,178.01392,,,,1.96674,,,,5.00000,5.00000,5.00000,5.00000,0.00000
21135.00000,238.41094,,,,3.31167,,,,5.00000,5.00000,5.00000,5.00000,0.00000
21136.00000,158.64161,,,,1.73299,,,,5.00000,5.00000,5.00000,5.00000,0.00000
21137.00000,248.28445,,,,27.73127,,,,5.00000,5.00000,5.00000,5.00000,1.00000
21152.00000,1.16584,,,,0.01313,,,,5.00000,5.00000,5.00000,5.00000,0.00000
21153.00000,1.41934,,,,0.01688,,,,5.00000,5.00000,5.00000,5.00000,0.00000
21154.00000,41.78377,,,,0.44512,,,,5.00000,5.00000,5.00000,5.00000,1.00000
21155.00000,95.98730,,,,0.81714,,,,5.00000,5.00000,5.00000,5.00000,0.00000
21156.00000,20.51682,,,,0.28138,,,,5.00000,5.00000,5.00000,5.00000,1.00000
21157.00000,59.82875,,,,0.46292,,,,5.00000,5.00000,5.00000,5.00000,0.00000
21158.00000,45.54011,,,,0.45538,,,,5.00000,5.00000,5.00000,5.00000,1.00000
21165.00000,1.25518,,,,0.01434,,,,5.00000,5.00000,5.00000,5.00000,0.00000
21166.00000,0.48353,,,,0.01161,,,,5.00000,5.00000,5.00000,5.00000,0.00000
21167.00000,0.90976,,,,0.01100,,,,5.00000,5.00000,5.00000,5.00000,0.00000
21168.00000,142.09629,,,,1.48206,,,,5.00000,5.00000,5.00000,5.00000,0.00000
21169.00000,73.54309,,,,0.65395,,,,5.00000,5.00000,5.00000,5.00000,0.00000
21170.00000,127.17805,,,,1.26504,,,,5.00000,5.00000,5.00000,5.00000,0.00000
21171.00000,56.81783,,,,0.56258,,,,5.00000,5.00000,5.00000,5.00000,1.00000
21172.00000,91.72908,,,,0.78980,,,,5.00000,5.00000,5.00000,5.00000,0.00000
21173.00000,29.83812,,,,0.42351,,,,5.00000,5.00000,5.00000,5.00000,1.00000
21174.00000,64.93043,,,,0.52858,,,,5.00000,5.00000,5.00000,5.00000,0.00000
21175.00000,65.32900,,,,0.58978,,,,5.00000,5.00000,5.00000,5.00000,1.00000
21176.00000,103.76012,,,,0.95121,,,,5.00000,5.00000,5.00000,5.00000,0.00000
21177.00000,106.63688,,,,0.91965,,,,5.00000,5.00000,5.00000,5.00000,0.00000
21178.00000,20.17559,,,,0.24490,,,,5.00000,5.00000,5.00000,5.00000,0.00000
21179.00000,39.37343,,,,0.35318,,,,5.00000,5.00000,5.00000,5.00000,1.00000
21180.00000,95.58364,,,,0.67219,,,,5.00000,5.00000,5.00000,5.00000,0.00000
21181.00000,39.04839,,,,0.28693,,,,5.00000,5.00000,5.00000,5.00000,1.00000
21182.00000,65.60498,,,,0.46727,,,,5.00000,5.00000,5.00000,5.00000,0.00000
21186.00000,70.81355,,,,0.52651,,,,5.00000,5.00000,5.00000,5.00000,0.00000
21187.00000,38.74455,,,,0.41695,,,,5.00000,5.00000,5.00000,5.00000,0.00000
21188.00000,41.32729,,,,0.32004,,,,5.00000,5.00000,5.00000,5.00000,0.00000
21189.00000,72.02657,,,,0.58745,,,,5.00000,5.00000,5.00000,5.00000,0.00000
21190.00000,68.22376,,,,0.59572,,,,5.00000,5.00000,5.00000,5.00000,0.00000
21191.00000,9.82217,,,,0.09991,,,,5.00000,5.00000,5.00000,5.00000,0.00000
21192.00000,12.13446,,,,0.11959,,,,5.00000,5.00000,5.00000,5.00000,0.00000
21193.00000,62.20416,,,,0.45914,,,,5.00000,5.00000,5.00000,5.00000,0.00000
21194.00000,31.93600,,,,0.27543,,,,5.00000,5.00000,5.00000,5.00000,0.00000
21196.00000,56.56453,,,,0.41858,,,,5.00000,5.00000,5.00000,5.00000,0.00000
21197.00000,74.15242,,,,0.56979,,,,5.00000,5.00000,5.00000,5.00000,0.00000
21198.00000,58.93240,,,,0.36123,,,,5.00000,5.00000,5.00000,5.00000,0.00000
21204.00000,60.82294,,,,0.42522,,,,5.00000,5.00000,5.00000,5.00000,0.00000
21205.00000,46.88862,,,,0.30846,,,,5.00000,5.00000,5.00000,5.00000,0.00000
21206.00000,39.61480,,,,0.32502,,,,5.00000,5.00000,5.00000,5.00000,0.00000
21207.00000,28.38272,,,,0.32631,,,,5.00000,5.00000,5.00000,5.00000,0.00000
21208.00000,33.49701,,,,0.42168,,,,5.00000,5.00000,5.00000,5.00000,0.00000
21209.00000,37.76628,,,,0.38766,,,,5.00000,5.00000,5.00000,5.00000,0.00000
21210.00000,20.11316,,,,0.25514,,,,5.00000,5.00000,5.00000,5.00000,0.00000
21211.00000,14.65650,,,,0.17126,,,,5.00000,5.00000,5.00000,5.00000,0.00000
21218.00000,24.86040,,,,0.28044,,,,5.00000,5.00000,5.00000,5.00000,0.00000
21219.00000,26.13331,,,,0.30666,,,,5.00000,5.00000,5.00000,5.00000,0.00000
21220.00000,12.77122,,,,0.14573,,,,5.00000,5.00000,5.00000,5.00000,0.00000
21221.00000,22.34335,,,,0.30638,,,,5.00000,5.00000,5.00000,5.00000,0.00000
21223.00000,19.89607,,,,0.30396,,,,5.00000,5.00000,5.00000,5.00000,0.00000
21224.00000,8.13542,,,,0.13498,,,,5.00000,5.00000,5.00000,5.00000,0.00000
21225.00000,14.13300,,,,0.15844,,,,5.00000,5.00000,5.00000,5.00000,0.00000
21226.00000,9.44463,,,,0.15006,,,,5.00000,5.00000,5.00000,5.00000,0.00000
21228.00000,6.52654,,,,0.11439,,,,5.00000,5.00000,5.00000,5.00000,0.00000
21229.00000,26.71708,,,,0.36651,,,,5.00000,5.00000,5.00000,5.00000,0.00000
21230.00000,15.05828,,,,0.19820,,,,5.00000,5.00000,5.00000,5.00000,0.00000
21231.00000,4.48738,,,,0.15070,,,,5.00000,5.00000,5.00000,5.00000,0.00000
21233.00000,37.42414,,,,0.26956,,,,5.00000,5.00000,5.00000,5.00000,0.00000
21234.00000,13.54040,,,,0.12763,,,,5.00000,5.00000,5.00000,5.00000,0.00000
21235.00000,24.73040,,,,0.28349,,,,5.00000,5.00000,5.00000,5.00000,0.00000
21236.00000,39.71979,,,,0.28916,,,,5.00000,5.00000,5.00000,5.00000,0.00000
21240.00000,64.93982,,,,0.58427,,,,5.00000,5.00000,5.00000,5.00000,0.00000
21241.00000,109.34037,,,,0.93308,,,,5.00000,5.00000,5.00000,5.00000,0.00000
21242.00000,46.49005,,,,0.42271,,,,5.00000,5.00000,5.00000,5.00000,0.00000
21243.00000,80.36054,,,,0.60461,,,,5.00000,5.00000,5.00000,5.00000,0.00000
21244.00000,26.84576,,,,0.38262,,,,5.00000,5.00000,5.00000,5.00000,0.00000
21245.00000,32.09480,,,,0.32260,,,,5.00000,5.00000,5.00000,5.00000,1.00000
21246.00000,45.99023,,,,0.34110,,,,5.00000,5.00000,5.00000,5.00000,0.00000
21247.00000,21.86866,,,,0.28959,,,,5.00000,5.00000,5.00000,5.00000,0.00000
21248.00000,45.02747,,,,0.38212,,,,5.00000,5.00000,5.00000,5.00000,0.00000
21249.00000,26.61503,,,,0.37112,,,,5.00000,5.00000,5.00000,5.00000,0.00000
21250.00000,66.98511,,,,0.49040,,,,5.00000,5.00000,5.00000,5.00000,0.00000
21251.00000,28.61122,,,,0.38241,,,,5.00000,5.00000,5.00000,5.00000,0.00000
21252.00000,31.86335,,,,0.36861,,,,5.00000,5.00000,5.00000,5.00000,0.00000
21253.00000,21.82968,,,,0.31150,,,,5.00000,5.00000,5.00000,5.00000,0.00000
21254.00000,31.64455,,,,0.33374,,,,5.00000,5.00000,5.00000,5.00000,0.00000
21255.00000,43.32567,,,,0.32222,,,,5.00000,5.00000,5.00000,5.00000,0.00000
21256.00000,44.33770,,,,0.28682,,,,3.00000,3.00000,3.00000,3.00000,1.00000
21257.00000,25.08936,,,,0.30444,,,,5.00000,5.00000,5.00000,5.00000,0.00000
21261.00000,28.56618,,,,0.31365,,,,5.00000,5.00000,5.00000,5.00000,1.00000
21262.00000,74.29463,,,,0.53070,,,,5.00000,5.00000,5.00000,5.00000,0.00000
21263.00000,57.90012,,,,0.42873,,,,5.00000,5.00000,5.00000,5.00000,0.00000
21264.00000,49.85999,,,,0.32515,,,,5.00000,5.00000,5.00000,5.00000,0.00000
21265.00000,53.62469,,,,0.42442,,,,5.00000,5.00000,5.00000,5.00000,0.00000
21266.00000,60.51722,,,,0.47693,,,,5.00000,5.00000,5.00000,5.00000,1.00000
21267.00000,98.65193,,,,0.87371,,,,5.00000,5.00000,5.00000,5.00000,0.00000
21268.00000,93.51901,,,,0.85594,,,,5.00000,5.00000,5.00000,5.00000,0.00000
21269.00000,22.88445,,,,0.30459,,,,5.00000,5.00000,5.00000,5.00000,1.00000
21270.00000,46.45513,,,,0.37915,,,,5.00000,5.00000,5.00000,5.00000,0.00000
21271.00000,53.51102,,,,0.39174,,,,5.00000,5.00000,5.00000,5.00000,0.00000
21272.00000,28.47184,,,,0.26337,,,,5.00000,5.00000,5.00000,5.00000,0.00000
21273.00000,68.60070,,,,0.47796,,,,5.00000,5.00000,5.00000,5.00000,0.00000
21282.00000,179.05798,,,,2.60856,,,,5.00000,5.00000,5.00000,5.00000,0.00000
21283.00000,32.87162,,,,0.48949,,,,5.00000,5.00000,5.00000,5.00000,0.00000
21284.00000,68.08048,,,,0.55631,,,,5.00000,5.00000,5.00000,5.00000,0.00000
21285.00000,53.39790,,,,0.50578,,,,5.00000,5.00000,5.00000,5.00000,0.00000
21286.00000,24.41615,,,,0.51818,,,,5.00000,5.00000,5.00000,5.00000,0.00000
21287.00000,28.84689,,,,0.43035,,,,5.00000,5.00000,5.00000,5.00000,0.00000
21288.00000,71.70963,,,,0.68191,,,,5.00000,5.00000,5.00000,5.00000,0.00000
21289.00000,36.96926,,,,0.76068,,,,5.00000,5.00000,5.00000,5.00000,0.00000
21290.00000,203.12689,,,,2.81028,,,,5.00000,5.00000,5.00000,5.00000,0.00000
21291.00000,42.45597,,,,0.42796,,,,5.00000,5.00000,5.00000,5.00000,0.00000
21295.00000,92.90011,,,,0.74254,,,,5.00000,5.00000,5.00000,5.00000,0.00000
21296.00000,69.25474,,,,0.52962,,,,5.00000,5.00000,5.00000,5.00000,0.00000
21297.00000,86.40912,,,,0.65483,,,,5.00000,5.00000,5.00000,5.00000,0.00000
21299.00000,83.37638,,,,0.70173,,,,5.00000,5.00000,5.00000,5.00000,0.00000
21301.00000,87.42661,,,,0.64795,,,,5.00000,5.00000,5.00000,5.00000,0.00000
21302.00000,33.29070,,,,0.31174,,,,5.00000,5.00000,5.00000,5.00000,0.00000
21303.00000,107.19347,,,,0.98350,,,,5.00000,5.00000,5.00000,5.00000,0.00000
21310.00000,41.51719,,,,0.40730,,,,5.00000,5.00000,5.00000,5.00000,0.00000
21311.00000,105.15833,,,,0.90344,,,,5.00000,5.00000,5.00000,5.00000,0.00000
21312.00000,137.55249,,,,1.45018,,,,5.00000,5.00000,5.00000,5.00000,0.00000
21313.00000,122.57294,,,,1.10725,,,,5.00000,5.00000,5.00000,5.00000,0.00000
21314.00000,166.23481,,,,1.73842,,,,5.00000,5.00000,5.00000,5.00000,0.00000
21316.00000,110.48071,,,,0.96373,,,,5.00000,5.00000,5.00000,5.00000,0.00000
21317.00000,108.34283,,,,0.85531,,,,5.00000,5.00000,5.00000,5.00000,0.00000
21318.00000,91.43593,,,,0.69228,,,,5.00000,5.00000,5.00000,5.00000,0.00000
21322.00000,30.63427,,,,0.31951,,,,8.00000,8.00000,8.00000,8.00000,1.00000
21323.00000,171.65052,,,,1.82020,,,,8.00000,8.00000,8.00000,8.00000,0.00000
21324.00000,97.66215,,,,0.78458,,,,8.00000,8.00000,8.00000,8.00000,0.00000
21326.00000,87.98661,,,,0.62331,,,,8.00000,8.00000,8.00000,8.00000,0.00000
21327.00000,137.12889,,,,1.29244,,,,5.00000,5.00000,5.00000,5.00000,0.00000
21328.00000,146.12240,,,,1.47277,,,,3.00000,3.00000,3.00000,3.00000,0.00000
21329.00000,159.78137,,,,1.49777,,,,8.00000,8.00000,8.00000,8.00000,0.00000
21330.00000,155.63522,,,,1.57492,,,,3.00000,3.00000,3.00000,3.00000,0.00000
21331.00000,153.52200,,,,1.54887,,,,5.00000,5.00000,5.00000,5.00000,0.00000
21336.00000,134.80720,,,,1.56842,,,,3.00000,3.00000,3.00000,3.00000,0.00000
21338.00000,111.74648,,,,0.92770,,,,3.00000,3.00000,3.00000,3.00000,0.00000
21339.00000,114.25877,,,,1.10892,,,,3.00000,3.00000,3.00000,3.00000,0.00000
21340.00000,105.45816,,,,0.96148,,,,8.00000,8.00000,8.00000,8.00000,0.00000
21341.00000,73.46457,,,,2.45391,,,,1.00000,1.00000,1.00000,1.00000,1.00000
21342.00000,117.13283,,,,1.16251,,,,2.00000,2.00000,2.00000,2.00000,0.00000
21343.00000,133.21693,,,,1.42742,,,,8.00000,8.00000,8.00000,8.00000,0.00000
21344.00000,78.13412,,,,2.88790,,,,1.00000,1.00000,1.00000,1.00000,1.00000
21345.00000,124.92404,,,,1.22441,,,,2.00000,2.00000,2.00000,2.00000,0.00000
21354.00000,95.92802,,,,0.89143,,,,8.00000,8.00000,8.00000,8.00000,0.00000
21355.00000,68.57181,,,,0.67718,,,,8.00000,8.00000,8.00000,8.00000,0.00000
21356.00000,98.07971,,,,1.05643,,,,5.00000,5.00000,5.00000,5.00000,0.00000
21359.00000,90.76548,,,,0.83915,,,,5.00000,5.00000,5.00000,5.00000,0.00000
21360.00000,99.17171,,,,0.98682,,,,5.00000,5.00000,5.00000,5.00000,0.00000
21361.00000,70.04213,,,,0.69335,,,,5.00000,5.00000,5.00000,5.00000,0.00000
21362.00000,51.36020,,,,1.30675,,,,5.00000,5.00000,5.00000,5.00000,1.00000
21367.00000,54.37779,,,,0.49358,,,,5.00000,5.00000,5.00000,5.00000,0.00000
21368.00000,113.26164,,,,1.10504,,,,5.00000,5.00000,5.00000,5.00000,0.00000
21369.00000,93.13597,,,,0.90378,,,,5.00000,5.00000,5.00000,5.00000,0.00000
21370.00000,42.41614,,,,0.44195,,,,5.00000,5.00000,5.00000,5.00000,0.00000
21371.00000,46.60149,,,,1.09040,,,,5.00000,5.00000,5.00000,5.00000,1.00000
21372.00000,50.86704,,,,1.14750,,,,5.00000,5.00000,5.00000,5.00000,1.00000
21373.00000,123.06577,,,,1.17630,,,,5.00000,5.00000,5.00000,5.00000,0.00000
21374.00000,87.93740,,,,0.73809,,,,5.00000,5.00000,5.00000,5.00000,0.00000
21375.00000,113.82119,,,,1.07127,,,,5.00000,5.00000,5.00000,5.00000,0.00000
21376.00000,59.83804,,,,1.58642,,,,5.00000,5.00000,5.00000,5.00000,1.00000
21377.00000,45.65223,,,,0.99113,,,,5.00000,5.00000,5.00000,5.00000,1.00000
21379.00000,116.58794,,,,1.07386,,,,5.00000,5.00000,5.00000,5.00000,0.00000
21380.00000,105.14894,,,,0.89810,,,,5.00000,5.00000,5.00000,5.00000,0.00000
21381.00000,101.60761,,,,0.97088,,,,5.00000,5.00000,5.00000,5.00000,0.00000
21382.00000,133.87445,,,,1.26811,,,,5.00000,5.00000,5.00000,5.00000,0.00000
21383.00000,115.05233,,,,1.10294,,,,5.00000,5.00000,5.00000,5.00000,0.00000
21392.00000,79.49471,,,,0.68992,,,,5.00000,5.00000,5.00000,5.00000,0.00000
21393.00000,101.11136,,,,0.92487,,,,5.00000,5.00000,5.00000,5.00000,0.00000
21394.00000,66.75609,,,,0.48212,,,,5.00000,5.00000,5.00000,5.00000,0.00000
21395.00000,65.07041,,,,0.52141,,,,5.00000,5.00000,5.00000,5.00000,0.00000
21396.00000,79.66596,,,,0.70581,,,,5.00000,5.00000,5.00000,5.00000,0.00000
21397.00000,85.34926,,,,0.71139,,,,5.00000,5.00000,5.00000,5.00000,0.00000
21398.00000,36.27042,,,,0.38836,,,,5.00000,5.00000,5.00000,5.00000,0.00000
21399.00000,89.34768,,,,0.69974,,,,5.00000,5.00000,5.00000,5.00000,0.00000
21400.00000,97.48826,,,,0.74828,,,,5.00000,5.00000,5.00000,5.00000,0.00000
21419.00000,53.22276,,,,2.39073,,,,5.00000,5.00000,5.00000,5.00000,0.00000
21420.00000,39.40679,,,,3.23844,,,,5.00000,5.00000,5.00000,5.00000,0.00000
21421.00000,68.00620,,,,2.26425,,,,5.00000,5.00000,5.00000,5.00000,0.00000
21422.00000,75.29529,,,,2.25254,,,,5.00000,5.00000,5.00000,5.00000,0.00000
21423.00000,116.12901,,,,3.32595,,,,5.00000,5.00000,5.00000,5.00000,0.00000
21424.00000,42.76282,,,,2.50278,,,,8.00000,8.00000,8.00000,8.00000,0.00000
21425.00000,67.01349,,,,2.54799,,,,5.00000,5.00000,5.00000,5.00000,0.00000
21426.00000,105.15402,,,,2.71842,,,,5.00000,5.00000,5.00000,5.00000,0.00000
21427.00000,148.79535,,,,4.45808,,,,5.00000,5.00000,5.00000,5.00000,0.00000
21428.00000,87.19144,,,,3.06236,,,,5.00000,5.00000,5.00000,5.00000,0.00000
21432.00000,84.32290,,,,2.95832,,,,5.00000,5.00000,5.00000,5.00000,0.00000
21440.00000,71.90452,,,,2.52505,,,,5.00000,5.00000,5.00000,5.00000,0.00000
21441.00000,79.65981,,,,2.60976,,,,5.00000,5.00000,5.00000,5.00000,0.00000
21442.00000,64.32755,,,,2.10297,,,,5.00000,5.00000,5.00000,5.00000,0.00000
21447.00000,41.62174,,,,1.86374,,,,5.00000,5.00000,5.00000,5.00000,0.00000
21448.00000,33.18125,,,,1.76748,,,,5.00000,5.00000,5.00000,5.00000,0.00000
21449.00000,78.42297,,,,2.52298,,,,5.00000,5.00000,5.00000,5.00000,0.00000
21450.00000,61.23746,,,,2.20559,,,,5.00000,5.00000,5.00000,5.00000,0.00000
21451.00000,53.00062,,,,2.52471,,,,5.00000,5.00000,5.00000,5.00000,0.00000
21452.00000,47.32974,,,,2.70616,,,,5.00000,5.00000,5.00000,5.00000,0.00000
21453.00000,30.17942,,,,1.83931,,,,5.00000,5.00000,5.00000,5.00000,0.00000
21454.00000,56.43107,,,,2.20247,,,,5.00000,5.00000,5.00000,5.00000,0.00000
21455.00000,2.89725,,,,0.07937,,,,5.00000,5.00000,5.00000,5.00000,0.00000
21456.00000,87.31248,,,,3.10696,,,,5.00000,5.00000,5.00000,5.00000,0.00000
21458.00000,72.83613,,,,4.13625,,,,5.00000,5.00000,5.00000,5.00000,0.00000
21460.00000,25.42394,,,,0.95213,,,,5.00000,5.00000,5.00000,5.00000,0.00000
21461.00000,45.60454,,,,1.89576,,,,5.00000,5.00000,5.00000,5.00000,0.00000
21462.00000,13.14746,,,,0.31401,,,,5.00000,5.00000,5.00000,5.00000,0.00000
21463.00000,64.08840,,,,2.28446,,,,5.00000,5.00000,5.00000,5.00000,0.00000
21478.00000,73.80537,,,,4.93279,,,,5.00000,5.00000,5.00000,5.00000,0.00000
21486.00000,33.32924,,,,2.66682,,,,5.00000,5.00000,5.00000,5.00000,0.00000
21487.00000,39.48486,,,,2.70596,,,,5.00000,5.00000,5.00000,5.00000,0.00000
21489.00000,58.33147,,,,2.52185,,,,1.00000,1.00000,1.00000,1.00000,0.00000
21490.00000,26.68198,,,,1.25269,,,,1.00000,1.00000,1.00000,1.00000,0.00000
21491.00000,32.00854,,,,1.63725,,,,1.00000,1.00000,1.00000,1.00000,0.00000
21492.00000,87.01694,,,,2.82960,,,,1.00000,1.00000,1.00000,1.00000,0.00000
21493.00000,49.17010,,,,2.30404,,,,1.00000,1.00000,1.00000,1.00000,0.00000
21494.00000,45.41252,,,,2.23483,,,,1.00000,1.00000,1.00000,1.00000,0.00000
21495.00000,76.41910,,,,3.00050,,,,1.00000,1.00000,1.00000,1.00000,0.00000
21496.00000,71.57473,,,,2.52907,,,,1.00000,1.00000,1.00000,1.00000,0.00000
21497.00000,101.18902,,,,3.36256,,,,1.00000,1.00000,1.00000,1.00000,0.00000
21498.00000,54.77740,,,,2.20305,,,,1.00000,1.00000,1.00000,1.00000,0.00000
21499.00000,43.25607,,,,1.86713,,,,1.00000,1.00000,1.00000,1.00000,0.00000
21500.00000,76.17050,,,,3.01982,,,,1.00000,1.00000,1.00000,1.00000,0.00000
21504.00000,73.26178,,,,2.94367,,,,1.00000,1.00000,1.00000,1.00000,0.00000
21505.00000,62.00017,,,,2.29080,,,,1.00000,1.00000,1.00000,1.00000,0.00000
21506.00000,56.42866,,,,2.85239,,,,1.00000,1.00000,1.00000,1.00000,0.00000
21507.00000,92.08240,,,,3.77214,,,,1.00000,1.00000,1.00000,1.00000,0.00000
21508.00000,81.44219,,,,2.97382,,,,1.00000,1.00000,1.00000,1.00000,0.00000
21509.00000,115.59551,,,,3.75352,,,,1.00000,1.00000,1.00000,1.00000,0.00000
21510.00000,81.78867,,,,3.04784,,,,1.00000,1.00000,1.00000,1.00000,0.00000
21511.00000,77.41419,,,,3.95088,,,,1.00000,1.00000,1.00000,1.00000,0.00000
21512.00000,98.16694,,,,3.19160,,,,1.00000,1.00000,1.00000,1.00000,0.00000
21513.00000,19.62007,,,,1.00101,,,,1.00000,1.00000,1.00000,1.00000,0.00000
21514.00000,44.65466,,,,1.43870,,,,1.00000,1.00000,1.00000,1.00000,0.00000
21515.00000,25.14256,,,,1.23959,,,,1.00000,1.00000,1.00000,1.00000,0.00000
21516.00000,59.60719,,,,2.54717,,,,1.00000,1.00000,1.00000,1.00000,0.00000
21517.00000,43.20360,,,,2.19505,,,,1.00000,1.00000,1.00000,1.00000,0.00000
21518.00000,25.27816,,,,0.93972,,,,1.00000,1.00000,1.00000,1.00000,0.00000
21519.00000,41.33848,,,,2.09393,,,,1.00000,1.00000,1.00000,1.00000,0.00000
21520.00000,83.98299,,,,3.05630,,,,1.00000,1.00000,1.00000,1.00000,0.00000
21521.00000,81.71194,,,,3.25592,,,,1.00000,1.00000,1.00000,1.00000,0.00000
21522.00000,52.20081,,,,2.08630,,,,1.00000,1.00000,1.00000,1.00000,0.00000
21526.00000,92.58425,,,,2.70569,,,,1.00000,1.00000,1.00000,1.00000,0.00000
21527.00000,68.00895,,,,2.91263,,,,1.00000,1.00000,1.00000,1.00000,0.00000
21528.00000,53.62849,,,,1.77693,,,,1.00000,1.00000,1.00000,1.00000,0.00000
21529.00000,81.14714,,,,3.85670,,,,1.00000,1.00000,1.00000,1.00000,0.00000
21530.00000,90.32795,,,,4.71587,,,,1.00000,1.00000,1.00000,1.00000,0.00000
21531.00000,107.07926,,,,3.89812,,,,1.00000,1.00000,1.00000,1.00000,0.00000
21532.00000,74.58545,,,,2.67840,,,,1.00000,1.00000,1.00000,1.00000,0.00000
21533.00000,67.42563,,,,3.08369,,,,1.00000,1.00000,1.00000,1.00000,0.00000
21534.00000,88.02995,,,,3.51854,,,,1.00000,1.00000,1.00000,1.00000,0.00000
21535.00000,93.68048,,,,3.21850,,,,1.00000,1.00000,1.00000,1.00000,0.00000
21536.00000,58.08717,,,,2.78366,,,,1.00000,1.00000,1.00000,1.00000,0.00000
21537.00000,103.81053,,,,3.89528,,,,1.00000,1.00000,1.00000,1.00000,0.00000
21538.00000,116.60862,,,,3.70716,,,,1.00000,1.00000,1.00000,1.00000,0.00000
21539.00000,87.53735,,,,3.45580,,,,1.00000,1.00000,1.00000,1.00000,0.00000
21540.00000,9.17518,,,,0.52979,,,,1.00000,1.00000,1.00000,1.00000,0.00000
21541.00000,102.76128,,,,4.17172,,,,1.00000,1.00000,1.00000,1.00000,0.00000
21542.00000,115.06367,,,,5.55960,,,,1.00000,1.00000,1.00000,1.00000,0.00000
21543.00000,84.37652,,,,3.65330,,,,1.00000,1.00000,1.00000,1.00000,0.00000
21544.00000,65.73697,,,,3.53083,,,,1.00000,1.00000,1.00000,1.00000,0.00000
21545.00000,108.69964,,,,5.31833,,,,1.00000,1.00000,1.00000,1.00000,0.00000
21546.00000,88.00014,,,,3.64596,,,,1.00000,1.00000,1.00000,1.00000,0.00000
21547.00000,48.50380,,,,2.46287,,,,1.00000,1.00000,1.00000,1.00000,0.00000
21548.00000,83.87274,,,,3.21600,,,,1.00000,1.00000,1.00000,1.00000,0.00000
21549.00000,100.72160,,,,3.67311,,,,1.00000,1.00000,1.00000,1.00000,0.00000
21550.00000,101.45035,,,,3.29310,,,,1.00000,1.00000,1.00000,1.00000,0.00000
21551.00000,81.87885,,,,3.57258,,,,1.00000,1.00000,1.00000,1.00000,0.00000
21564.00000,75.19146,38.17358,24.05931,33.55266,1.57604,1.19816,0.62713,1.04775,1.00000,3.00000,5.00000,7.00000,0.00000
21565.00000,50.77925,52.68305,16.48053,42.95850,1.00349,1.36602,0.42571,1.15014,1.00000,3.00000,5.00000,7.00000,0.00000
21568.00000,58.20610,34.94818,22.36101,44.99745,1.47822,0.82290,0.48416,1.51608,1.00000,3.00000,5.00000,7.00000,0.00000
21569.00000,47.16413,39.56630,61.36238,83.07020,1.00446,1.07165,1.39711,1.82179,1.00000,3.00000,5.00000,7.00000,0.00000
21570.00000,53.11663,56.68288,62.35909,80.01712,1.01488,1.12178,1.28185,1.99168,1.00000,3.00000,5.00000,7.00000,0.00000
21571.00000,61.66913,65.29548,68.06932,110.97667,1.09012,1.22891,1.15919,3.51273,1.00000,3.00000,5.00000,7.00000,0.00000
21572.00000,81.46796,107.28531,151.14796,246.46011,1.01569,1.67561,3.45828,9.13171,1.00000,3.00000,5.00000,7.00000,0.00000
21573.00000,51.78186,29.71598,36.96978,22.92961,1.05362,0.74990,0.92235,0.67257,1.00000,3.00000,5.00000,7.00000,0.00000
21574.00000,46.46863,49.13251,21.34332,18.40110,1.09574,1.14923,0.57452,0.56312,1.00000,3.00000,5.00000,7.00000,0.00000
21575.00000,85.63180,50.11261,61.28058,40.58250,1.41470,1.02394,1.02917,1.25230,1.00000,3.00000,5.00000,7.00000,0.00000
21576.00000,33.47696,19.86598,29.88557,28.16919,0.74930,0.41126,0.73411,0.89523,1.00000,3.00000,5.00000,7.00000,0.00000
21577.00000,65.93410,69.19240,30.16888,77.85509,0.76499,1.53198,0.73491,1.43872,1.00000,3.00000,5.00000,7.00000,0.00000
21578.00000,36.26567,42.33382,34.25519,28.54851,0.72798,0.74672,0.81085,0.88604,1.00000,3.00000,5.00000,7.00000,0.00000
21579.00000,41.84852,42.24041,42.83970,34.91430,0.91706,1.13458,1.20352,1.04510,1.00000,3.00000,5.00000,7.00000,0.00000
21580.00000,49.33129,29.67613,31.08615,20.45255,1.44081,0.83526,0.76817,0.61304,1.00000,3.00000,5.00000,7.00000,0.00000
21581.00000,34.69882,15.32263,19.35448,24.67743,1.02428,0.35518,0.47026,0.74291,1.00000,3.00000,5.00000,7.00000,0.00000
21582.00000,90.56570,53.34356,75.59766,101.52144,1.14441,0.93781,1.57816,2.41665,1.00000,3.00000,5.00000,7.00000,0.00000
21583.00000,79.44233,62.12268,85.32738,125.12530,1.28145,1.00934,1.31854,3.55154,1.00000,3.00000,5.00000,7.00000,0.00000
21584.00000,60.89877,75.86798,123.26351,161.55131,0.68082,1.04863,2.46294,5.12861,1.00000,3.00000,5.00000,7.00000,0.00000
21587.00000,82.18622,62.53250,112.62527,170.95625,1.16791,0.96897,2.55029,4.80048,1.00000,3.00000,5.00000,7.00000,0.00000
21588.00000,71.59717,92.62745,114.70040,225.77542,1.00293,1.18414,2.25448,6.75624,1.00000,3.00000,5.00000,7.00000,0.00000
21589.00000,55.63188,51.43109,65.29034,81.06309,0.81918,0.99863,1.52967,2.05663,1.00000,3.00000,5.00000,7.00000,0.00000
21590.00000,64.49018,66.17267,88.39269,119.26317,0.85996,1.24225,1.69557,2.31479,1.00000,3.00000,5.00000,7.00000,0.00000
21591.00000,109.12991,119.07582,157.38023,248.05432,1.84406,1.96362,5.20556,12.71777,1.00000,3.00000,5.00000,7.00000,0.00000
21592.00000,102.90389,113.27214,144.88026,246.97172,1.59049,1.84954,3.55472,7.30132,1.00000,3.00000,5.00000,7.00000,0.00000
21593.00000,99.88252,98.53007,185.40996,227.62001,1.40288,1.83541,4.22317,9.36267,1.00000,3.00000,5.00000,7.00000,0.00000
21594.00000,66.41342,89.53106,89.64609,120.55273,1.05205,1.92232,1.65058,3.23951,1.00000,3.00000,5.00000,7.00000,0.00000
21595.00000,57.96510,47.51261,28.79190,54.37036,0.85026,0.87992,0.73023,1.29837,1.00000,3.00000,5.00000,7.00000,0.00000
21596.00000,85.11643,77.89448,131.15912,78.17278,1.11649,1.27876,2.46589,1.65645,1.00000,3.00000,5.00000,7.00000,0.00000
21597.00000,47.85850,63.93785,62.39020,72.54627,0.75155,1.18656,1.38796,1.86700,1.00000,3.00000,5.00000,7.00000,0.00000
21618.00000,,1.34786,,,,0.04801,,,1.00000,3.00000,5.00000,7.00000,1.00000
21619.00000,79.15946,75.26524,75.63604,142.96106,1.06817,1.22456,1.14244,2.93992,1.00000,3.00000,5.00000,7.00000,0.00000
21620.00000,70.76419,101.99311,155.73597,216.34076,1.09393,1.91055,3.92672,7.35459,5.00000,7.00000,9.00000,11.00000,0.00000
21622.00000,37.84603,75.39278,106.04695,147.54700,0.71219,1.17831,1.95487,3.71336,5.00000,7.00000,9.00000,11.00000,0.00000
21623.00000,136.27186,180.98589,170.93357,257.33103,3.54535,7.17569,13.80520,24.05410,5.00000,7.00000,9.00000,11.00000,0.00000
21624.00000,67.10837,121.87460,175.28568,185.13925,0.64915,1.58610,3.95267,5.24027,5.00000,7.00000,9.00000,11.00000,0.00000
21625.00000,40.00857,51.34376,66.70834,91.84643,0.61556,0.68298,1.24443,3.70399,9.00000,11.00000,13.00000,15.00000,0.00000
21626.00000,65.20859,92.70516,200.78561,162.17471,0.55874,1.05073,4.01763,4.29831,5.00000,7.00000,9.00000,11.00000,0.00000
21627.00000,169.75626,170.14047,,,3.20523,5.46751,,,11.00000,13.00000,15.00000,17.00000,0.00000
21628.00000,199.90133,134.11103,,,4.74426,6.54460,,,11.00000,13.00000,15.00000,17.00000,0.00000
21631.00000,72.32007,112.01144,155.34484,173.14504,0.76130,1.25447,3.41768,3.67648,5.00000,7.00000,9.00000,11.00000,0.00000
21632.00000,4.77849,3.19731,,,0.07385,0.11856,,,5.00000,7.00000,9.00000,11.00000,0.00000
21633.00000,127.44478,141.15569,193.56313,195.49573,1.56049,2.12138,4.27860,4.84469,5.00000,7.00000,9.00000,11.00000,0.00000
21634.00000,44.34325,129.34873,218.09614,198.41351,0.49179,1.69523,4.78884,5.00658,5.00000,7.00000,9.00000,11.00000,0.00000
21635.00000,17.51665,38.43428,60.06140,101.16142,0.21498,0.62823,0.88112,1.78951,5.00000,7.00000,9.00000,11.00000,0.00000
21636.00000,38.75257,53.54811,42.84190,57.13047,0.49393,0.71213,0.62286,0.93036,5.00000,7.00000,9.00000,11.00000,0.00000
21637.00000,83.58610,69.73622,60.46845,66.26721,0.64242,0.79183,0.74011,0.83932,5.00000,34366.74000,34368.74000,34370.74000,0.00000
21638.00000,24.55546,44.16707,8.38611,19.23154,0.32997,0.68325,0.13678,0.39406,5.00000,7.00000,9.00000,11.00000,0.00000
21639.00000,42.65192,16.14961,16.62473,13.26646,0.63537,0.23423,0.26141,0.21727,5.00000,7.00000,9.00000,11.00000,0.00000
21640.00000,21.06982,26.41521,12.60396,33.98856,0.28451,0.39394,0.17760,0.63579,5.00000,7.00000,9.00000,11.00000,0.00000
21641.00000,61.67663,85.63111,31.12821,79.47405,0.52217,0.92082,0.43551,0.99592,5.00000,7.00000,9.00000,11.00000,0.00000
21642.00000,35.13440,84.15373,34.10168,39.22787,0.42370,0.95477,0.48521,0.59681,5.00000,7.00000,9.00000,11.00000,0.00000
21643.00000,56.70791,81.42000,38.97579,47.33731,0.52654,0.81527,0.54951,0.66842,5.00000,7.00000,9.00000,11.00000,0.00000
21644.00000,43.59188,18.47173,15.49615,22.10072,0.79920,0.22794,0.21052,0.39062,5.00000,7.00000,9.00000,11.00000,0.00000
21645.00000,53.33716,82.56243,58.62767,50.57831,0.44766,0.87834,0.62614,0.68522,5.00000,7.00000,9.00000,11.00000,0.00000
21646.00000,38.61916,66.53334,62.67819,27.45817,0.62307,0.88845,0.96890,0.48069,5.00000,7.00000,9.00000,11.00000,0.00000
21647.00000,11.15392,24.17254,23.63573,16.14262,0.17389,0.38449,0.37239,0.36695,5.00000,7.00000,9.00000,11.00000,0.00000
21648.00000,24.99972,52.93474,25.56823,53.15586,0.34947,0.73802,0.42882,0.79951,5.00000,7.00000,9.00000,11.00000,0.00000
21649.00000,49.53526,27.61383,26.24195,18.40268,0.58944,0.41074,0.40755,0.35002,5.00000,7.00000,9.00000,11.00000,0.00000
21650.00000,25.59599,57.53817,46.99818,40.29952,0.35987,0.74118,0.61175,0.71160,5.00000,7.00000,9.00000,11.00000,0.00000
21651.00000,39.22265,82.75603,58.47360,47.45537,0.46106,1.15909,0.56155,0.78142,5.00000,7.00000,9.00000,11.00000,0.00000
21652.00000,32.42399,37.49475,27.16360,24.53104,0.55444,0.41583,0.51894,0.50552,5.00000,7.00000,9.00000,11.00000,0.00000
21655.00000,50.28512,52.99260,115.08125,80.30187,0.51738,0.67206,1.19105,0.91103,5.00000,7.00000,9.00000,11.00000,0.00000
21656.00000,47.10047,47.36642,38.40703,54.47024,0.49808,0.57124,0.50569,0.73429,5.00000,7.00000,9.00000,11.00000,0.00000
21657.00000,76.20390,96.38172,35.16292,51.94205,0.88627,1.02340,0.57274,0.81275,5.00000,7.00000,9.00000,11.00000,0.00000
21658.00000,55.52653,99.06530,57.09745,54.40227,0.48419,0.92754,0.62682,0.70485,5.00000,7.00000,9.00000,11.00000,0.00000
21659.00000,45.16560,121.57411,40.02157,34.02800,0.49398,1.90558,0.48636,0.62104,5.00000,7.00000,9.00000,11.00000,0.00000
21660.00000,17.85315,13.21494,18.42458,42.31684,0.21499,0.15859,0.22750,0.78785,5.00000,7.00000,9.00000,11.00000,0.00000
21661.00000,56.38944,41.47860,93.08133,25.91118,0.74160,0.47616,1.40767,0.48686,5.00000,7.00000,9.00000,11.00000,0.00000
21662.00000,17.31385,49.00980,20.16034,10.11202,0.20799,0.85824,0.36879,0.20429,5.00000,7.00000,9.00000,11.00000,0.00000
21672.00000,1.00528,,,,0.04358,,,,1.00000,3.00000,5.00000,7.00000,1.00000
21673.00000,,0.54043,,,,0.01438,,,1.00000,3.00000,5.00000,7.00000,1.00000
21674.00000,,0.57968,,,,0.01303,,,1.00000,3.00000,5.00000,7.00000,1.00000
21675.00000,,0.67259,,,,0.01541,,,1.00000,3.00000,5.00000,7.00000,1.00000
21676.00000,,0.92860,,,,0.01192,,,1.00000,3.00000,5.00000,7.00000,1.00000
21677.00000,,0.96194,,,,0.01678,,,1.00000,3.00000,5.00000,7.00000,1.00000
21678.00000,,0.78913,,,,0.01175,,,1.00000,3.00000,5.00000,7.00000,1.00000
21679.00000,4.83020,1.03065,,,0.04948,0.01366,,,1.00000,3.00000,5.00000,7.00000,1.00000
21680.00000,11.37061,1.26256,,,0.12062,0.01811,,,1.00000,3.00000,5.00000,7.00000,1.00000
21681.00000,4.25066,0.99284,,,0.03850,0.01436,,,1.00000,3.00000,5.00000,7.00000,1.00000
21682.00000,12.21781,1.02411,,,0.14636,0.01694,,,1.00000,3.00000,5.00000,7.00000,0.00000
21683.00000,,1.29937,,,,0.01545,,,1.00000,3.00000,5.00000,7.00000,1.00000
21684.00000,30.08337,3.36625,,,0.54692,0.05636,,,1.00000,3.00000,5.00000,7.00000,0.00000
21685.00000,10.25137,1.47082,,,0.11935,0.01922,,,1.00000,3.00000,5.00000,7.00000,0.00000
21686.00000,5.84736,1.84847,,,0.07900,0.02452,,,1.00000,3.00000,5.00000,7.00000,0.00000
21687.00000,13.54547,3.03727,,,0.15169,0.05062,,,1.00000,3.00000,5.00000,7.00000,0.00000
21688.00000,31.90714,2.85684,0.78849,,0.52711,0.03954,0.03935,,1.00000,3.00000,5.00000,7.00000,0.00000
21689.00000,10.39619,2.16131,,9210.25743,0.10267,0.02861,,17760.07512,1.00000,3.00000,5.00000,7.00000,0.00000
21690.00000,7.00331,2.38400,,,0.04815,0.03638,,,1.00000,3.00000,5.00000,7.00000,1.00000
21691.00000,16.55269,3.34195,1.65502,,0.18111,0.05109,0.02840,,1.00000,3.00000,5.00000,7.00000,0.00000
21692.00000,24.57142,3.94613,1.29426,,0.33988,0.05598,0.03078,,1.00000,3.00000,5.00000,7.00000,0.00000
21693.00000,22.43239,2.56438,1.29551,,0.28202,0.03406,0.02896,,1.00000,3.00000,5.00000,7.00000,0.00000
21694.00000,14.33976,6.42049,1.99822,,0.16923,0.07248,0.04664,,1.00000,3.00000,5.00000,7.00000,0.00000
21695.00000,66.15221,6.34430,2.05630,,0.94640,0.09638,0.03945,,1.00000,3.00000,5.00000,7.00000,0.00000
21696.00000,107.39059,56.04582,76.77424,18.21566,1.37633,0.88029,0.97147,0.32156,1.00000,3.00000,5.00000,7.00000,0.00000
21699.00000,27.77363,17.23376,3.95099,10.84336,0.35021,0.20537,0.04206,0.32292,1.00000,3.00000,5.00000,7.00000,0.00000
21702.00000,62.34177,19.30249,3.46453,2.74179,0.59349,0.23618,0.03819,0.11491,1.00000,3.00000,5.00000,7.00000,0.00000
21703.00000,64.08458,3.21616,3.91617,,0.69069,0.04054,0.05373,,1.00000,3.00000,5.00000,7.00000,0.00000
21704.00000,76.37669,43.67298,11.25559,7.18694,0.95027,0.66468,0.16575,0.11872,1.00000,3.00000,5.00000,7.00000,0.00000
21705.00000,139.64489,49.41687,38.68991,10.77084,1.67414,0.72850,0.54553,0.16879,1.00000,3.00000,5.00000,7.00000,0.00000
21706.00000,86.52685,40.91481,16.93247,9.45618,1.05543,0.55327,0.19910,0.17017,1.00000,3.00000,5.00000,7.00000,0.00000
21708.00000,,4.93880,0.83394,,,0.06329,0.02593,,1.00000,3.00000,5.00000,7.00000,1.00000
21709.00000,35.57283,5.13966,1.13383,,0.71612,0.04891,0.02482,,1.00000,3.00000,5.00000,7.00000,1.00000
21710.00000,61.69432,6.82523,0.97241,,1.75535,0.06886,0.03177,,1.00000,3.00000,5.00000,7.00000,1.00000
21711.00000,61.11510,6.56493,1.41559,,1.67385,0.06688,0.02418,,1.00000,3.00000,5.00000,7.00000,1.00000
21712.00000,,4.52922,1.63859,,,0.04284,0.02644,,1.00000,3.00000,5.00000,7.00000,1.00000
21713.00000,24.54198,8.49559,2.02689,,0.34751,0.08735,0.04154,,1.00000,3.00000,5.00000,7.00000,0.00000
21715.00000,79.50625,10.53622,2.45571,,3.08337,0.10101,0.05173,,1.00000,3.00000,5.00000,7.00000,1.00000
21716.00000,74.20734,9.35304,2.31482,,2.67671,0.11425,0.03942,,1.00000,3.00000,5.00000,7.00000,1.00000
21717.00000,39.56178,8.82931,1.45520,,0.76332,0.09908,0.02406,,1.00000,3.00000,5.00000,7.00000,1.00000
21718.00000,74.46920,11.63647,2.26358,,2.80484,0.09616,0.03451,,1.00000,3.00000,5.00000,7.00000,1.00000
21719.00000,36.62205,7.80279,0.90300,,0.74967,0.07784,0.04185,,1.00000,3.00000,5.00000,7.00000,1.00000
21720.00000,178.79429,9.76372,3.73989,,16.87248,0.08418,0.05555,,1.00000,3.00000,5.00000,7.00000,1.00000
21721.00000,74.39837,2.95058,1.73249,,2.59900,0.04647,0.02835,,1.00000,3.00000,5.00000,7.00000,1.00000
21722.00000,64.65248,5.20472,0.84086,,1.93539,0.05226,0.01998,,1.00000,3.00000,5.00000,7.00000,1.00000
21723.00000,,2.72319,0.88097,,,0.03326,0.01677,,1.00000,3.00000,5.00000,7.00000,1.00000
21724.00000,45.97053,6.31448,1.44053,,1.20993,0.07073,0.02392,,1.00000,3.00000,5.00000,7.00000,1.00000
21725.00000,22.34780,8.63619,1.54755,,0.28453,0.08512,0.02362,,1.00000,3.00000,5.00000,7.00000,0.00000
21726.00000,70.49889,4.89532,1.76939,,2.45328,0.04170,0.02378,,1.00000,3.00000,5.00000,7.00000,1.00000
21727.00000,33.18257,6.37340,1.14650,,0.54622,0.07118,0.01751,,1.00000,3.00000,5.00000,7.00000,1.00000
21728.00000,45.24405,7.14835,2.07680,,0.90381,0.05319,0.03446,,1.00000,3.00000,5.00000,7.00000,1.00000
21729.00000,84.47991,10.57707,2.85800,,1.56696,0.10740,0.04785,,1.00000,3.00000,5.00000,7.00000,0.00000
21730.00000,88.53407,19.65043,2.35422,,4.00402,0.25797,0.02988,,1.00000,3.00000,5.00000,7.00000,1.00000
21731.00000,123.98540,22.24653,3.00255,,7.91107,0.30163,0.04272,,1.00000,3.00000,5.00000,7.00000,1.00000
21736.00000,16.98832,2.19351,,,0.19322,0.02555,,,1.00000,3.00000,5.00000,7.00000,0.00000
21737.00000,60.23616,5.50060,1.32241,,1.90736,0.05344,0.01889,,1.00000,3.00000,5.00000,7.00000,1.00000
21738.00000,50.03511,30.46094,4.21809,,1.09160,0.52874,0.04309,,1.00000,3.00000,5.00000,7.00000,1.00000
21739.00000,132.52270,12.38582,3.71941,,7.61430,0.13924,0.04389,,1.00000,3.00000,5.00000,7.00000,1.00000
21740.00000,73.26665,40.80395,3.62645,,2.53262,0.88674,0.04579,,1.00000,3.00000,5.00000,7.00000,1.00000
21741.00000,111.48121,22.02010,2.79842,,5.50693,0.27963,0.04193,,1.00000,3.00000,5.00000,7.00000,1.00000
21742.00000,103.95800,10.79664,3.74780,,5.28599,0.09829,0.05422,,1.00000,3.00000,5.00000,7.00000,1.00000
21743.00000,113.82532,,2.94812,,6.42169,,0.04659,,1.00000,3.00000,5.00000,7.00000,1.00000
21744.00000,96.25393,50.90421,3.22855,,1.26237,1.04336,0.04405,,1.00000,3.00000,5.00000,7.00000,0.00000
21745.00000,149.73594,3.96315,2.56975,,10.91487,0.03274,0.04441,,1.00000,3.00000,5.00000,7.00000,1.00000
21746.00000,195.61212,29.43243,3.26189,,19.53093,0.43439,0.04580,,1.00000,3.00000,5.00000,7.00000,1.00000
21747.00000,135.11627,16.56144,2.08849,,1.35448,0.23217,0.03021,,1.00000,3.00000,5.00000,7.00000,0.00000
21750.00000,176.71604,117.11372,80.77925,60.02713,2.47829,1.94847,1.66269,1.07206,1.00000,3.00000,5.00000,7.00000,0.00000
21751.00000,189.45345,108.52313,88.83540,66.68892,3.14970,1.94440,1.47942,1.19773,1.00000,3.00000,5.00000,7.00000,0.00000
21752.00000,169.52627,165.23079,127.87328,40.41609,2.68352,2.61572,1.77521,0.89281,1.00000,3.00000,5.00000,7.00000,0.00000
21753.00000,92.25976,107.94372,3.10416,1.78714,4.06300,1.75213,0.04641,0.03009,1.00000,3.00000,5.00000,7.00000,1.00000
21754.00000,135.39380,22.24834,2.21812,,8.95716,0.30582,0.02882,,1.00000,3.00000,5.00000,7.00000,1.00000
21755.00000,142.40826,23.85222,3.96222,0.77285,2.57338,0.31287,0.04684,0.02137,1.00000,3.00000,5.00000,7.00000,1.00000
21756.00000,105.71270,17.65028,3.04413,,5.48479,0.19915,0.04369,,1.00000,3.00000,5.00000,7.00000,1.00000
21757.00000,139.74279,22.51578,3.70588,,1.51922,0.29033,0.05058,,1.00000,3.00000,5.00000,7.00000,0.00000
21758.00000,107.69207,17.25724,4.53399,,1.47966,0.20510,0.07469,,1.00000,3.00000,5.00000,7.00000,0.00000
21759.00000,96.92285,23.14441,3.58540,,4.25246,0.30892,0.04365,,1.00000,3.00000,5.00000,7.00000,1.00000
21760.00000,,7.99082,2.12837,,,0.09662,0.05498,,1.00000,3.00000,5.00000,7.00000,1.00000
21761.00000,134.88252,,5.81300,1.52832,1.67729,,0.06755,0.03077,1.00000,3.00000,5.00000,7.00000,1.00000
21762.00000,133.04976,82.15001,4.86222,1.91912,8.61155,1.00290,0.05307,0.04704,1.00000,3.00000,5.00000,7.00000,1.00000
21763.00000,51.21910,16.96367,7.93438,1.53157,1.28541,0.18926,0.06600,0.04717,1.00000,3.00000,5.00000,7.00000,1.00000
21764.00000,90.80240,24.06236,10.45331,3.24354,1.14733,0.33687,0.09850,0.06977,1.00000,3.00000,5.00000,7.00000,0.00000
21765.00000,66.16822,10.30534,2.03219,,1.03152,0.11279,0.03405,,1.00000,3.00000,5.00000,7.00000,0.00000
21766.00000,78.64759,7.50034,2.23077,,2.80292,0.05909,0.03098,,1.00000,3.00000,5.00000,7.00000,1.00000
21767.00000,92.99311,4.21119,2.17223,,4.00877,0.03087,0.02802,,1.00000,3.00000,5.00000,7.00000,1.00000
21768.00000,60.87053,16.86509,2.51515,,1.01896,0.18130,0.03767,,1.00000,3.00000,5.00000,7.00000,1.00000
21769.00000,162.63209,42.88172,3.73387,0.93205,11.83337,0.76300,0.05508,0.01843,1.00000,3.00000,5.00000,7.00000,1.00000
21770.00000,125.65342,39.73872,5.06701,,8.01940,0.80110,0.06256,,1.00000,3.00000,5.00000,7.00000,1.00000
21771.00000,62.35032,11.46748,3.49889,,1.74015,0.13171,0.05342,,1.00000,3.00000,5.00000,7.00000,1.00000
21772.00000,164.72032,11.57335,3.24391,,2.20053,0.11678,0.04711,,1.00000,3.00000,5.00000,7.00000,0.00000
21773.00000,95.53747,15.98699,3.19232,,4.04313,0.23110,0.04359,,1.00000,3.00000,5.00000,7.00000,1.00000
21774.00000,93.69642,11.62771,3.32363,,3.92031,0.10862,0.04818,,1.00000,3.00000,5.00000,7.00000,1.00000
21775.00000,107.55974,30.91689,4.53066,,5.49900,0.47364,0.05279,,1.00000,3.00000,5.00000,7.00000,1.00000
21776.00000,134.29778,5.61095,2.91358,,8.09584,0.03897,0.04500,,1.00000,3.00000,5.00000,7.00000,1.00000
21777.00000,84.12110,7.56910,3.53108,,1.13941,0.05830,0.04493,,1.00000,3.00000,5.00000,7.00000,1.00000
21778.00000,86.63028,25.26905,3.30398,,3.72236,0.39898,0.04970,,1.00000,3.00000,5.00000,7.00000,1.00000
21779.00000,155.20686,16.17953,3.94827,,2.32892,0.17662,0.04440,,1.00000,3.00000,5.00000,7.00000,0.00000
21780.00000,120.67431,13.10732,3.30712,,1.43340,0.13576,0.05407,,1.00000,3.00000,5.00000,7.00000,1.00000
21781.00000,61.61033,20.21738,2.85369,,1.22746,0.23109,0.03994,,1.00000,3.00000,5.00000,7.00000,0.00000
21782.00000,129.97706,6.25278,3.89082,,8.68586,0.05566,0.04179,,1.00000,3.00000,5.00000,7.00000,1.00000
21783.00000,182.41312,6.41610,4.01683,,15.24833,0.03968,0.05515,,1.00000,3.00000,5.00000,7.00000,1.00000
21784.00000,150.98065,17.22635,2.88845,,1.91152,0.18877,0.04122,,1.00000,3.00000,5.00000,7.00000,1.00000
21785.00000,88.92120,24.77144,2.54478,,3.71138,0.37687,0.03739,,1.00000,3.00000,5.00000,7.00000,1.00000
21790.00000,177.27867,110.77215,62.05929,142.54755,3.23917,1.55955,1.38897,2.27853,1.00000,3.00000,5.00000,7.00000,0.00000
21791.00000,114.07151,77.95850,73.62094,57.35241,1.85170,2.41523,1.62497,1.80819,1.00000,3.00000,5.00000,7.00000,0.00000
21792.00000,96.81839,85.79857,104.61991,111.86645,1.60365,1.16765,1.39687,2.45970,1.00000,3.00000,5.00000,7.00000,0.00000
21793.00000,33.60823,29.44931,31.67211,50.66754,0.57373,0.44768,0.56273,1.19250,1.00000,3.00000,5.00000,7.00000,0.00000
21794.00000,164.27194,112.95575,4.53538,1.97590,13.79684,1.73381,0.05528,0.03876,1.00000,3.00000,5.00000,7.00000,1.00000
21795.00000,250.69010,29.33491,4.26467,,29.99657,0.48840,0.04812,,1.00000,3.00000,5.00000,7.00000,1.00000
21796.00000,0.76326,,,,0.00828,,,,1.00000,3.00000,5.00000,7.00000,0.00000
21797.00000,0.97954,,,,0.01056,,,,1.00000,3.00000,5.00000,7.00000,0.00000
21799.00000,0.52371,,,,0.01405,,,,1.00000,3.00000,5.00000,7.00000,0.00000
21800.00000,3.36909,0.69746,,,0.05411,0.02232,,,1.00000,3.00000,5.00000,7.00000,0.00000
21801.00000,2.44974,,,,0.05004,,,,1.00000,3.00000,5.00000,7.00000,1.00000
21802.00000,1.79474,,,,0.02305,,,,1.00000,3.00000,5.00000,7.00000,0.00000
21803.00000,2.09391,,,,0.02821,,,,1.00000,3.00000,5.00000,7.00000,0.00000
21804.00000,11.67647,,,,0.15380,,,,1.00000,3.00000,5.00000,7.00000,0.00000
21805.00000,1.23186,,,,0.02121,,,,1.00000,3.00000,5.00000,7.00000,1.00000
21806.00000,45.59190,7.96546,6.45814,,0.80750,0.08947,0.16980,,1.00000,3.00000,5.00000,7.00000,0.00000
21807.00000,92.95833,59.16878,5.78049,6.10620,1.30845,0.97232,0.09621,0.08513,1.00000,34362.74000,34364.74000,34366.74000,0.00000
22050.00000,17.50967,8.01722,2.01748,,0.19355,0.07396,0.04184,,1.00000,3.00000,5.00000,7.00000,0.00000
22051.00000,99.89271,37.37638,8.98926,1.78677,1.45555,0.68396,0.21365,0.05611,1.00000,3.00000,5.00000,7.00000,0.00000
22052.00000,106.50881,36.69065,15.22614,3.70041,1.16566,0.64665,0.22625,0.08352,1.00000,3.00000,5.00000,7.00000,0.00000
22053.00000,93.57546,14.72377,7.90487,2.11199,0.94515,0.14370,0.12538,0.06437,1.00000,3.00000,5.00000,7.00000,1.00000
22054.00000,77.68134,8.79019,4.57148,,1.28483,0.08873,0.09191,,1.00000,3.00000,5.00000,7.00000,0.00000
22055.00000,37.08811,7.66135,4.77957,,0.54262,0.08112,0.08346,,1.00000,3.00000,5.00000,7.00000,0.00000
22056.00000,146.61933,35.14001,31.37412,3.92307,1.73704,0.60188,0.62649,0.11529,1.00000,3.00000,5.00000,7.00000,0.00000
22057.00000,97.50638,43.21629,14.01544,3.72825,1.22061,0.79499,0.16766,0.22223,1.00000,3.00000,5.00000,7.00000,0.00000
22058.00000,58.15954,19.91934,14.64435,7.67455,1.19771,0.31351,0.19856,0.11398,1.00000,3.00000,5.00000,7.00000,0.00000
22059.00000,38.77244,28.58217,6.94894,2.37950,0.62409,0.48592,0.10171,0.07568,1.00000,3.00000,5.00000,7.00000,0.00000
22060.00000,48.62623,28.22226,17.43335,4.75718,0.58011,0.47778,0.26787,0.10899,1.00000,3.00000,5.00000,7.00000,0.00000
22061.00000,74.24851,57.39396,12.07173,6.05180,0.91003,0.96196,0.21395,0.22584,1.00000,3.00000,5.00000,7.00000,0.00000
22062.00000,28.88144,7.67429,6.88716,,0.42810,0.10275,0.06773,,1.00000,3.00000,5.00000,7.00000,0.00000
22063.00000,51.09351,51.94034,5.14532,6.49348,0.70691,1.08552,0.18978,0.20918,1.00000,3.00000,5.00000,7.00000,0.00000
22064.00000,64.89706,6.28484,3.93760,,0.60592,0.07606,0.08040,,1.00000,3.00000,5.00000,7.00000,0.00000
22065.00000,53.01996,21.59804,12.09567,4.12346,0.74594,0.31597,0.27209,0.13741,1.00000,3.00000,5.00000,7.00000,0.00000
22066.00000,30.74690,25.05395,4.46032,,0.48818,0.40430,0.08390,,1.00000,3.00000,5.00000,7.00000,0.00000
22067.00000,25.32113,16.88005,3.39970,,0.33278,0.24466,0.06988,,1.00000,3.00000,5.00000,7.00000,0.00000
22068.00000,130.16992,4.97227,7.82683,,8.48760,0.04622,0.13922,,1.00000,3.00000,5.00000,7.00000,1.00000
22069.00000,121.69614,22.88982,15.50922,3.34273,1.39618,0.33952,0.18727,0.10880,1.00000,3.00000,5.00000,7.00000,0.00000
22070.00000,57.18824,12.51673,9.18727,,0.77405,0.15712,0.09194,,1.00000,3.00000,5.00000,7.00000,0.00000
22071.00000,38.28017,19.19168,5.12013,,0.61515,0.27866,0.08902,,1.00000,3.00000,5.00000,7.00000,0.00000
22072.00000,129.75071,60.18074,15.81604,6.46507,1.52887,1.08129,0.27732,0.10882,1.00000,3.00000,5.00000,7.00000,0.00000
22073.00000,65.00306,6.76412,2.32195,,0.88561,0.06197,0.05593,,1.00000,3.00000,5.00000,7.00000,0.00000
22074.00000,154.92804,118.08064,31.82492,23.90607,2.09281,1.91390,0.75253,0.62927,1.00000,3.00000,5.00000,7.00000,0.00000
22075.00000,138.31014,69.90357,52.52766,18.00588,1.90278,1.47046,1.46235,0.38020,1.00000,3.00000,5.00000,7.00000,0.00000
22076.00000,111.50823,82.99137,42.26285,17.62032,1.67639,1.62248,1.13431,0.35970,1.00000,3.00000,5.00000,7.00000,0.00000
22077.00000,135.50875,110.57804,49.13965,16.00931,2.22751,1.84350,0.99301,0.38356,1.00000,3.00000,5.00000,7.00000,0.00000
22081.00000,153.51111,112.46259,56.86407,32.80638,2.27927,1.83322,1.20679,0.96244,1.00000,3.00000,5.00000,7.00000,0.00000
22082.00000,127.53039,110.49385,60.66719,25.11873,2.29336,2.11090,1.90319,0.81035,1.00000,3.00000,5.00000,7.00000,0.00000
22083.00000,127.74654,99.45681,87.51260,20.11565,2.98148,2.08917,1.99882,0.45874,1.00000,3.00000,5.00000,7.00000,0.00000
22084.00000,137.17578,92.99395,65.31020,52.60739,2.12077,1.22753,1.30781,2.04063,1.00000,3.00000,5.00000,7.00000,0.00000
22085.00000,64.60253,102.30952,45.67187,49.58405,1.01154,1.38579,1.18109,1.33427,1.00000,3.00000,5.00000,7.00000,0.00000
22086.00000,96.98984,110.66186,70.32022,20.91572,1.91178,1.81984,2.17994,0.58997,1.00000,3.00000,5.00000,7.00000,0.00000
22087.00000,146.94292,125.40302,41.15969,49.61956,2.36537,2.14441,1.26116,1.30923,1.00000,3.00000,5.00000,7.00000,0.00000
22088.00000,145.18287,92.26789,65.11004,31.42037,3.30352,1.96633,1.74890,1.02244,1.00000,3.00000,5.00000,7.00000,0.00000
22090.00000,119.65304,103.01395,50.30228,25.83123,1.94566,2.24184,1.85769,0.85596,1.00000,3.00000,5.00000,7.00000,0.00000
22091.00000,69.01968,22.23401,30.46445,5.21745,1.34058,0.40847,0.70159,0.16460,1.00000,3.00000,5.00000,7.00000,0.00000
22092.00000,104.59336,22.01520,28.93333,7.54470,2.18620,0.35817,0.63081,0.17996,1.00000,3.00000,5.00000,7.00000,0.00000
22093.00000,113.78334,11.69441,8.51355,4.53186,1.71199,0.11950,0.12164,0.13593,1.00000,3.00000,5.00000,7.00000,0.00000
22094.00000,51.31163,35.33716,12.34267,3.93512,0.74628,0.60556,0.22396,0.13399,1.00000,3.00000,5.00000,7.00000,0.00000
22095.00000,130.64637,118.05084,79.13753,39.83543,2.00482,1.66287,1.66822,1.36931,1.00000,3.00000,5.00000,7.00000,0.00000
22096.00000,127.09876,58.33601,25.85837,24.57900,2.09834,0.97548,0.50586,0.87284,1.00000,3.00000,5.00000,7.00000,0.00000
22097.00000,124.64850,52.97121,12.42548,17.97646,1.71629,0.95545,0.20260,0.37126,1.00000,3.00000,5.00000,7.00000,0.00000
22098.00000,111.47835,103.02310,81.17874,33.52093,2.12006,2.08962,1.54340,1.06899,1.00000,3.00000,5.00000,7.00000,0.00000
22099.00000,131.10564,116.57531,157.33247,45.01551,2.11849,1.44601,2.63507,1.34349,1.00000,3.00000,5.00000,7.00000,0.00000
22100.00000,115.41305,86.12590,59.07090,78.36812,2.30748,1.29245,0.93884,1.72303,1.00000,3.00000,5.00000,7.00000,0.00000
22101.00000,119.09616,39.90335,83.78313,37.37567,2.12268,0.64170,1.45457,0.98223,1.00000,3.00000,5.00000,7.00000,0.00000
22102.00000,126.58786,39.34656,71.93607,28.16623,2.23503,0.70940,1.80022,0.60439,1.00000,3.00000,5.00000,7.00000,0.00000
22103.00000,123.41452,69.79158,47.81986,67.24032,1.58766,1.24247,1.00852,2.06954,1.00000,3.00000,5.00000,7.00000,0.00000
22104.00000,108.64040,47.25304,26.99301,4.93112,1.56873,0.92061,0.61697,0.12822,1.00000,3.00000,5.00000,7.00000,0.00000
22105.00000,85.68738,32.16516,9.55056,7.80676,1.40513,0.55660,0.15654,0.18404,1.00000,3.00000,5.00000,7.00000,0.00000
22106.00000,142.62082,86.86117,61.93414,41.05801,2.31355,1.52540,1.67838,1.53402,1.00000,3.00000,5.00000,7.00000,0.00000
22107.00000,141.27403,128.70290,71.49083,63.99158,2.65758,2.04935,1.79093,2.42387,1.00000,3.00000,5.00000,7.00000,0.00000
22108.00000,127.91629,72.36909,43.76557,35.06510,2.02986,1.13594,1.06454,1.06713,1.00000,3.00000,5.00000,7.00000,0.00000
22109.00000,155.69261,69.47992,99.32151,46.68949,2.97732,1.03844,1.26614,1.43274,1.00000,3.00000,5.00000,7.00000,0.00000
22110.00000,82.26862,137.17996,68.80715,56.06965,1.28432,1.82940,2.02863,1.53214,1.00000,3.00000,5.00000,7.00000,0.00000
22113.00000,144.72622,101.85182,96.03423,38.58216,10.30272,1.60039,1.90822,1.08413,1.00000,3.00000,5.00000,7.00000,1.00000
22114.00000,112.63742,100.30153,52.80796,58.90083,1.42228,1.61774,1.19938,1.40702,1.00000,3.00000,5.00000,7.00000,0.00000
22115.00000,137.07905,101.10472,50.63770,59.02860,2.15416,1.54976,1.30632,1.78137,1.00000,3.00000,5.00000,7.00000,0.00000
22116.00000,108.16146,69.14891,51.54801,55.26275,1.82365,1.16347,1.31196,2.57363,1.00000,3.00000,5.00000,7.00000,0.00000
22117.00000,128.01135,143.09669,76.94618,56.78381,1.67885,2.32668,2.00790,1.75561,1.00000,3.00000,5.00000,7.00000,0.00000
22118.00000,112.22253,68.63052,67.28568,53.65190,1.93363,1.16221,1.67125,2.14484,1.00000,3.00000,5.00000,7.00000,0.00000
22119.00000,114.73709,124.65964,59.33814,49.55137,1.66638,1.57562,1.59785,1.56492,1.00000,3.00000,5.00000,7.00000,0.00000
22120.00000,142.78958,178.87866,118.57723,60.83091,1.95383,3.43122,3.34029,1.69014,1.00000,3.00000,5.00000,7.00000,0.00000
22121.00000,142.13558,151.89618,132.67374,50.69769,1.83858,2.03027,2.84903,1.95558,1.00000,3.00000,5.00000,7.00000,0.00000
22122.00000,134.48238,93.91600,38.66902,21.39725,2.34861,1.54108,0.82264,0.63386,1.00000,3.00000,5.00000,7.00000,0.00000
22123.00000,69.98685,43.35000,10.09198,12.39563,1.40603,0.85607,0.13586,0.25943,1.00000,3.00000,5.00000,7.00000,0.00000
22124.00000,133.43808,51.97976,77.27730,36.53185,9.56869,0.91111,1.39201,1.41314,1.00000,3.00000,5.00000,7.00000,1.00000
22125.00000,111.43010,130.58172,69.35310,35.71083,1.76281,2.25807,1.49946,1.42095,1.00000,3.00000,5.00000,7.00000,0.00000
22126.00000,106.98674,156.48537,57.26443,31.09817,1.81379,3.02289,1.58197,0.98182,1.00000,3.00000,5.00000,7.00000,0.00000
22127.00000,134.57338,146.06152,107.56006,47.47192,1.94334,2.26319,2.16101,1.61490,1.00000,3.00000,5.00000,7.00000,0.00000
22128.00000,101.84976,44.05562,66.40542,28.28317,1.54178,0.92518,2.03917,0.75299,1.00000,3.00000,5.00000,7.00000,0.00000
22129.00000,99.98329,43.17265,37.87014,23.62375,1.56903,0.80578,0.77957,0.61377,1.00000,3.00000,5.00000,7.00000,0.00000
22130.00000,122.40841,119.53365,48.46972,50.56813,1.96527,1.94791,1.46672,1.76655,1.00000,3.00000,5.00000,7.00000,0.00000
22131.00000,155.01081,115.71069,68.27286,50.95192,2.35319,2.70087,2.07086,2.03926,1.00000,3.00000,5.00000,7.00000,0.00000
22132.00000,143.61249,158.45257,78.08839,48.51055,1.77271,3.10573,2.28222,1.89202,1.00000,3.00000,5.00000,7.00000,0.00000
22133.00000,141.41624,109.47083,64.19539,40.54543,2.44522,1.83878,1.51633,1.31106,1.00000,3.00000,5.00000,7.00000,0.00000
22134.00000,84.13859,33.19886,20.39606,13.01433,1.59275,0.64675,0.41338,0.26719,1.00000,3.00000,5.00000,7.00000,0.00000
22135.00000,125.56312,131.13475,101.95620,43.25664,2.13609,2.23686,1.77769,1.52324,1.00000,3.00000,5.00000,7.00000,0.00000
22136.00000,100.95771,60.36240,39.13169,19.35602,1.64435,1.14882,0.90348,0.39526,1.00000,3.00000,5.00000,7.00000,0.00000
22137.00000,10.56215,1.38133,,,0.12551,0.05762,,,1.00000,3.00000,5.00000,7.00000,0.00000
22138.00000,32.57549,31.63466,14.86139,2.46237,0.67718,0.64251,0.19088,0.09768,1.00000,3.00000,5.00000,7.00000,0.00000
22139.00000,32.39656,21.24977,6.95054,,0.51589,0.27468,0.16589,,1.00000,3.00000,5.00000,7.00000,0.00000
22140.00000,59.77431,59.77913,35.15380,4.23052,1.05086,1.04067,0.73133,0.13994,1.00000,3.00000,5.00000,7.00000,0.00000
22141.00000,29.10999,39.87229,9.73494,12.16161,0.52285,0.72183,0.21106,0.25351,1.00000,3.00000,5.00000,7.00000,0.00000
22142.00000,133.09132,93.84464,91.63580,44.68121,2.41514,1.25591,1.76736,1.93360,1.00000,3.00000,5.00000,7.00000,0.00000
22146.00000,227.36955,223.78262,192.11291,71.14426,4.96518,7.18767,11.17387,6.03122,1.00000,3.00000,5.00000,7.00000,0.00000
22152.00000,6.92484,4.26583,1.18823,,0.08464,0.04252,0.03878,,1.00000,3.00000,5.00000,7.00000,0.00000
22153.00000,76.44773,95.88539,113.33040,148.82863,0.79509,1.13513,1.49051,2.94655,1.00000,3.00000,5.00000,7.00000,0.00000
22154.00000,98.17869,164.03250,179.65680,216.23715,0.82517,1.85615,3.24171,5.14091,5.00000,7.00000,9.00000,11.00000,0.00000
22155.00000,41.20792,63.55908,64.66914,74.42873,0.47992,0.89069,1.06414,1.48020,9.00000,11.00000,13.00000,15.00000,0.00000
22156.00000,197.84774,214.93390,219.10703,210.55506,2.88792,4.05137,5.28667,6.63975,9.00000,11.00000,13.00000,15.00000,0.00000
22157.00000,75.76662,75.59761,55.30375,41.29769,0.85909,1.18439,1.35865,2.10932,13.00000,15.00000,17.00000,19.00000,0.00000
22158.00000,30.18176,45.83216,39.60112,81.28393,0.42778,0.79034,0.82919,7.32843,13.00000,15.00000,17.00000,19.00000,1.00000
22159.00000,42.95569,45.80696,20.95442,27.51489,0.40085,0.75595,0.31397,0.62928,1.00000,3.00000,5.00000,7.00000,0.00000
22160.00000,56.98242,66.82601,23.38980,20.08836,0.70876,0.92139,0.39853,0.38083,1.00000,3.00000,5.00000,7.00000,0.00000
22161.00000,5.90411,1.29692,,,0.06533,0.01594,,,1.00000,3.00000,5.00000,7.00000,1.00000
22162.00000,,2.84151,0.94589,,,0.04214,0.02584,,1.00000,3.00000,5.00000,7.00000,1.00000
22163.00000,10.26685,1.66688,0.61693,,0.09500,0.02135,0.02292,,1.00000,3.00000,5.00000,7.00000,1.00000
22170.00000,98.82587,107.50425,146.20471,165.84063,1.07008,1.21743,2.88811,3.35727,1.00000,3.00000,5.00000,7.00000,0.00000
22171.00000,64.45387,77.90622,59.07103,71.54510,0.85462,0.95098,0.75522,1.08906,1.00000,3.00000,5.00000,7.00000,0.00000
22172.00000,72.73642,75.04160,76.09746,151.88409,0.75567,0.85787,0.90228,3.10955,1.00000,3.00000,5.00000,7.00000,0.00000
22173.00000,87.48840,31.98804,31.31301,32.32764,1.26688,0.54183,0.58422,0.86333,1.00000,3.00000,5.00000,7.00000,0.00000
22174.00000,26.65745,69.04088,69.71057,77.39085,0.34552,0.94483,0.77434,1.38837,1.00000,3.00000,5.00000,7.00000,0.00000
22175.00000,77.97596,54.65458,15.92174,33.12317,0.75372,0.64324,0.17788,0.74752,1.00000,3.00000,5.00000,7.00000,0.00000
22176.00000,34.75428,20.46191,14.34187,7.94097,0.55383,0.26391,0.17396,0.14105,1.00000,3.00000,5.00000,7.00000,0.00000
22177.00000,48.99505,58.56940,30.79114,13.33546,0.57271,1.02469,0.41485,0.32848,1.00000,3.00000,5.00000,7.00000,0.00000
22178.00000,36.76438,15.59065,31.16953,10.47456,0.47659,0.20428,0.66567,0.13712,1.00000,3.00000,5.00000,7.00000,0.00000
22180.00000,91.38014,42.88908,31.74997,58.56569,1.37434,0.61611,0.56214,1.18823,1.00000,3.00000,5.00000,7.00000,0.00000
22181.00000,29.09524,3.38995,5.80500,1.14004,0.40571,0.05415,0.09485,0.02801,1.00000,3.00000,5.00000,7.00000,0.00000
22182.00000,52.36417,64.83332,17.81502,18.65904,0.67133,0.96100,0.30263,0.32490,1.00000,3.00000,5.00000,7.00000,0.00000
22183.00000,42.85612,26.59107,38.89403,21.23935,0.65804,0.36524,0.69683,0.48626,1.00000,3.00000,5.00000,7.00000,0.00000
22184.00000,72.96991,65.46667,38.92588,58.15262,0.83951,0.97999,0.77857,1.39791,1.00000,3.00000,5.00000,7.00000,1.00000
22202.00000,40.16697,30.14972,26.59016,54.10349,0.44759,0.36460,0.48023,1.44539,1.00000,3.00000,5.00000,7.00000,1.00000
22203.00000,13.02987,31.28193,,,0.12590,0.45590,,,1.00000,3.00000,5.00000,7.00000,0.00000
22204.00000,41.76245,21.40229,7.19910,17.43238,0.47983,0.27427,0.16009,0.32676,1.00000,3.00000,5.00000,7.00000,0.00000
22205.00000,21.46383,20.87419,,,0.25812,0.26542,,,1.00000,3.00000,5.00000,7.00000,1.00000
22206.00000,24.16199,27.15895,22.20542,40.46219,0.29718,0.49672,0.37284,1.12310,1.00000,3.00000,5.00000,7.00000,0.00000
22209.00000,65.89687,22.05941,36.90290,,0.99373,0.49088,0.78361,,1.00000,3.00000,5.00000,7.00000,1.00000
22210.00000,68.51669,33.26957,57.82252,47.66944,0.61417,0.52882,1.04791,1.01299,1.00000,3.00000,5.00000,7.00000,0.00000
22211.00000,35.26297,17.36268,,,0.38629,0.33131,,,1.00000,3.00000,5.00000,7.00000,0.00000
22212.00000,40.91656,31.31619,13.18179,33.47732,0.52187,0.50750,0.37682,1.20444,1.00000,3.00000,5.00000,7.00000,1.00000
22213.00000,45.78084,16.52843,6.32835,19.15488,0.51300,0.20465,0.11852,0.42071,1.00000,3.00000,5.00000,7.00000,0.00000
22214.00000,33.38327,14.60366,21.47910,,0.46584,0.13311,0.25034,,1.00000,3.00000,5.00000,7.00000,0.00000
22215.00000,13.27614,,,,0.12876,,,,1.00000,3.00000,5.00000,7.00000,0.00000
22216.00000,40.24292,34.44216,18.03355,23.23651,0.57492,0.54120,0.28297,0.53017,1.00000,3.00000,5.00000,7.00000,1.00000
22217.00000,53.84421,5.21811,,,0.68957,0.12880,,,1.00000,3.00000,5.00000,7.00000,1.00000
22218.00000,60.10945,45.71244,39.30742,15.82913,0.57299,0.51941,0.73124,0.30665,1.00000,3.00000,5.00000,7.00000,1.00000
22219.00000,9.91389,13.73874,35.25315,13.22374,0.06474,0.16467,1.13990,0.29523,1.00000,3.00000,5.00000,7.00000,0.00000
22220.00000,14.93650,,,,0.13964,,,,1.00000,3.00000,5.00000,7.00000,1.00000
22221.00000,44.05281,40.69213,9.51433,5.99831,0.53264,0.44512,0.18938,0.19531,1.00000,3.00000,5.00000,7.00000,1.00000
22222.00000,7.62138,,,,0.10952,,,,1.00000,3.00000,5.00000,7.00000,1.00000
22226.00000,200.90562,226.25345,116.23274,40.88045,2.46675,2.40847,1.39262,0.99951,1.00000,3.00000,5.00000,7.00000,1.00000
22227.00000,204.16580,215.37476,213.17026,159.44929,2.00909,2.18295,2.92463,4.94379,1.00000,3.00000,5.00000,7.00000,0.00000
22228.00000,223.56650,245.30796,221.12236,153.31038,2.16317,3.82855,2.89049,2.76726,1.00000,3.00000,5.00000,7.00000,0.00000
22229.00000,213.76724,256.32445,229.53051,196.30052,3.20633,3.96642,3.44932,4.22564,1.00000,3.00000,5.00000,7.00000,1.00000
22230.00000,214.73570,275.16836,254.53100,184.58263,3.28323,3.53975,3.84706,3.87040,1.00000,3.00000,5.00000,7.00000,1.00000
22231.00000,227.23874,252.63909,216.96301,176.48919,3.57626,3.35391,3.25906,4.46946,1.00000,3.00000,5.00000,7.00000,1.00000
22232.00000,193.33692,239.18519,270.92470,196.01110,2.75726,3.22032,4.52405,6.41277,1.00000,3.00000,5.00000,7.00000,1.00000
22233.00000,182.29466,225.95611,220.06712,179.44350,2.27567,3.48226,2.89031,3.72046,1.00000,3.00000,5.00000,7.00000,1.00000
22234.00000,141.80752,181.61743,186.70237,162.14387,2.38887,2.97026,4.06171,5.97315,1.00000,3.00000,5.00000,7.00000,1.00000
22235.00000,165.37034,181.83996,127.01300,145.42809,2.16468,3.28125,2.39319,5.19905,1.00000,3.00000,5.00000,7.00000,1.00000
22236.00000,89.38504,60.40023,105.11354,77.09843,2.17938,1.11367,1.74721,2.13164,1.00000,3.00000,5.00000,7.00000,1.00000
22237.00000,78.73415,54.24968,61.78868,71.19777,2.05520,1.02000,1.14171,1.87946,1.00000,3.00000,5.00000,7.00000,1.00000
22238.00000,60.52755,35.76452,32.95064,10.57219,1.17130,0.67170,0.67978,0.26293,1.00000,3.00000,5.00000,7.00000,1.00000
22239.00000,72.31425,33.25296,17.94280,,1.55236,0.71647,0.44839,,1.00000,3.00000,5.00000,7.00000,1.00000
22247.00000,53.16340,16.68716,11.71594,10.41160,1.31495,0.26166,0.19203,0.28259,1.00000,3.00000,5.00000,7.00000,0.00000
22248.00000,84.25258,25.23488,23.78139,14.16994,1.13968,0.38207,0.48309,0.31142,1.00000,3.00000,5.00000,7.00000,1.00000
22249.00000,104.68307,73.48428,68.70773,58.72780,1.93617,1.38395,1.46296,1.41181,1.00000,3.00000,5.00000,7.00000,1.00000
22250.00000,86.47243,58.40126,70.12359,32.73245,1.55457,1.00189,1.05108,1.14650,1.00000,3.00000,5.00000,7.00000,1.00000
22251.00000,142.29225,101.66845,150.25819,142.87648,2.08455,1.37375,2.50564,2.95010,1.00000,3.00000,5.00000,7.00000,0.00000
22252.00000,125.24031,129.65169,160.28735,129.08280,1.81029,2.01305,2.58908,3.24856,1.00000,34362.74000,34364.74000,34366.74000,1.00000
22253.00000,196.51846,186.94895,181.07777,77.13197,2.19871,1.84705,2.19739,1.34015,1.00000,3.00000,5.00000,7.00000,1.00000
22254.00000,180.92968,224.10649,200.00650,133.25554,2.57217,2.96353,2.66208,2.78148,1.00000,3.00000,5.00000,7.00000,1.00000
22255.00000,169.19830,221.86312,196.67486,82.19106,1.84114,2.73570,2.76887,1.48978,1.00000,3.00000,5.00000,7.00000,0.00000
22256.00000,147.63341,178.30906,195.21383,148.84262,2.17316,2.26898,2.27425,5.11847,1.00000,3.00000,5.00000,7.00000,1.00000
22267.00000,68.11172,97.31731,70.76096,77.42276,0.91963,1.16702,1.37162,1.75444,1.00000,3.00000,5.00000,7.00000,0.00000
22268.00000,105.44516,176.23269,122.16754,94.68752,1.27010,1.62948,1.81896,1.52696,1.00000,3.00000,5.00000,7.00000,1.00000
22269.00000,154.23961,176.45930,163.46380,75.87909,1.65406,2.31492,1.64781,1.33016,1.00000,3.00000,5.00000,7.00000,1.00000
22270.00000,130.11004,185.51548,207.20247,90.71331,1.25122,1.75419,2.40493,1.69737,1.00000,3.00000,5.00000,7.00000,1.00000
22271.00000,164.03484,163.34305,157.10041,135.83313,1.66628,1.71258,1.98765,2.00695,1.00000,3.00000,5.00000,7.00000,1.00000
22272.00000,147.36820,151.03589,183.62529,107.72355,1.55804,1.71947,2.22883,2.20728,1.00000,3.00000,5.00000,7.00000,0.00000
22273.00000,144.41393,161.62773,191.63425,135.48573,1.80094,2.28761,2.65859,2.07480,1.00000,3.00000,5.00000,7.00000,1.00000
22274.00000,134.89210,160.90334,172.97606,100.16015,1.59588,2.89883,1.98837,1.84332,1.00000,3.00000,5.00000,7.00000,1.00000
22275.00000,178.91801,189.20233,174.20892,114.71756,1.96333,1.75619,1.94599,1.57535,1.00000,3.00000,5.00000,7.00000,0.00000
22276.00000,126.00227,178.97615,200.12826,133.33737,1.45994,1.77015,2.18247,1.82390,1.00000,3.00000,5.00000,7.00000,1.00000
22277.00000,141.26184,195.44976,168.02006,166.11541,1.15605,2.18601,2.03492,2.63659,1.00000,3.00000,5.00000,7.00000,1.00000
22279.00000,54.24230,58.52682,93.91120,172.55717,0.56299,0.85121,1.49563,3.95514,1.00000,3.00000,5.00000,7.00000,1.00000
22280.00000,3.18180,,,,0.05059,,,,1.00000,3.00000,5.00000,7.00000,1.00000
22281.00000,35.44292,6.75154,,,0.48146,0.11432,,,1.00000,3.00000,5.00000,7.00000,1.00000
22282.00000,71.60497,7.65887,,,0.54464,0.08777,,,1.00000,3.00000,5.00000,7.00000,1.00000
22285.00000,164.24105,296.23097,227.10572,134.21504,1.33810,3.90000,5.74571,2.58680,1.00000,3.00000,5.00000,7.00000,1.00000
22286.00000,181.33371,301.55461,302.93910,197.96017,1.77401,4.73603,5.26512,3.90756,1.00000,3.00000,5.00000,7.00000,1.00000
22287.00000,148.22252,291.29853,262.60256,145.51723,1.37990,11.70346,10.41287,3.88933,1.00000,3.00000,5.00000,7.00000,0.00000
22288.00000,149.06466,248.53754,250.79890,216.74488,1.02416,3.40779,3.13738,4.84393,1.00000,3.00000,5.00000,7.00000,1.00000
22289.00000,181.56308,321.82130,283.98452,221.36959,1.49164,5.00746,4.30879,10.26030,1.00000,3.00000,5.00000,7.00000,1.00000
22290.00000,179.53302,224.46557,215.26790,158.56708,1.83471,2.26537,2.56073,3.10590,1.00000,3.00000,5.00000,7.00000,1.00000
22291.00000,190.68290,246.38419,258.64934,189.26340,1.78705,3.15537,5.35622,4.52908,1.00000,3.00000,5.00000,7.00000,1.00000
22292.00000,162.17865,249.36224,242.31736,188.01657,1.81497,3.13774,3.34061,5.34987,1.00000,3.00000,5.00000,7.00000,1.00000
22293.00000,90.07954,163.68238,195.13398,262.95228,1.24425,2.64902,4.37200,10.58981,1.00000,3.00000,5.00000,7.00000,1.00000
22294.00000,89.88076,130.36642,148.54979,201.43035,0.97421,1.77653,2.84210,8.42032,1.00000,3.00000,5.00000,7.00000,1.00000
22295.00000,95.68099,66.45786,64.75868,116.53252,1.81892,1.13529,1.41818,3.04251,1.00000,3.00000,5.00000,7.00000,1.00000
22296.00000,76.62009,61.17364,68.32162,80.08010,1.87006,1.29967,1.32654,2.30828,1.00000,3.00000,5.00000,7.00000,0.00000
22297.00000,46.08018,31.88806,8.12682,13.40824,1.15439,0.84717,0.20416,0.34265,1.00000,3.00000,5.00000,7.00000,0.00000
22298.00000,33.00391,18.39959,23.40162,15.96202,0.88214,0.24779,0.61455,0.39551,1.00000,3.00000,5.00000,7.00000,0.00000
22304.00000,97.90633,108.39192,140.20705,162.07205,1.55337,1.74200,2.73514,5.63192,1.00000,3.00000,5.00000,7.00000,1.00000
22305.00000,100.61936,86.59263,159.19568,199.86674,1.90043,1.22041,3.26914,7.79903,1.00000,3.00000,5.00000,7.00000,1.00000
22306.00000,86.06533,55.51079,96.13081,120.84943,1.52224,1.02488,1.74406,3.05598,1.00000,3.00000,5.00000,7.00000,1.00000
22307.00000,95.07023,82.93317,123.69603,143.73541,1.34945,1.50530,2.74490,4.90967,1.00000,3.00000,5.00000,7.00000,0.00000
22308.00000,81.60330,181.88494,202.10131,128.24722,0.62296,2.85824,2.94621,2.44997,1.00000,3.00000,5.00000,7.00000,1.00000
22309.00000,146.90820,230.12159,252.80680,207.82697,1.32765,4.53959,3.65379,6.60649,1.00000,3.00000,5.00000,7.00000,1.00000
22329.00000,86.76376,139.70393,158.41438,186.84203,0.60851,1.46326,2.65677,5.49812,1.00000,3.00000,5.00000,7.00000,1.00000
22331.00000,127.45865,198.23681,137.15445,218.15570,1.17412,2.29272,1.93585,3.50400,1.00000,3.00000,5.00000,7.00000,1.00000
22332.00000,101.17436,180.36319,177.49836,153.98514,0.84241,2.30955,2.28633,2.39964,1.00000,3.00000,5.00000,7.00000,1.00000
22333.00000,119.56417,189.99733,204.02430,178.90428,1.50387,3.24416,2.38630,3.83390,1.00000,3.00000,5.00000,7.00000,1.00000
22334.00000,100.36648,183.58275,234.14800,178.60743,1.00643,2.63969,5.64310,4.73759,1.00000,3.00000,5.00000,7.00000,1.00000
22336.00000,112.53918,178.41565,123.70372,139.60147,1.08371,2.29752,1.36518,2.67790,1.00000,3.00000,5.00000,7.00000,1.00000
22337.00000,112.11361,148.81842,164.38414,223.87724,0.99187,2.18119,2.39960,5.27210,1.00000,3.00000,5.00000,7.00000,1.00000
22338.00000,135.57086,125.00799,139.32340,158.86769,1.22626,2.11853,1.52722,2.88254,1.00000,3.00000,5.00000,7.00000,0.00000
22339.00000,157.92885,210.78679,158.59896,213.44374,1.45016,2.74892,2.27568,4.12967,1.00000,3.00000,5.00000,7.00000,1.00000
22340.00000,124.60620,237.08292,109.98059,190.48904,1.23386,3.28565,1.26746,3.59804,1.00000,3.00000,5.00000,7.00000,1.00000
22341.00000,86.62287,144.63809,183.49688,208.98204,0.94529,1.82212,3.04309,4.38451,1.00000,3.00000,5.00000,7.00000,1.00000
22351.00000,152.69437,207.98811,110.99348,110.11688,1.37807,2.81254,1.46868,2.28104,1.00000,3.00000,5.00000,7.00000,0.00000
22352.00000,133.36778,81.80694,126.22725,125.44081,1.13742,2.34612,1.84842,2.38601,1.00000,3.00000,5.00000,7.00000,1.00000
22353.00000,131.08025,188.58571,206.06512,215.96467,1.26194,2.50199,2.46862,4.31091,1.00000,3.00000,5.00000,7.00000,0.00000
22355.00000,77.19788,141.21343,151.45167,221.38851,0.70660,1.71872,1.95194,5.08918,1.00000,3.00000,5.00000,7.00000,1.00000
22356.00000,143.11274,184.46476,130.08372,203.18816,1.33002,2.60206,2.07803,4.66163,1.00000,3.00000,5.00000,7.00000,1.00000
22357.00000,114.91557,178.83081,148.72260,189.21914,1.08683,2.05503,2.02305,3.71099,1.00000,3.00000,5.00000,7.00000,1.00000
22358.00000,89.31321,172.19200,171.57240,167.55760,1.05664,1.70266,2.62471,2.95990,1.00000,3.00000,5.00000,7.00000,0.00000
22359.00000,124.61315,135.31961,131.59615,136.04548,1.42216,1.27432,1.52334,2.47024,1.00000,3.00000,5.00000,7.00000,1.00000
22373.00000,123.08497,161.42054,145.82056,188.83347,1.09318,1.70169,1.73191,3.30601,1.00000,3.00000,5.00000,7.00000,1.00000
22374.00000,91.89342,110.37377,131.83565,107.84412,0.88615,1.55984,2.46649,1.71745,1.00000,3.00000,5.00000,7.00000,1.00000
22375.00000,102.67374,150.60475,141.62352,204.49775,0.94036,1.81181,2.10669,4.60003,1.00000,3.00000,5.00000,7.00000,1.00000
22376.00000,119.30738,163.54969,141.99187,143.58787,1.07316,1.73278,1.68228,2.42101,1.00000,3.00000,5.00000,7.00000,0.00000
22377.00000,59.13208,129.46130,222.69610,160.58416,0.63863,1.70953,3.31439,3.08950,1.00000,3.00000,5.00000,7.00000,1.00000
22378.00000,107.04348,145.89177,130.00244,137.24899,1.19589,2.04253,1.69883,1.89646,1.00000,3.00000,5.00000,7.00000,1.00000
22380.00000,118.93900,211.66764,106.14500,131.50669,1.05221,2.36050,1.37743,2.11245,1.00000,3.00000,5.00000,7.00000,1.00000
22381.00000,82.40843,116.25026,156.16714,146.37773,0.81913,1.44402,1.58558,2.27814,1.00000,3.00000,5.00000,7.00000,1.00000
22388.00000,121.95141,121.38473,175.99226,167.83897,1.31758,2.28029,2.29182,2.72759,1.00000,3.00000,5.00000,7.00000,1.00000
22389.00000,140.91761,142.59979,159.12444,116.56337,1.18465,3.00086,1.63451,1.75280,1.00000,3.00000,5.00000,7.00000,0.00000
22390.00000,105.54322,156.89729,129.11983,192.96096,0.88365,1.86020,2.05710,3.90375,1.00000,3.00000,5.00000,7.00000,1.00000
22392.00000,151.72298,167.41520,164.03878,166.02818,1.40197,1.97549,2.89463,3.29860,1.00000,3.00000,5.00000,7.00000,1.00000
22393.00000,94.17448,178.96937,127.62808,163.79014,1.28143,1.78084,1.65935,3.34010,1.00000,34362.74000,34364.74000,34366.74000,0.00000
22394.00000,118.60277,164.64527,113.91900,174.01111,0.95552,1.84054,2.00229,3.40931,1.00000,3.00000,5.00000,7.00000,0.00000
22395.00000,106.56984,116.07341,109.41601,144.60314,0.85915,1.60658,1.26831,2.67843,1.00000,3.00000,5.00000,7.00000,1.00000
22396.00000,94.24707,137.11460,133.82112,115.42880,1.09102,1.45966,1.85200,2.71373,1.00000,3.00000,5.00000,7.00000,1.00000
22397.00000,103.84567,49.13845,65.99846,101.17478,1.10566,1.36541,1.32298,3.51276,1.00000,3.00000,5.00000,7.00000,0.00000
22399.00000,127.22032,159.51610,173.92549,206.26864,1.24575,2.71255,3.11118,5.68902,1.00000,3.00000,5.00000,7.00000,1.00000
22400.00000,148.21708,174.36152,160.23215,146.83646,1.40473,2.05875,2.28089,2.91825,1.00000,3.00000,5.00000,7.00000,1.00000
22401.00000,15.33225,83.09459,138.73081,135.75821,0.08854,1.83688,2.44717,3.54099,1.00000,3.00000,5.00000,7.00000,1.00000
22402.00000,176.78486,194.13485,209.69233,138.05404,2.02806,3.19435,3.64065,2.63138,1.00000,3.00000,5.00000,7.00000,1.00000
22403.00000,164.65269,148.51824,118.23521,114.99395,1.64335,1.61212,1.77851,2.57022,1.00000,3.00000,5.00000,7.00000,0.00000
22404.00000,97.26224,120.98571,153.82684,126.35937,1.28875,1.34792,2.12183,1.86482,1.00000,3.00000,5.00000,7.00000,0.00000
22405.00000,93.75764,167.28382,91.83270,117.58680,1.17898,2.25747,1.35957,2.82899,1.00000,3.00000,5.00000,7.00000,0.00000
22406.00000,148.68934,180.05763,191.01282,100.39822,1.52624,2.15453,3.10523,2.08694,1.00000,3.00000,5.00000,7.00000,1.00000
22407.00000,118.18396,155.25742,140.22097,107.72935,1.50970,1.46994,2.01437,2.28054,1.00000,3.00000,5.00000,7.00000,1.00000
22408.00000,64.64770,49.62812,75.75344,63.60848,0.65896,0.74270,1.19935,1.47297,1.00000,3.00000,5.00000,7.00000,1.00000
22409.00000,105.45654,83.04790,118.84456,183.88535,1.23554,1.28766,1.54283,5.38696,1.00000,3.00000,5.00000,7.00000,1.00000
22413.00000,81.78628,122.72229,147.41523,139.77465,0.69095,1.45702,2.59044,2.97867,1.00000,3.00000,5.00000,7.00000,1.00000
22414.00000,108.72278,137.25606,181.43651,146.40831,0.83515,1.44048,2.04675,2.80401,1.00000,3.00000,5.00000,7.00000,1.00000
22415.00000,108.57667,121.04596,117.12340,120.31389,1.26596,1.64479,1.41942,2.26937,1.00000,3.00000,5.00000,7.00000,1.00000
22416.00000,105.20864,123.39753,125.61212,162.62575,1.28234,1.80910,1.49917,3.91047,1.00000,3.00000,5.00000,7.00000,1.00000
22417.00000,117.00513,112.18486,108.14827,148.04947,1.39172,1.63630,1.50413,2.99366,1.00000,3.00000,5.00000,7.00000,1.00000
22419.00000,70.78085,37.35693,24.55780,55.82668,1.02237,0.73397,0.49180,1.39306,1.00000,3.00000,5.00000,7.00000,1.00000
22420.00000,120.10987,153.20620,118.43640,99.63373,0.91789,2.56757,3.35472,1.92997,1.00000,3.00000,5.00000,7.00000,1.00000
22421.00000,106.67453,147.03970,141.83385,79.82346,0.83149,1.76834,2.48662,1.72191,1.00000,3.00000,5.00000,7.00000,0.00000
22422.00000,97.73875,158.04557,149.66959,103.73905,1.03941,2.37103,3.58659,2.32688,1.00000,3.00000,5.00000,7.00000,1.00000
22423.00000,145.67385,141.07565,126.78624,97.37698,1.40622,2.21932,2.51427,1.55718,1.00000,3.00000,5.00000,7.00000,1.00000
22431.00000,137.85931,112.27830,145.41526,92.84923,1.29985,2.14851,2.16836,1.45284,1.00000,3.00000,5.00000,7.00000,0.00000
22432.00000,103.56054,108.90137,108.45325,177.85828,0.95892,1.44563,1.30860,4.02158,1.00000,3.00000,5.00000,7.00000,1.00000
22434.00000,101.34382,126.05647,90.49967,63.86590,1.10497,1.16939,1.21709,1.83973,1.00000,3.00000,5.00000,7.00000,1.00000
22435.00000,60.92537,95.94823,109.44530,114.45392,0.78707,1.73885,1.71901,2.53216,1.00000,3.00000,5.00000,7.00000,1.00000
22436.00000,177.52911,104.68535,125.75576,51.63793,2.40622,1.00980,2.20887,1.96016,1.00000,3.00000,5.00000,7.00000,1.00000
22437.00000,166.93792,183.90287,80.44869,65.95699,1.49187,3.91618,2.18340,1.30171,1.00000,3.00000,5.00000,7.00000,1.00000
22438.00000,165.39634,178.10370,125.51196,96.21552,1.25422,2.15389,1.96437,2.26961,1.00000,3.00000,5.00000,7.00000,1.00000
22440.00000,116.40361,153.50780,171.37846,126.53878,0.92125,2.98912,4.69595,4.43087,1.00000,3.00000,5.00000,7.00000,1.00000
22451.00000,100.45403,177.18971,128.70751,126.91482,0.80233,1.64042,1.91888,2.58177,1.00000,3.00000,5.00000,7.00000,0.00000
22452.00000,139.87294,122.12192,98.74683,59.99241,1.14358,1.67970,1.39359,1.30440,1.00000,3.00000,5.00000,7.00000,1.00000
22453.00000,110.62445,165.88791,101.15090,65.64404,0.89380,2.40648,2.20039,2.05172,1.00000,3.00000,5.00000,7.00000,1.00000
22454.00000,119.76527,153.27018,87.67069,51.40440,1.09496,1.44940,1.10369,0.94739,1.00000,3.00000,5.00000,7.00000,0.00000
22455.00000,168.26423,201.08730,115.82958,58.63501,1.78704,3.16836,1.93550,1.26266,1.00000,3.00000,5.00000,7.00000,1.00000
22456.00000,146.71307,158.17516,76.04148,42.04549,1.43476,2.47415,1.22025,1.20652,1.00000,3.00000,5.00000,7.00000,1.00000
22457.00000,117.15836,138.56320,127.78536,65.22691,1.02911,1.79312,1.93473,1.29277,1.00000,3.00000,5.00000,7.00000,1.00000
22458.00000,107.58726,170.60166,120.04023,53.44833,1.18345,2.11370,2.26502,1.47796,1.00000,3.00000,5.00000,7.00000,1.00000
22459.00000,145.50633,120.33389,87.30116,46.51041,1.26880,1.11477,1.18792,1.26083,1.00000,3.00000,5.00000,7.00000,1.00000
22460.00000,71.38037,133.46065,131.77463,114.77142,0.49561,2.53980,2.06488,2.62995,1.00000,3.00000,5.00000,7.00000,1.00000
22461.00000,141.36826,159.14054,109.58984,96.25874,1.29412,2.53585,2.12878,2.27419,1.00000,3.00000,5.00000,7.00000,0.00000
22462.00000,116.24119,197.90342,107.85424,108.46543,0.83694,2.16687,2.04083,2.31334,1.00000,3.00000,5.00000,7.00000,1.00000
22463.00000,85.27002,118.94038,176.47214,70.53724,0.84712,1.35047,4.41404,2.17363,1.00000,3.00000,5.00000,7.00000,1.00000
22470.00000,125.61105,144.09916,111.44552,53.42537,1.04487,2.48054,1.62090,1.08621,1.00000,3.00000,5.00000,7.00000,1.00000
22471.00000,135.78097,138.97909,114.89112,83.37672,1.21612,1.63333,1.51636,1.79047,1.00000,3.00000,5.00000,7.00000,1.00000
22472.00000,97.86976,157.42007,110.02948,125.43252,1.04806,1.76504,2.23091,2.71180,1.00000,3.00000,5.00000,7.00000,1.00000
22473.00000,157.64767,171.38830,124.31832,80.80820,1.97390,2.31235,1.93277,2.13476,1.00000,3.00000,5.00000,7.00000,1.00000
22474.00000,129.99507,144.71348,66.94473,59.26396,1.34324,1.34501,0.92391,1.48904,1.00000,3.00000,5.00000,7.00000,1.00000
22475.00000,108.85242,104.58684,146.16000,74.07588,1.02172,1.52307,3.15573,2.93336,1.00000,3.00000,5.00000,7.00000,1.00000
22476.00000,134.65544,108.84222,88.24684,81.94777,1.08112,1.56564,1.34217,1.64164,1.00000,3.00000,5.00000,7.00000,1.00000
22477.00000,107.86967,120.96878,145.56438,66.10784,0.93966,1.19809,2.83268,2.02786,1.00000,3.00000,5.00000,7.00000,1.00000
22478.00000,93.43916,170.01350,96.62100,56.77208,1.03657,2.35000,1.58860,1.77362,1.00000,3.00000,5.00000,7.00000,0.00000
22479.00000,81.14258,156.97993,76.81182,75.49949,0.93925,1.71949,1.43356,1.52945,1.00000,3.00000,5.00000,7.00000,1.00000
22480.00000,123.37034,132.04640,92.31564,65.55225,1.19946,2.01930,1.38899,1.41988,1.00000,3.00000,5.00000,7.00000,0.00000
22481.00000,133.76966,155.54929,99.66940,62.75460,1.10872,2.30936,1.88051,1.46647,1.00000,3.00000,5.00000,7.00000,1.00000
22482.00000,77.31186,124.54104,124.54959,115.84749,0.86972,1.76480,3.11527,4.12108,1.00000,3.00000,5.00000,7.00000,1.00000
22486.00000,123.47807,133.42082,90.62465,90.61057,1.04027,1.64584,1.69592,2.68713,1.00000,3.00000,5.00000,7.00000,1.00000
22487.00000,122.85453,143.35482,77.30744,48.06735,0.77337,1.79386,1.16716,1.13571,1.00000,3.00000,5.00000,7.00000,1.00000
22488.00000,179.06025,179.76817,80.07692,77.55833,1.68548,2.12392,1.31274,1.46363,1.00000,3.00000,5.00000,7.00000,1.00000
22489.00000,156.91165,138.42566,84.05924,85.06650,1.55792,1.83999,1.45472,1.61081,1.00000,3.00000,5.00000,7.00000,1.00000
22490.00000,133.85274,186.24300,83.07668,56.84405,1.34781,2.93735,2.00485,1.33781,1.00000,3.00000,5.00000,7.00000,0.00000
22491.00000,112.15018,118.39522,65.28515,63.45760,0.86466,1.48173,1.05259,1.13257,1.00000,3.00000,5.00000,7.00000,1.00000
22492.00000,31.05312,144.81202,139.51003,113.88089,0.31046,1.99397,2.13084,2.24410,1.00000,3.00000,5.00000,7.00000,1.00000
22493.00000,122.07236,120.03297,87.18265,57.59600,1.03555,2.28970,1.47175,1.49680,1.00000,3.00000,5.00000,7.00000,1.00000
22494.00000,133.30128,152.81627,186.04523,90.04126,1.05209,2.56094,3.75373,2.16562,1.00000,3.00000,5.00000,7.00000,0.00000
22495.00000,135.92634,121.79892,61.96568,48.96201,1.31744,1.75241,1.41035,1.04117,1.00000,3.00000,5.00000,7.00000,0.00000
22496.00000,91.82395,134.32532,84.56247,63.17420,0.81044,2.10405,1.29552,1.23427,1.00000,3.00000,5.00000,7.00000,0.00000
22497.00000,152.14365,165.26178,71.87274,34.36876,1.50196,3.50653,1.27143,0.67794,1.00000,3.00000,5.00000,7.00000,1.00000
22498.00000,141.46454,108.28046,72.92338,44.21615,1.32082,1.04935,1.05925,0.99723,1.00000,3.00000,5.00000,7.00000,0.00000
22499.00000,123.66655,145.05124,98.54640,66.48254,1.20783,1.85255,2.17434,1.58934,1.00000,3.00000,5.00000,7.00000,1.00000
22500.00000,105.21992,135.46151,133.90250,63.46050,1.01992,2.45344,2.39331,1.12127,1.00000,3.00000,5.00000,7.00000,1.00000
22501.00000,144.40138,179.34957,125.12425,65.45956,1.26459,2.01377,1.93253,1.35150,1.00000,3.00000,5.00000,7.00000,1.00000
22505.00000,95.50867,123.72836,111.64934,114.67586,0.96034,1.92066,1.76696,2.98174,1.00000,3.00000,5.00000,7.00000,1.00000
22506.00000,149.23469,140.32573,98.20184,97.90681,1.25635,1.30651,1.87760,1.91926,1.00000,3.00000,5.00000,7.00000,1.00000
22507.00000,122.33907,102.51332,115.88935,76.08972,1.43953,1.42091,1.76368,1.57405,1.00000,3.00000,5.00000,7.00000,1.00000
22512.00000,99.22036,61.64328,95.42140,63.74155,0.80574,0.82816,1.45134,1.71132,1.00000,3.00000,5.00000,7.00000,1.00000
22513.00000,142.98341,109.47136,100.38809,96.49614,1.52258,1.08186,1.20714,1.60177,1.00000,3.00000,5.00000,7.00000,1.00000
22514.00000,117.36201,111.06375,92.59383,87.96786,1.47510,1.04883,1.78528,2.23283,1.00000,3.00000,5.00000,7.00000,1.00000
22515.00000,90.52959,121.62652,78.04346,65.25800,0.94185,1.39454,1.64494,1.49551,1.00000,3.00000,5.00000,7.00000,1.00000
22516.00000,118.26173,152.10291,74.74890,41.89208,1.25225,1.71070,1.37333,1.09104,1.00000,3.00000,5.00000,7.00000,0.00000
22517.00000,144.49422,123.98068,119.25321,67.23786,1.48989,1.76365,1.93162,1.77384,1.00000,3.00000,5.00000,7.00000,0.00000
22521.00000,136.59693,113.54885,91.61620,45.08154,1.40640,1.75574,1.33594,1.02576,1.00000,3.00000,5.00000,7.00000,0.00000
22522.00000,125.43713,162.97486,71.55649,50.87011,1.33315,2.16318,1.48883,1.08064,1.00000,3.00000,5.00000,7.00000,1.00000
22523.00000,138.89594,125.64450,72.16569,85.05379,1.13215,1.32255,1.49040,1.57368,1.00000,3.00000,5.00000,7.00000,1.00000
22525.00000,109.68561,89.25794,87.30967,57.43018,1.12033,1.21786,1.42663,1.80266,1.00000,3.00000,5.00000,7.00000,1.00000
22527.00000,109.25611,110.04637,112.99610,83.83188,1.26817,1.09940,1.66662,1.86735,1.00000,3.00000,5.00000,7.00000,1.00000
22531.00000,125.01108,134.36928,110.12842,72.31550,1.08597,1.97469,1.53438,2.09399,1.00000,3.00000,5.00000,7.00000,1.00000
22534.00000,120.04144,82.30535,88.65021,62.26483,1.31318,1.34220,1.85006,1.18699,1.00000,3.00000,5.00000,7.00000,1.00000
22535.00000,125.99822,86.57841,90.73094,72.94377,1.29809,1.11302,1.31101,1.23790,1.00000,3.00000,5.00000,7.00000,1.00000
22536.00000,83.86909,95.58363,63.84855,68.25449,1.02489,1.64781,1.04093,1.42236,1.00000,3.00000,5.00000,7.00000,1.00000
22537.00000,71.13413,20.97711,56.78472,37.63340,0.72460,0.29872,1.46985,1.39945,1.00000,3.00000,5.00000,7.00000,0.00000
22538.00000,105.70501,105.71430,101.44947,68.58288,0.92451,1.63970,1.50397,1.62377,1.00000,3.00000,5.00000,7.00000,1.00000
22539.00000,156.34118,169.40281,121.27647,79.22230,1.57382,1.87238,1.58942,2.02422,1.00000,3.00000,5.00000,7.00000,1.00000
22540.00000,130.63741,151.29536,115.82169,62.37058,1.26068,1.84059,2.17504,1.49905,1.00000,3.00000,5.00000,7.00000,1.00000
22541.00000,163.57033,147.72928,101.19180,93.50271,1.83222,2.08429,2.40663,2.68831,1.00000,3.00000,5.00000,7.00000,0.00000
22546.00000,63.78721,66.10262,102.87648,58.89546,0.94341,0.84033,1.48627,1.63639,1.00000,3.00000,5.00000,7.00000,0.00000
22547.00000,77.84559,67.56077,48.49692,41.72718,0.74480,0.81148,1.07630,1.41278,1.00000,3.00000,5.00000,7.00000,0.00000
22548.00000,87.69517,90.22393,40.42343,11.05219,0.90206,1.32336,0.95711,0.22579,1.00000,3.00000,5.00000,7.00000,1.00000
22551.00000,58.01729,52.36846,50.80567,25.87964,0.65674,0.89206,0.85694,0.83322,1.00000,3.00000,5.00000,7.00000,1.00000
22552.00000,77.56492,46.84257,25.28609,8.66445,0.79432,0.83607,0.59240,0.22654,1.00000,3.00000,5.00000,7.00000,1.00000
22553.00000,26.16559,30.98629,19.54869,,0.32873,0.44513,0.31842,,1.00000,3.00000,5.00000,7.00000,0.00000
22555.00000,95.78040,52.03090,52.98584,36.23269,0.80613,0.79294,1.29854,0.97854,1.00000,3.00000,5.00000,7.00000,0.00000
22556.00000,80.94702,37.37821,33.05360,9.41604,0.77575,0.61537,0.46297,0.23666,1.00000,3.00000,5.00000,7.00000,0.00000
22558.00000,74.08026,9.28644,24.47899,,0.93293,0.12247,0.47031,,1.00000,3.00000,5.00000,7.00000,0.00000
22566.00000,109.39401,86.38378,80.56087,75.22432,0.86428,1.00750,1.43083,1.18723,1.00000,3.00000,5.00000,7.00000,1.00000
22567.00000,98.98945,97.10210,79.25435,58.21972,0.69673,0.92366,1.33234,1.40908,1.00000,3.00000,5.00000,7.00000,1.00000
22568.00000,44.84082,50.26301,34.66680,24.26768,0.54056,0.83844,0.73845,0.83971,1.00000,3.00000,5.00000,7.00000,1.00000
22569.00000,119.30612,141.42549,128.02464,90.33160,0.97860,1.30908,1.86972,1.62114,1.00000,3.00000,5.00000,7.00000,1.00000
22570.00000,34.77450,73.42964,114.36817,80.13691,0.37116,0.95291,1.75403,1.62359,1.00000,3.00000,5.00000,7.00000,1.00000
22571.00000,76.76536,119.06810,114.44980,68.35801,0.67173,1.49248,1.44082,1.36179,1.00000,3.00000,5.00000,7.00000,1.00000
22572.00000,92.35468,133.25489,93.29040,100.60491,0.76813,1.70872,1.88578,2.35289,1.00000,3.00000,5.00000,7.00000,1.00000
22573.00000,35.57654,79.06630,91.47922,68.75781,0.49874,0.81762,1.10644,1.49288,1.00000,3.00000,5.00000,7.00000,1.00000
22576.00000,64.36851,118.65835,205.08853,189.29298,0.44433,1.30749,5.12181,6.04543,1.00000,3.00000,5.00000,7.00000,0.00000
22578.00000,38.31418,59.63769,56.84174,36.33971,0.60429,0.86310,0.92382,0.93073,1.00000,3.00000,5.00000,7.00000,0.00000
22579.00000,50.20717,8.92074,46.87160,39.85033,0.56997,0.08195,0.77794,1.32609,1.00000,3.00000,5.00000,7.00000,1.00000
22580.00000,61.35377,59.38406,42.37464,37.65283,0.56596,0.89030,0.64755,1.02869,1.00000,3.00000,5.00000,7.00000,0.00000
22581.00000,7.39217,59.54839,92.85421,112.02671,0.04440,0.99496,1.29802,2.18293,1.00000,3.00000,5.00000,7.00000,1.00000
22582.00000,36.37843,15.52610,,,0.40570,0.16734,,,1.00000,3.00000,5.00000,7.00000,0.00000
22583.00000,,43.14531,72.95360,53.85766,,0.73129,1.02644,1.39860,1.00000,3.00000,5.00000,7.00000,1.00000
22591.00000,107.86768,123.53202,,171.52976,1.48474,3.19124,,14.55612,1.00000,34362.74000,34364.74000,34366.74000,0.00000
22592.00000,84.39796,74.83460,88.46948,85.32765,1.12455,1.05141,1.35263,2.19219,1.00000,3.00000,5.00000,7.00000,0.00000
22593.00000,104.73882,92.29578,57.95901,47.23679,1.62265,1.91872,1.74887,1.64033,1.00000,3.00000,5.00000,7.00000,0.00000
22594.00000,118.79378,108.02848,98.66923,94.51568,1.60233,1.36713,2.09304,2.26241,1.00000,3.00000,5.00000,7.00000,1.00000
22595.00000,104.19254,108.52922,172.06914,221.88209,1.24976,1.74636,4.72072,12.36100,1.00000,3.00000,5.00000,7.00000,0.00000
22596.00000,123.04096,112.72661,91.25604,96.52751,1.35340,1.44079,1.38920,2.18509,1.00000,3.00000,5.00000,7.00000,0.00000
22597.00000,114.36015,132.17944,159.00250,190.54499,1.30844,2.18591,5.15056,8.92060,1.00000,3.00000,5.00000,7.00000,1.00000
22598.00000,101.31966,79.61360,97.43046,107.36625,0.87464,1.27722,1.60621,2.03082,1.00000,3.00000,5.00000,7.00000,0.00000
22599.00000,128.11532,131.67154,163.28912,207.55573,1.35158,2.68257,5.45195,6.23948,1.00000,3.00000,5.00000,7.00000,0.00000
22600.00000,121.08036,104.87745,114.22739,114.51261,1.12693,1.13706,1.72125,2.81522,1.00000,3.00000,5.00000,7.00000,1.00000
22602.00000,149.01923,188.00862,159.34546,184.84210,1.34327,2.93725,2.35528,5.89342,1.00000,3.00000,5.00000,7.00000,1.00000
22603.00000,123.20925,114.65183,122.41450,119.96125,1.21834,1.17790,1.58525,2.87018,1.00000,3.00000,5.00000,7.00000,1.00000
22604.00000,111.31803,118.38871,216.67631,256.28569,1.08636,1.71617,5.49811,12.96944,1.00000,3.00000,5.00000,7.00000,1.00000
22605.00000,143.42814,115.84468,98.04133,88.83614,1.26000,1.08179,1.46080,2.04432,1.00000,3.00000,5.00000,7.00000,0.00000
22622.00000,272.13825,344.47412,236.44374,185.82853,4.49713,7.67956,6.63214,4.15671,1.00000,3.00000,5.00000,7.00000,1.00000
22625.00000,220.44163,332.45907,553.29375,271.30548,3.58465,8.71904,26.13611,23.40952,1.00000,3.00000,5.00000,7.00000,0.00000
22626.00000,207.85173,304.58041,325.41795,,2.99278,14.40370,24.09904,,1.00000,3.00000,5.00000,7.00000,1.00000
22628.00000,232.15322,277.90771,252.61337,266.86634,4.96821,5.41711,8.91225,18.43112,1.00000,3.00000,5.00000,7.00000,1.00000
22629.00000,105.62491,254.83730,212.56493,,1.31611,10.95672,16.87816,,1.00000,3.00000,5.00000,7.00000,1.00000
22630.00000,224.81228,272.41307,286.11427,300.00054,3.46477,4.59468,5.33921,16.40473,1.00000,3.00000,5.00000,7.00000,1.00000
22631.00000,211.47574,245.22988,287.81001,279.21404,2.66980,3.52749,4.80054,12.55223,1.00000,3.00000,5.00000,7.00000,1.00000
22632.00000,204.30163,322.76021,355.15870,,5.14909,7.85207,12.82550,,1.00000,3.00000,5.00000,7.00000,1.00000
22633.00000,229.47488,200.87567,266.15568,350.77656,4.66545,7.74302,7.77295,18.18225,1.00000,3.00000,5.00000,7.00000,1.00000
22634.00000,171.33144,171.83157,195.91856,,3.24836,2.90396,9.79752,,1.00000,3.00000,5.00000,7.00000,1.00000
22636.00000,165.27169,187.12108,178.85530,196.66047,2.62247,3.07073,6.93705,6.34161,1.00000,3.00000,5.00000,7.00000,1.00000
22637.00000,148.97769,222.93108,172.69193,183.96992,3.02673,3.56543,3.23952,4.86414,1.00000,3.00000,5.00000,7.00000,1.00000
22640.00000,130.13106,132.78383,173.69467,132.12688,3.40094,2.59978,4.75858,3.90520,1.00000,3.00000,5.00000,7.00000,1.00000
22641.00000,102.71513,65.98592,120.80832,,2.24009,1.55650,4.23284,,1.00000,3.00000,5.00000,7.00000,1.00000
22642.00000,77.83259,33.48349,22.55009,24.63054,1.40274,0.50891,0.41949,0.70293,1.00000,3.00000,5.00000,7.00000,1.00000
22643.00000,91.87344,31.71423,41.19205,45.39135,1.72485,0.64905,0.99535,1.54840,1.00000,3.00000,5.00000,7.00000,0.00000
22644.00000,48.57787,21.18000,16.06593,17.22640,1.14867,0.30997,0.28799,0.57861,1.00000,3.00000,5.00000,7.00000,0.00000
22645.00000,106.98639,56.06529,73.61128,98.17076,2.62898,1.46841,2.51630,2.98728,1.00000,3.00000,5.00000,7.00000,0.00000
22646.00000,118.97821,75.08705,166.93350,122.98357,2.79995,1.32821,5.24313,4.00309,1.00000,3.00000,5.00000,7.00000,1.00000
22648.00000,51.37166,17.86782,12.44256,11.48469,1.27251,0.33755,0.29949,0.50194,1.00000,3.00000,5.00000,7.00000,1.00000
22650.00000,125.47140,226.70934,212.08041,122.72279,1.11411,3.39327,2.63115,2.00159,1.00000,3.00000,5.00000,7.00000,1.00000
22651.00000,133.63665,68.68934,101.92601,184.16320,2.54416,1.35953,3.42339,6.78738,1.00000,3.00000,5.00000,7.00000,1.00000
22652.00000,210.23432,217.62563,213.48400,117.66234,2.71912,3.07085,3.28341,2.30569,1.00000,3.00000,5.00000,7.00000,1.00000
22656.00000,104.80321,166.41345,253.20684,382.82397,0.90619,2.76321,6.49814,26.83155,1.00000,3.00000,5.00000,7.00000,1.00000
22657.00000,115.69961,180.00578,219.46845,288.43769,0.86581,3.80436,6.74029,15.90711,1.00000,3.00000,5.00000,7.00000,0.00000
22658.00000,117.67136,124.80996,162.01269,155.65184,0.95350,1.38915,2.65470,4.22355,1.00000,3.00000,5.00000,7.00000,0.00000
22659.00000,108.31367,178.34371,225.69272,248.95864,1.09710,2.97176,7.79851,10.41068,1.00000,3.00000,5.00000,7.00000,1.00000
22660.00000,110.69490,153.51386,173.11713,144.85245,1.13148,1.59349,3.31658,3.11884,1.00000,3.00000,5.00000,7.00000,0.00000
22661.00000,76.93822,110.01299,124.79384,124.39364,0.78767,1.21005,1.68737,3.18163,1.00000,3.00000,5.00000,7.00000,0.00000
22662.00000,113.71312,194.03625,178.68050,213.12674,0.84883,2.98613,5.69813,9.26773,1.00000,3.00000,5.00000,7.00000,1.00000
22663.00000,88.32373,148.95710,202.44584,301.75735,0.83693,1.73785,7.17180,16.87402,1.00000,3.00000,5.00000,7.00000,1.00000
22664.00000,102.91935,183.52777,191.03960,210.64026,1.17075,4.10686,5.40759,7.13522,1.00000,3.00000,5.00000,7.00000,0.00000
22665.00000,123.77616,85.78007,97.11454,66.03527,1.24467,1.15211,1.52770,2.26652,1.00000,3.00000,5.00000,7.00000,1.00000
22666.00000,98.49433,123.80588,253.29466,233.01731,0.90371,1.31522,7.89886,12.65714,1.00000,3.00000,5.00000,7.00000,1.00000
22667.00000,119.58592,144.47135,125.19631,153.08708,1.47728,1.81715,1.75688,3.42071,1.00000,3.00000,5.00000,7.00000,1.00000
22668.00000,107.72872,139.09062,112.73610,95.02989,1.23054,1.94736,2.09347,2.38267,1.00000,3.00000,5.00000,7.00000,1.00000
22669.00000,76.21088,112.68614,192.87685,168.25840,0.77388,2.02805,5.58080,6.16727,1.00000,3.00000,5.00000,7.00000,1.00000
22670.00000,120.77371,231.62869,193.70746,270.89623,1.05958,4.80689,5.19520,11.82025,1.00000,3.00000,5.00000,7.00000,1.00000
22671.00000,102.19992,131.40446,250.22443,222.31327,1.11376,1.78728,8.60123,8.18170,1.00000,3.00000,5.00000,7.00000,1.00000
22672.00000,109.30158,133.31277,133.27412,155.74052,0.97819,1.76460,2.18173,4.44955,1.00000,3.00000,5.00000,7.00000,1.00000
22673.00000,111.48171,86.54410,144.18035,89.14794,1.07890,1.13350,1.94368,2.01098,1.00000,3.00000,5.00000,7.00000,1.00000
22676.00000,201.54227,171.80329,149.61522,,4.04100,6.44180,9.98071,,1.00000,3.00000,5.00000,7.00000,0.00000
22677.00000,168.30397,207.06588,181.00800,171.12198,2.37492,4.07900,4.29668,6.77074,1.00000,3.00000,5.00000,7.00000,1.00000
22678.00000,175.09989,272.72282,279.31147,,2.86386,10.69080,21.03952,,1.00000,3.00000,5.00000,7.00000,0.00000
22679.00000,180.20837,158.21153,124.90081,118.79987,2.48285,3.03655,2.66251,3.85483,1.00000,3.00000,5.00000,7.00000,0.00000
22680.00000,173.57645,220.72285,392.55867,,2.86140,7.56314,21.57314,,1.00000,3.00000,5.00000,7.00000,0.00000
22681.00000,164.05222,142.58691,118.91831,131.36179,3.22352,3.22524,2.21465,4.21842,1.00000,3.00000,5.00000,7.00000,0.00000
22689.00000,179.60883,220.82734,200.96030,251.62577,2.74050,3.85456,7.08340,18.29958,1.00000,3.00000,5.00000,7.00000,1.00000
22690.00000,138.06268,160.68400,180.91441,188.07958,1.93339,3.73905,7.38606,9.50456,1.00000,3.00000,5.00000,7.00000,0.00000
22691.00000,151.70372,326.31305,271.04778,,2.48379,9.86604,18.32341,,1.00000,3.00000,5.00000,7.00000,1.00000
22692.00000,197.12647,290.17748,,,4.13844,15.05408,,,1.00000,3.00000,5.00000,7.00000,1.00000
22694.00000,191.84267,316.81078,401.19841,,2.36334,6.91332,13.43335,,1.00000,3.00000,5.00000,7.00000,1.00000
22695.00000,195.52507,270.82727,373.41853,279.35257,3.04783,7.07070,17.08214,25.14212,1.00000,3.00000,5.00000,7.00000,1.00000
22696.00000,167.10698,284.32592,296.18654,,2.18186,5.76144,12.64391,,1.00000,3.00000,5.00000,7.00000,1.00000
22697.00000,160.74811,353.06899,324.34998,584.20421,2.13002,9.22199,11.59752,36.13317,1.00000,3.00000,5.00000,7.00000,1.00000
22698.00000,153.51762,249.77398,434.87298,,2.51158,6.96159,20.56451,,1.00000,3.00000,5.00000,7.00000,1.00000
22699.00000,132.76200,295.11505,436.13048,,1.74927,11.87721,13.41836,,1.00000,3.00000,5.00000,7.00000,1.00000
22700.00000,142.00187,208.36848,192.37935,182.54445,1.54390,3.72034,3.88964,5.31527,1.00000,3.00000,5.00000,7.00000,0.00000
22701.00000,170.77182,167.28132,169.88549,220.29505,2.86920,2.41229,3.11047,7.43705,1.00000,3.00000,5.00000,7.00000,1.00000
22702.00000,165.30689,127.07420,82.97202,97.82467,2.39182,2.07487,1.63225,2.09657,1.00000,3.00000,5.00000,7.00000,1.00000
22703.00000,136.83665,141.61252,133.25392,140.10593,1.74317,2.29850,2.05733,3.21905,1.00000,3.00000,5.00000,7.00000,1.00000
22708.00000,141.37905,279.31993,283.10823,185.86426,1.55007,9.08142,9.98360,11.70207,1.00000,3.00000,5.00000,7.00000,1.00000
22710.00000,137.79159,223.12365,327.56572,,1.57717,5.53644,19.58460,,1.00000,3.00000,5.00000,7.00000,1.00000
22712.00000,118.24698,212.38702,242.90739,202.11864,1.46794,4.57320,5.61673,9.56367,1.00000,3.00000,5.00000,7.00000,1.00000
22713.00000,149.21283,304.66887,372.82310,533.00114,1.52549,7.01662,13.74543,34.29195,1.00000,3.00000,5.00000,7.00000,1.00000
22714.00000,168.81731,215.18300,407.83603,356.21044,1.70479,8.14861,18.59712,21.01105,1.00000,3.00000,5.00000,7.00000,1.00000
22715.00000,170.48647,289.31146,426.82739,649.97449,1.79882,6.93853,21.50875,64.95270,1.00000,3.00000,5.00000,7.00000,0.00000
22716.00000,155.74134,288.68124,412.16815,,1.75914,6.23498,22.12813,,1.00000,3.00000,5.00000,7.00000,1.00000
22717.00000,180.19180,223.14810,372.31848,490.02709,1.59053,5.04809,15.37153,43.87732,1.00000,3.00000,5.00000,7.00000,1.00000
22718.00000,140.77806,280.48651,347.66580,248.44832,1.59092,7.36805,18.94700,24.85486,1.00000,3.00000,5.00000,7.00000,0.00000
22719.00000,154.04009,177.24054,153.98061,199.26359,1.59165,2.53533,2.61974,6.68351,1.00000,3.00000,5.00000,7.00000,0.00000
22720.00000,120.46032,138.67615,150.59518,216.95811,1.10761,1.70239,1.79370,5.80495,1.00000,3.00000,5.00000,7.00000,1.00000
22721.00000,136.85138,146.35813,165.18539,160.00513,1.15637,1.76137,2.77895,3.93799,1.00000,3.00000,5.00000,7.00000,0.00000
22726.00000,182.46217,238.76315,360.24744,405.23879,1.59810,6.60959,14.83699,28.76714,1.00000,3.00000,5.00000,7.00000,0.00000
22727.00000,167.82724,219.65598,241.05084,224.03702,2.36047,5.59481,10.85804,13.62736,1.00000,3.00000,5.00000,7.00000,1.00000
22728.00000,119.70716,254.26196,360.46785,233.42372,1.50160,4.29446,13.54967,12.34883,1.00000,3.00000,5.00000,7.00000,0.00000
22729.00000,156.59972,248.91588,425.74227,,1.65919,5.33510,12.72464,,1.00000,3.00000,5.00000,7.00000,0.00000
22730.00000,156.46180,278.30473,260.69485,299.01439,1.79852,5.82037,10.64796,15.67748,1.00000,3.00000,5.00000,7.00000,1.00000
22731.00000,414.59516,359.19390,213.86214,,8.91779,18.50261,12.78945,,5.00000,7.00000,9.00000,11.00000,0.00000
22732.00000,347.66733,279.61557,,,8.95748,18.80588,,,5.00000,7.00000,9.00000,11.00000,0.00000
22733.00000,128.69439,310.13226,299.40332,,1.72219,8.10143,15.49579,,1.00000,3.00000,5.00000,7.00000,1.00000
22734.00000,159.20724,227.66565,299.45316,,1.74752,6.18880,10.99101,,1.00000,3.00000,5.00000,7.00000,0.00000
22735.00000,160.11319,284.13954,336.84796,312.28578,1.47789,4.76311,6.73423,24.28442,1.00000,3.00000,5.00000,7.00000,1.00000
22736.00000,143.50082,319.84972,332.91624,271.15086,1.65130,11.87451,23.17938,20.69193,1.00000,3.00000,5.00000,7.00000,1.00000
22737.00000,234.78641,257.67506,281.52484,,7.40812,9.41707,17.42845,,5.00000,7.00000,9.00000,11.00000,0.00000
22738.00000,189.96892,254.01811,220.64934,209.01856,2.21037,5.40317,6.48658,9.57703,5.00000,7.00000,9.00000,11.00000,0.00000
22742.00000,201.29503,246.82223,220.46658,203.97800,3.83073,8.41302,7.50639,5.90922,3.00000,5.00000,7.00000,9.00000,0.00000
22743.00000,276.22458,411.11163,338.07730,,4.78269,9.55106,13.99166,,3.00000,5.00000,7.00000,9.00000,0.00000
22744.00000,234.32968,352.28333,,,5.16971,10.10390,,,3.00000,5.00000,7.00000,9.00000,0.00000
22745.00000,227.65487,316.59131,278.91912,,4.09394,7.22823,12.30527,,3.00000,5.00000,7.00000,9.00000,0.00000
22746.00000,243.45165,315.53533,258.50000,268.70809,4.18758,8.76377,10.89820,22.18562,3.00000,5.00000,7.00000,9.00000,0.00000
22747.00000,214.67980,267.63841,299.92118,576.83622,5.87488,11.15736,13.05932,49.46237,3.00000,5.00000,7.00000,9.00000,1.00000
22748.00000,275.62846,359.97355,274.64551,,3.66400,10.45011,9.05731,,3.00000,5.00000,7.00000,9.00000,0.00000
22750.00000,204.25254,291.34929,310.57903,291.45723,3.19248,11.04541,15.50087,12.12268,3.00000,5.00000,7.00000,9.00000,0.00000
22751.00000,221.64519,303.09219,249.39353,341.16684,5.60741,7.67687,6.96509,32.47157,3.00000,5.00000,7.00000,9.00000,0.00000
22752.00000,274.79869,331.18190,341.39123,,3.44834,14.99670,20.34466,,3.00000,5.00000,7.00000,9.00000,0.00000
22753.00000,238.03203,222.16192,381.84761,,3.66081,7.63824,24.99405,,3.00000,5.00000,7.00000,9.00000,0.00000
22754.00000,216.23761,381.23574,277.24187,410.90046,4.43508,10.60267,16.64037,37.01036,3.00000,5.00000,7.00000,9.00000,0.00000
22755.00000,227.99006,340.87722,349.79106,237.99139,3.93718,11.44415,18.47067,17.32007,3.00000,5.00000,7.00000,9.00000,0.00000
22756.00000,159.31229,174.10613,197.26482,175.98951,1.44477,2.68026,4.05122,5.24357,3.00000,5.00000,7.00000,9.00000,0.00000
22770.00000,51.84011,,,,0.71356,,,,1.00000,3.00000,5.00000,7.00000,1.00000
22771.00000,9.78371,,,,0.17285,,,,1.00000,3.00000,5.00000,7.00000,1.00000
22772.00000,97.58206,25.67200,53.97436,35.87368,1.32860,0.53078,1.21907,1.58123,1.00000,3.00000,5.00000,7.00000,1.00000
22773.00000,70.41460,33.06429,43.34313,33.87768,1.30060,0.64735,1.29992,1.35120,1.00000,3.00000,5.00000,7.00000,0.00000
22774.00000,85.69407,47.92751,113.65199,67.80863,1.04223,1.22813,1.81847,4.15372,1.00000,3.00000,5.00000,7.00000,1.00000
22775.00000,118.10819,164.91775,120.76721,81.75762,1.40182,2.67262,4.88046,4.57829,1.00000,3.00000,5.00000,7.00000,1.00000
22776.00000,24.38443,28.60888,,,0.26720,0.54177,,,1.00000,3.00000,5.00000,7.00000,1.00000
22779.00000,82.59716,156.53272,120.12231,104.84695,0.96205,2.94820,4.49172,4.83959,1.00000,3.00000,5.00000,7.00000,1.00000
22780.00000,151.93686,177.54101,113.80185,95.84054,1.45415,3.76268,3.96064,2.91172,1.00000,3.00000,5.00000,7.00000,1.00000
22781.00000,99.24201,198.43612,104.95718,113.99785,0.92167,3.55458,3.93646,4.79642,1.00000,3.00000,5.00000,7.00000,1.00000
22782.00000,162.83063,171.46798,126.30929,148.58558,2.09364,3.05115,3.31408,3.56805,1.00000,3.00000,5.00000,7.00000,1.00000
22783.00000,100.40801,84.57265,154.77448,158.11891,0.88728,1.80311,4.27616,5.38263,1.00000,3.00000,5.00000,7.00000,1.00000
22784.00000,125.21845,138.87219,145.64073,223.73454,1.33707,2.66864,3.75571,5.99835,1.00000,3.00000,5.00000,7.00000,0.00000
22785.00000,122.21381,141.51097,193.88567,145.77033,1.44633,2.37957,6.29776,3.68715,1.00000,3.00000,5.00000,7.00000,1.00000
22786.00000,93.97608,92.91982,153.60167,144.44202,1.26600,3.62386,5.44439,4.23767,1.00000,3.00000,5.00000,7.00000,1.00000
22787.00000,159.95296,232.54978,174.73400,80.71902,1.81298,3.39506,3.08030,2.62237,1.00000,3.00000,5.00000,7.00000,1.00000
22788.00000,128.12396,188.57251,220.82486,99.77848,1.13068,3.14141,5.95448,2.55677,1.00000,3.00000,5.00000,7.00000,1.00000
22789.00000,118.01522,136.79942,164.09868,154.09692,1.31138,2.78728,5.45487,3.59369,1.00000,3.00000,5.00000,7.00000,1.00000
22790.00000,36.13688,120.87387,142.41146,141.35868,0.54096,1.84962,2.34826,3.71787,1.00000,3.00000,5.00000,7.00000,1.00000
22791.00000,141.92421,200.41055,159.02387,142.73058,1.46450,4.63999,4.10460,3.46740,1.00000,3.00000,5.00000,7.00000,1.00000
22792.00000,111.55980,138.92754,253.70816,175.10338,1.04305,4.74016,11.74832,11.51834,3.00000,5.00000,7.00000,9.00000,1.00000
22793.00000,153.43177,191.30859,156.21253,170.85695,3.67801,3.83995,2.90024,7.01383,3.00000,5.00000,7.00000,9.00000,0.00000
22794.00000,278.68698,251.76539,150.54257,205.87471,6.95000,5.35570,4.05390,6.26938,3.00000,5.00000,7.00000,9.00000,0.00000
22795.00000,112.10269,,,,2.38080,,,,3.00000,5.00000,7.00000,9.00000,0.00000
22796.00000,196.25727,178.18164,99.69213,56.31046,6.89982,5.33799,2.23926,1.68768,3.00000,5.00000,7.00000,9.00000,0.00000
22797.00000,154.22007,179.66747,162.61563,185.50353,5.98711,6.43140,4.11984,6.45771,3.00000,5.00000,7.00000,9.00000,0.00000
22800.00000,180.37775,450.04775,,,5.32334,28.39182,,,3.00000,5.00000,7.00000,9.00000,0.00000
22801.00000,182.99626,162.22299,186.86414,,5.56329,7.93769,10.74921,,3.00000,5.00000,7.00000,9.00000,0.00000
22804.00000,297.83305,334.96062,297.34543,201.57209,8.00544,12.38017,22.52931,13.99776,3.00000,5.00000,7.00000,9.00000,0.00000
22805.00000,235.21437,382.85761,464.21298,,5.17814,14.66147,30.86910,,3.00000,5.00000,7.00000,9.00000,0.00000
22806.00000,202.11408,259.08252,342.88454,,3.78597,10.68537,23.30919,,3.00000,5.00000,7.00000,9.00000,0.00000
22807.00000,283.61451,322.92191,302.81195,390.78365,5.27870,10.30174,11.60801,37.87810,3.00000,5.00000,7.00000,9.00000,0.00000
22808.00000,174.10483,311.22338,273.92773,,2.33857,13.56688,18.37985,,3.00000,5.00000,7.00000,9.00000,0.00000
22809.00000,255.35545,246.65262,197.14297,292.23265,6.18141,10.11663,11.33951,21.15563,3.00000,5.00000,7.00000,9.00000,0.00000
22811.00000,149.04209,161.40697,242.20419,,1.96470,3.80408,6.44163,,3.00000,5.00000,7.00000,9.00000,0.00000
22812.00000,196.06765,256.29187,291.17478,,3.98123,9.79291,11.27054,,3.00000,5.00000,7.00000,9.00000,0.00000
22813.00000,124.52536,128.00203,123.78285,149.63360,1.39372,2.05563,2.83529,5.64007,3.00000,5.00000,7.00000,9.00000,0.00000
22814.00000,152.08793,196.15194,149.94269,,1.77904,4.38837,4.15152,,7.00000,9.00000,11.00000,13.00000,0.00000
22817.00000,213.14541,186.97022,213.43042,,3.61596,4.88110,8.49533,,3.00000,5.00000,7.00000,9.00000,0.00000
22818.00000,149.97392,172.47659,221.06314,285.15678,3.50221,4.52818,5.69021,16.60191,3.00000,5.00000,7.00000,9.00000,0.00000
22819.00000,158.40949,138.05353,122.81181,168.39132,2.06605,2.20745,2.10210,8.84976,3.00000,5.00000,7.00000,9.00000,0.00000
22820.00000,118.10878,132.88914,147.46688,181.57967,1.41768,2.13384,3.42141,8.82916,3.00000,5.00000,7.00000,9.00000,0.00000
22821.00000,178.72574,260.86481,304.19831,336.33754,3.13713,6.70030,11.24534,28.31070,3.00000,5.00000,7.00000,9.00000,0.00000
22822.00000,143.97800,211.38405,205.48982,250.50114,1.67615,4.32354,6.47632,12.93882,3.00000,5.00000,7.00000,9.00000,0.00000
22823.00000,142.71899,187.72001,329.76739,260.85639,1.89024,3.70882,17.20632,20.21523,3.00000,5.00000,7.00000,9.00000,0.00000
22824.00000,151.10482,197.26091,201.67416,221.51025,2.36036,6.04010,6.78984,17.54570,3.00000,5.00000,7.00000,9.00000,0.00000
22825.00000,125.66097,172.16693,252.12466,245.50965,1.29406,4.20810,10.54140,14.80680,3.00000,5.00000,7.00000,9.00000,0.00000
22826.00000,182.30237,223.46300,185.03028,179.99163,2.68112,5.63180,6.42842,11.21805,3.00000,5.00000,7.00000,9.00000,0.00000
22827.00000,122.60653,101.25371,77.25296,70.37596,1.15943,1.49677,1.24773,1.87776,3.00000,5.00000,7.00000,9.00000,0.00000
22838.00000,85.77984,132.08395,245.97395,181.94208,1.09021,1.89859,8.30642,9.03020,3.00000,5.00000,7.00000,9.00000,0.00000
22839.00000,90.32587,135.44446,184.02969,226.55217,1.08326,2.76173,4.94332,10.71543,3.00000,5.00000,7.00000,9.00000,0.00000
22840.00000,146.44359,153.01740,172.65275,226.33516,2.81718,3.41673,3.93920,6.44495,3.16000,3.42000,3.67000,3.92000,0.00000
22841.00000,181.98259,193.61154,183.44718,296.95383,4.79084,5.37572,5.51647,12.94782,5.16000,5.42000,5.67000,5.92000,0.00000
22842.00000,171.43070,172.73020,174.46789,170.57949,3.99562,3.20117,4.27275,5.03783,5.16000,5.42000,5.67000,5.92000,0.00000
22843.00000,143.90524,147.94499,172.49588,238.39086,3.57609,3.59909,3.79095,7.38863,5.16000,5.42000,5.67000,5.92000,0.00000
22844.00000,271.42659,189.34855,274.51693,226.37880,5.13759,4.91818,10.14823,11.26461,5.16000,5.42000,5.67000,5.92000,1.00000
22846.00000,109.67775,98.22697,96.28353,77.91017,2.05131,1.70498,2.06341,1.64309,5.16000,5.42000,5.67000,5.92000,0.00000
22847.00000,129.01098,124.13481,106.51483,121.80018,1.77321,2.03738,2.06732,2.50930,5.16000,5.42000,5.67000,5.92000,0.00000
22848.00000,110.06712,111.10359,121.35790,103.06572,1.48846,1.64567,2.10730,2.06347,5.16000,5.42000,5.67000,5.92000,0.00000
22849.00000,96.76675,106.42134,109.11901,100.33253,1.47085,1.84478,1.57013,1.75150,5.16000,5.42000,5.67000,5.92000,0.00000
22850.00000,74.17925,90.43490,93.51828,81.08500,1.46680,1.53456,1.64019,1.71553,10.16000,10.42000,10.67000,10.92000,0.00000
22851.00000,97.64380,86.27439,84.24518,102.84141,2.96013,3.00105,3.58954,3.40126,18.16000,18.42000,18.67000,18.92000,0.00000
22852.00000,111.23827,142.32342,94.05612,80.28061,5.71969,6.40864,3.97561,7.53858,20.16000,20.42000,20.67000,20.92000,0.00000
22858.00000,94.57630,126.69482,149.41915,,1.61885,3.93753,7.85164,,3.00000,5.00000,7.00000,9.00000,0.00000
22859.00000,14.58206,12.26906,,13.12573,0.49572,0.37359,,0.73842,3.00000,5.00000,7.00000,9.00000,0.00000
22860.00000,8.75199,,,,0.32585,,,,3.00000,5.00000,7.00000,9.00000,0.00000
22861.00000,26.80231,30.46896,37.17062,24.36065,0.54198,1.01417,1.83564,1.50775,3.00000,5.00000,7.00000,9.00000,0.00000
22862.00000,59.76772,58.65131,56.09058,63.73337,1.01489,1.38705,1.79123,2.51221,3.00000,5.00000,7.00000,9.00000,0.00000
22863.00000,54.80092,75.41308,63.98669,59.89402,0.83297,1.52799,1.75548,2.12389,3.00000,5.00000,7.00000,9.00000,0.00000
22864.00000,11.61389,,,,0.36724,,,,3.00000,5.00000,7.00000,9.00000,0.00000
22865.00000,8.85204,10.51499,,,0.34252,0.30315,,,3.00000,5.00000,7.00000,9.00000,0.00000
22868.00000,42.46733,34.61483,20.75631,17.88098,0.98391,1.19753,0.63578,0.85213,3.00000,5.00000,7.00000,9.00000,0.00000
22869.00000,14.42572,,,,0.29018,,,,3.00000,5.00000,7.00000,9.00000,0.00000
22870.00000,47.54671,23.25439,18.57593,15.21340,0.92735,0.51244,0.72158,0.76547,3.00000,5.00000,7.00000,9.00000,0.00000
22871.00000,30.29690,14.81919,15.42701,10.18403,0.81407,0.65292,0.90157,0.48619,3.00000,5.00000,7.00000,9.00000,0.00000
22872.00000,21.84490,35.59569,18.90673,40.36676,0.37191,0.97533,0.62536,1.72729,3.00000,5.00000,7.00000,9.00000,0.00000
22873.00000,54.90579,57.00939,43.16819,44.82731,1.19029,1.21104,1.39625,1.88598,3.00000,5.00000,7.00000,9.00000,0.00000
22874.00000,91.72159,61.32271,49.63737,43.31047,1.47098,1.47265,1.86582,2.29309,3.00000,5.00000,7.00000,9.00000,0.00000
22877.00000,21.44615,53.72324,53.09408,47.92689,0.24126,1.09627,1.21509,1.68244,3.00000,5.00000,7.00000,9.00000,0.00000
22878.00000,77.30818,94.43527,121.86630,174.23140,0.75387,1.14768,1.94498,4.12909,3.00000,5.00000,7.00000,9.00000,0.00000
22880.00000,102.17251,100.02941,113.51654,143.44158,1.23340,1.32355,2.01751,2.64276,5.00000,5.25000,5.50000,5.75000,0.00000
22881.00000,146.44438,154.33608,160.26564,151.56823,3.54634,3.85639,3.84888,4.34293,5.00000,5.25000,5.50000,5.75000,0.00000
22882.00000,246.58880,169.39792,192.57234,157.59190,7.85460,4.87747,5.97370,5.79215,10.00000,10.25000,10.50000,10.75000,0.00000
22883.00000,220.55326,177.85386,248.29109,213.45088,7.68627,5.71290,9.05272,7.71986,10.00000,10.25000,10.50000,10.75000,0.00000
22884.00000,168.98724,203.01540,230.17940,154.57032,4.37594,7.44006,6.65151,7.58309,10.50000,10.75000,11.00000,11.25000,0.00000
22885.00000,214.94359,172.99080,177.86502,135.98381,6.50341,5.16862,6.76038,5.14480,10.50000,10.75000,11.00000,11.25000,1.00000
22886.00000,221.20385,232.84022,160.07203,239.64326,10.64865,12.20730,10.31331,15.86841,10.00000,10.25000,10.50000,10.75000,1.00000
22887.00000,200.32324,156.28920,159.50067,140.64776,9.08904,4.24233,5.22756,5.04579,10.00000,10.25000,10.50000,10.75000,0.00000
22888.00000,218.05494,193.15056,193.55983,166.08826,6.85432,5.18064,8.34582,6.38185,10.00000,10.25000,10.50000,10.75000,0.00000
22889.00000,117.21617,117.97836,128.94757,135.04272,2.04211,2.40610,3.39105,3.80927,3.50000,3.75000,4.00000,4.25000,0.00000
22892.00000,183.73371,168.35966,191.38196,198.22786,4.26787,3.72388,4.61776,5.19334,7.00000,7.25000,7.50000,7.75000,0.00000
22893.00000,110.00369,98.44747,99.06067,107.84768,2.00553,2.01196,1.71548,2.36905,3.00000,3.25000,3.50000,3.75000,0.00000
22894.00000,156.72123,216.28827,155.45400,179.14892,3.67576,5.32980,3.55913,5.16284,9.00000,9.25000,9.50000,9.75000,0.00000
22897.00000,86.71956,73.91245,83.86227,103.71989,2.84023,3.05651,4.11890,5.67194,5.00000,5.25000,5.50000,5.75000,0.00000
22898.00000,15.94535,,,,0.73403,,,,3.00000,5.00000,7.00000,9.00000,0.00000
22899.00000,18.51297,,,,1.07634,,,,3.00000,5.00000,7.00000,9.00000,0.00000
22901.00000,14.17292,,,2.71595,0.65109,,,0.42301,3.00000,5.00000,7.00000,9.00000,0.00000
22902.00000,10.98899,17.68388,,,0.57111,1.15170,,,3.00000,5.00000,7.00000,9.00000,0.00000
22903.00000,20.19957,270.18159,36.37984,22.56479,0.68288,11.47787,1.60428,1.46549,3.00000,5.00000,7.00000,9.00000,1.00000
22904.00000,21.02321,44.80276,21.24501,,0.64011,1.35411,0.89786,,3.00000,5.00000,7.00000,9.00000,0.00000
22905.00000,44.25542,35.16279,25.14160,26.37171,1.29236,1.24266,1.18969,1.53181,3.00000,5.00000,7.00000,9.00000,0.00000
22906.00000,52.21797,48.62536,33.60049,35.31665,1.22060,1.29613,1.38105,2.45110,3.00000,5.00000,7.00000,9.00000,0.00000
22907.00000,25.58644,66.87662,40.33467,12.72100,0.64731,1.78366,1.71222,0.74833,3.00000,5.00000,7.00000,9.00000,0.00000
22908.00000,65.01367,53.77486,43.99794,48.27901,1.04386,1.54987,1.68074,2.09767,3.00000,5.00000,7.00000,9.00000,0.00000
22909.00000,77.64120,77.67421,71.03522,87.24605,0.87611,1.51789,1.71227,3.04842,3.00000,5.00000,7.00000,9.00000,0.00000
22910.00000,72.48010,58.96420,64.79886,75.53031,1.01769,1.33011,1.52255,2.66753,3.00000,5.00000,7.00000,9.00000,0.00000
22911.00000,59.99512,51.02999,91.02346,70.18428,0.99342,1.16057,2.34039,2.92233,3.00000,5.00000,7.00000,9.00000,0.00000
22915.00000,112.32175,162.12736,,,2.85162,11.63946,,,3.00000,5.00000,7.00000,9.00000,0.00000
22916.00000,76.37056,66.13652,61.31840,54.59637,1.90796,2.17138,2.75134,4.50406,3.00000,5.00000,7.00000,9.00000,0.00000
22917.00000,101.30554,90.74643,109.43624,101.85344,1.73294,1.90167,3.37063,4.37054,3.00000,5.00000,7.00000,9.00000,0.00000
22918.00000,87.12109,101.86274,106.43919,95.85865,1.49497,2.10071,2.92171,4.69501,3.00000,5.00000,7.00000,9.00000,0.00000
22919.00000,112.15263,110.45007,92.24621,119.49355,2.09788,2.35505,2.87385,4.64555,3.00000,5.00000,7.00000,9.00000,0.00000
22920.00000,59.83213,76.09297,87.82520,60.41984,1.49001,1.90749,2.75647,2.57137,3.00000,5.00000,7.00000,9.00000,0.00000
22923.00000,73.27519,74.49738,68.88024,61.80070,1.68515,1.88089,2.19139,2.95920,3.00000,5.00000,7.00000,9.00000,0.00000
22924.00000,60.97393,68.48021,37.09119,40.77478,1.72884,2.25325,1.78052,3.13269,3.00000,5.00000,7.00000,9.00000,0.00000
22925.00000,77.41227,78.59650,75.05062,68.39351,1.46592,1.70402,1.72042,2.07602,3.00000,5.00000,7.00000,9.00000,0.00000
22926.00000,84.32134,74.87158,88.12571,87.69621,1.34218,1.51001,2.49752,2.96734,3.00000,5.00000,7.00000,9.00000,0.00000
22927.00000,78.01218,89.94249,99.18021,77.79010,1.36237,1.97533,3.11110,4.26821,3.00000,5.00000,7.00000,9.00000,0.00000
22928.00000,83.53996,61.15676,45.16115,38.79954,1.51041,1.68702,2.13605,2.46230,3.00000,5.00000,7.00000,9.00000,0.00000
22929.00000,76.61527,67.73129,44.64354,46.83572,1.57902,2.16197,1.89644,2.61815,3.00000,5.00000,7.00000,9.00000,0.00000
22930.00000,41.78392,29.41645,30.36631,13.79680,1.00987,0.88509,1.13831,0.45491,3.00000,5.00000,7.00000,9.00000,0.00000
22931.00000,67.98244,51.32860,42.23438,34.70503,1.32551,1.34464,1.45216,2.02656,3.00000,5.00000,7.00000,9.00000,0.00000
22933.00000,50.56356,29.43453,27.23388,37.08723,1.22234,1.09219,1.01359,2.02324,3.00000,5.00000,7.00000,9.00000,0.00000
22935.00000,237.47596,126.51119,175.40759,111.51672,28.33249,11.76707,17.60147,15.53453,15.50000,15.75000,16.00000,16.25000,0.00000
22941.00000,30.04213,60.49025,40.84154,34.66388,4.46898,9.10795,7.29630,5.73776,15.50000,15.75000,16.00000,16.25000,0.00000
22942.00000,127.12118,88.76300,96.91684,97.43579,2.02811,2.11398,2.35618,4.66106,3.00000,5.00000,7.00000,9.00000,0.00000
22943.00000,73.34732,50.97325,75.40536,71.63232,1.18017,1.56065,1.87863,3.05580,3.00000,5.00000,7.00000,9.00000,0.00000
22944.00000,75.70822,81.01519,53.09427,55.38828,1.41389,1.80021,1.75595,2.61200,3.00000,5.00000,7.00000,9.00000,0.00000
22946.00000,96.46688,77.03321,51.81487,72.09264,1.51367,1.83981,1.65467,3.56852,3.00000,5.00000,7.00000,9.00000,0.00000
22947.00000,91.69740,72.67311,74.59330,65.95243,1.57412,1.74985,2.03445,2.92662,3.00000,5.00000,7.00000,9.00000,0.00000
22949.00000,72.07966,74.13858,60.12902,64.93481,1.26040,1.87898,1.88567,2.60535,3.00000,5.00000,7.00000,9.00000,0.00000
22951.00000,81.18245,83.69050,84.09671,69.26083,1.27659,1.94238,2.46259,2.52263,3.00000,34364.74000,34366.74000,34368.74000,0.00000
22952.00000,100.88137,92.10851,68.96626,77.82033,1.50319,1.73371,2.35730,2.89127,3.00000,5.00000,7.00000,9.00000,0.00000
22953.00000,68.28267,55.55558,67.93643,57.55880,1.30451,1.56766,1.92390,2.72128,3.00000,5.00000,7.00000,9.00000,0.00000
22954.00000,62.55149,75.52838,66.60878,60.20563,1.22530,1.57773,2.18496,3.07629,3.00000,5.00000,7.00000,9.00000,0.00000
22955.00000,82.45574,74.49281,72.00352,83.76210,1.40019,1.52586,1.85252,3.51824,3.00000,5.00000,7.00000,9.00000,0.00000
22956.00000,112.71652,103.43623,131.51265,92.75367,1.86138,2.61523,3.66794,5.00056,3.00000,5.00000,7.00000,9.00000,0.00000
22957.00000,217.48419,182.97188,107.55316,125.23796,2.99897,3.10646,3.01892,3.43150,3.00000,5.00000,7.00000,9.00000,0.00000
22958.00000,213.15257,149.21231,208.42067,150.25515,2.78096,2.71506,5.10682,7.29535,3.00000,5.00000,7.00000,9.00000,0.00000
22960.00000,189.43414,107.66662,147.98670,136.04403,3.49629,2.54244,3.15182,4.26466,3.00000,5.00000,7.00000,9.00000,0.00000
22961.00000,246.11241,205.33727,170.91372,172.95841,4.41247,3.93782,4.53831,5.79480,3.00000,5.00000,7.00000,9.00000,0.00000
22962.00000,161.50367,133.36293,151.71102,136.43575,2.65715,2.61331,3.93561,4.88852,3.00000,5.00000,7.00000,9.00000,1.00000
22964.00000,223.00665,228.43975,203.56757,172.27982,2.88911,5.35194,4.91513,7.74093,3.00000,5.00000,7.00000,9.00000,0.00000
22965.00000,160.18994,139.26927,107.82865,105.86921,2.79499,1.87395,2.62689,2.96624,3.00000,5.00000,7.00000,9.00000,0.00000
22966.00000,156.66038,173.79309,175.60056,193.70798,2.53788,4.63514,5.98775,13.39743,3.00000,5.00000,7.00000,9.00000,0.00000
22967.00000,156.92637,81.78185,106.70064,103.39136,1.31337,1.45098,2.51779,3.28502,3.00000,5.00000,7.00000,9.00000,0.00000
22968.00000,143.30142,174.88798,142.72883,126.76472,1.76505,2.61167,3.05285,3.18013,3.00000,5.00000,7.00000,9.00000,0.00000
22972.00000,189.44333,137.67861,80.52322,133.15345,19.62387,19.01342,14.63584,22.93265,15.50000,15.75000,16.00000,16.25000,1.00000
22973.00000,436.32700,265.23455,193.28764,,20.73630,21.27832,22.06447,,5.00000,7.00000,9.00000,11.00000,0.00000
22976.00000,260.11698,224.43303,742.97223,,8.36585,10.80554,170.10636,,5.00000,7.00000,9.00000,11.00000,1.00000
22982.00000,113.55566,52.65780,45.32142,47.85180,2.28048,1.41329,1.43500,1.65418,5.00000,7.00000,9.00000,11.00000,0.00000
22983.00000,236.17689,463.10653,349.30963,320.02108,9.29555,33.77149,28.65935,43.89884,5.00000,7.00000,9.00000,11.00000,0.00000
22984.00000,236.23536,204.71088,330.86639,229.41602,7.55033,10.56875,23.90921,27.23242,5.00000,7.00000,9.00000,11.00000,0.00000
22985.00000,306.94587,332.65777,262.94342,,11.66600,26.82897,22.34398,,5.00000,7.00000,9.00000,11.00000,0.00000
22986.00000,190.09838,149.49278,207.83291,314.41446,2.82088,2.85476,7.26691,40.63611,5.00000,7.00000,9.00000,11.00000,0.00000
22988.00000,86.77004,181.07409,101.75946,108.69271,14.53544,16.63088,11.60191,26.96542,15.50000,15.75000,16.00000,16.25000,0.00000
22989.00000,172.65665,241.46684,139.31817,200.95994,2.35614,6.09946,4.99376,19.15677,5.00000,7.00000,9.00000,11.00000,0.00000
22990.00000,244.49100,318.75297,273.01664,152.02476,7.96412,22.91669,33.77604,20.62940,5.00000,7.00000,9.00000,11.00000,0.00000
22991.00000,134.31811,147.35316,175.63049,167.68973,1.61824,2.34177,4.49834,7.11752,5.00000,7.00000,9.00000,11.00000,0.00000
22994.00000,138.39935,98.91958,75.10476,78.59639,2.39578,2.36881,2.24265,3.01867,5.00000,7.00000,9.00000,11.00000,0.00000
22996.00000,194.15627,245.66089,283.01565,357.03068,3.89696,10.89412,16.41995,43.21381,5.00000,7.00000,9.00000,11.00000,0.00000
22997.00000,167.63891,151.18597,144.31503,137.68960,1.63546,2.27718,3.00985,4.65515,5.00000,7.00000,9.00000,11.00000,0.00000
22998.00000,141.95709,131.05558,180.57802,104.61568,1.41970,2.62872,3.64316,3.56907,5.00000,7.00000,9.00000,11.00000,0.00000
23002.00000,81.92160,34.54216,30.93799,26.68483,0.75622,0.52625,0.56050,0.65146,5.00000,7.00000,9.00000,11.00000,0.00000
23003.00000,156.49356,200.15143,230.21278,158.46410,2.66313,5.07912,8.08091,8.17913,5.00000,7.00000,9.00000,11.00000,0.00000
23004.00000,24.45512,43.52937,10.19827,16.20202,0.29307,1.09984,0.20039,0.63761,5.00000,7.00000,9.00000,11.00000,0.00000
23005.00000,73.77056,114.57416,157.40667,173.51322,0.98433,2.07898,3.51765,5.65842,5.00000,7.00000,9.00000,11.00000,0.00000
23006.00000,70.17452,84.42790,171.25623,131.83647,0.94498,1.29273,3.65279,4.24340,5.00000,7.00000,9.00000,11.00000,0.00000
23007.00000,63.40054,67.42380,98.71494,116.58189,0.89933,1.37331,1.76110,3.38616,5.00000,7.00000,9.00000,11.00000,0.00000
23008.00000,76.20177,73.62663,92.58635,115.09480,1.18789,1.24384,1.57228,3.73339,5.00000,7.00000,9.00000,11.00000,0.00000
23009.00000,83.10848,131.32476,180.17623,112.42582,1.14607,2.89686,4.21003,4.44690,5.00000,7.00000,9.00000,11.00000,0.00000
23010.00000,85.85126,104.00792,140.58200,138.41676,0.93446,1.71808,3.47772,3.41099,5.00000,7.00000,9.00000,11.00000,0.00000
23011.00000,69.81148,92.40393,125.88810,136.85673,1.13351,1.77038,2.38466,4.04185,5.00000,7.00000,9.00000,11.00000,0.00000
23012.00000,103.67534,137.93203,204.00458,145.94051,1.18301,2.92575,4.95745,6.37899,5.00000,7.00000,9.00000,11.00000,0.00000
23013.00000,103.65778,126.03690,199.62082,161.72985,1.42740,2.38280,4.32536,5.23515,5.00000,7.00000,9.00000,11.00000,0.00000
23014.00000,51.32666,71.88225,116.44291,119.97670,0.88838,1.57038,2.66115,3.74598,5.00000,7.00000,9.00000,11.00000,0.00000
23015.00000,73.76379,92.41014,104.95879,153.13959,1.09822,1.84241,2.20007,5.60089,5.00000,7.00000,9.00000,11.00000,0.00000
23016.00000,50.60553,41.31296,31.50238,44.57198,1.48400,1.37432,0.89912,1.99044,5.00000,7.00000,9.00000,11.00000,0.00000
23017.00000,57.27982,137.98241,107.92149,100.65203,1.02960,2.38272,2.39327,3.70255,5.00000,7.00000,9.00000,11.00000,0.00000
