Shot #,T0 (eV),T1 (eV),T2 (eV),T3 (eV),Err. 0 (eV),Err. 1 (eV),Err. 2 (eV),Err. 3 (eV),t0 (ms),t1 (ms),t2 (ms),t3 (ms),Saturation detected
20003.00000,61.46478,0.00000,0.00000,0.00000,0.77692,0.00000,0.00000,0.00000,5.00000,5.00000,5.00000,5.00000,1.00000
20009.00000,6.42479,0.00000,0.00000,0.00000,0.10031,0.00000,0.00000,0.00000,5.00000,5.00000,5.00000,5.00000,1.00000
20011.00000,8.23042,0.00000,0.00000,0.00000,0.17349,0.00000,0.00000,0.00000,5.00000,5.00000,5.00000,5.00000,1.00000
20012.00000,99.20992,0.00000,0.00000,0.00000,1.15573,0.00000,0.00000,0.00000,5.00000,5.00000,5.00000,5.00000,1.00000
20013.00000,5.83308,0.00000,0.00000,0.00000,0.17648,0.00000,0.00000,0.00000,5.00000,5.00000,5.00000,5.00000,1.00000
20015.00000,7.05720,0.00000,0.00000,0.00000,0.10070,0.00000,0.00000,0.00000,5.00000,5.00000,5.00000,5.00000,1.00000
20017.00000,11.78861,0.00000,0.00000,0.00000,0.12430,0.00000,0.00000,0.00000,5.00000,5.00000,5.00000,5.00000,1.00000
20018.00000,58.38140,0.00000,0.00000,0.00000,1.12045,0.00000,0.00000,0.00000,5.00000,5.00000,5.00000,5.00000,1.00000
20020.00000,92.44938,0.00000,0.00000,0.00000,1.65542,0.00000,0.00000,0.00000,5.00000,5.00000,5.00000,5.00000,1.00000
20021.00000,9.82431,0.00000,0.00000,0.00000,0.11875,0.00000,0.00000,0.00000,5.00000,5.00000,5.00000,5.00000,1.00000
20124.00000,111.66989,0.00000,0.00000,0.00000,3.53895,0.00000,0.00000,0.00000,5.00000,5.00000,5.00000,5.00000,0.00000
20125.00000,50.70371,,,,1.39117,,,,5.00000,5.00000,5.00000,5.00000,0.00000
20126.00000,74.81424,,,,1.50021,,,,5.00000,5.00000,5.00000,5.00000,0.00000
20135.00000,227.70573,,,,2.32627,,,,5.00000,5.00000,5.00000,5.00000,1.00000
20136.00000,272.88746,,,,3.56311,,,,5.00000,5.00000,5.00000,5.00000,1.00000
20137.00000,286.76968,,,,3.52367,,,,5.00000,5.00000,5.00000,5.00000,1.00000
20138.00000,309.14909,,,,4.15521,,,,5.00000,5.00000,5.00000,5.00000,1.00000
20139.00000,251.61395,,,,2.88549,,,,5.00000,5.00000,5.00000,5.00000,1.00000
20140.00000,260.90247,,,,3.76631,,,,5.00000,5.00000,5.00000,5.00000,1.00000
20142.00000,270.37630,,,,2.89062,,,,5.00000,5.00000,5.00000,5.00000,0.00000
20143.00000,209.34044,,,,2.05098,,,,5.00000,5.00000,5.00000,5.00000,1.00000
20145.00000,221.19730,,,,2.44836,,,,5.00000,5.00000,5.00000,5.00000,1.00000
20148.00000,216.31408,,,,2.36871,,,,5.00000,5.00000,5.00000,5.00000,1.00000
20171.00000,5.00839,,,,0.09625,,,,5.00000,5.00000,5.00000,5.00000,1.00000
20172.00000,8.08281,,,,0.08326,,,,5.00000,5.00000,5.00000,5.00000,1.00000
20173.00000,117.15701,,,,1.07224,,,,5.00000,5.00000,5.00000,5.00000,0.00000
20174.00000,10.50698,,,,0.08098,,,,5.00000,5.00000,5.00000,5.00000,0.00000
20175.00000,11.89840,,,,0.11708,,,,5.00000,5.00000,5.00000,5.00000,0.00000
20176.00000,5.49298,,,,0.07033,,,,5.00000,5.00000,5.00000,5.00000,0.00000
20177.00000,80.96849,,,,0.91438,,,,5.00000,5.00000,5.00000,5.00000,0.00000
20178.00000,14.44144,,,,0.12167,,,,5.00000,5.00000,5.00000,5.00000,0.00000
20179.00000,6.40858,,,,0.08115,,,,5.00000,5.00000,5.00000,5.00000,0.00000
20180.00000,53.38397,,,,0.84638,,,,5.00000,5.00000,5.00000,5.00000,0.00000
20181.00000,6.20973,,,,0.06944,,,,5.00000,5.00000,5.00000,5.00000,0.00000
20182.00000,10.80222,,,,0.08104,,,,5.00000,5.00000,5.00000,5.00000,0.00000
20183.00000,107.62401,,,,1.03195,,,,5.00000,5.00000,5.00000,5.00000,0.00000
20186.00000,218.64828,,,,2.27203,,,,5.00000,5.00000,5.00000,5.00000,0.00000
20187.00000,180.61631,,,,1.62902,,,,5.00000,5.00000,5.00000,5.00000,0.00000
20188.00000,213.88187,,,,2.42397,,,,5.00000,5.00000,5.00000,5.00000,0.00000
20190.00000,49.19258,,,,0.61044,,,,5.00000,5.00000,5.00000,5.00000,0.00000
20194.00000,148.06437,,,,1.58803,,,,5.00000,5.00000,5.00000,5.00000,0.00000
20195.00000,107.91184,,,,1.12725,,,,5.00000,5.00000,5.00000,5.00000,0.00000
20196.00000,8.56311,,,,0.06517,,,,5.00000,5.00000,5.00000,5.00000,0.00000
20197.00000,98.34239,,,,1.40272,,,,5.00000,5.00000,5.00000,5.00000,0.00000
20198.00000,118.98334,,,,1.55283,,,,5.00000,5.00000,5.00000,5.00000,0.00000
20199.00000,93.72474,,,,1.10270,,,,5.00000,5.00000,5.00000,5.00000,0.00000
20201.00000,182.65153,,,,1.96796,,,,5.00000,5.00000,5.00000,5.00000,0.00000
20202.00000,143.91764,,,,1.42499,,,,5.00000,5.00000,5.00000,5.00000,0.00000
20203.00000,163.32431,,,,2.03529,,,,5.00000,5.00000,5.00000,5.00000,0.00000
20204.00000,181.53373,,,,2.31017,,,,5.00000,5.00000,5.00000,5.00000,0.00000
20212.00000,184.42161,,,,2.01332,,,,5.00000,5.00000,5.00000,5.00000,0.00000
20216.00000,253.03522,,,,2.98100,,,,5.00000,5.00000,5.00000,5.00000,0.00000
20217.00000,241.55651,,,,2.46401,,,,5.00000,5.00000,5.00000,5.00000,0.00000
20219.00000,198.47286,,,,2.04783,,,,5.00000,5.00000,5.00000,5.00000,0.00000
20220.00000,234.98078,,,,2.47689,,,,5.00000,5.00000,5.00000,5.00000,0.00000
20221.00000,189.51313,,,,1.79665,,,,5.00000,5.00000,5.00000,5.00000,0.00000
20222.00000,219.77998,,,,1.94472,,,,5.00000,5.00000,5.00000,5.00000,0.00000
20223.00000,239.65892,,,,2.92906,,,,5.00000,5.00000,5.00000,5.00000,0.00000
20224.00000,232.15537,,,,2.31803,,,,5.00000,5.00000,5.00000,5.00000,0.00000
20225.00000,261.46317,,,,2.96225,,,,5.00000,5.00000,5.00000,5.00000,0.00000
20226.00000,199.53067,,,,2.17161,,,,5.00000,5.00000,5.00000,5.00000,0.00000
20227.00000,211.73429,,,,2.54491,,,,5.00000,5.00000,5.00000,5.00000,0.00000
20236.00000,199.10109,,,,2.31650,,,,5.00000,5.00000,5.00000,5.00000,0.00000
20237.00000,178.37202,,,,1.89412,,,,5.00000,5.00000,5.00000,5.00000,0.00000
20238.00000,176.90493,,,,1.51320,,,,5.00000,5.00000,5.00000,5.00000,0.00000
20239.00000,211.08230,,,,1.97676,,,,5.00000,5.00000,5.00000,5.00000,0.00000
20240.00000,191.50712,,,,1.87093,,,,5.00000,5.00000,5.00000,5.00000,0.00000
20241.00000,253.00932,,,,3.13637,,,,5.00000,5.00000,5.00000,5.00000,0.00000
20242.00000,218.65167,,,,2.69286,,,,5.00000,5.00000,5.00000,5.00000,0.00000
20243.00000,256.60146,,,,3.79358,,,,5.00000,5.00000,5.00000,5.00000,0.00000
20244.00000,215.87864,,,,2.60783,,,,5.00000,5.00000,5.00000,5.00000,0.00000
20245.00000,219.47685,,,,2.83121,,,,5.00000,5.00000,5.00000,5.00000,0.00000
20246.00000,223.42843,,,,2.26777,,,,5.00000,5.00000,5.00000,5.00000,0.00000
20248.00000,204.71268,,,,1.84986,,,,5.00000,5.00000,5.00000,5.00000,0.00000
20250.00000,194.51604,,,,1.80068,,,,5.00000,5.00000,5.00000,5.00000,0.00000
20251.00000,217.65003,,,,1.94047,,,,5.00000,5.00000,5.00000,5.00000,0.00000
20273.00000,207.27206,,,,1.72045,,,,5.00000,5.00000,5.00000,5.00000,0.00000
20275.00000,184.29715,,,,1.37769,,,,5.00000,5.00000,5.00000,5.00000,0.00000
20278.00000,179.29142,,,,1.23418,,,,5.00000,5.00000,5.00000,5.00000,0.00000
20279.00000,186.67483,,,,1.35228,,,,5.00000,5.00000,5.00000,5.00000,0.00000
20280.00000,67.48913,,,,0.53686,,,,5.00000,5.00000,5.00000,5.00000,1.00000
20281.00000,47.00912,,,,0.53252,,,,5.00000,5.00000,5.00000,5.00000,0.00000
20297.00000,302.38741,,,,2.04195,,,,5.00000,5.00000,5.00000,5.00000,0.00000
20298.00000,386.35576,,,,2.57289,,,,5.00000,5.00000,5.00000,5.00000,0.00000
20299.00000,290.81794,,,,2.00744,,,,5.00000,5.00000,5.00000,5.00000,0.00000
20300.00000,298.15489,,,,2.31595,,,,5.00000,5.00000,5.00000,5.00000,0.00000
20301.00000,272.33530,,,,1.96234,,,,5.00000,5.00000,5.00000,5.00000,0.00000
20302.00000,240.50764,,,,1.59470,,,,5.00000,5.00000,5.00000,5.00000,0.00000
20305.00000,292.47009,,,,1.78547,,,,5.00000,5.00000,5.00000,5.00000,0.00000
20306.00000,254.35644,,,,1.41362,,,,5.00000,5.00000,5.00000,5.00000,0.00000
20307.00000,269.38042,,,,1.54001,,,,5.00000,5.00000,5.00000,5.00000,0.00000
20308.00000,264.62609,,,,1.52613,,,,5.00000,5.00000,5.00000,5.00000,0.00000
20323.00000,203.52409,,,,1.21825,,,,5.00000,5.00000,5.00000,5.00000,0.00000
20325.00000,254.54500,,,,1.60154,,,,5.00000,5.00000,5.00000,5.00000,0.00000
20326.00000,186.97626,,,,1.07567,,,,5.00000,5.00000,5.00000,5.00000,0.00000
20327.00000,218.93350,,,,1.20877,,,,5.00000,5.00000,5.00000,5.00000,0.00000
20328.00000,124.71233,,,,0.64734,,,,5.00000,5.00000,5.00000,5.00000,0.00000
20329.00000,216.10215,,,,1.29144,,,,5.00000,5.00000,5.00000,5.00000,1.00000
20334.00000,331.77140,,,,2.27258,,,,5.00000,5.00000,5.00000,5.00000,0.00000
20335.00000,371.97465,,,,3.56236,,,,5.00000,5.00000,5.00000,5.00000,0.00000
20336.00000,331.05341,,,,2.24226,,,,5.00000,5.00000,5.00000,5.00000,0.00000
20337.00000,376.64530,,,,2.75830,,,,5.00000,5.00000,5.00000,5.00000,0.00000
20338.00000,354.47491,,,,2.59622,,,,5.00000,5.00000,5.00000,5.00000,0.00000
20339.00000,291.83537,,,,1.94915,,,,5.00000,5.00000,5.00000,5.00000,0.00000
20340.00000,309.05150,,,,1.95259,,,,5.00000,5.00000,5.00000,5.00000,0.00000
20341.00000,325.11119,,,,1.85648,,,,5.00000,5.00000,5.00000,5.00000,0.00000
20342.00000,417.70678,,,,2.56149,,,,5.00000,5.00000,5.00000,5.00000,0.00000
20344.00000,317.89996,,,,2.14573,,,,5.00000,5.00000,5.00000,5.00000,0.00000
20345.00000,307.62091,,,,1.86809,,,,5.00000,5.00000,5.00000,5.00000,0.00000
20346.00000,369.17092,,,,2.10638,,,,5.00000,5.00000,5.00000,5.00000,0.00000
20351.00000,358.44026,,,,3.72561,,,,5.00000,5.00000,5.00000,5.00000,0.00000
20352.00000,328.56555,,,,2.04226,,,,5.00000,5.00000,5.00000,5.00000,0.00000
20353.00000,342.73231,,,,2.08956,,,,5.00000,5.00000,5.00000,5.00000,0.00000
20354.00000,297.43092,,,,1.87514,,,,7.00000,7.00000,7.00000,7.00000,0.00000
20355.00000,282.23694,,,,1.97485,,,,7.00000,7.00000,7.00000,7.00000,0.00000
20356.00000,280.25787,,,,1.87181,,,,7.00000,7.00000,7.00000,7.00000,0.00000
20357.00000,321.25091,,,,2.07901,,,,5.00000,5.00000,5.00000,5.00000,0.00000
20360.00000,280.31892,,,,1.74282,,,,5.00000,5.00000,5.00000,5.00000,0.00000
20374.00000,27.68589,,,,0.47032,,,,5.00000,5.00000,5.00000,5.00000,1.00000
20375.00000,57.27274,,,,0.39981,,,,5.00000,5.00000,5.00000,5.00000,1.00000
20384.00000,29.68858,,,,0.58217,,,,5.00000,5.00000,5.00000,5.00000,1.00000
20419.00000,375.40565,,,,2.22642,,,,5.00000,5.00000,5.00000,5.00000,0.00000
20420.00000,338.71269,,,,1.92364,,,,5.00000,5.00000,5.00000,5.00000,0.00000
20421.00000,349.69839,,,,2.30358,,,,5.00000,5.00000,5.00000,5.00000,0.00000
20422.00000,324.46545,,,,2.25680,,,,5.00000,5.00000,5.00000,5.00000,0.00000
20423.00000,366.32369,,,,3.06900,,,,5.00000,5.00000,5.00000,5.00000,0.00000
20425.00000,328.89826,,,,2.08187,,,,5.00000,5.00000,5.00000,5.00000,0.00000
20426.00000,341.07200,,,,1.93056,,,,5.00000,5.00000,5.00000,5.00000,0.00000
20427.00000,370.81251,,,,2.84514,,,,5.00000,5.00000,5.00000,5.00000,0.00000
20428.00000,362.40853,,,,2.56870,,,,5.00000,5.00000,5.00000,5.00000,0.00000
20437.00000,249.50832,,,,1.76350,,,,5.00000,5.00000,5.00000,5.00000,0.00000
20438.00000,278.51919,,,,1.86682,,,,5.00000,5.00000,5.00000,5.00000,0.00000
20439.00000,333.48747,,,,2.31408,,,,5.00000,5.00000,5.00000,5.00000,0.00000
20440.00000,267.40301,,,,1.81474,,,,5.00000,5.00000,5.00000,5.00000,0.00000
20441.00000,281.76538,,,,2.26517,,,,5.00000,5.00000,5.00000,5.00000,0.00000
20442.00000,297.03863,,,,2.03824,,,,5.00000,5.00000,5.00000,5.00000,0.00000
20443.00000,312.27104,,,,2.65822,,,,5.00000,5.00000,5.00000,5.00000,0.00000
20444.00000,245.34479,,,,1.95628,,,,5.00000,5.00000,5.00000,5.00000,0.00000
20457.00000,321.19618,,,,2.06258,,,,5.00000,5.00000,5.00000,5.00000,0.00000
20481.00000,357.07590,,,,2.91435,,,,5.00000,5.00000,5.00000,5.00000,0.00000
20482.00000,381.09050,,,,3.03506,,,,5.00000,5.00000,5.00000,5.00000,0.00000
20483.00000,337.60473,,,,2.74502,,,,5.00000,5.00000,5.00000,5.00000,0.00000
20484.00000,364.24170,,,,2.89946,,,,5.00000,5.00000,5.00000,5.00000,0.00000
20485.00000,382.66952,,,,3.52409,,,,5.00000,5.00000,5.00000,5.00000,0.00000
20486.00000,370.95189,,,,2.83826,,,,5.00000,5.00000,5.00000,5.00000,0.00000
20487.00000,363.02787,,,,2.81878,,,,5.00000,5.00000,5.00000,5.00000,0.00000
20488.00000,355.18332,,,,2.34279,,,,5.00000,5.00000,5.00000,5.00000,0.00000
20492.00000,345.26274,,,,2.48762,,,,5.00000,5.00000,5.00000,5.00000,0.00000
20498.00000,305.83440,,,,2.05870,,,,5.00000,5.00000,5.00000,5.00000,0.00000
20500.00000,367.92602,,,,2.42886,,,,5.00000,5.00000,5.00000,5.00000,0.00000
20501.00000,373.18611,,,,2.72802,,,,5.00000,5.00000,5.00000,5.00000,0.00000
20503.00000,220.62190,,,,1.31498,,,,5.00000,5.00000,5.00000,5.00000,0.00000
20504.00000,356.19597,,,,2.17819,,,,5.00000,5.00000,5.00000,5.00000,0.00000
20505.00000,339.45898,,,,2.23261,,,,5.00000,5.00000,5.00000,5.00000,0.00000
20506.00000,419.24763,,,,3.18202,,,,5.00000,5.00000,5.00000,5.00000,0.00000
20507.00000,349.28149,,,,3.01379,,,,5.00000,5.00000,5.00000,5.00000,0.00000
20508.00000,390.16684,,,,3.14832,,,,5.00000,5.00000,5.00000,5.00000,0.00000
20509.00000,343.32389,,,,2.15645,,,,5.00000,5.00000,5.00000,5.00000,0.00000
20511.00000,325.49526,,,,2.30305,,,,5.00000,5.00000,5.00000,5.00000,0.00000
20512.00000,378.74816,,,,2.61586,,,,5.00000,5.00000,5.00000,5.00000,0.00000
20513.00000,333.86333,,,,2.19717,,,,5.00000,5.00000,5.00000,5.00000,0.00000
20514.00000,309.08368,,,,1.98477,,,,5.00000,5.00000,5.00000,5.00000,0.00000
20515.00000,345.56697,,,,2.48823,,,,5.00000,5.00000,5.00000,5.00000,0.00000
20521.00000,380.98022,,,,2.63689,,,,5.00000,5.00000,5.00000,5.00000,0.00000
20522.00000,401.62028,,,,2.87132,,,,5.00000,5.00000,5.00000,5.00000,0.00000
20524.00000,338.86863,,,,2.09562,,,,5.00000,5.00000,5.00000,5.00000,0.00000
20525.00000,331.64067,,,,2.28726,,,,5.00000,5.00000,5.00000,5.00000,0.00000
20526.00000,308.79857,,,,1.92167,,,,5.00000,5.00000,5.00000,5.00000,0.00000
20527.00000,361.77055,,,,2.79783,,,,5.00000,5.00000,5.00000,5.00000,0.00000
20528.00000,369.41735,,,,2.86741,,,,5.00000,5.00000,5.00000,5.00000,0.00000
20531.00000,366.81118,,,,2.81826,,,,5.00000,5.00000,5.00000,5.00000,0.00000
20539.00000,345.87216,,,,2.18361,,,,5.00000,5.00000,5.00000,5.00000,0.00000
20540.00000,317.84965,,,,1.94549,,,,5.00000,5.00000,5.00000,5.00000,0.00000
20541.00000,341.92105,,,,2.29362,,,,5.00000,5.00000,5.00000,5.00000,0.00000
20542.00000,354.16136,,,,2.03418,,,,5.00000,5.00000,5.00000,5.00000,0.00000
20543.00000,292.90185,,,,1.88407,,,,5.00000,5.00000,5.00000,5.00000,0.00000
20544.00000,313.15503,,,,1.99579,,,,5.00000,5.00000,5.00000,5.00000,0.00000
20547.00000,373.15745,,,,2.20786,,,,5.00000,5.00000,5.00000,5.00000,0.00000
20550.00000,357.09553,,,,3.84728,,,,5.00000,5.00000,5.00000,5.00000,1.00000
20552.00000,275.71500,,,,3.59665,,,,5.00000,5.00000,5.00000,5.00000,1.00000
20577.00000,363.80324,,,,2.42811,,,,5.00000,5.00000,5.00000,5.00000,0.00000
20579.00000,403.94370,,,,2.58158,,,,5.00000,5.00000,5.00000,5.00000,0.00000
20580.00000,347.27387,,,,2.14650,,,,5.00000,5.00000,5.00000,5.00000,0.00000
20581.00000,397.50624,,,,2.34262,,,,5.00000,5.00000,5.00000,5.00000,0.00000
20582.00000,320.59456,,,,3.85071,,,,5.00000,5.00000,5.00000,5.00000,1.00000
20584.00000,337.58952,,,,2.11354,,,,5.00000,5.00000,5.00000,5.00000,0.00000
20587.00000,390.94799,,,,2.55537,,,,5.00000,5.00000,5.00000,5.00000,0.00000
20590.00000,403.61785,,,,3.02579,,,,5.00000,5.00000,5.00000,5.00000,0.00000
20592.00000,361.80169,,,,2.38889,,,,5.00000,5.00000,5.00000,5.00000,0.00000
20593.00000,371.15212,,,,2.51957,,,,5.00000,5.00000,5.00000,5.00000,0.00000
20594.00000,361.79496,,,,2.33459,,,,5.00000,5.00000,5.00000,5.00000,0.00000
20595.00000,374.96558,,,,2.19197,,,,5.00000,5.00000,5.00000,5.00000,0.00000
20604.00000,414.95434,,,,2.43709,,,,5.00000,5.00000,5.00000,5.00000,0.00000
20605.00000,324.40047,,,,2.13289,,,,5.00000,5.00000,5.00000,5.00000,0.00000
20606.00000,337.64156,,,,2.33784,,,,5.00000,5.00000,5.00000,5.00000,0.00000
20607.00000,337.96509,,,,2.11677,,,,5.00000,5.00000,5.00000,5.00000,0.00000
20609.00000,299.02670,,,,1.93873,,,,5.00000,5.00000,5.00000,5.00000,0.00000
20610.00000,377.10610,,,,2.59298,,,,5.00000,5.00000,5.00000,5.00000,0.00000
20611.00000,207.23838,,,,1.19203,,,,5.00000,5.00000,5.00000,5.00000,0.00000
20620.00000,331.99805,,,,2.06904,,,,5.00000,5.00000,5.00000,5.00000,0.00000
20622.00000,403.62881,,,,2.54304,,,,5.00000,5.00000,5.00000,5.00000,0.00000
20623.00000,357.63068,,,,2.10869,,,,5.00000,5.00000,5.00000,5.00000,0.00000
20624.00000,257.37481,,,,1.65607,,,,5.00000,5.00000,5.00000,5.00000,0.00000
20626.00000,339.69497,,,,2.39792,,,,5.00000,5.00000,5.00000,5.00000,0.00000
20627.00000,364.05085,,,,1.93006,,,,5.00000,5.00000,5.00000,5.00000,0.00000
20628.00000,289.45562,,,,1.73649,,,,5.00000,5.00000,5.00000,5.00000,0.00000
20629.00000,288.79586,,,,1.93898,,,,5.00000,5.00000,5.00000,5.00000,0.00000
20630.00000,330.74657,,,,1.97811,,,,5.00000,5.00000,5.00000,5.00000,0.00000
20631.00000,312.44028,,,,1.93589,,,,5.00000,5.00000,5.00000,5.00000,0.00000
20636.00000,295.20003,,,,1.88249,,,,5.00000,5.00000,5.00000,5.00000,0.00000
20637.00000,268.46444,,,,1.61654,,,,5.00000,5.00000,5.00000,5.00000,0.00000
20638.00000,244.25480,,,,1.58555,,,,5.00000,5.00000,5.00000,5.00000,0.00000
20640.00000,341.30915,,,,2.05589,,,,5.00000,5.00000,5.00000,5.00000,0.00000
20641.00000,286.06204,,,,1.60537,,,,5.00000,5.00000,5.00000,5.00000,0.00000
20642.00000,269.19488,,,,1.72954,,,,8.00000,8.00000,8.00000,8.00000,0.00000
20643.00000,330.71484,,,,2.22168,,,,10.00000,10.00000,10.00000,10.00000,0.00000
20644.00000,237.12744,,,,1.77809,,,,12.00000,12.00000,12.00000,12.00000,0.00000
20645.00000,183.94399,,,,0.99616,,,,10.00000,10.00000,10.00000,10.00000,0.00000
20649.00000,51.11793,,,,0.38626,,,,5.00000,5.00000,5.00000,5.00000,1.00000
20658.00000,312.25899,,,,2.47912,,,,5.00000,5.00000,5.00000,5.00000,0.00000
20659.00000,401.40395,,,,2.54249,,,,5.00000,5.00000,5.00000,5.00000,0.00000
20660.00000,403.12986,,,,2.54381,,,,5.00000,5.00000,5.00000,5.00000,0.00000
20662.00000,409.29256,,,,3.02364,,,,5.00000,5.00000,5.00000,5.00000,0.00000
20663.00000,375.75762,,,,2.15594,,,,5.00000,5.00000,5.00000,5.00000,0.00000
20664.00000,392.33281,,,,2.55827,,,,5.00000,5.00000,5.00000,5.00000,0.00000
20665.00000,388.32089,,,,2.45411,,,,5.00000,5.00000,5.00000,5.00000,0.00000
20666.00000,365.45964,,,,2.39360,,,,5.00000,5.00000,5.00000,5.00000,0.00000
20667.00000,378.78341,,,,2.27147,,,,5.00000,5.00000,5.00000,5.00000,0.00000
20668.00000,340.51172,,,,2.37025,,,,5.00000,5.00000,5.00000,5.00000,0.00000
20670.00000,388.36363,,,,2.38959,,,,5.00000,5.00000,5.00000,5.00000,0.00000
20671.00000,393.60980,,,,2.61911,,,,5.00000,5.00000,5.00000,5.00000,0.00000
20672.00000,356.81567,,,,2.33696,,,,5.00000,5.00000,5.00000,5.00000,0.00000
20673.00000,356.37812,,,,2.48052,,,,5.00000,5.00000,5.00000,5.00000,0.00000
20674.00000,366.58050,,,,2.34696,,,,5.00000,5.00000,5.00000,5.00000,0.00000
20675.00000,354.88401,,,,2.46961,,,,5.00000,5.00000,5.00000,5.00000,0.00000
20676.00000,317.21343,,,,2.16846,,,,5.00000,5.00000,5.00000,5.00000,0.00000
20677.00000,359.77644,,,,2.19823,,,,5.00000,5.00000,5.00000,5.00000,0.00000
20678.00000,365.75583,,,,2.27477,,,,5.00000,5.00000,5.00000,5.00000,0.00000
20681.00000,372.98575,,,,2.74426,,,,5.00000,5.00000,5.00000,5.00000,0.00000
20682.00000,380.79805,,,,3.14708,,,,5.00000,5.00000,5.00000,5.00000,0.00000
20683.00000,222.60324,,,,1.46817,,,,5.00000,5.00000,5.00000,5.00000,0.00000
20684.00000,322.40699,,,,2.59429,,,,5.00000,5.00000,5.00000,5.00000,0.00000
20685.00000,376.03400,,,,2.34870,,,,5.00000,5.00000,5.00000,5.00000,0.00000
20693.00000,282.23863,,,,1.86136,,,,5.00000,5.00000,5.00000,5.00000,0.00000
20694.00000,307.18318,,,,2.29134,,,,5.00000,5.00000,5.00000,5.00000,0.00000
20695.00000,302.72220,,,,2.07733,,,,5.00000,5.00000,5.00000,5.00000,0.00000
20696.00000,386.48359,,,,3.16379,,,,5.00000,5.00000,5.00000,5.00000,0.00000
20697.00000,332.55586,,,,2.24575,,,,5.00000,5.00000,5.00000,5.00000,0.00000
20698.00000,329.81517,,,,2.30013,,,,5.00000,5.00000,5.00000,5.00000,0.00000
20703.00000,336.50263,,,,2.28916,,,,5.00000,5.00000,5.00000,5.00000,0.00000
20704.00000,368.63949,,,,2.59682,,,,5.00000,5.00000,5.00000,5.00000,0.00000
20705.00000,336.66807,,,,2.42643,,,,5.00000,5.00000,5.00000,5.00000,0.00000
20706.00000,232.53391,,,,1.48468,,,,5.00000,5.00000,5.00000,5.00000,0.00000
20707.00000,348.04747,,,,2.56232,,,,5.00000,5.00000,5.00000,5.00000,0.00000
20708.00000,389.31127,,,,2.89074,,,,5.00000,5.00000,5.00000,5.00000,0.00000
20709.00000,246.98077,,,,1.75628,,,,5.00000,5.00000,5.00000,5.00000,0.00000
20710.00000,301.80576,,,,2.29094,,,,5.00000,5.00000,5.00000,5.00000,0.00000
20715.00000,336.14174,,,,2.82417,,,,5.00000,5.00000,5.00000,5.00000,0.00000
20716.00000,330.66291,,,,2.39439,,,,5.00000,5.00000,5.00000,5.00000,0.00000
20717.00000,265.22326,,,,1.80510,,,,5.00000,5.00000,5.00000,5.00000,0.00000
20719.00000,355.83309,,,,2.47135,,,,5.00000,5.00000,5.00000,5.00000,0.00000
20720.00000,241.40473,,,,1.52215,,,,5.00000,5.00000,5.00000,5.00000,0.00000
20721.00000,292.27257,,,,2.45392,,,,5.00000,5.00000,5.00000,5.00000,0.00000
20722.00000,356.27756,,,,3.10331,,,,5.00000,5.00000,5.00000,5.00000,0.00000
20723.00000,244.57249,,,,1.57929,,,,5.00000,5.00000,5.00000,5.00000,0.00000
20725.00000,258.92195,,,,1.61483,,,,5.00000,5.00000,5.00000,5.00000,0.00000
20726.00000,362.09093,,,,2.65292,,,,5.00000,5.00000,5.00000,5.00000,0.00000
20727.00000,283.51008,,,,1.93965,,,,5.00000,5.00000,5.00000,5.00000,0.00000
20728.00000,278.80385,,,,1.70951,,,,5.00000,5.00000,5.00000,5.00000,0.00000
20729.00000,295.99556,,,,2.11051,,,,5.00000,5.00000,5.00000,5.00000,0.00000
20730.00000,323.50616,,,,2.43324,,,,5.00000,5.00000,5.00000,5.00000,0.00000
20734.00000,353.99435,,,,2.53288,,,,5.00000,5.00000,5.00000,5.00000,0.00000
20735.00000,205.53683,,,,1.26780,,,,5.00000,5.00000,5.00000,5.00000,0.00000
20736.00000,239.44023,,,,1.77479,,,,5.00000,5.00000,5.00000,5.00000,0.00000
20737.00000,241.82668,,,,1.65882,,,,5.00000,5.00000,5.00000,5.00000,0.00000
20738.00000,261.37416,,,,1.73668,,,,5.00000,5.00000,5.00000,5.00000,0.00000
20739.00000,312.22654,,,,2.14538,,,,5.00000,5.00000,5.00000,5.00000,0.00000
20740.00000,242.95724,,,,2.67363,,,,5.00000,5.00000,5.00000,5.00000,0.00000
20741.00000,10000.00000,,,,1003.26349,,,,5.00000,5.00000,5.00000,5.00000,0.00000
20742.00000,321.61987,,,,6.07258,,,,5.00000,5.00000,5.00000,5.00000,0.00000
20743.00000,280.53393,,,,7.19666,,,,5.00000,5.00000,5.00000,5.00000,0.00000
20744.00000,351.95726,,,,3.93013,,,,5.00000,5.00000,5.00000,5.00000,0.00000
20746.00000,265.23022,,,,2.05866,,,,5.00000,5.00000,5.00000,5.00000,0.00000
20747.00000,241.50794,,,,1.64871,,,,5.00000,5.00000,5.00000,5.00000,0.00000
20748.00000,211.13511,,,,1.34899,,,,5.00000,5.00000,5.00000,5.00000,0.00000
20749.00000,236.19727,,,,1.50689,,,,5.00000,5.00000,5.00000,5.00000,0.00000
20750.00000,212.96101,,,,1.39449,,,,5.00000,5.00000,5.00000,5.00000,0.00000
20751.00000,219.99647,,,,1.44423,,,,5.00000,5.00000,5.00000,5.00000,0.00000
20752.00000,221.91180,,,,1.46687,,,,5.00000,5.00000,5.00000,5.00000,0.00000
20755.00000,252.09844,,,,1.70708,,,,5.00000,5.00000,5.00000,5.00000,0.00000
20756.00000,218.18721,,,,1.41398,,,,5.00000,5.00000,5.00000,5.00000,0.00000
20757.00000,260.94211,,,,1.94416,,,,5.00000,5.00000,5.00000,5.00000,0.00000
20758.00000,193.17465,,,,1.24244,,,,5.00000,5.00000,5.00000,5.00000,0.00000
20759.00000,264.02023,,,,2.10603,,,,5.00000,5.00000,5.00000,5.00000,0.00000
20762.00000,289.53663,,,,2.20553,,,,5.00000,5.00000,5.00000,5.00000,0.00000
20763.00000,276.87977,,,,2.06609,,,,5.00000,5.00000,5.00000,5.00000,0.00000
20764.00000,243.56178,,,,1.62475,,,,5.00000,5.00000,5.00000,5.00000,0.00000
20765.00000,249.65681,,,,1.93954,,,,5.00000,5.00000,5.00000,5.00000,0.00000
20766.00000,254.00021,,,,2.03452,,,,5.00000,5.00000,5.00000,5.00000,0.00000
20767.00000,200.70936,,,,1.23274,,,,5.00000,5.00000,5.00000,5.00000,0.00000
20768.00000,210.95779,,,,1.34103,,,,5.00000,5.00000,5.00000,5.00000,0.00000
20769.00000,244.65344,,,,1.59951,,,,5.00000,5.00000,5.00000,5.00000,0.00000
20770.00000,212.13368,,,,1.54436,,,,5.00000,5.00000,5.00000,5.00000,0.00000
20771.00000,218.45186,,,,1.46437,,,,5.00000,5.00000,5.00000,5.00000,0.00000
20774.00000,42.57296,,,,0.40875,,,,5.00000,5.00000,5.00000,5.00000,1.00000
20775.00000,263.41500,,,,2.02772,,,,5.00000,5.00000,5.00000,5.00000,0.00000
20776.00000,236.63151,,,,1.65255,,,,5.00000,5.00000,5.00000,5.00000,0.00000
20777.00000,227.43231,,,,1.61093,,,,5.00000,5.00000,5.00000,5.00000,0.00000
20778.00000,237.33288,,,,1.76822,,,,5.00000,5.00000,5.00000,5.00000,0.00000
20779.00000,177.62712,,,,1.12713,,,,5.00000,5.00000,5.00000,5.00000,0.00000
20780.00000,223.43654,,,,1.51041,,,,5.00000,5.00000,5.00000,5.00000,0.00000
20781.00000,231.67975,,,,1.62722,,,,5.00000,5.00000,5.00000,5.00000,0.00000
20784.00000,195.15992,,,,1.10565,,,,5.00000,5.00000,5.00000,5.00000,0.00000
20785.00000,183.70529,,,,1.10326,,,,5.00000,5.00000,5.00000,5.00000,0.00000
20786.00000,228.95174,,,,1.53302,,,,5.00000,5.00000,5.00000,5.00000,0.00000
20787.00000,255.29910,,,,1.98580,,,,5.00000,5.00000,5.00000,5.00000,0.00000
20788.00000,58.39533,,,,0.40208,,,,5.00000,5.00000,5.00000,5.00000,0.00000
20789.00000,230.41504,,,,1.49924,,,,5.00000,5.00000,5.00000,5.00000,0.00000
20802.00000,213.63437,,,,1.33244,,,,5.00000,5.00000,5.00000,5.00000,0.00000
20803.00000,235.04194,,,,1.77566,,,,5.00000,5.00000,5.00000,5.00000,0.00000
20805.00000,255.20738,,,,1.84357,,,,5.00000,5.00000,5.00000,5.00000,0.00000
20807.00000,247.60036,,,,1.64388,,,,5.00000,5.00000,5.00000,5.00000,0.00000
20808.00000,289.64752,,,,2.61863,,,,5.00000,5.00000,5.00000,5.00000,0.00000
20809.00000,235.95308,,,,1.71331,,,,5.00000,5.00000,5.00000,5.00000,0.00000
20810.00000,265.07251,,,,2.08832,,,,5.00000,5.00000,5.00000,5.00000,0.00000
20811.00000,57.44369,,,,0.37721,,,,5.00000,5.00000,5.00000,5.00000,0.00000
20812.00000,70.95372,,,,0.48743,,,,5.00000,5.00000,5.00000,5.00000,0.00000
20813.00000,142.16277,,,,0.87858,,,,5.00000,5.00000,5.00000,5.00000,0.00000
20814.00000,194.72588,,,,1.23462,,,,5.00000,5.00000,5.00000,5.00000,0.00000
20815.00000,41.06351,,,,0.26936,,,,5.00000,5.00000,5.00000,5.00000,0.00000
20816.00000,301.81677,,,,2.36500,,,,5.00000,5.00000,5.00000,5.00000,0.00000
20817.00000,211.36591,,,,1.46823,,,,5.00000,5.00000,5.00000,5.00000,0.00000
20829.00000,121.74486,,,,0.72030,,,,5.00000,5.00000,5.00000,5.00000,0.00000
20832.00000,275.96802,,,,1.94595,,,,5.00000,5.00000,5.00000,5.00000,0.00000
20834.00000,143.67316,,,,0.99535,,,,5.00000,5.00000,5.00000,5.00000,0.00000
20835.00000,53.65804,,,,0.35338,,,,5.00000,5.00000,5.00000,5.00000,0.00000
20836.00000,159.06333,,,,1.13350,,,,5.00000,5.00000,5.00000,5.00000,0.00000
20838.00000,98.14600,,,,0.55284,,,,5.00000,5.00000,5.00000,5.00000,0.00000
20839.00000,186.13771,,,,1.21178,,,,5.00000,5.00000,5.00000,5.00000,0.00000
20840.00000,144.15536,,,,0.93656,,,,5.00000,5.00000,5.00000,5.00000,0.00000
20862.00000,250.10735,,,,2.11362,,,,5.00000,5.00000,5.00000,5.00000,0.00000
20863.00000,195.66162,,,,1.34324,,,,5.00000,5.00000,5.00000,5.00000,0.00000
20864.00000,256.39183,,,,1.88246,,,,5.00000,5.00000,5.00000,5.00000,0.00000
20865.00000,180.56864,,,,1.09298,,,,5.00000,5.00000,5.00000,5.00000,0.00000
20868.00000,221.96845,,,,1.52273,,,,5.00000,5.00000,5.00000,5.00000,0.00000
20869.00000,242.16461,,,,1.70239,,,,5.00000,5.00000,5.00000,5.00000,0.00000
20870.00000,170.36560,,,,0.93614,,,,5.00000,5.00000,5.00000,5.00000,0.00000
20871.00000,188.41875,,,,1.03850,,,,5.00000,5.00000,5.00000,5.00000,0.00000
20872.00000,201.21372,,,,1.25599,,,,5.00000,5.00000,5.00000,5.00000,0.00000
20873.00000,181.30131,,,,1.11918,,,,5.00000,5.00000,5.00000,5.00000,0.00000
20874.00000,232.34786,,,,1.50656,,,,5.00000,5.00000,5.00000,5.00000,0.00000
20882.00000,236.63773,,,,1.48036,,,,5.00000,5.00000,5.00000,5.00000,0.00000
20883.00000,222.67536,,,,1.35202,,,,5.00000,5.00000,5.00000,5.00000,0.00000
20884.00000,184.77040,,,,1.21263,,,,5.00000,5.00000,5.00000,5.00000,0.00000
20885.00000,70.58254,,,,0.41898,,,,5.00000,5.00000,5.00000,5.00000,0.00000
20886.00000,192.34320,,,,1.30444,,,,5.00000,5.00000,5.00000,5.00000,0.00000
20888.00000,128.03525,,,,0.73534,,,,5.00000,5.00000,5.00000,5.00000,0.00000
20889.00000,182.99173,,,,1.19806,,,,5.00000,5.00000,5.00000,5.00000,0.00000
20890.00000,161.43786,,,,1.15181,,,,5.00000,5.00000,5.00000,5.00000,0.00000
20893.00000,144.36640,,,,1.09473,,,,5.00000,5.00000,5.00000,5.00000,0.00000
20894.00000,77.12319,,,,0.51514,,,,5.00000,5.00000,5.00000,5.00000,0.00000
20899.00000,167.68902,,,,1.36403,,,,5.00000,5.00000,5.00000,5.00000,0.00000
20900.00000,146.31235,,,,1.16343,,,,5.00000,5.00000,5.00000,5.00000,0.00000
20946.00000,999.99000,,,,48.33537,,,,5.00000,5.00000,5.00000,5.00000,0.00000
20951.00000,264.49444,,,,3.47382,,,,5.00000,5.00000,5.00000,5.00000,0.00000
20952.00000,263.58231,,,,3.25405,,,,5.00000,5.00000,5.00000,5.00000,0.00000
20954.00000,245.23162,,,,3.02305,,,,5.00000,5.00000,5.00000,5.00000,0.00000
20955.00000,306.55076,,,,4.79376,,,,5.00000,5.00000,5.00000,5.00000,0.00000
20957.00000,291.61538,,,,5.16999,,,,5.00000,5.00000,5.00000,5.00000,0.00000
20958.00000,339.27374,,,,6.40111,,,,5.00000,5.00000,5.00000,5.00000,0.00000
20959.00000,328.73190,,,,5.79806,,,,5.00000,5.00000,5.00000,5.00000,0.00000
20960.00000,244.62502,,,,4.56827,,,,5.00000,5.00000,5.00000,5.00000,0.00000
20981.00000,263.69473,,,,3.66014,,,,2.00000,2.00000,2.00000,2.00000,0.00000
20982.00000,229.96048,,,,3.72831,,,,5.00000,5.00000,5.00000,5.00000,0.00000
21086.00000,264.49036,,,,2.15604,,,,5.00000,5.00000,5.00000,5.00000,0.00000
21087.00000,271.11336,,,,1.91131,,,,5.00000,5.00000,5.00000,5.00000,0.00000
21088.00000,305.45922,,,,2.42704,,,,5.00000,5.00000,5.00000,5.00000,0.00000
21089.00000,315.35423,,,,2.73256,,,,5.00000,5.00000,5.00000,5.00000,0.00000
21090.00000,282.12254,,,,2.22074,,,,5.00000,5.00000,5.00000,5.00000,0.00000
21091.00000,246.00821,,,,1.94515,,,,5.00000,5.00000,5.00000,5.00000,0.00000
21092.00000,254.35950,,,,2.21442,,,,5.00000,5.00000,5.00000,5.00000,0.00000
21095.00000,296.64621,,,,2.65863,,,,5.00000,5.00000,5.00000,5.00000,0.00000
21096.00000,270.62937,,,,2.06928,,,,5.00000,5.00000,5.00000,5.00000,0.00000
21097.00000,291.99411,,,,2.21970,,,,5.00000,5.00000,5.00000,5.00000,0.00000
21099.00000,317.96644,,,,2.62327,,,,5.00000,5.00000,5.00000,5.00000,0.00000
21100.00000,324.35439,,,,2.32389,,,,5.00000,5.00000,5.00000,5.00000,0.00000
21101.00000,334.05105,,,,2.57001,,,,5.00000,5.00000,5.00000,5.00000,0.00000
21102.00000,307.10204,,,,2.70105,,,,5.00000,5.00000,5.00000,5.00000,0.00000
21103.00000,264.94275,,,,2.25367,,,,5.00000,5.00000,5.00000,5.00000,0.00000
21104.00000,288.57528,,,,2.92813,,,,5.00000,5.00000,5.00000,5.00000,0.00000
21105.00000,327.88396,,,,2.89246,,,,5.00000,5.00000,5.00000,5.00000,0.00000
21106.00000,248.62385,,,,2.19410,,,,5.00000,5.00000,5.00000,5.00000,0.00000
21107.00000,283.98506,,,,2.47903,,,,5.00000,5.00000,5.00000,5.00000,0.00000
21112.00000,158.87896,,,,1.52067,,,,5.00000,5.00000,5.00000,5.00000,0.00000
21113.00000,317.56471,,,,2.93244,,,,5.00000,5.00000,5.00000,5.00000,0.00000
21114.00000,302.06823,,,,2.62267,,,,5.00000,5.00000,5.00000,5.00000,0.00000
21115.00000,327.17733,,,,2.62581,,,,5.00000,5.00000,5.00000,5.00000,0.00000
21116.00000,296.12952,,,,2.27430,,,,5.00000,5.00000,5.00000,5.00000,0.00000
21117.00000,293.47940,,,,2.87317,,,,5.00000,5.00000,5.00000,5.00000,1.00000
21118.00000,252.14662,,,,2.43164,,,,5.00000,5.00000,5.00000,5.00000,0.00000
21119.00000,308.91828,,,,2.97305,,,,5.00000,5.00000,5.00000,5.00000,0.00000
21123.00000,365.73223,,,,6.75923,,,,5.00000,5.00000,5.00000,5.00000,1.00000
21124.00000,402.33621,,,,3.80593,,,,5.00000,5.00000,5.00000,5.00000,0.00000
21125.00000,371.42618,,,,3.05708,,,,5.00000,5.00000,5.00000,5.00000,0.00000
21126.00000,342.23543,,,,3.33251,,,,5.00000,5.00000,5.00000,5.00000,0.00000
21127.00000,291.83868,,,,2.84854,,,,5.00000,5.00000,5.00000,5.00000,0.00000
21128.00000,314.58214,,,,2.98168,,,,5.00000,5.00000,5.00000,5.00000,0.00000
21129.00000,361.47127,,,,3.67492,,,,5.00000,5.00000,5.00000,5.00000,0.00000
21130.00000,327.67789,,,,3.03030,,,,5.00000,5.00000,5.00000,5.00000,0.00000
21131.00000,337.41618,,,,3.03278,,,,5.00000,5.00000,5.00000,5.00000,0.00000
21132.00000,318.57714,,,,2.81903,,,,5.00000,5.00000,5.00000,5.00000,0.00000
21133.00000,265.19039,,,,1.83200,,,,5.00000,5.00000,5.00000,5.00000,0.00000
21134.00000,246.46832,,,,1.74426,,,,5.00000,5.00000,5.00000,5.00000,0.00000
21135.00000,265.41115,,,,1.90258,,,,5.00000,5.00000,5.00000,5.00000,0.00000
21136.00000,292.15997,,,,2.37637,,,,5.00000,5.00000,5.00000,5.00000,0.00000
21137.00000,330.76422,,,,3.04648,,,,5.00000,5.00000,5.00000,5.00000,0.00000
21154.00000,179.38900,,,,1.45729,,,,5.00000,5.00000,5.00000,5.00000,0.00000
21155.00000,152.84382,,,,1.17775,,,,5.00000,5.00000,5.00000,5.00000,0.00000
21156.00000,162.82985,,,,1.41757,,,,5.00000,5.00000,5.00000,5.00000,0.00000
21157.00000,215.39245,,,,2.14085,,,,5.00000,5.00000,5.00000,5.00000,0.00000
21158.00000,205.92168,,,,1.76144,,,,5.00000,5.00000,5.00000,5.00000,0.00000
21168.00000,300.47317,,,,2.93187,,,,5.00000,5.00000,5.00000,5.00000,0.00000
21169.00000,268.82962,,,,2.37118,,,,5.00000,5.00000,5.00000,5.00000,0.00000
21170.00000,261.00438,,,,2.28488,,,,5.00000,5.00000,5.00000,5.00000,0.00000
21171.00000,224.21942,,,,1.88084,,,,5.00000,5.00000,5.00000,5.00000,0.00000
21172.00000,154.81848,,,,1.55704,,,,5.00000,5.00000,5.00000,5.00000,0.00000
21173.00000,168.24944,,,,1.63151,,,,5.00000,5.00000,5.00000,5.00000,1.00000
21174.00000,209.51048,,,,1.76036,,,,5.00000,5.00000,5.00000,5.00000,0.00000
21175.00000,164.60536,,,,1.37252,,,,5.00000,5.00000,5.00000,5.00000,0.00000
21176.00000,192.29455,,,,1.64277,,,,5.00000,5.00000,5.00000,5.00000,0.00000
21177.00000,268.85794,,,,2.62374,,,,5.00000,5.00000,5.00000,5.00000,0.00000
21178.00000,238.37223,,,,2.08929,,,,5.00000,5.00000,5.00000,5.00000,0.00000
21179.00000,222.24293,,,,2.09998,,,,5.00000,5.00000,5.00000,5.00000,0.00000
21180.00000,153.19562,,,,1.44944,,,,5.00000,5.00000,5.00000,5.00000,0.00000
21181.00000,248.34834,,,,2.37005,,,,5.00000,5.00000,5.00000,5.00000,0.00000
21182.00000,235.91813,,,,2.92495,,,,5.00000,5.00000,5.00000,5.00000,0.00000
21186.00000,231.54529,,,,2.06247,,,,5.00000,5.00000,5.00000,5.00000,0.00000
21187.00000,267.30582,,,,2.51676,,,,5.00000,5.00000,5.00000,5.00000,0.00000
21188.00000,329.58689,,,,4.08419,,,,5.00000,5.00000,5.00000,5.00000,0.00000
21189.00000,207.70352,,,,2.28524,,,,5.00000,5.00000,5.00000,5.00000,0.00000
21190.00000,114.90433,,,,1.12500,,,,5.00000,5.00000,5.00000,5.00000,0.00000
21191.00000,236.07897,,,,2.57442,,,,5.00000,5.00000,5.00000,5.00000,0.00000
21192.00000,187.32871,,,,2.10852,,,,5.00000,5.00000,5.00000,5.00000,0.00000
21193.00000,149.56396,,,,1.25217,,,,5.00000,5.00000,5.00000,5.00000,0.00000
21194.00000,159.86308,,,,1.67890,,,,5.00000,5.00000,5.00000,5.00000,0.00000
21195.00000,247.08149,,,,2.52363,,,,5.00000,5.00000,5.00000,5.00000,0.00000
21196.00000,191.92552,,,,1.71516,,,,5.00000,5.00000,5.00000,5.00000,0.00000
21197.00000,264.59440,,,,2.65579,,,,5.00000,5.00000,5.00000,5.00000,0.00000
21198.00000,236.21155,,,,2.42144,,,,5.00000,5.00000,5.00000,5.00000,0.00000
21204.00000,316.61643,,,,3.07456,,,,5.00000,5.00000,5.00000,5.00000,0.00000
21205.00000,195.77551,,,,1.86339,,,,5.00000,5.00000,5.00000,5.00000,0.00000
21206.00000,314.58243,,,,3.45056,,,,5.00000,5.00000,5.00000,5.00000,0.00000
21207.00000,216.37243,,,,2.04753,,,,5.00000,5.00000,5.00000,5.00000,0.00000
21208.00000,281.17865,,,,3.25595,,,,5.00000,5.00000,5.00000,5.00000,0.00000
21209.00000,314.11222,,,,4.10501,,,,5.00000,5.00000,5.00000,5.00000,0.00000
21210.00000,205.54755,,,,2.93328,,,,5.00000,5.00000,5.00000,5.00000,0.00000
21211.00000,276.24466,,,,3.52294,,,,5.00000,5.00000,5.00000,5.00000,0.00000
21218.00000,374.84162,,,,4.85106,,,,5.00000,5.00000,5.00000,5.00000,0.00000
21219.00000,273.72919,,,,4.58665,,,,5.00000,5.00000,5.00000,5.00000,0.00000
21220.00000,316.53720,,,,5.67595,,,,5.00000,5.00000,5.00000,5.00000,0.00000
21221.00000,319.91312,,,,4.53129,,,,5.00000,5.00000,5.00000,5.00000,0.00000
21223.00000,212.76904,,,,3.43279,,,,5.00000,5.00000,5.00000,5.00000,0.00000
21224.00000,251.99221,,,,5.15403,,,,5.00000,5.00000,5.00000,5.00000,0.00000
21225.00000,127.26511,,,,2.05610,,,,5.00000,5.00000,5.00000,5.00000,0.00000
21226.00000,239.28198,,,,3.92546,,,,5.00000,5.00000,5.00000,5.00000,0.00000
21228.00000,215.01153,,,,3.12612,,,,5.00000,5.00000,5.00000,5.00000,0.00000
21229.00000,75.35759,,,,1.27565,,,,5.00000,5.00000,5.00000,5.00000,0.00000
21230.00000,229.40241,,,,3.35396,,,,5.00000,5.00000,5.00000,5.00000,0.00000
21231.00000,116.01823,,,,1.81477,,,,5.00000,5.00000,5.00000,5.00000,0.00000
21233.00000,188.59373,,,,1.53949,,,,5.00000,5.00000,5.00000,5.00000,0.00000
21234.00000,271.65645,,,,4.77013,,,,5.00000,5.00000,5.00000,5.00000,0.00000
21235.00000,157.03230,,,,1.90378,,,,5.00000,5.00000,5.00000,5.00000,0.00000
21236.00000,155.63821,,,,1.28878,,,,5.00000,5.00000,5.00000,5.00000,0.00000
21240.00000,217.35932,,,,1.84505,,,,5.00000,5.00000,5.00000,5.00000,0.00000
21241.00000,174.97853,,,,1.60265,,,,5.00000,5.00000,5.00000,5.00000,0.00000
21242.00000,255.69932,,,,2.26799,,,,5.00000,5.00000,5.00000,5.00000,0.00000
21243.00000,152.76621,,,,1.32914,,,,5.00000,5.00000,5.00000,5.00000,0.00000
21244.00000,221.37251,,,,2.08133,,,,5.00000,5.00000,5.00000,5.00000,0.00000
21245.00000,140.76667,,,,1.05631,,,,5.00000,5.00000,5.00000,5.00000,0.00000
21246.00000,216.57834,,,,1.98614,,,,5.00000,5.00000,5.00000,5.00000,0.00000
21247.00000,140.31170,,,,1.55652,,,,5.00000,5.00000,5.00000,5.00000,0.00000
21248.00000,259.95152,,,,3.22297,,,,5.00000,5.00000,5.00000,5.00000,0.00000
21249.00000,266.66491,,,,3.14761,,,,5.00000,5.00000,5.00000,5.00000,0.00000
21250.00000,143.15987,,,,1.40548,,,,5.00000,5.00000,5.00000,5.00000,0.00000
21251.00000,188.99295,,,,1.73820,,,,5.00000,5.00000,5.00000,5.00000,0.00000
21252.00000,235.42841,,,,2.70920,,,,5.00000,5.00000,5.00000,5.00000,0.00000
21253.00000,174.59740,,,,1.59806,,,,5.00000,5.00000,5.00000,5.00000,0.00000
21254.00000,179.09696,,,,2.03405,,,,5.00000,5.00000,5.00000,5.00000,0.00000
21255.00000,196.53081,,,,2.26204,,,,5.00000,5.00000,5.00000,5.00000,0.00000
21256.00000,185.30182,,,,2.13957,,,,3.00000,3.00000,3.00000,3.00000,0.00000
21257.00000,143.54243,,,,1.11420,,,,5.00000,5.00000,5.00000,5.00000,0.00000
21261.00000,218.31910,,,,2.25998,,,,5.00000,5.00000,5.00000,5.00000,0.00000
21262.00000,207.67683,,,,2.02261,,,,5.00000,5.00000,5.00000,5.00000,0.00000
21263.00000,258.44845,,,,3.18372,,,,5.00000,5.00000,5.00000,5.00000,0.00000
21264.00000,208.15013,,,,2.59795,,,,5.00000,5.00000,5.00000,5.00000,0.00000
21265.00000,209.37232,,,,2.46328,,,,5.00000,5.00000,5.00000,5.00000,0.00000
21266.00000,217.47142,,,,2.02248,,,,5.00000,5.00000,5.00000,5.00000,0.00000
21267.00000,183.64595,,,,2.20459,,,,5.00000,5.00000,5.00000,5.00000,0.00000
21268.00000,301.35434,,,,4.14350,,,,5.00000,5.00000,5.00000,5.00000,0.00000
21269.00000,211.62383,,,,2.50521,,,,5.00000,5.00000,5.00000,5.00000,0.00000
21270.00000,261.49202,,,,3.09168,,,,5.00000,5.00000,5.00000,5.00000,0.00000
21271.00000,301.35047,,,,4.06550,,,,5.00000,5.00000,5.00000,5.00000,0.00000
21272.00000,189.66759,,,,2.13257,,,,5.00000,5.00000,5.00000,5.00000,0.00000
21273.00000,375.05766,,,,5.25613,,,,5.00000,5.00000,5.00000,5.00000,0.00000
21282.00000,342.08651,,,,6.64558,,,,5.00000,5.00000,5.00000,5.00000,0.00000
21283.00000,307.31374,,,,4.51307,,,,5.00000,5.00000,5.00000,5.00000,0.00000
21284.00000,422.02542,,,,5.13546,,,,5.00000,5.00000,5.00000,5.00000,0.00000
21285.00000,299.99673,,,,4.08402,,,,5.00000,5.00000,5.00000,5.00000,0.00000
21286.00000,274.42704,,,,5.33413,,,,5.00000,5.00000,5.00000,5.00000,0.00000
21287.00000,274.76447,,,,5.48785,,,,5.00000,5.00000,5.00000,5.00000,0.00000
21288.00000,379.73486,,,,4.62979,,,,5.00000,5.00000,5.00000,5.00000,0.00000
21289.00000,282.42317,,,,3.02496,,,,5.00000,5.00000,5.00000,5.00000,0.00000
21290.00000,376.84831,,,,5.80749,,,,5.00000,5.00000,5.00000,5.00000,0.00000
21291.00000,277.36735,,,,3.25396,,,,5.00000,5.00000,5.00000,5.00000,0.00000
21295.00000,236.11429,,,,1.70084,,,,5.00000,5.00000,5.00000,5.00000,0.00000
21296.00000,277.45944,,,,2.61714,,,,5.00000,5.00000,5.00000,5.00000,0.00000
21299.00000,276.02370,,,,3.18568,,,,5.00000,5.00000,5.00000,5.00000,0.00000
21301.00000,286.46180,,,,2.77629,,,,5.00000,5.00000,5.00000,5.00000,0.00000
21302.00000,301.34234,,,,3.14835,,,,5.00000,5.00000,5.00000,5.00000,0.00000
21303.00000,300.68306,,,,2.91778,,,,5.00000,5.00000,5.00000,5.00000,0.00000
21310.00000,257.38453,,,,1.78880,,,,5.00000,5.00000,5.00000,5.00000,0.00000
21311.00000,281.65610,,,,2.87584,,,,5.00000,5.00000,5.00000,5.00000,0.00000
21312.00000,322.92080,,,,3.04130,,,,5.00000,5.00000,5.00000,5.00000,0.00000
21313.00000,295.14340,,,,2.24116,,,,5.00000,5.00000,5.00000,5.00000,0.00000
21314.00000,358.78037,,,,2.91206,,,,5.00000,5.00000,5.00000,5.00000,0.00000
21316.00000,309.31309,,,,2.70688,,,,5.00000,5.00000,5.00000,5.00000,0.00000
21317.00000,267.48981,,,,1.92507,,,,5.00000,5.00000,5.00000,5.00000,0.00000
21318.00000,260.91020,,,,2.04235,,,,5.00000,5.00000,5.00000,5.00000,0.00000
21321.00000,1041.20229,,,,189.60925,,,,8.00000,8.00000,8.00000,8.00000,0.00000
21322.00000,186.05326,,,,2.00832,,,,8.00000,8.00000,8.00000,8.00000,0.00000
21323.00000,331.57837,,,,2.74216,,,,8.00000,8.00000,8.00000,8.00000,0.00000
21324.00000,171.55464,,,,1.10135,,,,8.00000,8.00000,8.00000,8.00000,0.00000
21326.00000,248.06157,,,,1.95136,,,,8.00000,8.00000,8.00000,8.00000,0.00000
21327.00000,242.83034,,,,1.67179,,,,5.00000,5.00000,5.00000,5.00000,0.00000
21328.00000,287.21439,,,,2.28522,,,,3.00000,3.00000,3.00000,3.00000,0.00000
21329.00000,285.99275,,,,2.10974,,,,8.00000,8.00000,8.00000,8.00000,0.00000
21330.00000,312.31729,,,,2.37308,,,,3.00000,3.00000,3.00000,3.00000,0.00000
21331.00000,300.49953,,,,2.32323,,,,5.00000,5.00000,5.00000,5.00000,0.00000
21336.00000,253.26112,,,,3.47120,,,,3.00000,3.00000,3.00000,3.00000,0.00000
21338.00000,220.48081,,,,3.21248,,,,3.00000,3.00000,3.00000,3.00000,0.00000
21339.00000,236.25016,,,,3.86036,,,,3.00000,3.00000,3.00000,3.00000,0.00000
21340.00000,317.80951,,,,5.28844,,,,8.00000,8.00000,8.00000,8.00000,0.00000
21341.00000,242.16773,,,,3.67626,,,,1.00000,1.00000,1.00000,1.00000,0.00000
21342.00000,309.97337,,,,5.25263,,,,2.00000,2.00000,2.00000,2.00000,0.00000
21343.00000,315.70870,,,,4.70975,,,,8.00000,8.00000,8.00000,8.00000,0.00000
21344.00000,245.49422,,,,3.86632,,,,1.00000,1.00000,1.00000,1.00000,0.00000
21345.00000,226.88293,,,,3.12599,,,,2.00000,2.00000,2.00000,2.00000,0.00000
21354.00000,289.92351,,,,3.61437,,,,8.00000,8.00000,8.00000,8.00000,0.00000
21355.00000,217.42963,,,,3.03704,,,,8.00000,8.00000,8.00000,8.00000,0.00000
21356.00000,264.26556,,,,3.88366,,,,5.00000,5.00000,5.00000,5.00000,0.00000
21359.00000,241.43319,,,,3.39984,,,,5.00000,5.00000,5.00000,5.00000,0.00000
21360.00000,158.59520,,,,2.46998,,,,5.00000,5.00000,5.00000,5.00000,0.00000
21361.00000,203.35709,,,,2.96576,,,,5.00000,5.00000,5.00000,5.00000,0.00000
21362.00000,150.00914,,,,2.32689,,,,5.00000,5.00000,5.00000,5.00000,1.00000
21367.00000,218.09160,,,,2.34379,,,,5.00000,5.00000,5.00000,5.00000,0.00000
21368.00000,262.33537,,,,2.80574,,,,5.00000,5.00000,5.00000,5.00000,0.00000
21369.00000,207.61032,,,,2.40343,,,,5.00000,5.00000,5.00000,5.00000,0.00000
21370.00000,194.47058,,,,2.57771,,,,5.00000,5.00000,5.00000,5.00000,0.00000
21371.00000,181.62307,,,,2.34082,,,,5.00000,5.00000,5.00000,5.00000,0.00000
21372.00000,235.52015,,,,3.01193,,,,5.00000,5.00000,5.00000,5.00000,0.00000
21373.00000,303.53821,,,,3.62893,,,,5.00000,5.00000,5.00000,5.00000,0.00000
21374.00000,292.07965,,,,3.44449,,,,5.00000,5.00000,5.00000,5.00000,0.00000
21375.00000,187.21677,,,,1.98862,,,,5.00000,5.00000,5.00000,5.00000,0.00000
21376.00000,224.14475,,,,3.38404,,,,5.00000,5.00000,5.00000,5.00000,0.00000
21377.00000,202.46918,,,,2.64840,,,,5.00000,5.00000,5.00000,5.00000,0.00000
21378.00000,120.49535,,,,1.32580,,,,5.00000,5.00000,5.00000,5.00000,0.00000
21379.00000,337.35299,,,,4.13517,,,,5.00000,5.00000,5.00000,5.00000,0.00000
21380.00000,204.97931,,,,2.73953,,,,5.00000,5.00000,5.00000,5.00000,1.00000
21381.00000,194.44533,,,,2.27099,,,,5.00000,5.00000,5.00000,5.00000,0.00000
21382.00000,272.09269,,,,2.67529,,,,5.00000,5.00000,5.00000,5.00000,0.00000
21383.00000,265.25897,,,,2.65299,,,,5.00000,5.00000,5.00000,5.00000,0.00000
21392.00000,207.92937,,,,2.43036,,,,5.00000,5.00000,5.00000,5.00000,0.00000
21393.00000,328.37996,,,,5.07987,,,,5.00000,5.00000,5.00000,5.00000,0.00000
21394.00000,291.00857,,,,2.84568,,,,5.00000,5.00000,5.00000,5.00000,0.00000
21396.00000,203.40953,,,,2.46951,,,,5.00000,5.00000,5.00000,5.00000,0.00000
21397.00000,210.29410,,,,2.50120,,,,5.00000,5.00000,5.00000,5.00000,0.00000
21398.00000,267.96448,,,,3.17486,,,,5.00000,5.00000,5.00000,5.00000,0.00000
21399.00000,244.87754,,,,3.10587,,,,5.00000,5.00000,5.00000,5.00000,0.00000
21400.00000,184.95527,,,,2.14211,,,,5.00000,5.00000,5.00000,5.00000,0.00000
21419.00000,276.51403,,,,6.92537,,,,5.00000,5.00000,5.00000,5.00000,0.00000
21420.00000,193.61005,,,,4.39160,,,,5.00000,5.00000,5.00000,5.00000,0.00000
21421.00000,237.85144,,,,3.17931,,,,5.00000,5.00000,5.00000,5.00000,0.00000
21422.00000,365.00743,,,,5.31026,,,,5.00000,5.00000,5.00000,5.00000,0.00000
21423.00000,261.14919,,,,3.91752,,,,5.00000,5.00000,5.00000,5.00000,0.00000
21424.00000,63.19234,,,,1.15375,,,,8.00000,8.00000,8.00000,8.00000,0.00000
21425.00000,189.06732,,,,2.78205,,,,5.00000,5.00000,5.00000,5.00000,0.00000
21426.00000,389.33015,,,,5.70125,,,,5.00000,5.00000,5.00000,5.00000,0.00000
21427.00000,252.70465,,,,3.05957,,,,5.00000,5.00000,5.00000,5.00000,0.00000
21428.00000,192.87148,,,,2.71962,,,,5.00000,5.00000,5.00000,5.00000,0.00000
21432.00000,240.57423,,,,5.14528,,,,5.00000,5.00000,5.00000,5.00000,0.00000
21440.00000,226.83175,,,,5.19310,,,,5.00000,5.00000,5.00000,5.00000,0.00000
21441.00000,217.28382,,,,5.35043,,,,5.00000,5.00000,5.00000,5.00000,0.00000
21442.00000,253.63019,,,,4.65418,,,,5.00000,5.00000,5.00000,5.00000,0.00000
21447.00000,182.82822,,,,4.09987,,,,5.00000,5.00000,5.00000,5.00000,0.00000
21448.00000,153.55309,,,,2.68166,,,,5.00000,5.00000,5.00000,5.00000,0.00000
21449.00000,201.11510,,,,4.05314,,,,5.00000,5.00000,5.00000,5.00000,0.00000
21450.00000,117.46322,,,,2.79082,,,,5.00000,5.00000,5.00000,5.00000,0.00000
21451.00000,220.05585,,,,4.95970,,,,5.00000,5.00000,5.00000,5.00000,0.00000
21452.00000,201.03316,,,,4.54451,,,,5.00000,5.00000,5.00000,5.00000,0.00000
21453.00000,230.62182,,,,5.28357,,,,5.00000,5.00000,5.00000,5.00000,0.00000
21454.00000,229.13269,,,,6.25672,,,,5.00000,5.00000,5.00000,5.00000,0.00000
21455.00000,14.69837,,,,0.25423,,,,5.00000,5.00000,5.00000,5.00000,0.00000
21456.00000,999.99007,,,,23.02174,,,,5.00000,5.00000,5.00000,5.00000,0.00000
21457.00000,10000.00000,,,,1023.34389,,,,5.00000,5.00000,5.00000,5.00000,0.00000
21458.00000,2159.40591,,,,73.27634,,,,5.00000,5.00000,5.00000,5.00000,0.00000
21460.00000,175.28244,,,,4.08115,,,,5.00000,5.00000,5.00000,5.00000,0.00000
21461.00000,225.95128,,,,5.36969,,,,5.00000,5.00000,5.00000,5.00000,0.00000
21462.00000,166.85544,,,,4.18183,,,,5.00000,5.00000,5.00000,5.00000,0.00000
21463.00000,228.04457,,,,5.66261,,,,5.00000,5.00000,5.00000,5.00000,0.00000
21478.00000,208.00305,113.35001,146.20366,127.93174,5.90218,3.99025,5.03830,5.16009,5.00000,5.00000,5.00000,5.00000,0.00000
21486.00000,217.78282,209.58375,221.86463,199.49622,5.21760,6.00150,7.97579,9.33454,5.00000,5.00000,5.00000,5.00000,0.00000
21487.00000,276.69054,120.22561,168.09893,181.62697,6.80951,4.37180,5.87765,8.02035,5.00000,5.00000,5.00000,5.00000,0.00000
21489.00000,233.36664,232.30026,205.58934,229.77427,5.10717,6.11522,6.45484,7.56389,1.00000,1.00000,1.00000,1.00000,0.00000
21490.00000,219.56069,176.50799,182.62837,190.77633,5.24060,4.45259,5.04937,8.54595,1.00000,1.00000,1.00000,1.00000,0.00000
21491.00000,222.70638,138.22241,270.13390,218.47230,4.69833,3.51023,7.62319,8.07611,1.00000,1.00000,1.00000,1.00000,0.00000
21492.00000,229.73684,283.70131,261.52038,274.51353,5.27942,8.28499,6.19858,7.58666,1.00000,1.00000,1.00000,1.00000,0.00000
21493.00000,254.30871,219.57531,251.86270,203.43356,5.76840,5.95751,7.08083,6.21783,1.00000,1.00000,1.00000,1.00000,0.00000
21494.00000,232.98077,196.85001,186.87739,248.22954,5.84965,5.75666,5.44208,9.47072,1.00000,1.00000,1.00000,1.00000,0.00000
21495.00000,260.21137,208.98002,246.16996,231.75822,6.14166,5.41447,7.24205,8.43933,1.00000,1.00000,1.00000,1.00000,0.00000
21496.00000,240.30287,210.60143,214.06101,230.86456,5.00667,5.75978,5.60360,6.86465,1.00000,1.00000,1.00000,1.00000,0.00000
21497.00000,334.36607,201.59447,272.01682,251.27858,9.13081,5.78576,7.57714,7.29500,1.00000,1.00000,1.00000,1.00000,0.00000
21498.00000,169.95776,182.42781,222.61286,217.75786,4.15167,5.40359,7.13241,8.20442,1.00000,1.00000,1.00000,1.00000,0.00000
21499.00000,261.45844,202.25681,225.17462,219.02018,6.87787,5.46169,7.01029,11.45176,1.00000,1.00000,1.00000,1.00000,0.00000
21500.00000,240.40770,219.62024,184.20285,195.58419,5.61858,6.42079,5.04799,6.75432,1.00000,1.00000,1.00000,1.00000,0.00000
21504.00000,234.48628,268.64222,175.28231,213.94041,4.48867,6.72801,4.30265,6.34565,1.00000,1.00000,1.00000,1.00000,0.00000
21505.00000,264.42562,202.32487,231.19441,285.19742,7.58738,5.23380,6.87690,8.66370,1.00000,1.00000,1.00000,1.00000,0.00000
21506.00000,269.34363,257.61276,172.30871,230.22659,6.32279,6.57023,4.78078,7.24924,1.00000,1.00000,1.00000,1.00000,0.00000
21507.00000,246.85379,274.73294,236.17485,264.32364,5.24607,6.53803,6.00982,7.19832,1.00000,1.00000,1.00000,1.00000,0.00000
21508.00000,227.81100,253.70025,239.13763,234.62191,3.93701,5.17488,5.61914,6.00293,1.00000,1.00000,1.00000,1.00000,0.00000
21509.00000,280.40723,147.45891,219.85048,213.94182,6.53288,4.80660,5.80300,6.03124,1.00000,1.00000,1.00000,1.00000,0.00000
21510.00000,221.99508,287.53757,313.61295,290.69154,6.01000,9.47602,10.37013,10.36809,1.00000,3.00000,5.00000,7.00000,0.00000
21511.00000,274.79151,296.10048,75.37779,53.86085,7.12806,9.17799,2.20777,1.66344,1.00000,3.00000,5.00000,7.00000,0.00000
21512.00000,258.29063,287.27656,77.69213,78.75498,4.91084,7.45503,2.34931,3.16428,1.00000,3.00000,5.00000,7.00000,0.00000
21513.00000,376.18024,202.16097,93.27059,36.73258,10.33873,5.39902,3.40386,0.78008,1.00000,3.00000,5.00000,7.00000,0.00000
21514.00000,282.89777,174.62554,192.26585,42.28691,4.83146,3.65477,4.88110,0.88369,1.00000,3.00000,5.00000,7.00000,0.00000
21515.00000,313.50716,60.17693,34.79135,7.32384,8.21251,2.12208,0.60901,0.12557,1.00000,3.00000,5.00000,7.00000,0.00000
21516.00000,288.65056,238.34066,175.72413,105.25817,5.76377,5.64363,5.20841,3.94667,1.00000,3.00000,5.00000,7.00000,0.00000
21517.00000,276.98427,276.39608,178.94218,166.94599,6.26193,7.43214,5.42440,6.89582,1.00000,3.00000,5.00000,7.00000,0.00000
21518.00000,129.41011,51.93079,6.83140,,2.68006,1.89267,0.10277,,1.00000,3.00000,5.00000,7.00000,0.00000
21519.00000,243.61659,191.43282,55.10605,16.88140,6.50198,4.92647,1.25465,0.31608,1.00000,3.00000,5.00000,7.00000,0.00000
21520.00000,279.86031,128.59154,9.07971,,6.01264,3.16413,0.12089,,1.00000,3.00000,5.00000,7.00000,0.00000
21521.00000,261.32471,264.89956,29.79851,11.69737,6.05555,7.35240,0.43441,0.12943,1.00000,3.00000,5.00000,7.00000,0.00000
21522.00000,250.56722,360.29851,31.49069,5.34960,5.63543,11.53137,0.50042,0.12484,1.00000,3.00000,5.00000,7.00000,0.00000
21526.00000,230.70013,230.93315,237.46008,203.00268,4.24154,6.05002,7.88292,6.67480,1.00000,3.00000,5.00000,7.00000,0.00000
21527.00000,250.87369,278.12501,284.70859,215.12574,5.34281,8.58549,9.62136,7.79777,1.00000,3.00000,5.00000,7.00000,0.00000
21528.00000,268.14469,171.88965,47.33269,9.84940,5.29668,3.87844,0.86933,0.11869,1.00000,3.00000,5.00000,7.00000,0.00000
21529.00000,245.28778,247.79205,28.84061,24.70991,4.87467,5.90424,0.38630,0.30024,1.00000,3.00000,5.00000,7.00000,0.00000
21530.00000,261.46013,267.51379,55.50772,35.22777,6.20720,7.36494,0.99266,0.58052,1.00000,3.00000,5.00000,7.00000,0.00000
21531.00000,269.65782,272.10221,136.14429,30.05890,5.65792,8.53824,4.38636,0.56934,1.00000,3.00000,5.00000,7.00000,0.00000
21532.00000,209.87697,227.90847,39.34223,9.62057,4.88528,6.75113,0.73383,0.11341,1.00000,3.00000,5.00000,7.00000,0.00000
21533.00000,270.25050,156.19488,62.78320,27.47588,5.61884,4.16871,1.57396,0.37480,1.00000,3.00000,5.00000,7.00000,0.00000
21534.00000,312.35358,156.76631,142.51904,49.64812,9.16836,4.50031,4.30644,1.20975,1.00000,3.00000,5.00000,7.00000,0.00000
21535.00000,266.91504,274.30517,64.90776,40.21736,5.78039,8.57659,1.50773,0.90936,1.00000,3.00000,5.00000,7.00000,0.00000
21536.00000,284.89311,184.86418,123.87473,44.99453,7.56735,5.67873,3.85021,1.04446,1.00000,3.00000,5.00000,7.00000,0.00000
21537.00000,251.96931,150.97055,167.55042,35.18366,5.02832,3.66533,5.34545,0.71541,1.00000,3.00000,5.00000,7.00000,0.00000
21538.00000,281.66029,357.94598,142.11963,19.03960,5.16011,9.74705,3.91802,0.24465,1.00000,3.00000,5.00000,7.00000,0.00000
21539.00000,319.10841,224.56630,255.68212,34.00723,8.37700,6.16652,9.57866,0.60223,1.00000,3.00000,5.00000,7.00000,0.00000
21540.00000,269.23192,201.55785,12.08777,,5.04554,5.82877,0.12269,,1.00000,3.00000,5.00000,7.00000,0.00000
21541.00000,301.78566,281.91999,130.95832,21.60740,7.91426,10.62340,4.39693,0.28047,1.00000,3.00000,5.00000,7.00000,0.00000
21542.00000,271.75023,299.61268,191.21986,23.29367,6.25632,9.95045,5.80545,0.28561,1.00000,3.00000,5.00000,7.00000,0.00000
21543.00000,262.64017,197.01917,159.31028,34.64214,5.94524,5.58173,4.95191,0.54965,1.00000,3.00000,5.00000,7.00000,0.00000
21544.00000,246.34284,326.87097,89.31604,15.41484,6.82124,13.57673,2.70133,0.21248,1.00000,34362.74000,34364.74000,34366.74000,0.00000
21545.00000,258.21313,237.28382,61.25053,14.24582,6.10083,7.76587,1.37682,0.19453,1.00000,3.00000,5.00000,7.00000,0.00000
21546.00000,240.55595,319.39665,243.53699,253.03331,5.67485,8.06457,7.27012,7.61957,1.00000,3.00000,5.00000,7.00000,0.00000
21547.00000,248.44023,201.80075,175.05911,207.10876,5.08884,6.58827,4.64978,6.25016,1.00000,3.00000,5.00000,7.00000,0.00000
21548.00000,275.58640,350.69219,245.04618,255.29833,5.87043,10.15351,6.05180,7.97344,1.00000,3.00000,5.00000,7.00000,0.00000
21549.00000,275.77890,317.73579,209.64607,172.72345,6.44010,9.64495,5.99765,5.49017,1.00000,3.00000,5.00000,7.00000,0.00000
21550.00000,233.38696,268.23597,148.56792,227.29516,4.58792,6.62515,4.04494,7.24857,1.00000,3.00000,5.00000,7.00000,0.00000
21551.00000,262.10472,297.10380,279.55763,180.83651,6.20573,9.25510,8.70249,5.65382,1.00000,3.00000,5.00000,7.00000,0.00000
21564.00000,271.83844,337.86554,362.26420,246.85248,11.15744,18.61605,21.14991,20.36457,1.00000,3.00000,5.00000,7.00000,0.00000
21565.00000,207.72593,194.18685,208.26384,180.85056,5.81157,7.12587,9.28026,7.73522,1.00000,3.00000,5.00000,7.00000,0.00000
21568.00000,215.77122,290.59340,274.04527,221.62155,9.88272,17.90702,17.30167,13.52524,1.00000,3.00000,5.00000,7.00000,0.00000
21569.00000,243.07894,284.38440,208.12354,262.68377,8.83661,12.34090,8.38228,13.48935,1.00000,3.00000,5.00000,7.00000,0.00000
21570.00000,239.46762,255.27093,288.00442,289.28439,7.47211,11.26931,13.79893,14.29836,1.00000,3.00000,5.00000,7.00000,0.00000
21571.00000,167.24316,239.28580,259.74872,204.86025,5.10961,8.65552,11.10669,8.97174,1.00000,3.00000,5.00000,7.00000,0.00000
21572.00000,226.79507,263.50837,283.45888,281.74261,5.12870,6.44599,8.72449,9.52591,1.00000,3.00000,5.00000,7.00000,0.00000
21573.00000,224.86127,329.31988,258.20449,243.36282,9.72750,16.87362,11.34633,11.88934,1.00000,3.00000,5.00000,7.00000,0.00000
21574.00000,226.81839,191.74241,260.40297,197.06972,11.20132,8.29799,10.68402,9.16623,1.00000,3.00000,5.00000,7.00000,0.00000
21575.00000,244.86204,291.20837,243.62674,286.64112,7.27888,10.16186,8.49145,11.77575,1.00000,3.00000,5.00000,7.00000,0.00000
21576.00000,258.71940,181.28360,193.03000,134.90756,7.94829,5.45428,6.69665,6.70872,1.00000,3.00000,5.00000,7.00000,0.00000
21577.00000,172.70898,244.47403,187.32983,255.49396,3.85383,7.20523,5.25037,8.61937,1.00000,3.00000,5.00000,7.00000,0.00000
21578.00000,220.77360,225.02288,231.52751,216.02431,5.73206,6.58395,6.34190,8.15326,1.00000,3.00000,5.00000,7.00000,0.00000
21579.00000,242.18269,190.36735,315.02464,259.16054,7.84497,7.30475,12.25231,11.48799,1.00000,3.00000,5.00000,7.00000,0.00000
21580.00000,207.59540,342.90595,183.84376,262.46789,8.67758,17.73893,8.54267,13.86224,1.00000,3.00000,5.00000,7.00000,0.00000
21581.00000,223.93452,189.40077,173.50447,164.80956,11.83655,12.12420,9.10429,10.85851,1.00000,3.00000,5.00000,7.00000,0.00000
21582.00000,297.49395,338.19304,247.53196,279.02680,8.43640,11.54681,7.82535,12.35117,1.00000,3.00000,5.00000,7.00000,0.00000
21583.00000,254.61437,290.55203,262.51469,195.82400,5.47191,8.33162,8.38445,6.93476,1.00000,3.00000,5.00000,7.00000,0.00000
21584.00000,275.44592,326.50234,256.79136,231.34056,7.49105,9.55183,8.69172,8.48761,1.00000,3.00000,5.00000,7.00000,0.00000
21587.00000,240.48891,273.99014,206.28791,245.53734,5.32777,6.95354,6.10108,8.22231,1.00000,3.00000,5.00000,7.00000,0.00000
21588.00000,254.14543,355.36182,311.79616,276.60728,5.69847,10.96069,9.13034,10.17518,1.00000,3.00000,5.00000,7.00000,0.00000
21589.00000,178.29958,202.18719,92.69843,136.04522,4.12887,5.59139,4.21617,6.79129,1.00000,3.00000,5.00000,7.00000,0.00000
21590.00000,205.91179,201.30271,288.77841,257.74315,5.45783,5.25068,9.43034,9.96429,1.00000,3.00000,5.00000,7.00000,0.00000
21591.00000,289.12888,291.68539,293.71977,359.66871,8.74134,9.09689,11.27857,17.40403,1.00000,3.00000,5.00000,7.00000,0.00000
21592.00000,233.09713,287.33982,362.91094,312.32420,5.17790,7.76299,10.90345,12.02040,1.00000,3.00000,5.00000,7.00000,0.00000
21593.00000,236.85244,290.89676,290.64347,306.97800,6.51508,8.72483,10.77955,14.46871,1.00000,3.00000,5.00000,7.00000,0.00000
21594.00000,254.09240,277.59300,235.90189,237.61507,5.12690,7.55226,6.44655,7.81289,1.00000,3.00000,5.00000,7.00000,0.00000
21595.00000,257.95517,279.52005,295.72645,233.02334,5.06538,7.03691,6.42691,9.53837,1.00000,3.00000,5.00000,7.00000,0.00000
21596.00000,222.03520,283.28029,194.54823,213.59706,5.35761,7.80243,4.93314,6.33497,1.00000,3.00000,5.00000,7.00000,0.00000
21597.00000,244.54467,220.42530,232.70688,217.43318,6.12329,6.18558,6.36172,6.44339,1.00000,3.00000,5.00000,7.00000,0.00000
21618.00000,13.39452,5.91826,,,0.15454,0.10362,,,1.00000,3.00000,5.00000,7.00000,0.00000
21619.00000,206.96901,272.66863,255.35719,313.80788,4.45533,6.97344,7.34579,10.67962,1.00000,3.00000,5.00000,7.00000,0.00000
21620.00000,310.64562,307.50230,244.78897,309.59345,13.19498,15.45938,21.16588,41.71185,5.00000,7.00000,9.00000,11.00000,0.00000
21622.00000,212.37901,317.13409,175.88805,218.82604,2.35319,4.51569,1.53767,4.28739,5.00000,7.00000,9.00000,11.00000,0.00000
21623.00000,311.90285,270.83409,289.31547,332.63143,3.95986,3.72897,4.07017,13.38333,5.00000,7.00000,9.00000,11.00000,0.00000
21624.00000,325.26300,333.15100,296.28222,193.80813,4.31678,6.13288,4.68150,5.34406,5.00000,7.00000,9.00000,11.00000,0.00000
21625.00000,143.29090,143.72462,127.71153,182.47193,1.34172,1.55741,1.96711,4.86549,9.00000,11.00000,13.00000,15.00000,0.00000
21626.00000,344.66747,319.64301,260.22763,248.69870,3.82311,4.23021,4.82137,6.62321,5.00000,7.00000,9.00000,11.00000,0.00000
21627.00000,269.45521,229.50401,190.41740,,5.14458,8.27535,13.56468,,11.00000,13.00000,15.00000,17.00000,0.00000
21628.00000,246.37041,227.11855,,,5.12145,9.56451,,,11.00000,13.00000,15.00000,17.00000,0.00000
21631.00000,222.73920,268.89900,249.29280,227.90815,1.87384,3.41107,3.59990,6.12402,5.00000,7.00000,9.00000,11.00000,0.00000
21632.00000,34.01200,8.43599,,,0.67419,0.12061,,,5.00000,7.00000,9.00000,11.00000,0.00000
21633.00000,225.46511,217.57366,226.17888,243.24860,2.43642,2.42164,3.21676,7.29645,5.00000,7.00000,9.00000,11.00000,0.00000
21634.00000,261.84416,281.59244,257.67010,316.68374,2.90855,3.27423,4.26757,7.69163,5.00000,7.00000,9.00000,11.00000,0.00000
21635.00000,165.21955,128.93024,154.91958,147.07578,1.90871,1.86844,2.68459,3.60994,5.00000,7.00000,9.00000,11.00000,0.00000
21636.00000,210.80806,201.63535,249.82463,254.68540,2.01004,1.78754,2.84549,2.80581,5.00000,7.00000,9.00000,11.00000,0.00000
21637.00000,232.47890,273.51862,291.19967,290.11263,1.73420,2.56204,3.13210,3.11020,5.00000,7.00000,9.00000,11.00000,1.00000
21638.00000,184.05150,244.10908,200.48820,185.20688,1.98596,3.68422,3.54517,4.28306,5.00000,7.00000,9.00000,11.00000,0.00000
21639.00000,123.90586,159.89313,68.36152,69.54999,1.29022,1.63331,1.09828,1.48311,5.00000,7.00000,9.00000,11.00000,0.00000
21640.00000,233.99134,231.99106,211.57113,193.16851,1.91555,2.50295,2.51090,2.54761,5.00000,7.00000,9.00000,11.00000,0.00000
21641.00000,224.63768,231.95022,249.38837,136.84444,2.16604,2.75762,3.94459,2.36581,5.00000,7.00000,9.00000,11.00000,0.00000
21642.00000,211.42137,139.06187,248.96462,191.75653,2.43775,1.56126,3.32551,2.44346,5.00000,7.00000,9.00000,11.00000,0.00000
21643.00000,293.97173,217.75265,273.72657,241.36715,5.40642,1.66153,2.67782,2.56075,5.00000,7.00000,9.00000,11.00000,1.00000
21644.00000,112.85038,192.48864,169.04802,136.95622,1.44294,3.08026,2.64888,2.44660,5.00000,7.00000,9.00000,11.00000,0.00000
21645.00000,303.85699,271.15522,225.54012,293.96739,4.98137,2.63061,2.39322,4.39205,5.00000,7.00000,9.00000,11.00000,1.00000
21646.00000,260.58439,165.56937,117.27476,240.80197,3.08998,2.19699,1.47145,4.38559,5.00000,7.00000,9.00000,11.00000,0.00000
21647.00000,86.76188,147.32065,92.06290,132.98865,1.49105,2.15424,1.95632,2.42855,5.00000,7.00000,9.00000,11.00000,0.00000
21648.00000,257.12720,219.75607,273.76407,149.46450,2.97190,3.88625,3.18695,2.58793,5.00000,7.00000,9.00000,11.00000,0.00000
21649.00000,143.68634,204.23156,227.97783,247.95284,1.50760,1.87801,2.83084,3.56452,5.00000,7.00000,9.00000,11.00000,0.00000
21650.00000,219.42769,190.34499,225.73182,184.33423,2.03197,2.01293,3.34267,2.32906,5.00000,7.00000,9.00000,11.00000,0.00000
21651.00000,292.12600,259.39296,184.75557,312.45362,2.94225,3.40035,2.53269,5.88141,5.00000,7.00000,9.00000,11.00000,0.00000
21652.00000,226.58215,233.19265,202.27767,160.89366,2.58871,2.64806,2.09803,1.62088,5.00000,7.00000,9.00000,11.00000,0.00000
21655.00000,240.80711,236.93742,216.26687,234.05029,1.99270,3.18339,2.75448,2.80646,5.00000,7.00000,9.00000,11.00000,0.00000
21656.00000,240.01087,201.89733,315.28209,214.46665,2.08041,1.95698,4.28700,3.44309,5.00000,7.00000,9.00000,11.00000,0.00000
21657.00000,,176.36918,261.57937,233.57815,,1.85810,3.20902,3.37256,5.00000,7.00000,9.00000,11.00000,1.00000
21658.00000,268.91348,139.79006,225.03298,235.69707,5.11960,1.02811,2.48362,2.20448,5.00000,7.00000,9.00000,11.00000,1.00000
21659.00000,258.94325,183.69428,217.99873,210.22753,2.34050,1.89632,2.50787,2.66534,5.00000,7.00000,9.00000,11.00000,0.00000
21660.00000,210.93788,217.85145,225.82519,141.58761,1.76338,3.34291,3.73580,2.43262,5.00000,7.00000,9.00000,11.00000,0.00000
21661.00000,202.87744,222.26393,130.19373,214.69307,1.91781,2.74567,1.57794,2.85097,5.00000,7.00000,9.00000,11.00000,0.00000
21662.00000,238.18692,86.98190,166.66321,194.98203,2.76278,1.43722,2.23097,3.00636,5.00000,7.00000,9.00000,11.00000,0.00000
21672.00000,,,342.81374,,,,23.57573,,1.00000,3.00000,5.00000,7.00000,1.00000
21674.00000,9.51346,,,,0.15430,,,,1.00000,3.00000,5.00000,7.00000,1.00000
21675.00000,11.14251,,,,0.09428,,,,1.00000,3.00000,5.00000,7.00000,1.00000
21677.00000,9.76543,,,,0.16471,,,,1.00000,3.00000,5.00000,7.00000,1.00000
21678.00000,6.68363,,,,0.08047,,,,1.00000,3.00000,5.00000,7.00000,1.00000
21679.00000,10.49914,0.00000,999.98999,0.00000,0.12365,0.00000,237.63577,0.00000,1.00000,3.00000,5.00000,7.00000,1.00000
21680.00000,22.52438,,,,0.24986,,,,1.00000,3.00000,5.00000,7.00000,1.00000
21681.00000,8.63388,,,,0.10130,,,,1.00000,3.00000,5.00000,7.00000,1.00000
21682.00000,12.18225,,,,0.15099,,,,1.00000,3.00000,5.00000,7.00000,1.00000
21683.00000,16.11249,,,,0.12017,,,,1.00000,3.00000,5.00000,7.00000,1.00000
21684.00000,60.21687,,,,0.91841,,,,1.00000,3.00000,5.00000,7.00000,1.00000
21685.00000,42.27647,,,,0.75976,,,,1.00000,3.00000,5.00000,7.00000,1.00000
21686.00000,22.50232,,,,0.31463,,,,1.00000,3.00000,5.00000,7.00000,1.00000
21687.00000,111.98510,5.01352,,,1.68929,0.11010,,,1.00000,3.00000,5.00000,7.00000,1.00000
21688.00000,108.84071,10.30246,,,2.55532,0.12271,,,1.00000,3.00000,5.00000,7.00000,1.00000
21689.00000,123.27372,9.41064,,,2.36094,0.18634,,,1.00000,3.00000,5.00000,7.00000,1.00000
21690.00000,,9.68375,,,,0.14620,,,1.00000,3.00000,5.00000,7.00000,1.00000
21691.00000,143.03363,27.26455,,,2.51884,0.43947,,,1.00000,3.00000,5.00000,7.00000,0.00000
21692.00000,161.07487,18.10445,,,2.48450,0.23121,,,1.00000,3.00000,5.00000,7.00000,1.00000
21693.00000,124.12055,14.55242,,,1.68116,0.22520,,,1.00000,3.00000,5.00000,7.00000,1.00000
21694.00000,186.20705,15.95698,,,5.64268,0.19176,,,1.00000,3.00000,5.00000,7.00000,1.00000
21695.00000,151.77290,30.86681,,,3.12811,0.42395,,,1.00000,3.00000,5.00000,7.00000,0.00000
21696.00000,142.43736,200.77017,130.46942,110.84116,1.83549,5.23810,3.54832,3.27623,1.00000,3.00000,5.00000,7.00000,1.00000
21699.00000,149.63334,129.84416,31.97855,25.50311,3.04697,2.08170,0.99076,0.38496,1.00000,3.00000,5.00000,7.00000,1.00000
21702.00000,163.66925,103.61652,31.72025,,2.41825,1.52166,0.49853,,1.00000,3.00000,5.00000,7.00000,1.00000
21703.00000,180.84986,75.86256,18.97724,,1.92199,1.50790,0.25558,,1.00000,3.00000,5.00000,7.00000,1.00000
21704.00000,153.78211,121.12202,123.44275,30.54863,2.18195,2.22255,2.43520,0.62326,1.00000,3.00000,5.00000,7.00000,1.00000
21705.00000,174.11854,128.50476,125.28226,97.06133,1.90524,2.08208,2.12815,2.31716,1.00000,3.00000,5.00000,7.00000,1.00000
21706.00000,158.62689,122.07103,118.29288,52.91479,1.38374,2.11167,1.81282,1.67769,1.00000,3.00000,5.00000,7.00000,1.00000
21708.00000,213.62791,11.95326,,,4.70709,0.12386,,,1.00000,3.00000,5.00000,7.00000,1.00000
21709.00000,218.51426,13.32154,,,3.03015,0.14438,,,1.00000,3.00000,5.00000,7.00000,1.00000
21710.00000,202.61245,12.71256,,,4.16057,0.09947,,,1.00000,3.00000,5.00000,7.00000,0.00000
21711.00000,212.80100,11.32569,,,3.27247,0.13209,,,1.00000,3.00000,5.00000,7.00000,1.00000
21712.00000,,14.94230,,,,0.14898,,,1.00000,3.00000,5.00000,7.00000,1.00000
21713.00000,271.05288,12.75543,,,7.73213,0.13018,,,1.00000,3.00000,5.00000,7.00000,1.00000
21715.00000,146.68479,16.56162,,,2.33466,0.17833,,,1.00000,3.00000,5.00000,7.00000,0.00000
21716.00000,220.53680,23.25252,,,3.26742,0.35290,,,1.00000,3.00000,5.00000,7.00000,0.00000
21717.00000,,10.08402,,,,0.08250,,,1.00000,3.00000,5.00000,7.00000,1.00000
21718.00000,193.62309,38.69440,,,3.92184,0.74361,,,1.00000,3.00000,5.00000,7.00000,1.00000
21719.00000,198.48053,12.64303,,,3.50900,0.13153,,,1.00000,3.00000,5.00000,7.00000,1.00000
21720.00000,187.18495,87.04542,9.11809,,3.47754,2.24477,0.13779,,1.00000,3.00000,5.00000,7.00000,0.00000
21721.00000,220.58576,22.23352,,,4.67398,0.19115,,,1.00000,3.00000,5.00000,7.00000,1.00000
21722.00000,194.26023,12.03909,,,3.84394,0.10549,,,1.00000,3.00000,34364.74000,34366.74000,0.00000
21723.00000,135.87568,9.86517,,,2.13805,0.06809,,,1.00000,3.00000,5.00000,7.00000,0.00000
21724.00000,136.59699,12.71622,,,1.95425,0.12467,,,1.00000,3.00000,5.00000,7.00000,0.00000
21725.00000,176.91490,13.41700,,,3.23329,0.15673,,,1.00000,3.00000,5.00000,7.00000,1.00000
21726.00000,,34.92015,,,,0.37244,,,1.00000,3.00000,5.00000,7.00000,1.00000
21727.00000,199.88054,13.31997,,,3.25256,0.12736,,,1.00000,3.00000,5.00000,7.00000,1.00000
21728.00000,185.25405,29.48327,,,4.64482,0.30240,,,1.00000,3.00000,5.00000,7.00000,0.00000
21729.00000,,56.77913,,,,1.11544,,,1.00000,3.00000,5.00000,7.00000,1.00000
21730.00000,158.59860,63.17751,,,2.83240,1.14423,,,1.00000,3.00000,5.00000,7.00000,0.00000
21731.00000,217.57121,54.08561,5.52968,,3.60355,1.11015,0.09301,,1.00000,3.00000,5.00000,7.00000,0.00000
21736.00000,104.65531,9.02002,,,0.97760,0.11131,,,1.00000,3.00000,5.00000,7.00000,0.00000
21737.00000,238.36804,9.90146,,,4.05569,0.09763,,,1.00000,3.00000,5.00000,7.00000,0.00000
21738.00000,249.42382,95.46224,6.29930,,5.62126,1.85521,0.10152,,1.00000,3.00000,5.00000,7.00000,1.00000
21739.00000,,102.28532,7.93876,,,2.52317,0.10870,,1.00000,3.00000,5.00000,7.00000,1.00000
21740.00000,242.41591,56.41846,5.71888,,4.83291,1.69393,0.10569,,1.00000,3.00000,5.00000,7.00000,1.00000
21741.00000,233.85612,60.76074,4.77364,,3.23325,1.07906,0.13744,,1.00000,3.00000,5.00000,7.00000,1.00000
21742.00000,243.83896,74.17194,6.47438,,3.78185,1.61523,0.11866,,1.00000,3.00000,5.00000,7.00000,1.00000
21743.00000,220.69113,85.58381,5.36667,,2.97398,1.87461,0.14152,,1.00000,3.00000,5.00000,7.00000,1.00000
21744.00000,,85.02542,11.30173,,,2.15733,0.13073,,1.00000,3.00000,5.00000,7.00000,1.00000
21745.00000,245.32067,61.83406,,,5.31398,1.30315,,,1.00000,3.00000,5.00000,7.00000,1.00000
21746.00000,222.28770,119.03944,11.07967,,3.62224,2.98944,0.13264,,1.00000,3.00000,5.00000,7.00000,1.00000
21747.00000,244.85839,18.28531,,,3.64589,0.20237,,,1.00000,3.00000,5.00000,7.00000,1.00000
21750.00000,231.79364,,152.16888,124.48327,2.58621,,2.74014,2.18962,1.00000,3.00000,5.00000,7.00000,1.00000
21751.00000,191.21985,228.28692,140.66469,125.15962,2.53609,6.67694,3.10841,3.46347,1.00000,3.00000,5.00000,7.00000,0.00000
21752.00000,196.85800,170.68299,189.21652,100.75714,2.78884,5.30122,4.72030,3.71134,1.00000,3.00000,5.00000,7.00000,0.00000
21753.00000,236.55674,138.31198,19.63884,,3.32977,3.55941,0.16957,,1.00000,3.00000,5.00000,7.00000,1.00000
21754.00000,185.83599,72.66985,5.05300,,12.37520,0.87052,0.12891,,1.00000,34362.74000,34364.74000,34366.74000,1.00000
21755.00000,,139.52884,8.51389,,,3.32863,0.07568,,1.00000,3.00000,5.00000,7.00000,1.00000
21756.00000,233.38208,84.04336,8.34922,,4.09328,1.73867,0.12960,,1.00000,3.00000,5.00000,7.00000,1.00000
21757.00000,274.53826,77.85632,8.85605,,3.94707,1.31610,0.15218,,1.00000,3.00000,5.00000,7.00000,1.00000
21758.00000,,94.90639,16.73628,,,1.81420,0.22086,,1.00000,3.00000,5.00000,7.00000,1.00000
21759.00000,232.83136,101.31593,13.89661,,3.10256,1.80718,0.19492,,1.00000,3.00000,5.00000,7.00000,1.00000
21760.00000,,13.98876,,,,0.14331,,,1.00000,3.00000,5.00000,7.00000,1.00000
21761.00000,189.21827,92.68970,9.34192,,2.99404,2.41302,0.11472,,1.00000,3.00000,5.00000,7.00000,1.00000
21762.00000,270.78175,149.75053,22.70785,,5.03472,2.61103,0.28550,,1.00000,3.00000,5.00000,7.00000,1.00000
21763.00000,232.14179,90.22217,18.00373,,5.95784,1.89304,0.19167,,1.00000,3.00000,5.00000,7.00000,1.00000
21764.00000,212.33027,152.26878,65.79223,8.19908,1.85213,1.71334,1.16427,0.15284,1.00000,3.00000,5.00000,7.00000,1.00000
21765.00000,230.52469,52.55590,7.38079,,3.39667,0.90026,0.13484,,1.00000,3.00000,5.00000,7.00000,1.00000
21766.00000,241.23601,80.07337,5.10662,,3.57736,1.64752,0.07364,,1.00000,3.00000,5.00000,7.00000,0.00000
21767.00000,296.26608,75.34837,5.24768,,5.28991,1.52998,0.08166,,1.00000,3.00000,5.00000,7.00000,1.00000
21768.00000,325.45040,89.84533,5.46580,,4.42105,2.07753,0.10613,,1.00000,3.00000,5.00000,7.00000,1.00000
21769.00000,,101.63961,8.11535,,,2.14323,0.08289,,1.00000,3.00000,5.00000,7.00000,1.00000
21770.00000,,96.92625,9.49258,,,2.05668,0.10951,,1.00000,3.00000,5.00000,7.00000,1.00000
21771.00000,210.75617,49.69324,8.88732,,3.28688,0.74942,0.12089,,1.00000,3.00000,5.00000,7.00000,1.00000
21772.00000,245.03992,141.83516,8.07070,,4.08204,2.97277,0.08904,,1.00000,3.00000,5.00000,7.00000,0.00000
21773.00000,214.88464,85.69243,5.58828,,16.94994,1.64392,0.10431,,1.00000,3.00000,5.00000,7.00000,1.00000
21774.00000,,115.41738,7.36381,,,1.87123,0.10361,,1.00000,3.00000,5.00000,7.00000,1.00000
21775.00000,242.83122,181.27300,13.09363,,3.02353,3.90508,0.17356,,1.00000,3.00000,5.00000,7.00000,1.00000
21776.00000,215.76736,75.10202,7.47234,,3.62475,1.67166,0.12324,,1.00000,3.00000,5.00000,7.00000,1.00000
21777.00000,226.43343,59.79382,11.56188,,3.77301,1.45599,0.13897,,1.00000,3.00000,5.00000,7.00000,1.00000
21778.00000,253.96126,98.47116,6.19592,,4.62138,1.91410,0.13065,,1.00000,3.00000,5.00000,7.00000,1.00000
21779.00000,238.22981,120.34987,9.17879,,4.63828,2.71005,0.08982,,1.00000,3.00000,5.00000,7.00000,1.00000
21780.00000,142.76279,65.61539,8.65210,,14.95303,1.84771,0.13580,,1.00000,3.00000,5.00000,7.00000,1.00000
21781.00000,,49.97353,5.62620,,,0.80008,0.12131,,1.00000,3.00000,5.00000,7.00000,1.00000
21782.00000,209.20244,115.85363,7.25546,,4.07806,2.69788,0.10059,,1.00000,3.00000,5.00000,7.00000,1.00000
21783.00000,,79.45499,6.99706,,,1.39243,0.08522,,1.00000,3.00000,5.00000,7.00000,1.00000
21784.00000,240.61799,99.85289,10.29250,,3.65939,1.93373,0.15658,,1.00000,3.00000,5.00000,7.00000,1.00000
21785.00000,235.04928,61.51903,,,3.65206,1.27723,,,1.00000,3.00000,5.00000,7.00000,0.00000
21790.00000,203.12279,202.99905,134.17232,161.70515,3.58451,3.08303,3.33412,4.15039,1.00000,3.00000,5.00000,7.00000,1.00000
21791.00000,225.35201,198.04102,130.87226,159.76341,2.83681,4.88628,3.09697,7.92172,1.00000,3.00000,5.00000,7.00000,1.00000
21792.00000,241.80410,221.38107,198.04710,187.02519,2.02926,2.11279,1.98116,2.75945,1.00000,3.00000,5.00000,7.00000,0.00000
21793.00000,193.42668,184.60444,170.90386,202.31065,2.97057,2.55892,2.76528,3.83331,1.00000,3.00000,5.00000,7.00000,1.00000
21794.00000,196.19625,160.92789,10.57198,,2.51773,3.02321,0.14001,,1.00000,3.00000,5.00000,7.00000,1.00000
21795.00000,223.62751,100.58034,8.66725,,3.08002,1.69577,0.10597,,1.00000,3.00000,5.00000,7.00000,1.00000
21796.00000,,,10000.00000,,,,26172.00375,,1.00000,3.00000,5.00000,7.00000,1.00000
21799.00000,,,16.61489,,,,1.27815,,1.00000,3.00000,5.00000,7.00000,1.00000
21800.00000,13.02254,,,,0.14700,,,,1.00000,3.00000,5.00000,7.00000,0.00000
21801.00000,,1000.00000,,,,145.87658,,,1.00000,3.00000,5.00000,7.00000,1.00000
21803.00000,8.21644,,999.98999,,0.16152,,143.78367,,1.00000,3.00000,5.00000,7.00000,1.00000
21804.00000,35.37572,,,,0.55860,,,,1.00000,3.00000,5.00000,7.00000,0.00000
21805.00000,,,1000.00000,29.90223,,,90.48604,2.24839,1.00000,3.00000,5.00000,7.00000,1.00000
21806.00000,142.94813,43.04898,10.80101,,2.73756,0.97089,0.16212,,1.00000,3.00000,5.00000,7.00000,0.00000
21807.00000,170.88277,96.44533,76.35803,27.35116,3.93511,1.49228,1.48685,0.75685,1.00000,3.00000,5.00000,7.00000,1.00000
22050.00000,95.75995,10.24162,,,2.04041,0.12100,,,1.00000,3.00000,5.00000,7.00000,1.00000
22051.00000,188.32727,97.03375,43.58931,,3.32434,2.47073,0.87906,,1.00000,3.00000,5.00000,7.00000,1.00000
22052.00000,166.02798,125.59164,72.77291,27.70539,3.35510,3.25670,2.18705,1.15314,1.00000,3.00000,5.00000,7.00000,0.00000
22053.00000,170.04935,83.77275,34.81757,,3.02414,2.17596,0.66653,,1.00000,3.00000,5.00000,7.00000,1.00000
22054.00000,110.83298,83.32600,11.06790,,1.56047,2.18915,0.22402,,1.00000,3.00000,5.00000,7.00000,1.00000
22055.00000,177.62118,66.59298,11.21042,,4.49754,1.59707,0.22697,,1.00000,3.00000,5.00000,7.00000,1.00000
22056.00000,191.85832,138.11140,66.87237,18.36930,3.76076,2.76230,2.43552,0.44973,1.00000,3.00000,5.00000,7.00000,1.00000
22057.00000,205.63497,101.41691,25.92644,16.28982,4.64976,2.59937,0.54492,0.41770,1.00000,3.00000,5.00000,7.00000,1.00000
22058.00000,190.46636,122.20976,35.39820,14.36143,4.18947,3.00450,0.89306,0.41925,1.00000,3.00000,5.00000,7.00000,0.00000
22059.00000,182.08919,100.82930,25.99271,,3.16639,2.61145,0.63135,,1.00000,3.00000,5.00000,7.00000,1.00000
22060.00000,185.60972,137.29825,26.69939,,3.68735,2.31237,0.67217,,1.00000,3.00000,5.00000,7.00000,1.00000
22061.00000,139.79142,90.35868,25.52395,11.99712,2.66701,2.13132,0.58138,0.38834,1.00000,3.00000,5.00000,7.00000,1.00000
22062.00000,164.13946,60.82480,,,4.85226,1.46127,,,1.00000,3.00000,5.00000,7.00000,1.00000
22063.00000,156.40849,106.37310,41.39156,13.75891,3.12211,2.08490,1.68008,0.77824,1.00000,3.00000,5.00000,7.00000,1.00000
22064.00000,133.78016,48.31981,10.97732,,4.73008,1.29554,0.33845,,1.00000,3.00000,5.00000,7.00000,1.00000
22065.00000,137.95428,87.67623,23.10474,,4.88006,2.14791,0.57035,,1.00000,3.00000,5.00000,7.00000,1.00000
22066.00000,207.47695,58.18724,9.78674,,4.14143,1.71847,0.19438,,1.00000,3.00000,5.00000,7.00000,1.00000
22067.00000,183.96459,63.98227,10.55391,,3.76990,2.01709,0.22344,,1.00000,3.00000,5.00000,7.00000,0.00000
22068.00000,138.44555,66.17959,14.74995,,2.89179,1.77752,0.30249,,1.00000,3.00000,5.00000,7.00000,0.00000
22069.00000,202.30938,118.88071,95.00007,24.63624,4.03823,2.39634,2.53278,0.62371,1.00000,3.00000,5.00000,7.00000,1.00000
22070.00000,166.33072,86.11729,11.93727,,5.21734,1.77985,0.19870,,1.00000,3.00000,5.00000,7.00000,0.00000
22071.00000,139.65237,58.60547,12.37470,,3.21824,1.85259,0.31071,,1.00000,3.00000,5.00000,7.00000,1.00000
22072.00000,160.75802,132.24230,91.60549,16.52826,2.49085,2.62587,2.81641,0.55243,1.00000,3.00000,5.00000,7.00000,1.00000
22073.00000,141.35656,53.11126,,,3.09295,1.45029,,,1.00000,3.00000,5.00000,7.00000,1.00000
22074.00000,196.31733,140.36103,137.53628,30.69576,3.80368,4.06949,4.38390,1.12597,1.00000,3.00000,5.00000,7.00000,1.00000
22075.00000,132.23977,163.68915,103.62475,70.15265,4.28360,4.79573,3.40164,4.14920,1.00000,3.00000,5.00000,7.00000,1.00000
22076.00000,157.91636,134.61867,116.81446,83.94699,4.59245,3.32500,2.78854,3.32808,1.00000,3.00000,5.00000,7.00000,0.00000
22077.00000,210.56085,139.21292,96.06180,,5.72212,4.23790,2.80951,,1.00000,3.00000,5.00000,7.00000,0.00000
22081.00000,171.27663,142.95757,114.67839,97.31329,2.74756,2.66789,2.27767,2.43580,1.00000,3.00000,5.00000,7.00000,1.00000
22082.00000,159.25484,154.76596,139.39365,86.45852,2.53205,3.58641,3.17148,1.99391,1.00000,3.00000,5.00000,7.00000,1.00000
22083.00000,161.64416,142.30134,145.52293,79.84339,2.44607,3.65711,3.55916,2.89320,1.00000,3.00000,5.00000,7.00000,0.00000
22084.00000,150.44527,168.10130,151.27124,88.02288,2.23836,3.20770,4.56064,2.76177,1.00000,3.00000,5.00000,7.00000,0.00000
22085.00000,193.35107,165.38588,123.58412,85.17852,3.69712,3.79455,2.97250,3.77529,1.00000,3.00000,5.00000,7.00000,0.00000
22086.00000,147.91639,132.37274,123.68327,84.30082,3.01743,2.98638,3.06751,3.52180,1.00000,3.00000,5.00000,7.00000,1.00000
22087.00000,168.70079,149.24305,113.02670,72.80550,2.82217,2.68290,2.20799,2.57495,1.00000,3.00000,5.00000,7.00000,0.00000
22088.00000,131.58071,128.40504,90.84554,88.12917,2.51186,2.97893,2.68262,3.94163,1.00000,3.00000,5.00000,7.00000,1.00000
22090.00000,155.61567,131.74910,108.56693,73.39107,2.58945,3.00840,2.39347,2.36469,1.00000,3.00000,5.00000,7.00000,0.00000
22091.00000,148.92061,155.03727,60.72995,65.34782,3.50100,2.83284,1.75306,2.57340,1.00000,3.00000,5.00000,7.00000,1.00000
22092.00000,192.85663,123.14446,39.41297,11.09465,4.68123,1.98973,1.13546,0.28081,1.00000,3.00000,5.00000,7.00000,0.00000
22093.00000,171.31686,89.41106,70.24016,14.15551,4.31867,1.87754,1.41520,0.39095,1.00000,3.00000,5.00000,7.00000,0.00000
22094.00000,201.07384,157.65800,88.03216,75.77155,3.73669,3.21422,2.46241,2.47388,1.00000,3.00000,5.00000,7.00000,1.00000
22095.00000,147.68233,187.15609,137.82735,128.73079,2.89560,4.37769,3.94983,3.59023,1.00000,3.00000,5.00000,7.00000,0.00000
22096.00000,185.41697,146.85844,121.56753,69.56977,2.75503,2.70172,2.52575,2.62905,1.00000,3.00000,5.00000,7.00000,1.00000
22097.00000,181.73768,152.71521,106.93524,35.06877,3.84118,3.73289,2.57182,1.53310,1.00000,3.00000,5.00000,7.00000,1.00000
22098.00000,156.51758,154.06924,142.45147,120.39785,2.94668,3.83566,4.58258,4.09701,1.00000,3.00000,5.00000,7.00000,0.00000
22099.00000,158.66642,145.92372,153.05998,136.67050,2.23401,2.86529,4.46428,4.40802,1.00000,3.00000,5.00000,7.00000,0.00000
22100.00000,170.37663,146.80060,141.03204,97.09858,2.86822,2.46548,2.82140,3.23545,1.00000,3.00000,5.00000,7.00000,0.00000
22101.00000,138.72974,194.80558,140.52293,95.95465,4.27297,5.99003,4.13347,3.16423,1.00000,3.00000,5.00000,7.00000,0.00000
22102.00000,155.82288,152.19348,126.34202,102.27140,3.73166,2.93335,5.45612,3.74853,1.00000,3.00000,5.00000,7.00000,0.00000
22103.00000,169.75456,161.70159,147.75748,127.24889,2.74918,3.39983,3.12981,4.29989,1.00000,3.00000,5.00000,7.00000,0.00000
22104.00000,192.83892,146.40168,133.63011,114.66486,3.96425,3.02097,2.62488,4.50951,1.00000,3.00000,5.00000,7.00000,0.00000
22105.00000,216.24887,189.36454,136.91171,73.18092,5.82074,4.74739,4.04138,3.55990,1.00000,3.00000,5.00000,7.00000,1.00000
22106.00000,180.16910,184.78716,128.51651,136.69616,3.05734,4.16203,2.99024,3.98827,1.00000,3.00000,5.00000,7.00000,1.00000
22107.00000,127.58095,162.54663,147.40782,122.85265,2.36345,2.77973,3.41115,4.74040,1.00000,3.00000,5.00000,7.00000,1.00000
22108.00000,139.46550,225.27054,122.41454,93.72779,2.00873,5.02600,2.45709,2.57981,1.00000,3.00000,5.00000,7.00000,1.00000
22109.00000,157.93724,189.14452,126.99390,126.68438,2.68051,3.81623,2.59943,4.02966,1.00000,3.00000,5.00000,7.00000,1.00000
22110.00000,172.95994,160.93931,125.66839,117.87320,2.08156,2.86060,3.15409,3.15079,1.00000,3.00000,5.00000,7.00000,0.00000
22113.00000,199.24372,190.13097,146.92650,120.28672,3.66143,3.21605,2.87034,2.42976,1.00000,3.00000,5.00000,7.00000,1.00000
22114.00000,169.49601,152.54005,120.83639,96.56927,2.14839,2.15839,2.73715,2.95092,1.00000,3.00000,5.00000,7.00000,0.00000
22115.00000,178.58775,184.81903,118.37014,129.71911,3.35046,3.99124,3.27588,3.73578,1.00000,3.00000,5.00000,7.00000,0.00000
22116.00000,170.97850,145.30451,114.29011,146.78934,2.45642,2.56139,2.37750,4.52228,1.00000,3.00000,5.00000,7.00000,1.00000
22117.00000,156.61873,158.41185,124.89453,128.42447,2.39615,3.28845,3.41824,4.12577,1.00000,3.00000,5.00000,7.00000,1.00000
22118.00000,170.01010,189.14402,134.63826,100.27055,2.95769,2.95184,2.24760,2.30500,1.00000,3.00000,5.00000,7.00000,0.00000
22119.00000,170.92690,163.22801,183.05942,153.45137,3.68767,2.86702,3.27483,4.50022,1.00000,3.00000,5.00000,7.00000,1.00000
22120.00000,169.04004,155.20002,168.57518,111.55714,4.07867,3.32315,3.15355,3.69298,1.00000,3.00000,5.00000,7.00000,1.00000
22121.00000,169.04186,160.61175,194.12634,151.99123,3.35769,2.63442,6.43179,3.87011,1.00000,3.00000,5.00000,7.00000,1.00000
22122.00000,168.97236,183.72331,143.85008,95.53852,2.74630,4.18226,2.48784,2.63022,1.00000,3.00000,5.00000,7.00000,0.00000
22123.00000,190.08657,198.62799,122.04711,56.08899,4.88017,5.16251,2.51589,2.62847,1.00000,3.00000,5.00000,7.00000,0.00000
22124.00000,219.41719,211.64071,134.80996,95.86195,5.43623,6.42815,4.11826,2.71713,1.00000,3.00000,5.00000,7.00000,1.00000
22125.00000,139.60189,134.97919,165.82028,112.74304,2.05021,2.05124,3.50929,3.04721,1.00000,3.00000,5.00000,7.00000,0.00000
22126.00000,166.38012,122.88812,114.23114,104.76583,3.33111,3.79164,2.97475,3.18308,1.00000,3.00000,5.00000,7.00000,0.00000
22127.00000,203.09336,207.65599,175.08555,127.88254,3.99383,3.49678,3.43258,3.03226,1.00000,3.00000,5.00000,7.00000,1.00000
22128.00000,193.32604,164.97054,118.57236,107.24552,2.46107,4.42292,3.47817,4.36724,1.00000,3.00000,5.00000,7.00000,1.00000
22129.00000,217.38281,142.40541,141.53751,100.24056,5.28301,2.29855,2.57252,2.74791,1.00000,3.00000,5.00000,7.00000,0.00000
22130.00000,147.31979,124.79259,135.70738,129.54931,2.03273,2.25171,2.29473,3.97809,1.00000,3.00000,5.00000,7.00000,1.00000
22131.00000,145.98591,159.11021,95.64417,97.20840,3.03340,4.29986,2.46806,3.51637,1.00000,3.00000,5.00000,7.00000,0.00000
22132.00000,163.31335,192.85504,140.41717,120.81927,4.11553,4.96745,3.27457,3.09257,1.00000,3.00000,5.00000,7.00000,0.00000
22133.00000,148.74588,152.67845,148.93437,100.09967,2.70809,2.68052,2.34367,3.35240,1.00000,3.00000,5.00000,7.00000,0.00000
22134.00000,149.26121,137.23162,99.78956,71.69662,2.36839,2.82939,2.10770,2.75740,1.00000,3.00000,5.00000,7.00000,0.00000
22135.00000,158.65527,199.26226,118.12273,105.88925,3.15248,4.31280,4.25783,3.45608,1.00000,3.00000,5.00000,7.00000,0.00000
22136.00000,224.04306,162.27465,119.28029,123.18918,4.93700,4.59618,3.48502,3.88396,1.00000,3.00000,5.00000,7.00000,1.00000
22137.00000,253.83205,5.81848,894.24167,,5.08125,0.10408,182.75643,,1.00000,3.00000,5.00000,7.00000,1.00000
22138.00000,192.57859,133.39844,86.18598,139.27031,3.20573,2.63442,1.77087,3.61099,1.00000,3.00000,5.00000,7.00000,1.00000
22139.00000,198.07780,166.42415,30.82829,,3.38961,2.87422,0.59807,,1.00000,3.00000,5.00000,7.00000,1.00000
22140.00000,228.49697,176.34837,97.42320,111.70097,4.15696,3.91635,2.98433,3.30588,1.00000,3.00000,5.00000,7.00000,0.00000
22141.00000,195.17543,190.58159,166.48148,28.66755,2.43553,3.02881,2.66481,0.70023,1.00000,3.00000,5.00000,7.00000,0.00000
22142.00000,158.58756,168.07710,144.06869,128.37143,3.85394,3.26258,2.49395,3.86055,1.00000,3.00000,5.00000,7.00000,0.00000
22146.00000,192.94540,207.36443,191.60987,180.65281,2.93982,3.50125,3.43373,5.35424,1.00000,3.00000,5.00000,7.00000,0.00000
22152.00000,77.12497,10.30726,,,1.10536,0.10294,,,1.00000,3.00000,5.00000,7.00000,1.00000
22153.00000,282.39222,245.86401,259.15534,218.56265,4.19653,2.65561,2.52802,2.91945,1.00000,3.00000,5.00000,7.00000,1.00000
22154.00000,272.03689,254.07176,238.55399,259.21223,2.83081,3.44583,3.08724,7.28760,5.00000,7.00000,9.00000,11.00000,1.00000
22155.00000,114.08795,139.09649,130.21632,109.19074,1.82134,2.44011,2.56924,3.49007,9.00000,34370.74000,34372.74000,34374.74000,1.00000
22156.00000,222.21041,212.73151,228.73767,301.95059,2.90716,2.81241,9.68235,18.48243,9.00000,11.00000,13.00000,15.00000,1.00000
22157.00000,130.97019,104.72967,108.00789,52.01772,1.83700,2.11391,3.62302,3.87346,13.00000,15.00000,17.00000,19.00000,1.00000
22158.00000,138.28437,106.51197,78.30486,62.09988,1.77152,1.82501,2.22278,2.19236,13.00000,15.00000,17.00000,19.00000,0.00000
22159.00000,212.38261,243.61332,225.70766,249.38767,3.55854,3.84719,3.12262,5.88542,1.00000,3.00000,5.00000,7.00000,0.00000
22160.00000,201.01910,173.00199,214.68907,214.72839,2.47503,2.57908,3.31393,6.78283,1.00000,3.00000,5.00000,7.00000,1.00000
22161.00000,61.41329,5.44936,,,1.37915,0.09689,,,1.00000,3.00000,5.00000,7.00000,1.00000
22162.00000,,11.13923,,,,0.14696,,,1.00000,3.00000,5.00000,7.00000,1.00000
22163.00000,111.67054,5.83757,,,1.74644,0.07089,,,1.00000,3.00000,5.00000,7.00000,1.00000
22170.00000,210.05693,235.19989,277.61834,224.17080,3.31532,2.85185,5.04644,3.89381,1.00000,3.00000,5.00000,7.00000,0.00000
22171.00000,192.87555,274.52523,239.77939,224.43261,2.54576,5.59839,3.12003,3.81943,1.00000,3.00000,5.00000,7.00000,1.00000
22172.00000,161.24992,223.86494,209.28654,242.30198,1.63827,2.42895,2.89686,5.87128,1.00000,3.00000,5.00000,7.00000,1.00000
22173.00000,163.67651,181.38065,116.74287,97.07999,2.46827,1.99851,2.06138,2.79860,1.00000,3.00000,5.00000,7.00000,1.00000
22174.00000,206.35576,153.65655,179.98718,201.32820,2.41892,2.03118,2.72120,4.78679,1.00000,3.00000,5.00000,7.00000,1.00000
22175.00000,182.61668,176.83610,175.53736,193.05051,2.72361,2.33891,2.47491,3.97454,1.00000,3.00000,5.00000,7.00000,1.00000
22176.00000,177.98671,137.39375,40.32544,21.93063,2.27205,1.51685,0.88376,0.41037,1.00000,3.00000,5.00000,7.00000,0.00000
22177.00000,195.90887,113.81549,227.35306,65.27901,2.61502,2.20079,5.82497,2.58454,1.00000,3.00000,5.00000,7.00000,0.00000
22178.00000,187.28786,170.62926,172.29991,157.49231,2.93812,2.18426,2.42943,6.76855,1.00000,3.00000,5.00000,7.00000,0.00000
22180.00000,,252.56650,254.79129,117.85005,,3.52971,3.75433,2.98232,1.00000,3.00000,5.00000,7.00000,1.00000
22181.00000,186.93610,39.22163,14.13629,,2.04946,0.90757,0.16374,,1.00000,3.00000,5.00000,7.00000,1.00000
22182.00000,192.17652,110.29565,188.68688,145.02963,2.52477,1.48801,3.24292,2.93623,1.00000,3.00000,5.00000,7.00000,1.00000
22183.00000,180.96091,201.76555,60.72302,168.39205,1.88811,2.13482,1.25588,3.37931,1.00000,3.00000,5.00000,7.00000,1.00000
22184.00000,222.34082,104.57411,201.11357,193.89799,4.01490,1.69242,3.90412,4.57312,1.00000,3.00000,5.00000,7.00000,1.00000
22202.00000,254.70790,195.40843,171.98072,132.68364,3.92895,3.16987,5.29020,4.41226,1.00000,3.00000,5.00000,7.00000,0.00000
22203.00000,164.82693,30.28348,11.23812,,1.66898,0.69566,0.28920,,1.00000,3.00000,5.00000,7.00000,0.00000
22204.00000,178.67667,223.13881,198.84402,130.99987,2.25758,3.90918,6.93986,3.95144,1.00000,3.00000,5.00000,7.00000,0.00000
22205.00000,185.45123,24.91203,7.08404,,2.41545,0.52119,0.27136,,1.00000,3.00000,5.00000,7.00000,0.00000
22206.00000,239.48862,242.46167,271.30115,216.86628,4.53706,5.48068,7.06956,9.99676,1.00000,3.00000,5.00000,7.00000,0.00000
22209.00000,193.17858,248.22593,154.10985,180.16383,4.78821,5.69581,4.68955,7.17037,1.00000,3.00000,5.00000,7.00000,0.00000
22210.00000,228.82886,258.40082,237.12089,134.82870,4.21111,5.99440,5.55995,5.05508,1.00000,3.00000,5.00000,7.00000,0.00000
22211.00000,187.27478,188.93591,103.56396,40.78273,3.21094,5.11425,3.46413,1.74744,1.00000,3.00000,5.00000,7.00000,1.00000
22212.00000,181.00133,190.81169,259.74103,193.91187,3.35984,4.31783,8.71143,6.83138,1.00000,3.00000,5.00000,7.00000,0.00000
22213.00000,233.57688,199.53350,171.61014,231.02791,4.22648,3.96489,6.17499,11.84016,1.00000,3.00000,5.00000,7.00000,0.00000
22214.00000,186.16417,205.97629,221.74152,111.92339,3.13483,4.71001,7.99616,4.57389,1.00000,3.00000,5.00000,7.00000,0.00000
22215.00000,52.93745,7.14156,,,1.52171,0.21797,,,1.00000,3.00000,5.00000,7.00000,0.00000
22216.00000,150.29739,152.84094,119.14441,141.13644,2.34870,3.64275,3.27510,6.26750,1.00000,3.00000,5.00000,7.00000,0.00000
22217.00000,74.88898,12.41851,,,1.47913,0.30872,,,1.00000,3.00000,5.00000,7.00000,0.00000
22218.00000,207.09498,239.25153,230.40320,203.44291,3.27751,5.43680,6.15007,6.67785,1.00000,3.00000,5.00000,7.00000,0.00000
22219.00000,210.34773,99.39089,161.60490,135.44412,3.29729,2.92896,6.38157,5.53677,1.00000,3.00000,5.00000,7.00000,0.00000
22220.00000,65.33716,14.81296,,,2.31728,0.34254,,,1.00000,3.00000,5.00000,7.00000,0.00000
22221.00000,142.72043,70.90231,167.76117,88.20473,2.40993,2.43498,5.10225,3.70221,1.00000,3.00000,5.00000,7.00000,0.00000
22222.00000,131.82247,13.52486,,,2.19255,0.28364,,,1.00000,3.00000,5.00000,7.00000,0.00000
22226.00000,242.58367,249.12910,190.58025,68.67286,4.55905,7.10793,4.78492,2.81503,1.00000,3.00000,5.00000,7.00000,0.00000
22227.00000,226.46254,252.61812,218.76252,176.93559,3.73103,7.41495,7.61121,5.98818,1.00000,3.00000,5.00000,7.00000,0.00000
22228.00000,209.82933,271.09171,265.18447,198.19988,4.06723,7.38411,10.45207,7.98641,1.00000,3.00000,5.00000,7.00000,0.00000
22229.00000,212.67285,275.12020,298.61900,250.50840,5.06842,9.92054,12.22057,14.88168,1.00000,3.00000,5.00000,7.00000,0.00000
22230.00000,216.47357,238.13340,300.16750,236.60877,5.55765,7.12082,12.81432,14.92224,1.00000,3.00000,5.00000,7.00000,0.00000
22231.00000,222.62610,255.67460,275.55304,292.02622,4.92528,9.13841,10.63702,17.30006,1.00000,3.00000,5.00000,7.00000,0.00000
22232.00000,229.84236,284.13090,288.52945,284.96729,6.75494,12.24007,12.39854,19.38854,1.00000,3.00000,5.00000,7.00000,0.00000
22233.00000,237.11258,246.73735,294.01314,235.01350,7.16151,9.60794,11.63800,14.95297,1.00000,3.00000,5.00000,7.00000,1.00000
22234.00000,187.26544,204.03859,296.69526,299.90656,7.58022,10.49372,21.46561,26.19041,1.00000,3.00000,5.00000,7.00000,0.00000
22235.00000,257.75222,230.13689,210.65866,236.61964,12.14276,10.47718,9.88695,17.79000,1.00000,3.00000,5.00000,7.00000,0.00000
22236.00000,201.66500,199.97666,169.64789,136.96498,7.85860,10.23566,6.95147,5.95439,1.00000,3.00000,5.00000,7.00000,0.00000
22237.00000,256.19815,215.99936,137.94207,128.16109,13.97720,14.09635,5.85575,7.07369,1.00000,34362.74000,34364.74000,34366.74000,0.00000
22238.00000,180.64425,187.49354,45.30788,,8.07617,9.22288,2.92934,,1.00000,3.00000,5.00000,7.00000,0.00000
22239.00000,171.82300,154.84034,74.68509,,7.46371,7.22003,3.84210,,1.00000,3.00000,5.00000,7.00000,0.00000
22247.00000,150.17034,126.72770,74.04473,32.56117,4.58980,3.81560,2.86140,2.49754,1.00000,3.00000,5.00000,7.00000,0.00000
22248.00000,190.22016,145.74851,74.23045,38.32692,6.65207,4.76455,2.92762,2.54642,1.00000,3.00000,5.00000,7.00000,0.00000
22249.00000,211.35709,294.77923,130.83012,197.58627,7.35313,15.86192,3.92566,11.21863,1.00000,3.00000,5.00000,7.00000,0.00000
22250.00000,224.06155,180.51910,131.01519,157.72353,8.54547,6.36900,4.64277,7.20635,1.00000,3.00000,5.00000,7.00000,0.00000
22251.00000,219.44790,226.97782,229.27346,174.54284,6.89573,8.12176,9.05406,6.96467,1.00000,3.00000,5.00000,7.00000,0.00000
22252.00000,170.44446,242.40260,243.54549,205.11208,5.96138,9.79788,10.85715,11.40192,1.00000,3.00000,5.00000,7.00000,0.00000
22253.00000,256.23063,225.31426,205.34065,121.40527,6.56218,6.16173,6.77199,4.85907,1.00000,3.00000,5.00000,7.00000,1.00000
22254.00000,268.73254,252.88964,191.95071,205.27368,10.86987,9.04048,5.82524,10.99351,1.00000,3.00000,5.00000,7.00000,0.00000
22255.00000,221.54726,236.62745,204.37540,212.63605,5.59295,6.16114,5.56257,14.81192,1.00000,3.00000,5.00000,7.00000,0.00000
22256.00000,230.42484,229.09370,167.58422,158.37469,6.84206,6.72610,5.17217,8.52441,1.00000,3.00000,5.00000,7.00000,0.00000
22267.00000,144.19689,177.15118,169.34066,157.57511,1.93757,3.29309,3.69728,4.61056,1.00000,3.00000,5.00000,7.00000,1.00000
22268.00000,218.89598,187.78895,164.22038,146.85227,4.23224,2.80351,3.50268,3.71995,1.00000,3.00000,5.00000,7.00000,1.00000
22269.00000,212.97476,205.41806,175.18889,141.07286,3.57941,3.05055,3.37460,3.45640,1.00000,3.00000,5.00000,7.00000,1.00000
22270.00000,205.68494,204.83553,169.32789,187.90016,3.10956,3.23587,3.18576,6.37805,1.00000,3.00000,5.00000,7.00000,1.00000
22271.00000,223.57165,202.67000,181.96016,206.74843,3.64939,3.07940,3.07744,5.49946,1.00000,3.00000,5.00000,7.00000,1.00000
22272.00000,190.62722,189.55938,166.99997,219.61012,2.35121,3.10691,2.80636,8.84320,1.00000,3.00000,5.00000,7.00000,1.00000
22273.00000,225.20460,232.54149,179.67520,188.87509,3.67920,3.66807,3.21118,5.99300,1.00000,3.00000,5.00000,7.00000,0.00000
22274.00000,215.45226,188.45504,203.51363,186.06072,3.34570,4.40538,4.27527,6.60099,1.00000,3.00000,5.00000,7.00000,1.00000
22275.00000,212.66457,210.16236,193.93780,184.47286,2.72775,4.00709,3.95272,4.43185,1.00000,3.00000,5.00000,7.00000,1.00000
22276.00000,240.44922,178.35386,184.41346,189.81089,3.58038,3.56897,3.67407,4.48665,1.00000,3.00000,5.00000,7.00000,0.00000
22277.00000,223.38629,188.02483,192.42470,176.06564,3.76274,2.96771,4.20922,6.12248,1.00000,3.00000,5.00000,7.00000,0.00000
22279.00000,199.42634,129.89214,130.32094,156.09174,2.94566,1.79646,1.87651,3.39842,1.00000,3.00000,5.00000,7.00000,0.00000
22280.00000,19.07303,,,,0.21590,,,,1.00000,3.00000,5.00000,7.00000,0.00000
22281.00000,124.81383,28.75553,,,1.63743,0.58564,,,1.00000,3.00000,5.00000,7.00000,0.00000
22282.00000,206.17548,153.57872,10.40436,,3.05153,2.02147,0.20927,,1.00000,3.00000,5.00000,7.00000,1.00000
22285.00000,226.04716,230.61955,228.87816,370.84949,2.70451,3.70361,5.40311,29.20418,1.00000,3.00000,5.00000,7.00000,0.00000
22286.00000,213.48737,258.12492,278.11388,196.94250,3.13297,3.93594,5.55663,10.12032,1.00000,3.00000,5.00000,7.00000,0.00000
22287.00000,198.69914,219.45056,240.63531,,2.72087,3.48065,4.74239,,1.00000,3.00000,5.00000,7.00000,0.00000
22288.00000,243.81864,240.01515,228.80648,245.99528,3.60718,3.48659,3.99724,7.22393,1.00000,3.00000,5.00000,7.00000,0.00000
22289.00000,251.27237,258.46678,227.26333,286.13226,3.60503,4.16337,3.59030,10.76956,1.00000,3.00000,5.00000,7.00000,0.00000
22290.00000,203.77066,244.42803,252.83938,157.99658,3.04725,4.69983,5.95661,10.82741,1.00000,3.00000,5.00000,7.00000,0.00000
22291.00000,226.00167,227.17706,209.29222,241.16525,4.59483,4.84182,5.61797,15.33255,1.00000,3.00000,5.00000,7.00000,0.00000
22292.00000,224.42114,232.29747,293.09150,300.15728,4.02860,4.93488,8.08117,24.88024,1.00000,3.00000,5.00000,7.00000,0.00000
22293.00000,281.46615,276.12144,258.55482,294.37221,12.91509,12.23214,13.09249,14.45675,1.00000,3.00000,5.00000,7.00000,0.00000
22294.00000,253.28802,309.81276,247.57735,370.46899,7.95424,11.40984,10.89210,18.51413,1.00000,3.00000,5.00000,7.00000,0.00000
22295.00000,220.97102,277.68458,259.98159,211.89001,8.85202,14.07174,14.66047,13.71914,1.00000,3.00000,5.00000,7.00000,0.00000
22296.00000,261.97808,243.31170,436.66896,219.51268,11.42233,12.80793,29.53680,12.31146,1.00000,3.00000,5.00000,7.00000,0.00000
22297.00000,240.16328,199.72254,102.10797,,11.16351,9.71654,3.47562,,1.00000,3.00000,5.00000,7.00000,0.00000
22298.00000,214.86279,173.57280,60.65900,,9.86307,8.82277,3.06023,,1.00000,3.00000,5.00000,7.00000,0.00000
22304.00000,231.15525,257.05159,222.89916,255.56078,6.64802,9.14248,8.22900,11.73149,1.00000,3.00000,5.00000,7.00000,0.00000
22305.00000,223.72014,261.32239,339.52178,237.12009,6.88468,10.49958,17.31486,13.57293,1.00000,3.00000,5.00000,7.00000,0.00000
22306.00000,241.38799,359.38456,221.33153,211.51892,6.46603,15.51034,10.09463,10.01657,1.00000,3.00000,5.00000,7.00000,0.00000
22307.00000,192.55485,247.73463,177.63872,257.09227,6.35645,11.29390,7.15031,13.93787,1.00000,3.00000,5.00000,7.00000,0.00000
22308.00000,209.51990,196.52134,182.74328,229.90209,3.66328,4.33242,4.28097,11.69514,1.00000,3.00000,5.00000,7.00000,0.00000
22309.00000,221.82600,217.45898,203.19192,180.51553,5.05915,4.79469,4.31425,13.01071,1.00000,3.00000,5.00000,7.00000,0.00000
22329.00000,257.16962,211.43937,202.57369,226.10256,4.41907,3.29917,3.55562,5.99750,1.00000,3.00000,5.00000,7.00000,0.00000
22331.00000,263.86869,284.17831,208.67298,226.56815,3.99608,4.20225,4.57966,6.81997,1.00000,3.00000,5.00000,7.00000,0.00000
22332.00000,244.58158,240.74926,218.04858,192.43393,4.11866,4.94138,5.73216,6.94765,1.00000,3.00000,5.00000,7.00000,0.00000
22333.00000,200.76639,190.41986,233.69049,194.79689,2.77480,2.98580,5.30521,5.99667,1.00000,3.00000,5.00000,7.00000,0.00000
22334.00000,196.20955,230.90704,238.48330,216.71922,3.22848,4.00415,5.68903,6.13747,1.00000,3.00000,5.00000,7.00000,0.00000
22336.00000,207.99313,218.38133,204.43415,172.20109,3.05453,3.61449,4.59966,5.43053,1.00000,3.00000,5.00000,7.00000,0.00000
22337.00000,261.88663,245.13006,300.76624,257.29230,4.74072,5.00519,8.19417,10.10594,1.00000,3.00000,5.00000,7.00000,0.00000
22338.00000,256.27999,290.43418,262.22527,240.65546,3.79400,5.56453,8.10531,6.77259,1.00000,3.00000,5.00000,7.00000,0.00000
22339.00000,197.41701,258.53649,231.96892,264.27276,3.52536,5.83626,5.99127,8.48436,1.00000,3.00000,5.00000,7.00000,0.00000
22340.00000,279.73007,276.37846,285.63147,227.19691,4.69760,5.72554,8.46764,8.76921,1.00000,3.00000,5.00000,7.00000,0.00000
22341.00000,212.17540,290.73569,254.72896,397.10108,4.47462,5.25168,7.35383,15.78242,1.00000,3.00000,5.00000,7.00000,0.00000
22351.00000,275.64573,241.26173,268.68678,202.58920,5.28205,4.98915,7.17197,6.36212,1.00000,3.00000,5.00000,7.00000,0.00000
22352.00000,262.34011,275.66491,231.71568,165.08453,4.42653,5.63438,5.89625,5.03780,1.00000,3.00000,5.00000,7.00000,0.00000
22353.00000,221.43504,282.68767,194.18828,203.51406,3.76872,6.77890,4.93958,8.32819,1.00000,3.00000,5.00000,7.00000,0.00000
22355.00000,187.73805,240.80450,229.87917,253.84781,2.73630,4.70206,6.70536,11.02140,1.00000,3.00000,5.00000,7.00000,0.00000
22356.00000,234.97960,244.09818,217.92801,194.69180,4.31592,4.66316,6.34842,5.52377,1.00000,3.00000,5.00000,7.00000,1.00000
22357.00000,239.38911,246.99663,230.95237,265.15856,4.46172,5.54199,6.65021,9.91349,1.00000,3.00000,5.00000,7.00000,0.00000
22358.00000,247.25355,263.66544,224.51245,260.68488,5.11533,7.04527,6.15853,10.17971,1.00000,3.00000,5.00000,7.00000,0.00000
22359.00000,227.23454,269.73663,241.93958,181.37331,3.77477,7.52957,6.73564,7.10994,1.00000,3.00000,5.00000,7.00000,0.00000
22373.00000,210.08266,248.65443,183.29518,226.98305,3.09023,4.08582,4.03685,7.11548,1.00000,3.00000,5.00000,7.00000,0.00000
22374.00000,211.56293,270.68924,192.86201,212.39597,4.33562,6.59967,4.93041,8.06340,1.00000,3.00000,5.00000,7.00000,1.00000
22375.00000,242.72456,226.76845,228.45457,209.26511,4.34763,5.62847,5.99765,7.90666,1.00000,3.00000,5.00000,7.00000,0.00000
22376.00000,248.51858,274.91802,185.63755,165.68936,4.94363,7.03016,5.35155,5.44854,1.00000,3.00000,5.00000,7.00000,0.00000
22377.00000,200.41738,217.10215,209.34097,244.44240,4.17104,5.56383,7.38949,10.29082,1.00000,3.00000,5.00000,7.00000,0.00000
22378.00000,184.88514,176.24389,185.54778,176.80781,4.31904,4.04156,6.19893,6.96462,1.00000,3.00000,5.00000,7.00000,0.00000
22380.00000,185.32090,220.11802,214.20492,164.90407,2.63580,3.80788,5.36239,4.75424,1.00000,3.00000,5.00000,7.00000,0.00000
22381.00000,168.92068,197.66154,183.23009,212.05006,2.72334,3.90624,4.44615,8.00892,1.00000,3.00000,5.00000,7.00000,0.00000
22388.00000,173.64594,197.70639,242.64013,213.30791,3.24586,4.17173,5.74838,7.89136,1.00000,3.00000,5.00000,7.00000,0.00000
22389.00000,218.71744,182.92737,214.00515,241.44179,3.74199,3.45527,6.40565,8.86868,1.00000,3.00000,5.00000,7.00000,0.00000
22390.00000,272.89495,263.85634,199.78594,221.31268,4.87151,6.38480,5.63883,8.26851,1.00000,3.00000,5.00000,7.00000,0.00000
22392.00000,211.25595,237.79343,167.24764,261.37685,4.28143,5.59158,4.20480,11.35477,1.00000,3.00000,5.00000,7.00000,0.00000
22393.00000,224.37451,271.72374,215.59524,183.59744,4.02257,6.93879,7.19562,6.72024,1.00000,3.00000,5.00000,7.00000,0.00000
22394.00000,185.57163,190.56692,179.78327,257.54643,4.26367,5.14806,5.99455,14.34177,1.00000,3.00000,5.00000,7.00000,0.00000
22395.00000,188.03455,258.31913,189.91071,195.51523,3.07672,6.59605,4.85980,6.79302,1.00000,3.00000,5.00000,7.00000,0.00000
22396.00000,228.57366,228.92140,181.41767,160.79210,5.76024,6.02595,5.08408,5.11463,1.00000,3.00000,5.00000,7.00000,0.00000
22397.00000,168.93134,208.11210,216.37908,218.06086,3.11285,4.81644,6.26814,8.83840,1.00000,3.00000,5.00000,7.00000,0.00000
22399.00000,188.50089,234.88159,230.74157,271.43921,3.72642,6.22046,8.24439,11.54169,1.00000,3.00000,5.00000,7.00000,0.00000
22400.00000,205.49469,257.80633,206.40597,215.85628,4.24365,7.12994,6.48756,10.43803,1.00000,3.00000,5.00000,7.00000,0.00000
22401.00000,201.68770,166.11819,186.49574,220.80087,4.22703,3.41871,5.38567,10.34021,1.00000,3.00000,5.00000,7.00000,0.00000
22402.00000,211.28383,208.76347,201.61983,233.72440,4.31572,5.15202,5.73255,11.72253,1.00000,3.00000,5.00000,7.00000,0.00000
22403.00000,218.70310,186.58750,180.75756,180.98832,5.22316,4.10676,5.32423,7.66274,1.00000,3.00000,5.00000,7.00000,0.00000
22404.00000,172.94654,198.43391,220.81410,191.68755,3.21667,4.28124,5.16314,5.73627,1.00000,3.00000,5.00000,7.00000,0.00000
22405.00000,195.29924,208.85984,170.72528,161.44082,4.38393,5.47531,4.51890,5.64972,1.00000,3.00000,5.00000,7.00000,0.00000
22406.00000,217.27071,231.51583,187.72537,285.37498,5.32621,6.97726,7.19179,16.66934,1.00000,3.00000,5.00000,7.00000,0.00000
22407.00000,208.07783,207.24880,170.32040,187.60229,3.97858,4.85117,5.56541,8.65818,1.00000,3.00000,5.00000,7.00000,0.00000
22408.00000,194.29690,111.47787,191.13829,173.04671,3.02549,2.57751,5.70235,6.55026,1.00000,3.00000,5.00000,7.00000,0.00000
22409.00000,226.29701,195.19903,194.55721,210.64714,4.73626,4.13471,6.07125,8.95973,1.00000,3.00000,5.00000,7.00000,0.00000
22431.00000,195.54162,200.72335,197.78014,210.07531,2.92702,4.74500,5.38808,8.19958,1.00000,3.00000,5.00000,7.00000,0.00000
22432.00000,226.54320,210.43930,196.59305,235.72577,4.91126,4.31386,5.44307,9.84511,1.00000,3.00000,5.00000,7.00000,0.00000
22434.00000,234.96151,176.10785,148.45375,157.89457,5.61023,3.90594,4.07327,5.83644,1.00000,3.00000,5.00000,7.00000,1.00000
22435.00000,213.92443,147.15007,191.42530,155.78798,6.96684,3.94389,5.68196,6.41599,1.00000,3.00000,5.00000,7.00000,0.00000
22436.00000,224.26307,216.50987,162.84965,179.15702,3.65739,6.06751,4.89910,6.50082,1.00000,3.00000,5.00000,7.00000,0.00000
22437.00000,230.36829,244.50871,226.28583,190.24727,3.75697,6.25337,10.28157,9.85320,1.00000,3.00000,5.00000,7.00000,0.00000
22438.00000,192.28698,216.73720,215.28264,116.01122,3.24855,5.55034,9.00641,6.87543,1.00000,3.00000,5.00000,7.00000,0.00000
22440.00000,200.12097,217.72947,210.63437,227.43580,3.10600,4.96091,6.60669,12.06472,1.00000,3.00000,5.00000,7.00000,0.00000
22451.00000,232.42682,208.49872,166.66804,238.64237,4.39071,5.12449,3.72867,10.25605,1.00000,3.00000,5.00000,7.00000,0.00000
22452.00000,223.13650,272.74769,212.04092,239.23657,3.64371,6.89592,8.98034,9.47493,1.00000,3.00000,5.00000,7.00000,0.00000
22453.00000,191.15133,210.17266,231.52820,163.92367,3.38796,4.44995,9.21803,8.45348,1.00000,3.00000,5.00000,7.00000,0.00000
22454.00000,228.62121,177.68777,194.52755,188.13123,3.58326,4.14548,4.97749,6.53734,1.00000,3.00000,5.00000,7.00000,0.00000
22455.00000,194.37739,229.22876,305.31415,236.91570,3.76949,6.03042,14.68094,13.16815,1.00000,3.00000,5.00000,7.00000,0.00000
22456.00000,251.34095,257.95197,276.09199,121.47546,5.08600,8.83494,12.90816,7.24822,1.00000,3.00000,5.00000,7.00000,0.00000
22457.00000,246.01880,215.33085,234.39919,203.68500,4.29712,5.52043,8.58185,8.76908,1.00000,3.00000,5.00000,7.00000,0.00000
22458.00000,218.98521,248.21522,226.76333,164.69875,4.37134,7.31160,9.93140,7.72961,1.00000,3.00000,5.00000,7.00000,0.00000
22459.00000,239.52846,174.10993,146.79369,154.81314,4.91907,4.70256,3.43119,5.81559,1.00000,3.00000,5.00000,7.00000,0.00000
22460.00000,229.59898,161.37349,205.35351,220.82065,3.70625,3.44400,5.35380,8.90771,1.00000,3.00000,5.00000,7.00000,0.00000
22461.00000,213.33955,156.95916,171.45611,154.97594,3.70545,4.00001,5.52462,8.02397,1.00000,3.00000,5.00000,7.00000,0.00000
22462.00000,204.68322,208.30260,270.66831,277.76824,3.27326,5.82643,11.61872,17.00881,1.00000,3.00000,5.00000,7.00000,0.00000
22463.00000,226.95914,319.46731,180.54578,136.26319,6.36839,12.51092,7.19777,7.96323,1.00000,3.00000,5.00000,7.00000,0.00000
22470.00000,212.68274,218.06494,234.20897,199.35261,3.84985,5.25980,7.86889,10.63876,1.00000,3.00000,5.00000,7.00000,0.00000
22471.00000,208.87686,240.66470,223.35105,206.94413,3.55506,6.69503,8.13197,11.14534,1.00000,3.00000,5.00000,7.00000,0.00000
22472.00000,225.17807,197.75039,204.30704,193.74266,5.74780,6.27732,8.58167,13.31256,1.00000,3.00000,5.00000,7.00000,0.00000
22473.00000,253.76488,219.66184,219.90923,340.18496,6.23169,6.49466,9.02309,18.42822,1.00000,3.00000,5.00000,7.00000,0.00000
22474.00000,309.27664,312.17800,195.58592,180.41692,8.65079,11.37158,10.78031,9.14348,1.00000,3.00000,5.00000,7.00000,0.00000
22475.00000,188.50622,265.01841,235.96456,155.46764,5.16843,8.87188,10.16058,11.63095,1.00000,3.00000,5.00000,7.00000,0.00000
22476.00000,229.38595,172.63977,290.27633,225.73055,5.20123,4.32555,11.40077,15.65213,1.00000,3.00000,5.00000,7.00000,0.00000
22477.00000,202.43762,196.56200,219.36392,223.13414,5.17428,4.72830,7.03557,10.62618,1.00000,3.00000,5.00000,7.00000,0.00000
22478.00000,232.23973,214.72316,241.14710,156.36924,4.59108,5.67071,9.32154,7.79988,1.00000,3.00000,5.00000,7.00000,0.00000
22479.00000,204.16625,162.18287,197.83296,187.81967,4.87359,4.17864,7.69487,9.90409,1.00000,3.00000,5.00000,7.00000,0.00000
22480.00000,271.09980,261.81979,177.40998,135.12614,6.89279,10.16011,6.57003,5.99574,1.00000,34362.74000,34364.74000,34366.74000,0.00000
22481.00000,201.02025,223.45826,276.01751,188.30612,4.76610,8.47914,14.76751,11.33440,1.00000,3.00000,5.00000,7.00000,0.00000
22482.00000,212.26920,207.61133,314.17457,254.15639,4.75178,6.19754,15.10322,16.43955,1.00000,3.00000,5.00000,7.00000,0.00000
22486.00000,236.63448,156.66998,225.99203,193.02952,4.61679,3.94658,9.12549,10.19354,1.00000,3.00000,5.00000,7.00000,0.00000
22487.00000,250.23762,182.74708,178.21327,169.49849,5.34642,5.61476,6.62194,7.96115,1.00000,3.00000,5.00000,7.00000,0.00000
22488.00000,240.53046,224.97806,225.34232,166.37279,4.50488,7.94356,7.67524,9.64484,1.00000,3.00000,5.00000,7.00000,0.00000
22489.00000,218.88668,229.87776,294.39184,178.38977,5.75846,9.94344,16.46767,8.41606,1.00000,3.00000,5.00000,7.00000,0.00000
22490.00000,253.34987,222.90417,309.74474,215.56642,6.97917,5.78713,19.04405,11.32959,1.00000,3.00000,5.00000,7.00000,0.00000
22491.00000,248.62802,203.33353,151.98172,167.80324,7.20885,5.17020,5.94713,6.95100,1.00000,3.00000,5.00000,7.00000,0.00000
22492.00000,206.13201,227.79988,221.80202,168.32971,4.36620,7.55964,7.85930,7.73629,1.00000,3.00000,5.00000,7.00000,0.00000
22493.00000,207.71665,184.42943,232.33000,220.04686,3.47549,4.04254,13.58672,11.96713,1.00000,3.00000,5.00000,7.00000,0.00000
22494.00000,269.54950,275.49954,217.29201,215.73144,6.19780,10.33230,9.79192,12.06864,1.00000,3.00000,5.00000,7.00000,0.00000
22495.00000,219.88359,266.15969,225.67050,133.44372,4.84687,9.30791,10.41836,7.02170,1.00000,3.00000,5.00000,7.00000,0.00000
22496.00000,228.95607,242.02886,198.32784,262.30953,4.92956,7.74567,9.52500,14.96143,1.00000,3.00000,5.00000,7.00000,0.00000
22497.00000,258.16939,233.16192,230.64829,156.70200,6.42079,6.11600,9.19448,8.28004,1.00000,3.00000,5.00000,7.00000,0.00000
22498.00000,237.32203,272.25976,194.68331,,5.06405,9.80939,6.13925,,1.00000,3.00000,5.00000,7.00000,0.00000
22499.00000,205.50588,184.15340,173.30770,282.97705,4.43489,5.36933,8.32206,19.27399,1.00000,3.00000,5.00000,7.00000,0.00000
22500.00000,187.57616,236.58742,203.06972,222.02035,4.04736,7.64631,8.87545,14.33996,1.00000,3.00000,5.00000,7.00000,0.00000
22501.00000,239.26826,245.07390,190.89314,259.28932,4.97040,7.71122,7.04046,13.44925,1.00000,3.00000,5.00000,7.00000,0.00000
22505.00000,208.17982,317.36858,257.65052,194.93619,3.88716,9.45895,9.84517,8.47860,1.00000,3.00000,5.00000,7.00000,0.00000
22506.00000,290.51051,244.40321,261.55510,279.53113,7.74220,6.62354,9.86532,14.92604,1.00000,3.00000,5.00000,7.00000,0.00000
22507.00000,240.83980,267.66416,232.84385,189.37267,4.65093,7.91368,8.75624,11.30849,1.00000,3.00000,5.00000,7.00000,0.00000
22512.00000,217.37672,151.93007,172.59673,164.98751,3.95318,2.77328,4.52961,7.43819,1.00000,3.00000,5.00000,7.00000,0.00000
22513.00000,275.69356,177.04539,200.53246,233.44751,8.24517,4.61250,6.38696,11.74029,1.00000,3.00000,5.00000,7.00000,0.00000
22514.00000,248.35221,166.14279,227.69359,224.50724,5.48317,4.21864,7.85125,13.59932,1.00000,3.00000,5.00000,7.00000,0.00000
22515.00000,237.84568,193.33066,274.25808,191.63629,5.27111,5.73281,11.93176,10.22448,1.00000,3.00000,5.00000,7.00000,0.00000
22516.00000,278.28544,195.16817,258.05713,229.52178,7.74785,5.45634,11.36490,13.05580,1.00000,3.00000,5.00000,7.00000,0.00000
22517.00000,205.66937,226.73433,152.89897,196.54485,4.09427,5.86423,6.83712,12.08135,1.00000,3.00000,5.00000,7.00000,0.00000
22521.00000,234.55231,340.67015,205.83023,199.36098,5.06106,11.01685,7.49421,11.75822,1.00000,3.00000,5.00000,7.00000,0.00000
22522.00000,236.62754,168.69691,184.49371,231.21444,5.04100,5.24106,6.57349,13.12854,1.00000,3.00000,5.00000,7.00000,0.00000
22523.00000,258.38935,268.52906,150.53925,133.13661,5.55586,7.47263,4.34431,7.74991,1.00000,3.00000,5.00000,7.00000,0.00000
22525.00000,222.29105,277.70673,219.92425,177.39401,3.79532,8.12178,7.59128,7.88764,1.00000,3.00000,5.00000,7.00000,0.00000
22527.00000,251.31720,253.02155,195.16123,202.12518,6.39165,8.26499,5.53347,12.37237,1.00000,3.00000,5.00000,7.00000,0.00000
22531.00000,266.47558,242.72747,205.20197,255.33542,6.61950,9.04244,6.84722,15.57443,1.00000,3.00000,5.00000,7.00000,0.00000
22534.00000,268.07795,259.77104,187.69506,143.55754,5.78512,7.53618,6.77599,7.06214,1.00000,3.00000,5.00000,7.00000,0.00000
22535.00000,182.56872,158.38893,292.97538,206.46337,4.51679,5.20060,13.29691,11.60088,1.00000,3.00000,5.00000,7.00000,0.00000
22536.00000,234.58437,146.76538,213.96171,188.99316,6.27200,4.87027,8.40709,10.07583,1.00000,3.00000,5.00000,7.00000,0.00000
22537.00000,208.43287,117.44577,137.73815,101.98897,4.85556,3.13428,5.34234,5.59545,1.00000,3.00000,5.00000,7.00000,0.00000
22538.00000,181.56587,237.25446,217.26019,220.74963,3.77154,9.26960,8.35770,11.67207,1.00000,3.00000,5.00000,7.00000,0.00000
22539.00000,228.89891,184.85374,163.36201,191.37940,5.33974,6.16319,8.29142,10.20162,1.00000,3.00000,5.00000,7.00000,0.00000
22540.00000,229.89933,190.59713,210.45309,,6.10168,5.64629,8.63095,,1.00000,3.00000,5.00000,7.00000,0.00000
22541.00000,255.30008,190.52235,177.16588,288.68335,6.71055,5.49224,7.02908,19.39100,1.00000,3.00000,5.00000,7.00000,0.00000
22546.00000,270.02144,211.99978,196.36703,143.78889,8.25187,6.40431,7.03135,6.19423,1.00000,3.00000,5.00000,7.00000,0.00000
22547.00000,231.66874,139.91170,167.50905,173.22715,6.06495,3.14427,5.06347,6.22776,1.00000,3.00000,5.00000,7.00000,0.00000
22548.00000,190.28033,128.65762,129.64144,178.35107,5.14102,3.44661,4.03948,7.80517,1.00000,3.00000,5.00000,7.00000,0.00000
22551.00000,226.14006,166.55272,239.44734,301.29226,5.44041,4.81533,8.88678,12.57907,1.00000,3.00000,5.00000,7.00000,0.00000
22552.00000,227.17465,143.93526,184.24285,38.65694,5.67075,3.68332,5.55929,2.76715,1.00000,3.00000,5.00000,7.00000,0.00000
22553.00000,207.78638,74.22763,188.96903,15.13593,5.81570,2.18455,6.59001,0.88139,1.00000,3.00000,5.00000,7.00000,0.00000
22555.00000,239.20488,194.31748,146.87596,150.62486,6.85039,6.26285,5.32143,6.76261,1.00000,3.00000,5.00000,7.00000,0.00000
22556.00000,234.68725,102.49631,127.65626,118.92622,6.41881,3.60568,4.29908,6.76869,1.00000,3.00000,5.00000,7.00000,0.00000
22558.00000,280.32519,155.02101,,121.81547,11.83196,4.13733,,8.87982,1.00000,3.00000,5.00000,7.00000,0.00000
22565.00000,102.83403,19.59917,,,1.82214,0.50956,,,1.00000,3.00000,5.00000,7.00000,0.00000
22566.00000,239.90169,218.62721,252.39102,194.30010,4.87558,5.25720,8.20340,7.61861,1.00000,3.00000,5.00000,7.00000,0.00000
22567.00000,222.24708,138.80287,187.92325,237.96050,4.24395,3.47747,5.80336,11.21101,1.00000,3.00000,5.00000,7.00000,0.00000
22568.00000,191.12811,114.77281,145.47791,63.83693,3.47245,2.16402,4.31130,4.36941,1.00000,3.00000,5.00000,7.00000,0.00000
22569.00000,202.13856,212.64662,214.07831,251.22493,3.98654,4.76186,7.04476,13.76165,1.00000,3.00000,5.00000,7.00000,0.00000
22570.00000,249.65632,156.65219,198.74688,140.54792,5.87015,3.75305,5.93743,7.55485,1.00000,3.00000,5.00000,7.00000,0.00000
22571.00000,203.11152,220.67694,183.01792,202.81615,4.09096,5.20656,5.47544,9.29641,1.00000,3.00000,5.00000,7.00000,0.00000
22572.00000,244.14251,194.82666,194.23943,252.48842,4.59839,3.86089,5.60900,12.24685,1.00000,3.00000,5.00000,7.00000,0.00000
22573.00000,225.12363,213.88200,211.80971,170.21656,4.94819,5.52903,6.82721,5.23632,1.00000,3.00000,5.00000,7.00000,0.00000
22576.00000,280.77272,247.18682,225.72116,171.91112,5.61948,5.56248,5.58276,4.97956,1.00000,3.00000,5.00000,7.00000,1.00000
22578.00000,202.51794,172.72303,176.57058,202.89684,3.14836,3.46016,3.74289,6.55486,1.00000,3.00000,5.00000,7.00000,0.00000
22579.00000,250.93844,165.94640,71.36928,138.69815,6.36790,3.44324,3.23799,6.74092,1.00000,3.00000,5.00000,7.00000,0.00000
22580.00000,253.86880,212.68624,164.08446,214.99793,5.38536,4.42452,5.36698,8.31345,1.00000,3.00000,5.00000,7.00000,0.00000
22581.00000,282.34282,210.03728,201.50478,172.50856,6.67408,5.56763,5.02926,6.13198,1.00000,3.00000,5.00000,7.00000,0.00000
22582.00000,204.78714,153.36340,34.10578,,4.99695,3.18684,1.50481,,1.00000,3.00000,5.00000,7.00000,1.00000
22583.00000,221.17862,178.01525,220.02847,191.66303,4.07263,3.10315,6.03523,5.97211,1.00000,3.00000,5.00000,7.00000,1.00000
22591.00000,241.87957,275.17364,314.16927,305.21619,5.12542,7.77969,11.64180,14.01885,1.00000,3.00000,5.00000,7.00000,0.00000
22592.00000,225.49829,363.86370,374.83919,333.34900,5.41062,11.93175,13.40802,14.25076,1.00000,3.00000,5.00000,7.00000,0.00000
22593.00000,269.00446,293.31644,259.64824,152.15722,7.48834,11.51881,15.39515,10.53219,1.00000,3.00000,5.00000,7.00000,0.00000
22594.00000,277.05529,331.49347,315.12967,343.68594,6.96789,10.88772,11.45451,15.96674,1.00000,3.00000,5.00000,7.00000,0.00000
22595.00000,255.40458,327.33535,292.97798,257.20284,6.34117,9.62452,10.35516,13.23589,1.00000,3.00000,5.00000,7.00000,0.00000
22596.00000,270.40633,269.92519,370.67701,264.24194,6.40660,6.65599,11.45475,9.96314,1.00000,3.00000,5.00000,7.00000,0.00000
22597.00000,268.11172,332.99816,360.53505,297.85052,7.38762,11.44746,14.87152,14.61079,1.00000,3.00000,5.00000,7.00000,0.00000
22598.00000,214.23440,233.07867,278.77349,366.69130,4.31652,5.18724,9.43857,13.04039,1.00000,3.00000,5.00000,7.00000,0.00000
22599.00000,205.17244,249.09297,264.02009,360.66273,4.65313,8.45759,10.91112,20.42198,1.00000,3.00000,5.00000,7.00000,1.00000
22600.00000,247.66915,317.19128,332.95383,329.22647,6.54550,8.24334,9.45780,15.00666,1.00000,3.00000,5.00000,7.00000,1.00000
22602.00000,305.98784,400.65250,322.39847,286.90274,6.07210,11.60120,14.62250,12.48816,1.00000,3.00000,5.00000,7.00000,0.00000
22603.00000,313.40291,383.42669,447.22917,351.43547,7.46183,10.73950,13.73813,13.54538,1.00000,3.00000,5.00000,7.00000,0.00000
22604.00000,283.25688,314.26860,286.92445,326.82029,6.59479,8.70013,9.87876,16.23997,1.00000,3.00000,5.00000,7.00000,0.00000
22605.00000,265.89123,368.17789,429.29567,187.96228,6.88010,9.34484,10.99080,7.20003,1.00000,3.00000,5.00000,7.00000,0.00000
22622.00000,319.86909,367.90682,288.61564,239.76638,11.67260,16.32280,19.66007,16.47085,1.00000,3.00000,5.00000,7.00000,1.00000
22625.00000,310.82196,324.85565,318.14406,,11.19004,11.06643,19.61599,,1.00000,3.00000,5.00000,7.00000,0.00000
22626.00000,274.16125,257.51371,367.76188,,14.74484,12.37648,20.81906,,1.00000,3.00000,5.00000,7.00000,0.00000
22628.00000,252.18842,411.54042,270.91287,,11.09137,27.88941,17.19555,,1.00000,3.00000,5.00000,7.00000,0.00000
22629.00000,193.84727,198.32328,205.53882,199.68200,8.70398,10.09317,10.66298,18.06362,1.00000,3.00000,5.00000,7.00000,0.00000
22630.00000,238.76562,321.98398,298.36851,308.52799,6.93384,11.75015,11.72568,24.52097,1.00000,3.00000,5.00000,7.00000,0.00000
22631.00000,263.57288,288.90674,363.46736,331.23136,8.09280,9.92214,13.09169,21.98621,1.00000,3.00000,5.00000,7.00000,0.00000
22632.00000,262.50014,,,,15.65031,,,,1.00000,3.00000,5.00000,7.00000,0.00000
22633.00000,170.08770,407.46194,237.65346,,8.84169,28.32327,21.47643,,1.00000,3.00000,5.00000,7.00000,0.00000
22634.00000,189.86674,,,,12.08595,,,,1.00000,3.00000,5.00000,7.00000,0.00000
22636.00000,311.42795,316.79856,261.07394,183.81808,16.13710,19.69288,16.40173,12.69514,1.00000,3.00000,5.00000,7.00000,0.00000
22637.00000,267.55673,,244.67706,198.85531,14.85355,,20.91791,17.35812,1.00000,3.00000,5.00000,7.00000,0.00000
22640.00000,284.33482,,237.78074,,17.59178,,18.68641,,1.00000,3.00000,5.00000,7.00000,0.00000
22641.00000,211.93826,220.11072,,,15.14763,17.26204,,,1.00000,3.00000,5.00000,7.00000,0.00000
22642.00000,282.53664,,190.78157,,14.66052,,12.15296,,1.00000,3.00000,5.00000,7.00000,0.00000
22644.00000,265.64911,385.44391,,,14.66010,33.24363,,,1.00000,3.00000,5.00000,7.00000,0.00000
22645.00000,169.81370,,189.05522,182.59139,11.76840,,13.94836,12.21319,1.00000,3.00000,5.00000,7.00000,0.00000
22646.00000,153.76213,,,,9.87681,,,,1.00000,3.00000,5.00000,7.00000,0.00000
22648.00000,165.48591,145.87132,198.64642,,10.76193,9.60401,16.67694,,1.00000,3.00000,5.00000,7.00000,0.00000
22650.00000,212.98106,248.85981,250.83245,267.40542,4.38009,7.12310,9.21613,15.54033,1.00000,3.00000,5.00000,7.00000,0.00000
22651.00000,235.88072,226.99721,242.17206,,17.27289,17.97468,23.14799,,1.00000,3.00000,5.00000,7.00000,0.00000
22652.00000,285.00790,356.22918,212.60342,225.16764,10.71191,15.94538,10.07217,12.45596,1.00000,3.00000,5.00000,7.00000,0.00000
22656.00000,317.52571,444.45438,373.73580,308.99820,11.38934,12.26316,15.27227,15.62711,1.00000,3.00000,5.00000,7.00000,0.00000
22657.00000,276.62555,389.85347,503.67944,426.26138,10.23701,18.50643,28.20338,24.69667,1.00000,3.00000,5.00000,7.00000,0.00000
22658.00000,298.75764,435.80198,308.07211,354.96437,9.06074,14.16619,12.60157,17.32208,1.00000,3.00000,5.00000,7.00000,0.00000
22659.00000,284.19310,418.11835,286.97532,469.96349,8.54077,17.98097,11.47289,29.58389,1.00000,3.00000,5.00000,7.00000,0.00000
22660.00000,353.74469,405.33092,434.63121,539.30673,12.49239,14.83186,23.55492,28.28418,1.00000,3.00000,5.00000,7.00000,0.00000
22661.00000,248.40584,357.08028,418.85611,359.06607,7.99539,12.90597,14.95399,18.12605,1.00000,3.00000,5.00000,7.00000,0.00000
22662.00000,337.66599,379.37648,379.84466,411.51530,9.12795,15.44460,17.29908,23.78741,1.00000,3.00000,5.00000,7.00000,0.00000
22663.00000,301.38375,437.66590,405.72108,249.86851,9.76814,20.18490,21.73542,13.78007,1.00000,3.00000,5.00000,7.00000,0.00000
22664.00000,289.96617,332.22903,339.58829,430.76160,9.35540,12.87337,14.55670,25.55276,1.00000,3.00000,5.00000,7.00000,0.00000
22665.00000,244.93925,321.50971,393.50031,231.64374,7.94624,15.77589,18.46745,16.20782,1.00000,3.00000,5.00000,7.00000,0.00000
22666.00000,322.03163,386.46274,312.13413,269.70162,12.00905,19.88447,15.68263,19.68772,1.00000,3.00000,5.00000,7.00000,0.00000
22667.00000,305.01052,356.65190,371.22349,369.82085,9.57055,16.03566,17.14619,17.94491,1.00000,3.00000,5.00000,7.00000,0.00000
22668.00000,280.00351,270.34944,325.25325,239.82083,8.60407,11.10913,13.63097,14.55391,1.00000,3.00000,5.00000,7.00000,0.00000
22669.00000,350.35850,350.35253,326.38597,364.67418,15.04045,17.44007,19.85253,26.65453,1.00000,3.00000,5.00000,7.00000,0.00000
22670.00000,288.38161,342.97019,380.62453,329.91786,9.68076,13.23822,19.85510,17.09530,1.00000,3.00000,5.00000,7.00000,0.00000
22671.00000,305.02315,379.37341,278.38851,317.75786,14.65514,18.95927,12.31928,19.39369,1.00000,3.00000,5.00000,7.00000,0.00000
22672.00000,282.92187,358.78315,426.62264,274.32172,11.51554,15.54899,18.78708,17.29251,1.00000,3.00000,5.00000,7.00000,0.00000
22673.00000,230.22183,316.19936,230.89550,242.63826,8.02161,20.58738,12.20245,14.17120,1.00000,3.00000,5.00000,7.00000,0.00000
22676.00000,271.67319,416.98518,295.46697,,9.24036,18.92647,18.26590,,1.00000,3.00000,5.00000,7.00000,0.00000
22677.00000,351.17821,389.21389,447.96569,483.49885,9.52647,14.35564,13.94322,24.57151,1.00000,3.00000,5.00000,7.00000,0.00000
22678.00000,392.77669,297.41578,400.75698,,16.94713,17.62617,28.05076,,1.00000,3.00000,5.00000,7.00000,0.00000
22679.00000,254.00081,464.46330,243.23046,,11.26100,25.42025,16.79686,,1.00000,3.00000,5.00000,7.00000,0.00000
22680.00000,350.27787,375.08842,386.87492,,13.78905,16.31568,22.34225,,1.00000,3.00000,5.00000,7.00000,0.00000
22681.00000,174.73161,334.50452,357.47079,,7.36025,24.27637,21.80224,,1.00000,3.00000,5.00000,7.00000,0.00000
22689.00000,247.03961,336.78735,285.02934,297.97501,10.52729,19.49766,15.55594,18.67734,1.00000,3.00000,5.00000,7.00000,0.00000
22690.00000,229.94589,310.35292,338.36774,,8.69599,16.65157,21.72017,,1.00000,3.00000,5.00000,7.00000,0.00000
22691.00000,330.95206,338.78557,379.33913,,11.76014,14.82330,22.41504,,1.00000,3.00000,5.00000,7.00000,0.00000
22692.00000,235.69607,291.21080,382.44988,,9.02091,13.46641,22.72881,,1.00000,3.00000,5.00000,7.00000,0.00000
22694.00000,356.38897,334.92028,440.06746,403.17780,12.20345,14.54415,20.71370,26.59928,1.00000,3.00000,5.00000,7.00000,0.00000
22695.00000,350.43337,495.68774,378.49087,,18.61441,30.27860,32.09645,,1.00000,3.00000,5.00000,7.00000,0.00000
22696.00000,296.90656,267.48181,540.94933,443.00036,9.85361,11.05707,22.27064,28.70361,1.00000,3.00000,5.00000,7.00000,0.00000
22697.00000,333.90130,351.66586,473.94227,,16.41728,17.83476,26.34361,,1.00000,3.00000,5.00000,7.00000,0.00000
22698.00000,237.49460,319.96185,291.89784,,8.83582,15.25629,15.71642,,1.00000,3.00000,5.00000,7.00000,0.00000
22699.00000,290.15775,313.87113,394.29615,,14.00732,17.93238,23.41002,,1.00000,3.00000,5.00000,7.00000,0.00000
22700.00000,446.33000,490.55676,287.95104,529.56769,16.81506,25.58270,15.43988,26.70467,1.00000,3.00000,5.00000,7.00000,0.00000
22701.00000,277.33636,413.87519,365.66323,467.56482,9.66462,16.37446,19.22242,29.20601,1.00000,3.00000,5.00000,7.00000,0.00000
22702.00000,304.73267,466.40362,458.64706,,13.85377,23.60489,32.12593,,1.00000,3.00000,5.00000,7.00000,0.00000
22703.00000,347.36808,411.08172,570.69279,,17.85699,21.30792,27.25313,,1.00000,3.00000,5.00000,7.00000,0.00000
22708.00000,352.17078,365.05712,352.24209,379.24444,15.54446,17.16040,23.24651,33.44233,1.00000,3.00000,5.00000,7.00000,0.00000
22710.00000,309.35030,353.60052,291.67984,339.09398,12.17534,15.19919,16.37525,20.74964,1.00000,3.00000,5.00000,7.00000,0.00000
22712.00000,305.32810,342.10672,347.68059,355.22667,12.85236,15.88934,21.14708,28.41025,1.00000,3.00000,5.00000,7.00000,0.00000
22713.00000,438.28781,503.39144,465.73825,,14.35979,18.06460,20.78435,,1.00000,3.00000,5.00000,7.00000,0.00000
22714.00000,294.33483,494.49741,569.15440,512.79133,9.81238,18.53388,17.54722,29.52969,1.00000,3.00000,5.00000,7.00000,0.00000
22715.00000,347.07327,451.81662,454.57241,,10.81404,20.96402,21.29208,,1.00000,3.00000,5.00000,7.00000,0.00000
22716.00000,373.96134,445.76416,403.05196,,14.80653,17.63096,22.02548,,1.00000,3.00000,5.00000,7.00000,0.00000
22717.00000,333.88131,385.39327,359.93664,,10.72268,16.61567,20.22627,,1.00000,3.00000,5.00000,7.00000,0.00000
22718.00000,359.05622,381.40555,518.25506,,14.26510,17.77255,27.50360,,1.00000,3.00000,5.00000,7.00000,0.00000
22719.00000,323.10425,434.06620,540.62998,386.31357,9.85260,15.60766,22.99238,32.80573,1.00000,3.00000,5.00000,7.00000,0.00000
22720.00000,366.54673,371.14422,423.50930,232.17847,14.21405,15.71258,19.92609,11.47129,1.00000,3.00000,5.00000,7.00000,0.00000
22721.00000,320.70906,495.52514,336.75791,348.84240,13.55055,22.30398,17.41151,20.21428,1.00000,3.00000,5.00000,7.00000,0.00000
22726.00000,378.05459,514.74788,394.61490,377.37694,9.76405,16.32773,11.09980,17.61628,1.00000,3.00000,5.00000,7.00000,0.00000
22727.00000,302.24694,372.23737,329.99151,,9.23711,16.74204,21.81418,,1.00000,3.00000,5.00000,7.00000,0.00000
22728.00000,333.25253,341.69839,458.69300,356.25185,8.19234,11.99454,14.18598,19.09559,1.00000,3.00000,5.00000,7.00000,0.00000
22729.00000,360.42401,382.31355,505.87819,503.28912,9.99460,13.61962,19.87804,25.12279,1.00000,3.00000,5.00000,7.00000,0.00000
22730.00000,298.00430,386.19489,339.20026,335.02283,9.27030,14.97351,19.14650,28.88840,1.00000,3.00000,5.00000,7.00000,0.00000
22731.00000,408.66106,417.18443,456.58786,,12.56187,16.00626,21.56450,,5.00000,7.00000,9.00000,11.00000,0.00000
22732.00000,411.53513,435.63168,439.96930,,13.51845,15.64275,21.13867,,5.00000,7.00000,9.00000,11.00000,0.00000
22733.00000,238.57457,382.78685,360.81880,473.04815,8.01319,16.47034,17.44912,26.63501,1.00000,3.00000,5.00000,7.00000,0.00000
22734.00000,288.98233,313.49744,415.63594,371.43320,8.79600,12.31938,18.62052,22.33559,1.00000,3.00000,5.00000,7.00000,0.00000
22735.00000,320.68545,478.13693,348.07840,381.57408,10.07941,10.62055,16.50563,18.46892,1.00000,3.00000,5.00000,7.00000,0.00000
22736.00000,299.45085,287.64366,345.19778,348.79846,8.34601,9.76746,13.12051,19.62750,1.00000,3.00000,5.00000,7.00000,0.00000
22737.00000,394.39659,385.42712,538.24972,,13.18194,15.13807,23.04395,,5.00000,7.00000,9.00000,11.00000,1.00000
22738.00000,516.80299,539.41499,402.44945,342.12782,14.76193,18.71991,24.26528,22.51987,5.00000,7.00000,9.00000,11.00000,0.00000
22742.00000,352.83637,295.33557,419.60487,294.70563,10.19120,9.74419,16.60111,14.83872,3.00000,5.00000,7.00000,9.00000,0.00000
22743.00000,429.82774,386.34021,436.58951,362.37197,13.66565,14.81143,17.28129,31.34884,3.00000,5.00000,7.00000,9.00000,0.00000
22744.00000,454.66791,419.11489,408.06976,325.37209,11.52331,14.59563,19.77106,27.16864,3.00000,5.00000,7.00000,9.00000,0.00000
22745.00000,418.99101,495.68949,451.19029,397.19229,14.74061,20.57052,19.05468,23.24345,3.00000,5.00000,7.00000,9.00000,0.00000
22746.00000,362.56767,396.85680,428.68397,,9.83624,14.02723,19.35384,,3.00000,5.00000,7.00000,9.00000,0.00000
22747.00000,398.43791,304.50585,322.24525,290.70000,9.14808,9.57674,12.32307,16.75052,3.00000,5.00000,7.00000,9.00000,0.00000
22748.00000,298.61623,346.73668,355.60972,283.75432,9.90412,11.88642,19.66784,20.46777,3.00000,5.00000,7.00000,9.00000,0.00000
22750.00000,316.58598,326.00520,315.41572,236.31134,7.66793,9.50943,13.19554,15.93095,3.00000,5.00000,7.00000,9.00000,0.00000
22751.00000,282.88521,293.47336,,,10.03392,12.81139,,,3.00000,5.00000,7.00000,9.00000,0.00000
22752.00000,476.63062,450.96887,365.87222,,17.55948,16.79569,18.86156,,3.00000,5.00000,7.00000,9.00000,0.00000
22753.00000,382.88945,347.81970,368.43009,387.97510,11.87566,13.95331,20.34213,29.35839,3.00000,5.00000,7.00000,9.00000,0.00000
22754.00000,335.64526,487.09044,398.78216,,9.44459,17.40163,18.55735,,3.00000,5.00000,7.00000,9.00000,0.00000
22755.00000,347.24643,387.10281,482.19655,,9.66900,16.37089,24.13447,,3.00000,5.00000,7.00000,9.00000,0.00000
22756.00000,379.36287,453.63484,314.86859,286.87977,9.00881,13.49947,12.58771,12.60127,3.00000,5.00000,7.00000,9.00000,0.00000
22769.00000,4.98763,,,,0.11028,,,,1.00000,3.00000,5.00000,7.00000,1.00000
22770.00000,173.62520,11.96390,,,2.94113,0.19313,,,1.00000,3.00000,5.00000,7.00000,1.00000
22771.00000,129.33179,69.90938,,,2.42411,1.93730,,,1.00000,3.00000,5.00000,7.00000,0.00000
22772.00000,278.27541,217.28917,122.46659,104.83824,6.60616,7.04432,3.73843,3.71477,1.00000,3.00000,5.00000,7.00000,1.00000
22773.00000,203.04201,193.36570,119.35434,137.32752,5.79706,6.37021,4.60708,8.25307,1.00000,3.00000,5.00000,7.00000,1.00000
22774.00000,180.00343,138.45135,136.95329,151.40891,3.64454,3.34315,3.63217,6.36366,1.00000,3.00000,5.00000,7.00000,1.00000
22775.00000,182.48224,227.76220,190.87537,193.21286,2.63035,5.67319,5.44431,6.11995,1.00000,3.00000,5.00000,7.00000,1.00000
22776.00000,159.17161,87.23590,38.42040,10.20305,3.31958,2.56404,1.18821,0.47488,1.00000,3.00000,5.00000,7.00000,0.00000
22779.00000,220.44830,207.02056,185.05715,181.21776,4.22258,3.39290,4.86972,7.62495,1.00000,3.00000,5.00000,7.00000,1.00000
22780.00000,218.89134,224.83430,215.09350,199.66831,3.69676,4.50557,5.75835,6.21875,1.00000,3.00000,5.00000,7.00000,1.00000
22781.00000,211.30310,192.90820,193.60202,173.36944,4.24666,4.78521,5.14713,7.08394,1.00000,3.00000,5.00000,7.00000,1.00000
22782.00000,203.67883,252.49271,238.35257,174.49956,3.70801,6.10938,6.97305,6.90053,1.00000,3.00000,5.00000,7.00000,1.00000
22783.00000,254.62575,186.05854,186.35753,156.31112,4.91217,4.68912,3.79256,5.46171,1.00000,3.00000,5.00000,7.00000,1.00000
22784.00000,241.96127,243.41745,207.02855,163.55425,5.07771,5.71164,5.04873,5.42674,1.00000,3.00000,5.00000,7.00000,1.00000
22785.00000,248.66915,208.57680,216.11560,221.70966,5.43333,5.07985,6.14120,9.95038,1.00000,3.00000,5.00000,7.00000,1.00000
22786.00000,226.90776,223.14779,176.02042,204.43504,5.27308,5.93060,4.79776,11.18540,1.00000,3.00000,5.00000,7.00000,1.00000
22787.00000,267.69830,270.59494,282.93097,212.04367,4.95819,7.06174,7.76649,8.36060,1.00000,3.00000,5.00000,7.00000,1.00000
22788.00000,271.13470,239.12068,222.65339,228.28748,5.82231,5.47766,6.05386,9.95855,1.00000,3.00000,5.00000,7.00000,1.00000
22789.00000,265.48222,226.96063,203.48300,225.31311,5.38306,4.38429,5.75493,9.63627,1.00000,3.00000,5.00000,7.00000,1.00000
22790.00000,246.08625,191.12209,196.64474,312.79461,4.46453,4.55097,5.71686,21.41935,1.00000,3.00000,5.00000,7.00000,0.00000
22791.00000,267.77605,232.29903,243.09768,424.14161,6.33425,5.31055,9.77253,46.72608,1.00000,3.00000,5.00000,7.00000,1.00000
22792.00000,219.47336,208.20717,224.60911,243.25727,3.59701,5.26980,6.46300,10.66486,3.00000,5.00000,7.00000,9.00000,1.00000
22793.00000,285.65607,213.88473,278.57141,237.12625,5.04543,5.00216,9.31241,9.74072,3.00000,5.00000,7.00000,9.00000,0.00000
22794.00000,268.90685,260.82547,283.95750,276.84242,4.83665,6.18975,12.17744,17.59256,3.00000,5.00000,7.00000,9.00000,0.00000
22795.00000,241.41899,208.52983,196.57887,186.32408,9.15945,9.55691,10.52538,16.62714,3.00000,5.00000,7.00000,9.00000,0.00000
22796.00000,276.63905,237.25339,156.94153,194.88980,6.06942,5.56569,4.91631,10.71134,3.00000,5.00000,7.00000,9.00000,0.00000
22797.00000,245.99026,229.49969,224.43603,301.25592,4.13935,5.93003,10.76690,24.37587,3.00000,5.00000,7.00000,9.00000,0.00000
22800.00000,262.69601,231.87292,255.73214,691.83642,2.79886,3.09165,5.08796,63.79405,3.00000,5.00000,7.00000,9.00000,0.00000
22801.00000,288.19095,288.30470,329.66711,213.56230,5.37183,7.15835,12.37526,8.84780,3.00000,5.00000,7.00000,9.00000,0.00000
22804.00000,365.56449,337.06436,332.78629,442.42568,5.94783,5.50174,5.76195,23.47535,3.00000,5.00000,7.00000,9.00000,0.00000
22805.00000,374.72685,443.02156,420.18816,403.12705,8.60661,11.17082,11.03105,27.61480,3.00000,5.00000,7.00000,9.00000,0.00000
22806.00000,339.54282,370.84728,350.79344,505.98103,7.92522,8.86241,7.83661,32.94147,3.00000,5.00000,7.00000,9.00000,0.00000
22807.00000,370.14792,368.87124,443.51640,358.01419,5.63061,7.98587,10.50622,25.89441,3.00000,5.00000,7.00000,9.00000,0.00000
22808.00000,400.58438,379.27348,310.68394,,11.99162,9.13429,9.36887,,3.00000,5.00000,7.00000,9.00000,1.00000
22809.00000,322.58713,309.42884,286.68369,,4.80725,6.81433,6.81307,,3.00000,5.00000,7.00000,9.00000,0.00000
22811.00000,399.22706,341.31417,341.47166,341.08853,10.37152,8.75501,8.96176,12.93622,3.00000,5.00000,7.00000,9.00000,0.00000
22812.00000,340.63555,334.14614,407.98293,365.56727,6.63374,8.20319,11.05124,20.38409,3.00000,5.00000,7.00000,9.00000,0.00000
22813.00000,322.42129,345.30079,326.51459,384.84323,5.01670,6.51330,7.07120,10.17498,3.00000,5.00000,7.00000,9.00000,0.00000
22814.00000,415.99274,419.93444,387.36706,302.42703,6.40866,7.33021,7.26852,9.09662,7.00000,9.00000,11.00000,13.00000,0.00000
22817.00000,284.44911,297.68993,299.56453,300.72653,3.75860,5.11653,5.38235,14.87612,3.00000,5.00000,7.00000,9.00000,0.00000
22818.00000,335.09260,336.06078,331.28563,320.15414,5.79902,6.92511,6.11457,7.84693,3.00000,5.00000,7.00000,9.00000,0.00000
22819.00000,327.14317,342.73157,249.47632,208.62822,4.81697,7.77518,6.82579,5.96922,3.00000,5.00000,7.00000,9.00000,0.00000
22820.00000,275.69306,288.92571,286.50318,277.25702,2.98500,3.86937,4.72224,8.62666,3.00000,5.00000,7.00000,9.00000,0.00000
22821.00000,320.04141,354.95589,349.25422,301.70391,5.29700,6.49329,6.77054,9.73397,3.00000,5.00000,7.00000,9.00000,0.00000
22822.00000,395.17053,400.04251,427.02946,339.28927,6.48215,9.81328,12.45107,12.52097,3.00000,5.00000,7.00000,9.00000,0.00000
22823.00000,308.85975,305.46201,365.77848,353.52397,4.73203,5.73146,7.80064,10.36832,3.00000,5.00000,7.00000,9.00000,0.00000
22824.00000,362.24734,336.10066,454.55781,364.85262,7.15822,7.34047,12.77469,19.31030,3.00000,5.00000,7.00000,9.00000,0.00000
22825.00000,291.85704,299.61051,306.92779,259.99017,4.36584,5.21791,6.29451,8.88030,3.00000,5.00000,7.00000,9.00000,0.00000
22826.00000,407.98294,334.07424,369.96429,300.17353,7.52213,7.29505,9.91527,9.00569,3.00000,5.00000,7.00000,9.00000,0.00000
22827.00000,374.79966,337.60372,350.18695,298.24569,5.32425,5.68505,6.53200,6.48482,3.00000,5.00000,7.00000,9.00000,0.00000
22834.00000,11.62235,,,,0.30566,,,,3.00000,5.00000,7.00000,9.00000,0.00000
22838.00000,191.84255,177.45208,210.85916,224.79174,1.92478,2.59958,4.18687,6.17169,3.00000,5.00000,7.00000,9.00000,0.00000
22839.00000,179.07215,206.19908,191.22227,256.56562,2.43016,3.26084,4.40122,9.34746,3.00000,5.00000,7.00000,9.00000,0.00000
22840.00000,267.58420,245.10022,242.89545,254.54152,5.62489,4.35557,5.88711,5.45324,3.16000,3.42000,3.67000,3.92000,0.00000
22841.00000,203.79016,250.20472,245.79950,264.68955,3.86488,5.04424,6.35226,6.69446,5.16000,5.42000,5.67000,5.92000,0.00000
22842.00000,300.32972,278.51696,284.54222,238.57876,7.50934,7.41412,7.20124,5.26550,5.16000,5.42000,5.67000,5.92000,0.00000
22843.00000,258.38418,290.89149,240.71290,268.32371,6.18894,6.58262,6.16567,6.94829,5.16000,5.42000,5.67000,5.92000,0.00000
22844.00000,290.64176,295.99868,274.04449,259.23161,7.05947,7.04256,6.37867,6.65645,5.16000,5.42000,5.67000,5.92000,0.00000
22846.00000,242.13143,273.19364,238.13103,249.47741,6.27797,5.14075,4.89444,5.66798,5.16000,5.42000,5.67000,5.92000,0.00000
22847.00000,246.21003,269.91506,268.19279,271.45992,5.63702,6.54370,6.39134,7.15397,5.16000,5.42000,5.67000,34365.65000,0.00000
22848.00000,255.69037,262.82098,224.13305,237.14818,6.63108,6.49172,4.40329,6.51047,5.16000,5.42000,5.67000,5.92000,0.00000
22849.00000,219.58205,220.85309,210.41591,240.12250,5.38140,5.24238,5.59898,6.93001,5.16000,5.42000,5.67000,5.92000,0.00000
22850.00000,308.92914,273.20832,302.25066,231.64712,5.48483,5.21264,6.61048,5.50479,10.16000,10.42000,10.67000,10.92000,0.00000
22851.00000,179.02059,194.08215,217.87426,232.79236,4.85926,5.44613,8.01116,9.68249,18.16000,18.42000,18.67000,18.92000,1.00000
22852.00000,151.40162,163.69198,155.76359,187.85130,6.32459,6.33198,5.90250,13.00656,20.16000,20.42000,20.67000,20.92000,1.00000
22858.00000,420.43401,424.99289,307.13020,324.21218,15.04913,15.46637,16.80731,27.11239,3.00000,5.00000,7.00000,9.00000,0.00000
22859.00000,312.69884,503.70333,273.76501,214.28534,12.93765,16.67963,9.46773,9.32007,3.00000,5.00000,7.00000,9.00000,0.00000
22860.00000,236.73313,191.86731,152.38018,90.48054,8.50601,6.02950,4.43520,3.60317,3.00000,5.00000,7.00000,9.00000,0.00000
22861.00000,315.19653,313.04767,296.18680,280.12268,11.21663,11.98264,12.35355,16.90231,3.00000,5.00000,7.00000,9.00000,0.00000
22862.00000,447.23816,398.82869,448.06531,487.97368,13.90117,16.05047,16.05965,20.91790,3.00000,5.00000,7.00000,9.00000,0.00000
22863.00000,411.12040,166.17176,212.54301,243.33583,12.74970,4.38861,5.81106,9.63224,3.00000,5.00000,7.00000,9.00000,0.00000
22864.00000,127.90990,104.49615,40.54937,13.89630,2.60431,2.59670,1.61136,0.63516,3.00000,5.00000,7.00000,9.00000,0.00000
22865.00000,274.35962,135.02305,199.79639,153.37867,10.01914,3.48461,8.57225,5.17341,3.00000,5.00000,7.00000,9.00000,0.00000
22868.00000,365.51680,258.69522,245.55596,195.30016,13.79054,12.38652,11.72670,8.89442,3.00000,5.00000,7.00000,9.00000,0.00000
22869.00000,314.52677,154.72499,74.70815,18.41108,11.75565,4.07321,2.36713,0.68336,3.00000,5.00000,7.00000,9.00000,0.00000
22870.00000,351.34114,283.77140,214.47348,98.46566,11.88756,12.88521,7.87049,4.22310,3.00000,5.00000,7.00000,9.00000,0.00000
22871.00000,225.86273,186.47998,83.71356,30.04705,8.53781,6.94522,4.22773,1.86365,3.00000,5.00000,7.00000,9.00000,0.00000
22872.00000,315.82554,160.87927,179.83248,89.33823,11.95770,5.28025,6.08133,3.24580,3.00000,5.00000,7.00000,9.00000,0.00000
22873.00000,270.90831,205.87830,233.72781,250.55504,8.22800,6.90829,7.69740,10.97218,3.00000,5.00000,7.00000,9.00000,0.00000
22874.00000,275.79768,163.95898,194.76063,206.92155,9.36074,6.51057,9.48146,11.41616,3.00000,5.00000,7.00000,9.00000,0.00000
22877.00000,160.20149,174.96394,186.68052,171.93897,1.96510,2.93185,2.90589,5.54249,3.00000,5.00000,7.00000,9.00000,0.00000
22878.00000,280.39546,261.48699,286.27576,327.22700,4.05057,4.21058,5.35435,10.30437,3.00000,5.00000,7.00000,9.00000,0.00000
22880.00000,306.71976,274.54640,308.55718,309.57138,6.03785,5.29962,6.49142,8.51754,5.00000,5.25000,5.50000,5.75000,0.00000
22881.00000,260.46791,233.45743,261.20616,266.62343,6.43843,5.28436,6.90063,7.90256,5.00000,5.25000,5.50000,5.75000,0.00000
22882.00000,291.93912,282.78043,272.35096,267.90575,8.12774,6.52639,7.67239,8.02422,10.00000,10.25000,10.50000,10.75000,0.00000
22883.00000,272.62125,287.28928,277.69843,271.45165,6.53539,6.70172,6.68286,7.30561,10.00000,10.25000,10.50000,10.75000,0.00000
22884.00000,243.82952,210.32314,248.19230,267.55299,4.78043,3.45596,5.71382,6.50413,10.50000,10.75000,11.00000,11.25000,1.00000
22885.00000,278.08959,252.04189,251.17293,224.82867,10.53433,6.27547,8.31988,7.13357,10.50000,10.75000,11.00000,11.25000,0.00000
22886.00000,282.41366,286.28990,347.63801,403.89713,7.90559,10.10408,12.76983,19.70832,10.00000,10.25000,10.50000,10.75000,0.00000
22887.00000,243.36323,242.52118,248.51021,288.14890,5.47409,5.84392,6.00474,11.29282,10.00000,10.25000,10.50000,10.75000,0.00000
22888.00000,281.17179,296.56298,264.88966,240.34034,6.85454,7.28978,5.85703,6.76890,10.00000,10.25000,10.50000,10.75000,1.00000
22889.00000,206.12478,240.81766,227.76472,236.56785,4.67124,4.90865,4.45653,5.95848,3.50000,3.75000,4.00000,4.25000,0.00000
22890.00000,172.76451,202.45209,,,13.43004,17.72712,,,15.00000,15.25000,15.50000,15.75000,0.00000
22891.00000,242.72030,318.59806,332.69285,696.44120,25.26928,38.67744,58.29385,101.03258,15.00000,15.25000,15.50000,15.75000,0.00000
22892.00000,242.58747,260.58150,248.76478,260.82160,5.06794,6.41099,6.07408,6.94888,7.00000,7.25000,7.50000,7.75000,0.00000
22893.00000,299.76512,272.08764,256.28221,297.87885,7.36726,7.50969,7.10758,8.01093,3.00000,3.25000,3.50000,3.75000,0.00000
22894.00000,247.38657,236.80509,236.15725,210.24587,6.20377,4.93986,5.28196,4.67640,9.00000,9.25000,9.50000,9.75000,0.00000
22897.00000,285.52136,265.77900,259.43604,221.26364,10.85735,11.01032,11.37342,10.44552,5.00000,5.25000,5.50000,5.75000,0.00000
22898.00000,284.99679,323.51268,269.29708,293.23740,10.47312,14.33260,11.13548,15.08894,3.00000,5.00000,7.00000,9.00000,0.00000
22899.00000,251.12775,327.91496,227.31303,149.84937,11.50161,16.26114,12.86677,6.77024,3.00000,5.00000,7.00000,9.00000,0.00000
22900.00000,299.51148,294.46897,136.63097,105.43988,16.51569,13.02307,4.83832,5.55009,3.00000,5.00000,7.00000,9.00000,0.00000
22901.00000,283.23467,356.34217,243.39587,207.41219,12.39891,14.79498,10.36537,9.95258,3.00000,5.00000,7.00000,9.00000,0.00000
22903.00000,256.01880,308.69763,124.46305,247.81840,9.05725,13.51734,3.84361,12.99510,3.00000,5.00000,7.00000,9.00000,0.00000
22904.00000,336.97634,215.42669,274.11149,251.15048,12.75738,6.78961,10.97447,9.43738,3.00000,5.00000,7.00000,9.00000,0.00000
22905.00000,275.20843,217.09962,237.76606,245.95936,8.58892,7.32435,7.26169,8.77193,3.00000,5.00000,7.00000,9.00000,0.00000
22906.00000,253.16398,281.43208,286.90582,247.94422,6.75988,8.61979,9.43671,9.98640,3.00000,5.00000,34366.74000,34368.74000,0.00000
22907.00000,262.40667,294.15447,260.31641,289.84827,7.62890,9.62519,9.75003,14.72223,3.00000,5.00000,7.00000,9.00000,0.00000
22908.00000,292.16866,362.16546,280.33330,279.45605,7.31723,11.13543,8.63509,10.09904,3.00000,5.00000,7.00000,9.00000,0.00000
22909.00000,331.00296,212.28747,246.82142,270.32041,9.10263,4.52821,6.43681,10.04343,3.00000,5.00000,7.00000,9.00000,0.00000
22910.00000,295.55392,251.18336,322.57800,141.59319,8.32823,8.60399,12.21181,5.34236,3.00000,5.00000,7.00000,9.00000,0.00000
22911.00000,327.99434,261.91580,162.26084,174.10873,10.46768,7.87632,4.66560,5.91596,3.00000,5.00000,7.00000,9.00000,0.00000
22915.00000,300.98041,257.62347,299.91121,353.78104,11.14526,10.59072,16.57465,46.52521,3.00000,5.00000,7.00000,9.00000,0.00000
22916.00000,307.75686,287.59231,337.29721,325.70983,11.42984,12.47132,17.10911,16.63833,3.00000,5.00000,7.00000,9.00000,0.00000
22917.00000,325.33744,321.26934,388.97531,381.24658,10.95591,13.49871,17.25882,22.15437,3.00000,5.00000,7.00000,9.00000,0.00000
22918.00000,374.97881,392.76188,392.65737,310.51607,10.62733,11.97211,13.87115,16.55075,3.00000,5.00000,7.00000,9.00000,0.00000
22919.00000,255.01361,348.92804,431.25698,310.01586,8.60257,15.71817,17.58477,16.30597,3.00000,5.00000,7.00000,9.00000,0.00000
22920.00000,327.63887,282.53466,261.44858,314.07864,12.01701,13.18569,14.16647,18.05445,3.00000,5.00000,7.00000,9.00000,0.00000
22921.00000,277.57101,284.83340,247.54535,329.48287,8.62595,11.18551,10.58951,15.51804,3.00000,5.00000,7.00000,9.00000,0.00000
22923.00000,496.84415,429.28121,403.33612,449.98020,17.88327,15.74458,17.50064,15.81570,3.00000,5.00000,7.00000,9.00000,0.00000
22924.00000,275.00426,249.85256,232.10639,252.87373,8.58383,9.82560,9.51892,13.38896,3.00000,5.00000,7.00000,9.00000,0.00000
22925.00000,363.22551,361.18854,389.10019,314.62384,9.32777,10.63831,12.28706,11.66186,3.00000,5.00000,7.00000,9.00000,0.00000
22926.00000,384.23283,400.13955,333.90299,271.77799,10.17669,12.61217,12.60711,10.96106,3.00000,5.00000,7.00000,9.00000,0.00000
22927.00000,315.03011,364.71595,394.73107,346.13905,10.62293,16.66985,18.99692,20.38930,3.00000,5.00000,7.00000,9.00000,0.00000
22928.00000,316.90917,367.59832,405.76846,421.57694,11.94234,16.01416,17.25880,22.97172,3.00000,5.00000,7.00000,9.00000,0.00000
22929.00000,373.34079,302.63991,222.62356,247.72831,13.81664,15.10492,10.68330,16.51761,3.00000,5.00000,7.00000,9.00000,0.00000
22930.00000,373.50541,341.13260,185.18788,294.82316,15.93345,14.56137,7.46981,17.50923,3.00000,5.00000,7.00000,9.00000,0.00000
22931.00000,349.86853,340.33187,242.52845,304.87428,13.29086,13.36015,11.59578,16.04349,3.00000,5.00000,7.00000,9.00000,0.00000
22933.00000,310.39319,426.79308,258.34542,396.40380,12.78551,19.24170,13.69436,21.99087,3.00000,5.00000,7.00000,9.00000,0.00000
22935.00000,343.97621,233.73438,210.69939,228.52968,21.16693,14.80753,13.61562,15.00859,15.50000,15.75000,16.00000,16.25000,0.00000
22941.00000,73.30574,91.53758,93.19097,101.88949,4.32696,3.81874,5.26458,6.79053,15.50000,15.75000,16.00000,16.25000,0.00000
22942.00000,335.04600,245.74499,330.71398,225.09365,8.62176,8.13743,13.61038,10.69429,3.00000,5.00000,7.00000,9.00000,0.00000
22943.00000,252.82002,222.69874,163.72291,167.70127,7.29421,6.16864,5.75352,6.25668,3.00000,5.00000,7.00000,9.00000,0.00000
22944.00000,273.18885,212.99605,210.65747,319.18226,9.77207,8.86831,10.35959,21.50972,3.00000,5.00000,7.00000,9.00000,0.00000
22946.00000,282.21184,323.62649,326.49525,296.52724,7.71315,12.78111,13.20944,17.43466,3.00000,5.00000,7.00000,9.00000,0.00000
22947.00000,284.28265,292.14927,300.06095,303.46566,9.59344,10.25551,12.78495,15.93778,3.00000,5.00000,7.00000,9.00000,0.00000
22949.00000,238.50847,190.35345,256.42582,221.29033,7.14821,5.84498,9.58593,9.16213,3.00000,5.00000,7.00000,9.00000,0.00000
22951.00000,266.01637,188.35995,231.49523,201.46289,9.13641,5.89562,8.13361,8.47293,3.00000,5.00000,7.00000,9.00000,0.00000
22952.00000,206.30803,299.17090,276.26828,249.58095,6.39081,10.42222,12.87365,12.18478,3.00000,5.00000,7.00000,9.00000,0.00000
22953.00000,218.14520,230.86221,241.48003,209.62235,6.47564,8.05420,10.27462,9.44489,3.00000,5.00000,7.00000,9.00000,0.00000
22954.00000,274.30362,321.58710,294.02019,303.04126,7.36072,11.48951,13.20495,16.23412,3.00000,5.00000,7.00000,9.00000,0.00000
22955.00000,235.49693,269.27325,262.07071,272.31055,5.94236,8.31118,8.59597,14.14642,3.00000,5.00000,7.00000,9.00000,0.00000
22956.00000,303.86365,274.57752,328.90331,203.82732,8.70988,7.79816,11.74682,7.48360,3.00000,5.00000,7.00000,9.00000,0.00000
22957.00000,342.29517,311.35129,313.28353,304.33414,5.28891,6.41038,7.22192,10.25241,3.00000,5.00000,7.00000,9.00000,0.00000
22958.00000,328.82542,274.55071,246.50616,239.73564,5.78666,4.67533,4.35995,5.75373,3.00000,5.00000,7.00000,9.00000,0.00000
22960.00000,303.73834,304.92765,250.00860,270.68360,4.61616,5.75960,4.52672,5.95350,3.00000,5.00000,7.00000,9.00000,0.00000
22961.00000,391.71894,335.80029,298.21509,259.71074,6.05556,5.79172,5.51357,6.72004,3.00000,5.00000,7.00000,9.00000,0.00000
22962.00000,311.75577,259.05273,240.07605,215.06935,3.88390,3.72014,3.76924,5.17969,3.00000,5.00000,7.00000,9.00000,0.00000
22964.00000,306.06653,307.61728,295.10315,310.95063,3.90029,4.48452,5.78063,6.22683,3.00000,5.00000,7.00000,9.00000,0.00000
22965.00000,295.99675,272.68223,240.03537,258.48195,3.94387,3.86435,3.38985,6.17790,3.00000,5.00000,7.00000,9.00000,0.00000
22966.00000,305.73186,270.40641,282.81033,256.23001,4.12675,3.97993,5.27490,6.32602,3.00000,5.00000,7.00000,9.00000,0.00000
22967.00000,,233.09964,197.32205,178.46947,,4.01892,3.91527,4.06168,3.00000,5.00000,7.00000,9.00000,1.00000
22968.00000,255.68745,259.45160,218.85554,226.72361,3.37369,3.67932,3.23483,4.89703,3.00000,5.00000,7.00000,9.00000,0.00000
22972.00000,374.91525,123.17376,222.15350,108.00333,28.31117,7.45044,12.64473,8.62185,15.50000,15.75000,16.00000,16.25000,0.00000
22973.00000,388.95277,362.81123,400.01386,,6.18659,8.27006,17.98406,,5.00000,7.00000,9.00000,11.00000,0.00000
22976.00000,341.68800,341.68295,354.99113,274.31470,4.65371,5.58091,7.88779,22.77282,5.00000,7.00000,9.00000,11.00000,0.00000
22982.00000,202.51390,271.63909,263.94450,183.42936,3.16460,5.17159,4.85538,4.23486,5.00000,7.00000,9.00000,11.00000,0.00000
22983.00000,283.33807,295.18372,327.23193,345.78967,4.70056,5.32733,6.81045,29.70725,5.00000,7.00000,9.00000,11.00000,0.00000
22984.00000,281.44080,273.73487,312.28960,355.91932,3.30813,4.28517,7.92283,24.26232,5.00000,7.00000,9.00000,11.00000,0.00000
22985.00000,355.98527,318.42624,349.47661,295.59624,4.55382,6.38482,12.79392,29.30186,5.00000,7.00000,9.00000,11.00000,0.00000
22986.00000,337.72151,307.57366,303.07077,332.36385,5.88862,5.15236,6.64371,9.06500,5.00000,7.00000,9.00000,11.00000,0.00000
22988.00000,270.20918,382.28358,270.99722,555.12515,34.12186,66.65664,52.89709,107.68646,15.50000,15.75000,16.00000,16.25000,0.00000
22989.00000,401.53670,282.38074,337.03318,303.63627,5.48661,5.32660,7.06106,7.83110,5.00000,7.00000,9.00000,11.00000,0.00000
22990.00000,414.45388,366.23005,353.19546,284.56180,6.87077,7.86466,9.18305,42.22204,5.00000,7.00000,9.00000,11.00000,0.00000
22991.00000,436.94736,422.40194,453.57938,440.37756,6.44549,7.56637,8.99826,10.02033,5.00000,7.00000,9.00000,11.00000,0.00000
22994.00000,342.78687,247.06234,258.28082,92.03467,6.76851,5.31674,7.91407,2.80339,5.00000,7.00000,9.00000,11.00000,0.00000
22996.00000,317.12690,332.84833,231.80433,419.29604,4.46848,7.31534,5.24946,41.71941,5.00000,7.00000,9.00000,11.00000,0.00000
22997.00000,340.44064,294.56394,314.88397,294.70610,3.88359,3.84695,5.42887,6.24184,5.00000,7.00000,9.00000,11.00000,0.00000
22998.00000,402.95040,363.80829,337.06547,339.57957,6.29238,5.15957,6.27558,8.05791,5.00000,7.00000,9.00000,11.00000,0.00000
23002.00000,261.81379,120.14450,80.15745,49.40016,5.00137,1.92128,1.92314,1.74901,5.00000,7.00000,9.00000,11.00000,0.00000
23003.00000,210.93613,204.45554,250.70729,281.74894,2.83322,3.31937,5.20764,9.97259,5.00000,7.00000,9.00000,11.00000,0.00000
23004.00000,75.28451,87.82145,167.87867,109.54988,2.02233,2.94382,8.91808,6.31756,5.00000,7.00000,9.00000,11.00000,0.00000
23005.00000,292.79259,274.84823,270.91348,250.34067,6.25672,5.81770,7.32720,10.59389,5.00000,7.00000,9.00000,11.00000,0.00000
23006.00000,303.61580,372.51721,380.72652,234.20370,5.84194,10.40099,13.58649,11.48428,5.00000,7.00000,9.00000,11.00000,0.00000
23007.00000,286.39857,287.53217,323.16872,328.01117,5.59481,7.34885,8.98302,18.31232,5.00000,7.00000,9.00000,11.00000,0.00000
23008.00000,257.61117,257.29390,269.57592,240.63224,5.38578,5.12387,7.20769,9.20514,5.00000,7.00000,9.00000,11.00000,0.00000
23009.00000,234.19965,265.71772,250.22460,220.27270,4.44187,5.03330,6.27364,6.80144,5.00000,7.00000,9.00000,11.00000,0.00000
23010.00000,288.99631,306.73760,271.39414,246.79083,5.16253,6.39873,8.36655,7.78669,5.00000,7.00000,9.00000,11.00000,0.00000
23011.00000,267.73340,294.65790,269.95815,252.64522,4.08159,5.44283,8.14782,11.19194,5.00000,7.00000,9.00000,11.00000,0.00000
23012.00000,269.96797,279.76684,319.30998,284.60051,4.86941,6.60361,8.95633,13.32601,5.00000,7.00000,9.00000,11.00000,0.00000
23013.00000,251.55048,265.17316,240.25139,240.73754,3.51355,4.26474,4.33605,10.84314,5.00000,7.00000,9.00000,11.00000,0.00000
23014.00000,252.92954,207.66634,166.94465,165.85353,5.05891,5.57071,4.52548,6.95284,5.00000,7.00000,9.00000,11.00000,0.00000
23015.00000,172.55193,247.20053,252.31972,193.67614,3.06047,6.13589,6.97053,8.66029,5.00000,7.00000,9.00000,11.00000,0.00000
23016.00000,207.04500,125.57471,117.06215,136.36468,4.86862,4.13552,5.45441,8.14214,5.00000,7.00000,9.00000,11.00000,0.00000
23017.00000,264.18533,160.10994,162.31077,243.79267,5.96209,4.26973,4.66421,8.24724,5.00000,7.00000,9.00000,11.00000,0.00000
