Shot #,T0 (eV),T1 (eV),T2 (eV),T3 (eV),Err. 0 (eV),Err. 1 (eV),Err. 2 (eV),Err. 3 (eV),t0 (ms),t1 (ms),t2 (ms),t3 (ms),Saturation detected
20538.00000,280.81080,,,,1.98848,,,,5.00000,5.00000,5.00000,5.00000,1.00000
20539.00000,327.09048,,,,2.12707,,,,5.00000,5.00000,5.00000,5.00000,0.00000
20540.00000,311.63118,,,,1.69093,,,,5.00000,5.00000,5.00000,5.00000,0.00000
20541.00000,354.96512,,,,2.06345,,,,5.00000,5.00000,5.00000,5.00000,0.00000
20542.00000,346.56258,,,,1.93363,,,,5.00000,5.00000,5.00000,5.00000,0.00000
20543.00000,284.58526,,,,1.75263,,,,5.00000,5.00000,5.00000,5.00000,0.00000
20544.00000,341.68242,,,,2.31041,,,,5.00000,5.00000,5.00000,5.00000,0.00000
20545.00000,213.56396,,,,1.16490,,,,5.00000,5.00000,5.00000,5.00000,0.00000
20546.00000,85.25557,,,,0.35776,,,,5.00000,5.00000,5.00000,5.00000,0.00000
20547.00000,373.99467,,,,2.26656,,,,5.00000,5.00000,5.00000,5.00000,0.00000
20548.00000,148.75604,,,,0.73330,,,,5.00000,5.00000,5.00000,5.00000,0.00000
20549.00000,193.82759,,,,1.23683,,,,5.00000,5.00000,5.00000,5.00000,1.00000
20550.00000,194.14989,,,,0.94624,,,,5.00000,5.00000,5.00000,5.00000,0.00000
20552.00000,182.35578,,,,0.99800,,,,5.00000,5.00000,5.00000,5.00000,0.00000
20553.00000,138.65775,,,,0.61657,,,,5.00000,5.00000,5.00000,5.00000,0.00000
20577.00000,371.22110,,,,2.82852,,,,5.00000,5.00000,5.00000,5.00000,0.00000
20578.00000,379.48987,,,,2.34119,,,,5.00000,5.00000,5.00000,5.00000,0.00000
20579.00000,369.50116,,,,2.86780,,,,5.00000,5.00000,5.00000,5.00000,0.00000
20580.00000,372.61339,,,,2.57322,,,,5.00000,5.00000,5.00000,5.00000,0.00000
20581.00000,386.20389,,,,2.59804,,,,5.00000,5.00000,5.00000,5.00000,0.00000
20582.00000,380.25377,,,,3.08208,,,,5.00000,5.00000,5.00000,5.00000,0.00000
20584.00000,380.08935,,,,2.42974,,,,5.00000,5.00000,5.00000,5.00000,0.00000
20586.00000,17.18061,,,,3.11966,,,,5.00000,5.00000,5.00000,5.00000,0.00000
20587.00000,385.67301,,,,3.43088,,,,5.00000,5.00000,5.00000,5.00000,0.00000
20588.00000,70.11261,,,,9.03159,,,,5.00000,5.00000,5.00000,5.00000,0.00000
20590.00000,389.12963,,,,3.00176,,,,5.00000,5.00000,5.00000,5.00000,0.00000
20591.00000,16.68515,,,,2.19767,,,,5.00000,5.00000,5.00000,5.00000,0.00000
20592.00000,312.24981,,,,2.20853,,,,5.00000,5.00000,5.00000,5.00000,0.00000
20593.00000,350.92298,,,,2.06690,,,,5.00000,5.00000,5.00000,5.00000,0.00000
20594.00000,380.19891,,,,2.39086,,,,5.00000,5.00000,5.00000,5.00000,0.00000
20595.00000,317.46242,,,,1.85975,,,,5.00000,5.00000,5.00000,5.00000,0.00000
20600.00000,96.38667,,,,15.11295,,,,5.00000,5.00000,5.00000,5.00000,0.00000
20601.00000,24.16720,,,,5.20533,,,,5.00000,5.00000,5.00000,5.00000,0.00000
20602.00000,45.06275,,,,8.48256,,,,5.00000,5.00000,5.00000,5.00000,0.00000
20604.00000,350.74056,,,,2.58015,,,,5.00000,5.00000,5.00000,5.00000,0.00000
20605.00000,301.57248,,,,1.88098,,,,5.00000,5.00000,5.00000,5.00000,0.00000
20606.00000,298.49763,,,,2.01607,,,,5.00000,5.00000,5.00000,5.00000,0.00000
20607.00000,355.12313,,,,2.19332,,,,5.00000,5.00000,5.00000,5.00000,0.00000
20608.00000,181.80069,,,,0.96442,,,,5.00000,5.00000,5.00000,5.00000,0.00000
20609.00000,215.78987,,,,1.28067,,,,5.00000,5.00000,5.00000,5.00000,0.00000
20610.00000,325.15579,,,,2.27337,,,,5.00000,5.00000,5.00000,5.00000,0.00000
20611.00000,199.67798,,,,1.04662,,,,5.00000,5.00000,5.00000,5.00000,0.00000
20612.00000,194.04733,,,,0.97099,,,,5.00000,5.00000,5.00000,5.00000,0.00000
20619.00000,344.49310,,,,2.28179,,,,5.00000,5.00000,5.00000,5.00000,0.00000
20620.00000,368.66476,,,,3.37597,,,,5.00000,5.00000,5.00000,5.00000,1.00000
20621.00000,328.46874,,,,2.24867,,,,5.00000,5.00000,5.00000,5.00000,0.00000
20622.00000,316.65406,,,,1.96184,,,,5.00000,5.00000,5.00000,5.00000,0.00000
20623.00000,348.65630,,,,2.19893,,,,5.00000,5.00000,5.00000,5.00000,0.00000
20624.00000,259.03979,,,,1.51394,,,,5.00000,5.00000,5.00000,5.00000,0.00000
20626.00000,334.46922,,,,2.25034,,,,5.00000,5.00000,5.00000,5.00000,0.00000
20627.00000,362.00174,,,,2.32691,,,,5.00000,5.00000,5.00000,5.00000,0.00000
20628.00000,292.09346,,,,1.88190,,,,5.00000,5.00000,5.00000,5.00000,0.00000
20629.00000,284.87785,,,,1.90486,,,,5.00000,5.00000,5.00000,5.00000,0.00000
20630.00000,348.30289,,,,2.38335,,,,5.00000,5.00000,5.00000,5.00000,0.00000
20631.00000,310.05185,,,,1.97784,,,,5.00000,5.00000,5.00000,5.00000,0.00000
20636.00000,283.60241,,,,1.89698,,,,5.00000,5.00000,5.00000,5.00000,0.00000
20637.00000,273.59775,,,,1.63934,,,,5.00000,5.00000,5.00000,5.00000,0.00000
20638.00000,250.72723,,,,1.52311,,,,5.00000,5.00000,5.00000,5.00000,0.00000
20639.00000,89.56321,,,,19.45653,,,,5.00000,5.00000,5.00000,5.00000,0.00000
20640.00000,306.32776,,,,2.06914,,,,5.00000,5.00000,5.00000,5.00000,0.00000
20641.00000,300.04909,,,,2.06499,,,,5.00000,5.00000,5.00000,5.00000,0.00000
20642.00000,264.06246,,,,1.96471,,,,8.00000,8.00000,8.00000,8.00000,0.00000
20643.00000,309.96708,,,,2.38059,,,,10.00000,10.00000,10.00000,10.00000,0.00000
20644.00000,219.45771,,,,1.99315,,,,12.00000,12.00000,12.00000,12.00000,0.00000
20645.00000,200.83249,,,,1.43019,,,,10.00000,10.00000,10.00000,10.00000,0.00000
20646.00000,27.63626,,,,4.69948,,,,10.00000,10.00000,10.00000,10.00000,0.00000
20647.00000,35.01998,,,,0.40115,,,,5.00000,5.00000,5.00000,5.00000,1.00000
20648.00000,47.55086,,,,0.58326,,,,5.00000,5.00000,5.00000,5.00000,1.00000
20649.00000,32.28338,,,,0.53180,,,,5.00000,5.00000,5.00000,5.00000,1.00000
20650.00000,42.13268,,,,0.41048,,,,5.00000,5.00000,5.00000,5.00000,1.00000
20651.00000,28.34489,,,,0.48778,,,,5.00000,5.00000,5.00000,5.00000,1.00000
20658.00000,294.34204,,,,3.08869,,,,5.00000,5.00000,5.00000,5.00000,0.00000
20659.00000,385.69924,,,,3.44607,,,,5.00000,5.00000,5.00000,5.00000,0.00000
20660.00000,386.78015,,,,3.45455,,,,5.00000,5.00000,5.00000,5.00000,0.00000
20661.00000,1000.00000,,,,233.86987,,,,5.00000,5.00000,5.00000,5.00000,0.00000
20662.00000,367.65093,,,,3.62271,,,,5.00000,5.00000,5.00000,5.00000,0.00000
20663.00000,374.44825,,,,3.09824,,,,5.00000,5.00000,5.00000,5.00000,0.00000
20664.00000,381.69879,,,,3.31041,,,,5.00000,5.00000,5.00000,5.00000,0.00000
20665.00000,360.37123,,,,2.85589,,,,5.00000,5.00000,5.00000,5.00000,0.00000
20666.00000,384.47232,,,,3.40685,,,,5.00000,5.00000,5.00000,5.00000,0.00000
20667.00000,386.26464,,,,3.26502,,,,5.00000,5.00000,5.00000,5.00000,0.00000
20668.00000,371.34674,,,,2.80066,,,,5.00000,5.00000,5.00000,5.00000,0.00000
20670.00000,392.69838,,,,3.43682,,,,5.00000,5.00000,5.00000,5.00000,0.00000
20671.00000,359.63804,,,,3.17950,,,,5.00000,5.00000,5.00000,5.00000,0.00000
20672.00000,340.82255,,,,2.70469,,,,5.00000,5.00000,5.00000,5.00000,0.00000
20673.00000,329.46121,,,,2.71586,,,,5.00000,5.00000,5.00000,5.00000,0.00000
20674.00000,314.60199,,,,2.34732,,,,5.00000,5.00000,5.00000,5.00000,0.00000
20675.00000,333.64876,,,,2.82904,,,,5.00000,5.00000,5.00000,5.00000,0.00000
20676.00000,339.70907,,,,2.94766,,,,5.00000,5.00000,5.00000,5.00000,0.00000
20677.00000,351.36346,,,,2.62440,,,,5.00000,5.00000,5.00000,5.00000,0.00000
20678.00000,378.56073,,,,3.22701,,,,5.00000,5.00000,5.00000,5.00000,0.00000
20681.00000,357.17774,,,,2.98241,,,,5.00000,5.00000,5.00000,5.00000,0.00000
20682.00000,364.80105,,,,3.17324,,,,5.00000,5.00000,5.00000,5.00000,0.00000
20683.00000,219.35596,,,,1.63296,,,,5.00000,5.00000,5.00000,5.00000,0.00000
20684.00000,312.92963,,,,2.62120,,,,5.00000,5.00000,5.00000,5.00000,0.00000
20685.00000,324.75973,,,,2.77279,,,,5.00000,5.00000,5.00000,5.00000,0.00000
20688.00000,20.96727,,,,4.11275,,,,5.00000,5.00000,5.00000,5.00000,0.00000
20693.00000,314.23243,,,,2.47187,,,,5.00000,5.00000,5.00000,5.00000,0.00000
20694.00000,292.16513,,,,2.37734,,,,5.00000,5.00000,5.00000,5.00000,0.00000
20695.00000,339.33969,,,,3.25205,,,,5.00000,5.00000,5.00000,5.00000,0.00000
20696.00000,362.01270,,,,3.42386,,,,5.00000,5.00000,5.00000,5.00000,0.00000
20697.00000,299.16026,,,,2.87833,,,,5.00000,5.00000,5.00000,5.00000,0.00000
20698.00000,329.51251,,,,3.01797,,,,5.00000,5.00000,5.00000,5.00000,0.00000
20703.00000,330.48236,,,,2.61955,,,,5.00000,5.00000,5.00000,5.00000,0.00000
20704.00000,342.12206,,,,2.89500,,,,5.00000,5.00000,5.00000,5.00000,0.00000
20705.00000,286.41505,,,,2.44497,,,,5.00000,5.00000,5.00000,5.00000,0.00000
20706.00000,228.16577,,,,1.69415,,,,5.00000,5.00000,5.00000,5.00000,0.00000
20707.00000,355.02959,,,,2.78063,,,,5.00000,5.00000,5.00000,5.00000,0.00000
20708.00000,332.16891,,,,2.51068,,,,5.00000,5.00000,5.00000,5.00000,0.00000
20709.00000,260.43857,,,,2.07194,,,,5.00000,5.00000,5.00000,5.00000,0.00000
20710.00000,295.44056,,,,2.39532,,,,5.00000,5.00000,5.00000,5.00000,0.00000
20715.00000,326.02530,,,,3.14289,,,,5.00000,5.00000,5.00000,5.00000,0.00000
20716.00000,323.80100,,,,2.72168,,,,5.00000,5.00000,5.00000,5.00000,0.00000
20717.00000,253.30989,,,,1.98058,,,,5.00000,5.00000,5.00000,5.00000,0.00000
20718.00000,3.88068,,,,0.09698,,,,5.00000,5.00000,5.00000,5.00000,0.00000
20719.00000,350.04465,,,,2.76817,,,,5.00000,5.00000,5.00000,5.00000,0.00000
20720.00000,282.97165,,,,2.14940,,,,5.00000,5.00000,5.00000,5.00000,0.00000
20721.00000,267.09588,,,,2.36707,,,,5.00000,5.00000,5.00000,5.00000,0.00000
20722.00000,361.62620,,,,3.09437,,,,5.00000,5.00000,5.00000,5.00000,0.00000
20723.00000,258.17611,,,,2.07798,,,,5.00000,5.00000,5.00000,5.00000,0.00000
20724.00000,139.38487,,,,0.95055,,,,5.00000,5.00000,5.00000,5.00000,0.00000
20725.00000,245.92966,,,,1.79836,,,,5.00000,5.00000,5.00000,5.00000,0.00000
20726.00000,309.21927,,,,2.25330,,,,5.00000,5.00000,5.00000,5.00000,0.00000
20727.00000,272.18178,,,,2.00944,,,,5.00000,5.00000,5.00000,5.00000,0.00000
20728.00000,259.64931,,,,1.81059,,,,5.00000,5.00000,5.00000,5.00000,0.00000
20729.00000,290.05872,,,,2.36367,,,,5.00000,5.00000,5.00000,5.00000,0.00000
20730.00000,314.06069,,,,2.50394,,,,5.00000,5.00000,5.00000,5.00000,0.00000
20734.00000,316.48390,,,,2.54855,,,,5.00000,5.00000,5.00000,5.00000,0.00000
20735.00000,241.37641,,,,1.94168,,,,5.00000,5.00000,5.00000,5.00000,0.00000
20736.00000,218.93929,,,,1.55415,,,,5.00000,5.00000,5.00000,5.00000,0.00000
20737.00000,248.93047,,,,2.26460,,,,5.00000,5.00000,5.00000,5.00000,0.00000
20738.00000,259.85340,,,,2.31075,,,,5.00000,5.00000,5.00000,5.00000,0.00000
20739.00000,314.53775,,,,2.77276,,,,5.00000,5.00000,5.00000,5.00000,0.00000
20740.00000,218.02816,,,,2.09160,,,,5.00000,5.00000,5.00000,5.00000,0.00000
20741.00000,1000.00000,,,,48.67303,,,,5.00000,5.00000,5.00000,5.00000,0.00000
20742.00000,277.23610,,,,3.36841,,,,5.00000,5.00000,5.00000,5.00000,0.00000
20743.00000,339.34096,,,,5.17985,,,,5.00000,5.00000,5.00000,5.00000,0.00000
20744.00000,913.63248,,,,25.30263,,,,5.00000,5.00000,5.00000,5.00000,0.00000
20745.00000,15.80278,,,,3.96092,,,,5.00000,5.00000,5.00000,5.00000,0.00000
20746.00000,250.51950,,,,2.03208,,,,5.00000,5.00000,5.00000,5.00000,0.00000
20747.00000,242.62769,,,,2.13126,,,,5.00000,5.00000,5.00000,5.00000,0.00000
20748.00000,211.87174,,,,1.89708,,,,5.00000,5.00000,5.00000,5.00000,0.00000
20749.00000,241.94488,,,,2.08664,,,,5.00000,5.00000,5.00000,5.00000,0.00000
20750.00000,203.32273,,,,1.59946,,,,5.00000,5.00000,5.00000,5.00000,0.00000
20751.00000,204.77106,,,,1.59909,,,,5.00000,5.00000,5.00000,5.00000,0.00000
20752.00000,201.50483,,,,1.39622,,,,5.00000,5.00000,5.00000,5.00000,0.00000
20754.00000,7.30933,,,,3.51753,,,,5.00000,5.00000,5.00000,5.00000,0.00000
20755.00000,276.09664,,,,2.44913,,,,5.00000,5.00000,5.00000,5.00000,0.00000
20756.00000,247.87446,,,,2.16533,,,,5.00000,5.00000,5.00000,5.00000,0.00000
20757.00000,286.12520,,,,3.00885,,,,5.00000,5.00000,5.00000,5.00000,0.00000
20758.00000,190.76736,,,,1.70182,,,,5.00000,5.00000,5.00000,5.00000,0.00000
20759.00000,256.96432,,,,2.41322,,,,5.00000,5.00000,5.00000,5.00000,0.00000
20761.00000,8.98313,,,,0.83960,,,,5.00000,5.00000,5.00000,5.00000,0.00000
20762.00000,285.61000,,,,3.24150,,,,5.00000,5.00000,5.00000,5.00000,0.00000
20763.00000,275.50805,,,,2.57889,,,,5.00000,5.00000,5.00000,5.00000,0.00000
20764.00000,247.60716,,,,2.21237,,,,5.00000,5.00000,5.00000,5.00000,0.00000
20765.00000,239.37129,,,,2.35549,,,,5.00000,5.00000,5.00000,5.00000,0.00000
20766.00000,249.59994,,,,2.41599,,,,5.00000,5.00000,5.00000,5.00000,0.00000
20767.00000,199.01312,,,,1.60055,,,,5.00000,5.00000,5.00000,5.00000,0.00000
20768.00000,216.70762,,,,1.53321,,,,5.00000,5.00000,5.00000,5.00000,0.00000
20769.00000,271.81869,,,,2.29479,,,,5.00000,5.00000,5.00000,5.00000,0.00000
20770.00000,179.67321,,,,1.42773,,,,5.00000,5.00000,5.00000,5.00000,0.00000
20771.00000,199.45777,,,,1.52713,,,,5.00000,5.00000,5.00000,5.00000,0.00000
20772.00000,1000.00000,,,,301.34365,,,,5.00000,5.00000,5.00000,5.00000,0.00000
20773.00000,999.98999,,,,124.54285,,,,5.00000,5.00000,5.00000,5.00000,0.00000
20774.00000,26.21210,,,,0.18867,,,,5.00000,5.00000,5.00000,5.00000,0.00000
20775.00000,271.15900,,,,2.61213,,,,5.00000,5.00000,5.00000,5.00000,0.00000
20776.00000,250.86748,,,,2.41523,,,,5.00000,5.00000,5.00000,5.00000,0.00000
20777.00000,248.56612,,,,2.38172,,,,5.00000,5.00000,5.00000,5.00000,0.00000
20778.00000,233.07526,,,,2.06184,,,,5.00000,5.00000,5.00000,5.00000,0.00000
20779.00000,177.92974,,,,1.76280,,,,5.00000,5.00000,5.00000,5.00000,0.00000
20780.00000,230.99385,,,,2.52854,,,,5.00000,5.00000,5.00000,5.00000,0.00000
20781.00000,243.77542,,,,2.18957,,,,5.00000,5.00000,5.00000,5.00000,0.00000
20783.00000,15.47949,,,,0.09219,,,,5.00000,5.00000,5.00000,5.00000,0.00000
20784.00000,192.74899,,,,1.56135,,,,5.00000,5.00000,5.00000,5.00000,0.00000
20785.00000,128.44862,,,,0.93008,,,,5.00000,5.00000,5.00000,5.00000,0.00000
20786.00000,253.79915,,,,2.05367,,,,5.00000,5.00000,5.00000,5.00000,0.00000
20787.00000,236.88064,,,,1.93168,,,,5.00000,5.00000,5.00000,5.00000,0.00000
20788.00000,47.64117,,,,0.47110,,,,5.00000,5.00000,5.00000,5.00000,0.00000
20789.00000,189.50551,,,,1.34863,,,,5.00000,5.00000,5.00000,5.00000,0.00000
20796.00000,17.16330,,,,4.22311,,,,5.00000,5.00000,5.00000,5.00000,0.00000
20797.00000,21.60628,,,,4.74178,,,,5.00000,5.00000,5.00000,5.00000,0.00000
20802.00000,232.68006,,,,2.39186,,,,5.00000,5.00000,5.00000,5.00000,0.00000
20803.00000,229.85507,,,,2.38624,,,,5.00000,5.00000,5.00000,5.00000,0.00000
20804.00000,3.55864,,,,0.22495,,,,5.00000,5.00000,5.00000,5.00000,0.00000
20805.00000,273.44764,,,,2.27633,,,,5.00000,5.00000,5.00000,5.00000,0.00000
20806.00000,15.78246,,,,0.11553,,,,5.00000,5.00000,5.00000,5.00000,0.00000
20807.00000,216.40604,,,,2.09088,,,,5.00000,5.00000,5.00000,5.00000,0.00000
20808.00000,183.56215,,,,2.18010,,,,5.00000,5.00000,5.00000,5.00000,0.00000
20809.00000,260.89441,,,,2.91543,,,,5.00000,5.00000,5.00000,5.00000,0.00000
20810.00000,196.56489,,,,1.90674,,,,5.00000,5.00000,5.00000,5.00000,0.00000
20811.00000,58.28956,,,,0.59040,,,,5.00000,5.00000,5.00000,5.00000,0.00000
20812.00000,72.18585,,,,0.66696,,,,5.00000,5.00000,5.00000,5.00000,0.00000
20813.00000,130.71074,,,,1.01735,,,,5.00000,5.00000,5.00000,5.00000,0.00000
20814.00000,164.64592,,,,1.61889,,,,5.00000,5.00000,5.00000,5.00000,0.00000
20815.00000,46.06552,,,,0.53228,,,,5.00000,5.00000,5.00000,5.00000,0.00000
20816.00000,294.60476,,,,3.02206,,,,5.00000,5.00000,5.00000,5.00000,0.00000
20817.00000,167.23697,,,,1.42737,,,,5.00000,5.00000,5.00000,5.00000,0.00000
20823.00000,2.89481,,,,0.07697,,,,5.00000,5.00000,5.00000,5.00000,0.00000
20825.00000,984.63155,,,,196.17276,,,,5.00000,5.00000,5.00000,5.00000,0.00000
20826.00000,3.93862,,,,0.10888,,,,5.00000,5.00000,5.00000,5.00000,0.00000
20827.00000,14.69126,,,,0.09830,,,,5.00000,5.00000,5.00000,5.00000,0.00000
20828.00000,20.08515,,,,3.62310,,,,5.00000,5.00000,5.00000,5.00000,0.00000
20829.00000,111.56994,,,,0.89113,,,,5.00000,5.00000,5.00000,5.00000,0.00000
20830.00000,2.57779,,,,0.20307,,,,5.00000,5.00000,5.00000,5.00000,0.00000
20831.00000,999.98998,,,,171.98885,,,,5.00000,5.00000,5.00000,5.00000,0.00000
20832.00000,286.44285,,,,2.28569,,,,5.00000,5.00000,5.00000,5.00000,0.00000
20833.00000,2.48851,,,,0.43039,,,,5.00000,5.00000,5.00000,5.00000,0.00000
20834.00000,164.98393,,,,1.56821,,,,5.00000,5.00000,5.00000,5.00000,0.00000
20835.00000,40.61277,,,,0.36713,,,,5.00000,5.00000,5.00000,5.00000,0.00000
20836.00000,123.35767,,,,1.11901,,,,5.00000,5.00000,5.00000,5.00000,0.00000
20837.00000,2.89926,,,,0.22336,,,,5.00000,5.00000,5.00000,5.00000,0.00000
20838.00000,93.23383,,,,0.73696,,,,5.00000,5.00000,5.00000,5.00000,0.00000
20839.00000,168.27194,,,,1.49568,,,,5.00000,5.00000,5.00000,5.00000,0.00000
20840.00000,109.00849,,,,1.07295,,,,5.00000,5.00000,5.00000,5.00000,0.00000
20861.00000,15.06929,,,,4.22935,,,,5.00000,5.00000,5.00000,5.00000,0.00000
20862.00000,223.38479,,,,2.25583,,,,5.00000,5.00000,5.00000,5.00000,0.00000
20863.00000,158.87363,,,,1.24609,,,,5.00000,5.00000,5.00000,5.00000,0.00000
20864.00000,238.95575,,,,2.06916,,,,5.00000,5.00000,5.00000,5.00000,0.00000
20865.00000,156.38482,,,,1.02803,,,,5.00000,5.00000,5.00000,5.00000,0.00000
20868.00000,193.16136,,,,1.71224,,,,5.00000,5.00000,5.00000,5.00000,0.00000
20869.00000,231.76986,,,,1.86500,,,,5.00000,5.00000,5.00000,5.00000,0.00000
20870.00000,171.39820,,,,1.09911,,,,5.00000,5.00000,5.00000,5.00000,0.00000
20871.00000,173.19233,,,,1.29217,,,,5.00000,5.00000,5.00000,5.00000,0.00000
20872.00000,203.31613,,,,1.37554,,,,5.00000,5.00000,5.00000,5.00000,0.00000
20873.00000,197.33801,,,,1.43686,,,,5.00000,5.00000,5.00000,5.00000,0.00000
20874.00000,233.26395,,,,1.69412,,,,5.00000,5.00000,5.00000,5.00000,0.00000
20875.00000,36.19402,,,,4.39414,,,,5.00000,5.00000,5.00000,5.00000,1.00000
20882.00000,246.66654,,,,1.62185,,,,5.00000,5.00000,5.00000,5.00000,0.00000
20883.00000,219.71182,,,,1.74181,,,,5.00000,5.00000,5.00000,5.00000,0.00000
20884.00000,169.98614,,,,1.55755,,,,5.00000,5.00000,5.00000,5.00000,0.00000
20885.00000,41.97895,,,,0.33016,,,,5.00000,5.00000,5.00000,5.00000,0.00000
20886.00000,161.00277,,,,1.37864,,,,5.00000,5.00000,5.00000,5.00000,0.00000
20887.00000,22.68190,,,,0.15244,,,,5.00000,5.00000,5.00000,5.00000,0.00000
20888.00000,91.42697,,,,0.88893,,,,5.00000,5.00000,5.00000,5.00000,0.00000
20889.00000,133.37129,,,,1.08479,,,,5.00000,5.00000,5.00000,5.00000,0.00000
20890.00000,144.60930,,,,1.51298,,,,5.00000,5.00000,5.00000,5.00000,0.00000
20891.00000,5.82052,,,,0.04510,,,,5.00000,5.00000,5.00000,5.00000,0.00000
20892.00000,2.91164,,,,0.07980,,,,5.00000,5.00000,5.00000,5.00000,0.00000
20893.00000,127.69593,,,,1.21575,,,,5.00000,5.00000,5.00000,5.00000,0.00000
20894.00000,75.16641,,,,0.74167,,,,5.00000,5.00000,5.00000,5.00000,0.00000
20898.00000,2.68616,,,,1.53442,,,,5.00000,5.00000,5.00000,5.00000,1.00000
20899.00000,183.80832,,,,1.97748,,,,5.00000,5.00000,5.00000,5.00000,0.00000
20900.00000,120.97199,,,,1.28677,,,,5.00000,5.00000,5.00000,5.00000,0.00000
20911.00000,12.80416,,,,7.64808,,,,5.00000,5.00000,5.00000,5.00000,0.00000
20914.00000,15.77834,,,,3.97128,,,,5.00000,5.00000,5.00000,5.00000,0.00000
20916.00000,1000.00000,,,,238.34810,,,,5.00000,5.00000,5.00000,5.00000,0.00000
20918.00000,100.90260,,,,30.61786,,,,5.00000,5.00000,5.00000,5.00000,0.00000
20946.00000,1000.00000,,,,82.98302,,,,5.00000,5.00000,5.00000,5.00000,0.00000
20951.00000,277.23536,,,,2.72999,,,,5.00000,5.00000,5.00000,5.00000,0.00000
20952.00000,301.95717,,,,2.81974,,,,5.00000,5.00000,5.00000,5.00000,0.00000
20954.00000,272.22572,,,,2.26725,,,,5.00000,5.00000,5.00000,5.00000,0.00000
20955.00000,307.58661,,,,3.46049,,,,5.00000,5.00000,5.00000,5.00000,0.00000
20957.00000,355.30460,,,,3.43943,,,,5.00000,5.00000,5.00000,5.00000,0.00000
20958.00000,323.75365,,,,3.08580,,,,5.00000,5.00000,5.00000,5.00000,0.00000
20959.00000,330.38978,,,,3.06386,,,,5.00000,5.00000,5.00000,5.00000,0.00000
20960.00000,311.76353,,,,3.22309,,,,5.00000,5.00000,5.00000,5.00000,0.00000
20976.00000,1000.00000,,,,351.17278,,,,1.00000,1.00000,1.00000,1.00000,0.00000
20977.00000,569.98499,,,,266.86427,,,,2.00000,2.00000,2.00000,2.00000,0.00000
20981.00000,291.64373,,,,2.45213,,,,2.00000,2.00000,2.00000,2.00000,0.00000
20982.00000,268.44833,,,,2.31599,,,,5.00000,5.00000,5.00000,5.00000,0.00000
21086.00000,275.28615,,,,2.48686,,,,5.00000,5.00000,5.00000,5.00000,0.00000
21087.00000,297.42489,,,,2.42183,,,,5.00000,5.00000,5.00000,5.00000,0.00000
21088.00000,312.88009,,,,2.66109,,,,5.00000,5.00000,5.00000,5.00000,0.00000
21089.00000,338.37807,,,,3.17632,,,,5.00000,5.00000,5.00000,5.00000,0.00000
21090.00000,289.69627,,,,2.63022,,,,5.00000,5.00000,5.00000,5.00000,0.00000
21091.00000,258.83206,,,,2.25523,,,,5.00000,5.00000,5.00000,5.00000,0.00000
21092.00000,288.90910,,,,2.43422,,,,5.00000,5.00000,5.00000,5.00000,0.00000
21095.00000,303.65080,,,,3.09359,,,,5.00000,5.00000,5.00000,5.00000,0.00000
21096.00000,295.54258,,,,2.34907,,,,5.00000,5.00000,5.00000,5.00000,0.00000
21097.00000,307.60267,,,,2.50876,,,,5.00000,5.00000,5.00000,5.00000,0.00000
21099.00000,330.23336,,,,2.60576,,,,5.00000,5.00000,5.00000,5.00000,0.00000
21100.00000,342.33860,,,,2.64288,,,,5.00000,5.00000,5.00000,5.00000,0.00000
21101.00000,331.88205,,,,2.71170,,,,5.00000,5.00000,5.00000,5.00000,0.00000
21102.00000,341.21249,,,,3.21968,,,,5.00000,5.00000,5.00000,5.00000,0.00000
21103.00000,247.29804,,,,2.07505,,,,5.00000,5.00000,5.00000,5.00000,0.00000
21104.00000,270.10813,,,,2.54848,,,,5.00000,5.00000,5.00000,5.00000,0.00000
21105.00000,322.20276,,,,3.08954,,,,5.00000,5.00000,5.00000,5.00000,0.00000
21106.00000,266.95614,,,,2.48881,,,,5.00000,5.00000,5.00000,5.00000,0.00000
21107.00000,294.97942,,,,3.03558,,,,5.00000,5.00000,5.00000,5.00000,0.00000
21111.00000,95.50811,,,,0.67593,,,,5.00000,5.00000,5.00000,5.00000,0.00000
21112.00000,147.07955,,,,1.24420,,,,5.00000,5.00000,5.00000,5.00000,0.00000
21113.00000,325.34284,,,,3.26032,,,,5.00000,5.00000,5.00000,5.00000,0.00000
21114.00000,346.59934,,,,3.07701,,,,5.00000,5.00000,5.00000,5.00000,0.00000
21115.00000,359.84549,,,,3.11304,,,,5.00000,5.00000,5.00000,5.00000,0.00000
21116.00000,326.45661,,,,2.59309,,,,5.00000,5.00000,5.00000,5.00000,0.00000
21117.00000,292.06965,,,,2.34252,,,,5.00000,5.00000,5.00000,5.00000,0.00000
21118.00000,294.16900,,,,2.59294,,,,5.00000,5.00000,5.00000,5.00000,0.00000
21119.00000,326.71095,,,,3.37238,,,,5.00000,5.00000,5.00000,5.00000,0.00000
21123.00000,371.33680,,,,5.33586,,,,5.00000,5.00000,5.00000,5.00000,0.00000
21124.00000,418.48390,,,,4.73563,,,,5.00000,5.00000,5.00000,5.00000,0.00000
21125.00000,358.27256,,,,3.35357,,,,5.00000,5.00000,5.00000,5.00000,0.00000
21126.00000,416.26284,,,,5.23464,,,,5.00000,5.00000,5.00000,5.00000,0.00000
21127.00000,327.90694,,,,3.47588,,,,5.00000,5.00000,5.00000,5.00000,0.00000
21128.00000,299.80647,,,,3.17548,,,,5.00000,5.00000,5.00000,5.00000,0.00000
21129.00000,387.55154,,,,4.02065,,,,5.00000,5.00000,5.00000,5.00000,0.00000
21130.00000,352.11309,,,,4.08668,,,,5.00000,5.00000,5.00000,5.00000,0.00000
21131.00000,321.10690,,,,2.82701,,,,5.00000,5.00000,5.00000,5.00000,0.00000
21132.00000,328.12420,,,,2.93095,,,,5.00000,5.00000,5.00000,5.00000,0.00000
21133.00000,293.04543,,,,2.16665,,,,5.00000,5.00000,5.00000,5.00000,0.00000
21134.00000,275.51456,,,,2.10869,,,,5.00000,5.00000,5.00000,5.00000,0.00000
21135.00000,299.47997,,,,2.39698,,,,5.00000,5.00000,5.00000,5.00000,0.00000
21136.00000,312.60613,,,,2.68246,,,,5.00000,5.00000,5.00000,5.00000,0.00000
21137.00000,361.45345,,,,3.86472,,,,5.00000,5.00000,5.00000,5.00000,0.00000
21150.00000,19.62532,,,,3.70752,,,,5.00000,5.00000,5.00000,5.00000,0.00000
21151.00000,1000.00000,,,,227.08502,,,,5.00000,5.00000,5.00000,5.00000,0.00000
21152.00000,1000.00000,,,,191.26237,,,,5.00000,5.00000,5.00000,5.00000,1.00000
21153.00000,5.23146,,,,0.05018,,,,5.00000,5.00000,5.00000,5.00000,0.00000
21154.00000,187.51664,,,,1.64513,,,,5.00000,5.00000,5.00000,5.00000,0.00000
21155.00000,115.45766,,,,0.85318,,,,5.00000,5.00000,5.00000,5.00000,0.00000
21156.00000,101.34028,,,,1.07983,,,,5.00000,5.00000,5.00000,5.00000,0.00000
21157.00000,190.76401,,,,1.84922,,,,5.00000,5.00000,5.00000,5.00000,0.00000
21158.00000,203.64114,,,,1.73508,,,,5.00000,5.00000,5.00000,5.00000,0.00000
21165.00000,3.43223,,,,0.08799,,,,5.00000,5.00000,5.00000,5.00000,0.00000
21166.00000,4.43345,,,,0.61694,,,,5.00000,5.00000,5.00000,5.00000,0.00000
21167.00000,4.22389,,,,0.28361,,,,5.00000,5.00000,5.00000,5.00000,0.00000
21168.00000,308.95613,,,,2.95794,,,,5.00000,5.00000,5.00000,5.00000,0.00000
21169.00000,247.54030,,,,2.18359,,,,5.00000,5.00000,5.00000,5.00000,0.00000
21170.00000,323.48928,,,,3.03645,,,,5.00000,5.00000,5.00000,5.00000,0.00000
21171.00000,223.74868,,,,1.92978,,,,5.00000,5.00000,5.00000,5.00000,0.00000
21172.00000,131.15521,,,,0.91411,,,,5.00000,5.00000,5.00000,5.00000,0.00000
21173.00000,179.69459,,,,1.38675,,,,5.00000,5.00000,5.00000,5.00000,0.00000
21174.00000,136.43565,,,,0.93697,,,,5.00000,5.00000,5.00000,5.00000,0.00000
21175.00000,95.02561,,,,0.74860,,,,5.00000,5.00000,5.00000,5.00000,0.00000
21176.00000,167.06957,,,,1.56453,,,,5.00000,5.00000,5.00000,5.00000,0.00000
21177.00000,284.71918,,,,2.75927,,,,5.00000,5.00000,5.00000,5.00000,0.00000
21178.00000,256.06737,,,,2.43024,,,,5.00000,5.00000,5.00000,5.00000,0.00000
21179.00000,151.44500,,,,1.37096,,,,5.00000,5.00000,5.00000,5.00000,0.00000
21180.00000,129.80766,,,,1.16260,,,,5.00000,5.00000,5.00000,5.00000,0.00000
21181.00000,247.69920,,,,2.68143,,,,5.00000,5.00000,5.00000,5.00000,0.00000
21182.00000,202.64250,,,,2.20852,,,,5.00000,5.00000,5.00000,5.00000,0.00000
21184.00000,9.03755,,,,4.71885,,,,5.00000,5.00000,5.00000,5.00000,0.00000
21185.00000,11.38578,,,,1.92415,,,,5.00000,5.00000,5.00000,5.00000,0.00000
21186.00000,201.50390,,,,1.94152,,,,5.00000,5.00000,5.00000,5.00000,0.00000
21187.00000,281.06931,,,,3.08227,,,,5.00000,5.00000,5.00000,5.00000,0.00000
21188.00000,294.26545,,,,3.51869,,,,5.00000,5.00000,5.00000,5.00000,0.00000
21189.00000,115.43754,,,,1.07431,,,,5.00000,5.00000,5.00000,5.00000,0.00000
21190.00000,101.00921,,,,0.97748,,,,5.00000,5.00000,5.00000,5.00000,0.00000
21191.00000,192.61941,,,,1.90077,,,,5.00000,5.00000,5.00000,5.00000,0.00000
21192.00000,118.51415,,,,1.10301,,,,5.00000,5.00000,5.00000,5.00000,0.00000
21193.00000,101.16385,,,,0.98387,,,,5.00000,5.00000,5.00000,5.00000,0.00000
21194.00000,172.94163,,,,1.55460,,,,5.00000,5.00000,5.00000,5.00000,0.00000
21195.00000,187.19938,,,,1.84771,,,,5.00000,5.00000,5.00000,5.00000,0.00000
21196.00000,153.94646,,,,1.37923,,,,5.00000,5.00000,5.00000,5.00000,0.00000
21197.00000,247.05410,,,,2.40112,,,,5.00000,5.00000,5.00000,5.00000,0.00000
21198.00000,224.79706,,,,2.45986,,,,5.00000,5.00000,5.00000,5.00000,0.00000
21199.00000,24.21059,,,,4.14044,,,,5.00000,5.00000,5.00000,5.00000,0.00000
21200.00000,939.66910,,,,313.22463,,,,5.00000,5.00000,5.00000,5.00000,0.00000
21204.00000,279.82584,,,,2.94698,,,,5.00000,5.00000,5.00000,5.00000,0.00000
21205.00000,185.58858,,,,1.90517,,,,5.00000,5.00000,5.00000,5.00000,0.00000
21206.00000,237.60091,,,,2.46191,,,,5.00000,5.00000,5.00000,5.00000,0.00000
21207.00000,200.35664,,,,2.12438,,,,5.00000,5.00000,5.00000,5.00000,0.00000
21208.00000,234.28278,,,,2.98543,,,,5.00000,5.00000,5.00000,5.00000,0.00000
21209.00000,274.11139,,,,3.81194,,,,5.00000,5.00000,5.00000,5.00000,0.00000
21210.00000,182.02404,,,,2.39562,,,,5.00000,5.00000,5.00000,5.00000,0.00000
21211.00000,251.57709,,,,3.13708,,,,5.00000,5.00000,5.00000,5.00000,0.00000
21218.00000,277.35350,,,,3.64499,,,,5.00000,5.00000,5.00000,5.00000,0.00000
21219.00000,209.79814,,,,2.90275,,,,5.00000,5.00000,5.00000,5.00000,0.00000
21220.00000,151.60902,,,,2.03602,,,,5.00000,5.00000,5.00000,5.00000,0.00000
21221.00000,218.89426,,,,2.98483,,,,5.00000,5.00000,5.00000,5.00000,0.00000
21223.00000,221.63256,,,,3.83727,,,,5.00000,5.00000,5.00000,5.00000,0.00000
21224.00000,150.44248,,,,2.18784,,,,5.00000,5.00000,5.00000,5.00000,0.00000
21225.00000,72.33819,,,,1.11091,,,,5.00000,5.00000,5.00000,5.00000,0.00000
21226.00000,114.20660,,,,1.49940,,,,5.00000,5.00000,5.00000,5.00000,0.00000
21227.00000,19.41035,,,,4.83105,,,,5.00000,5.00000,5.00000,5.00000,0.00000
21228.00000,158.69930,,,,1.98432,,,,5.00000,5.00000,5.00000,5.00000,0.00000
21229.00000,75.79005,,,,1.12112,,,,5.00000,5.00000,5.00000,5.00000,0.00000
21230.00000,180.68476,,,,2.46874,,,,5.00000,5.00000,5.00000,5.00000,0.00000
21231.00000,43.44515,,,,0.56382,,,,5.00000,5.00000,5.00000,5.00000,0.00000
21233.00000,166.75568,,,,1.47282,,,,5.00000,5.00000,5.00000,5.00000,0.00000
21234.00000,209.61558,,,,2.89658,,,,5.00000,5.00000,5.00000,5.00000,0.00000
21235.00000,159.69755,,,,1.84737,,,,5.00000,5.00000,5.00000,5.00000,0.00000
21236.00000,143.78952,,,,1.18551,,,,5.00000,5.00000,5.00000,5.00000,0.00000
21240.00000,226.77787,,,,2.21348,,,,5.00000,5.00000,5.00000,5.00000,0.00000
21241.00000,139.62318,,,,1.20525,,,,5.00000,5.00000,5.00000,5.00000,0.00000
21242.00000,261.58150,,,,2.52412,,,,5.00000,5.00000,5.00000,5.00000,0.00000
21243.00000,95.37452,,,,0.85592,,,,5.00000,5.00000,5.00000,5.00000,0.00000
21244.00000,203.83104,,,,1.80442,,,,5.00000,5.00000,5.00000,5.00000,0.00000
21245.00000,155.84847,,,,1.29632,,,,5.00000,5.00000,5.00000,5.00000,0.00000
21246.00000,194.98163,,,,1.98482,,,,5.00000,5.00000,5.00000,5.00000,0.00000
21247.00000,158.57632,,,,1.75198,,,,5.00000,5.00000,5.00000,5.00000,0.00000
21248.00000,243.16713,,,,3.05579,,,,5.00000,5.00000,5.00000,5.00000,0.00000
21249.00000,249.23995,,,,3.30920,,,,5.00000,5.00000,5.00000,5.00000,0.00000
21250.00000,92.39672,,,,1.04079,,,,5.00000,5.00000,5.00000,5.00000,0.00000
21251.00000,222.87949,,,,2.55729,,,,5.00000,5.00000,5.00000,5.00000,0.00000
21252.00000,203.38252,,,,2.18006,,,,5.00000,5.00000,5.00000,5.00000,0.00000
21253.00000,199.35044,,,,1.91449,,,,5.00000,5.00000,5.00000,5.00000,0.00000
21254.00000,170.10847,,,,1.82746,,,,5.00000,5.00000,5.00000,5.00000,0.00000
21255.00000,216.72673,,,,2.77690,,,,5.00000,5.00000,5.00000,5.00000,0.00000
21256.00000,134.75884,,,,1.29580,,,,3.00000,3.00000,3.00000,3.00000,0.00000
21257.00000,139.13337,,,,1.14141,,,,5.00000,5.00000,5.00000,5.00000,0.00000
21261.00000,202.47957,,,,2.07475,,,,5.00000,5.00000,5.00000,5.00000,0.00000
21262.00000,208.24734,,,,2.07015,,,,5.00000,5.00000,5.00000,5.00000,0.00000
21263.00000,244.92479,,,,3.61398,,,,5.00000,5.00000,5.00000,5.00000,0.00000
21264.00000,216.53420,,,,2.75434,,,,5.00000,5.00000,5.00000,5.00000,0.00000
21265.00000,213.01063,,,,2.45074,,,,5.00000,5.00000,5.00000,5.00000,0.00000
21266.00000,231.00800,,,,2.46613,,,,5.00000,5.00000,5.00000,5.00000,0.00000
21267.00000,125.61578,,,,1.28876,,,,5.00000,5.00000,5.00000,5.00000,0.00000
21268.00000,266.10083,,,,3.65266,,,,5.00000,5.00000,5.00000,5.00000,0.00000
21269.00000,184.02922,,,,2.45966,,,,5.00000,5.00000,5.00000,5.00000,0.00000
21270.00000,243.19013,,,,3.12430,,,,5.00000,5.00000,5.00000,5.00000,0.00000
21271.00000,245.53971,,,,3.86896,,,,5.00000,5.00000,5.00000,5.00000,0.00000
21272.00000,183.12363,,,,2.14215,,,,5.00000,5.00000,5.00000,5.00000,0.00000
21273.00000,278.93506,,,,3.83221,,,,5.00000,5.00000,5.00000,5.00000,0.00000
21282.00000,301.77970,,,,6.50958,,,,5.00000,5.00000,5.00000,5.00000,0.00000
21283.00000,243.94093,,,,4.40284,,,,5.00000,5.00000,5.00000,5.00000,0.00000
21284.00000,310.80782,,,,4.87725,,,,5.00000,5.00000,5.00000,5.00000,0.00000
21285.00000,244.65711,,,,3.64717,,,,5.00000,5.00000,5.00000,5.00000,0.00000
21286.00000,134.60996,,,,2.13357,,,,5.00000,5.00000,5.00000,5.00000,0.00000
21287.00000,185.05312,,,,3.12822,,,,5.00000,5.00000,5.00000,5.00000,0.00000
21288.00000,297.79623,,,,4.22594,,,,5.00000,5.00000,5.00000,5.00000,0.00000
21289.00000,273.99653,,,,3.41875,,,,5.00000,5.00000,5.00000,5.00000,0.00000
21290.00000,346.10542,,,,6.71493,,,,5.00000,5.00000,5.00000,5.00000,0.00000
21291.00000,243.69602,,,,3.31059,,,,5.00000,5.00000,5.00000,5.00000,0.00000
21298.00000,8.67681,,,,3.36743,,,,5.00000,5.00000,5.00000,5.00000,0.00000
21299.00000,286.82847,,,,3.30029,,,,5.00000,5.00000,5.00000,5.00000,0.00000
21301.00000,250.01984,,,,2.50021,,,,5.00000,5.00000,5.00000,5.00000,0.00000
21302.00000,237.46573,,,,2.43426,,,,5.00000,5.00000,5.00000,5.00000,0.00000
21303.00000,312.89245,,,,3.46827,,,,5.00000,5.00000,5.00000,5.00000,0.00000
21310.00000,262.68523,,,,2.00473,,,,5.00000,5.00000,5.00000,5.00000,0.00000
21311.00000,301.67659,,,,3.44592,,,,5.00000,5.00000,5.00000,5.00000,0.00000
21312.00000,328.85469,,,,3.70549,,,,5.00000,5.00000,5.00000,5.00000,0.00000
21313.00000,289.67325,,,,2.43955,,,,5.00000,5.00000,5.00000,5.00000,0.00000
21314.00000,360.80326,,,,3.27545,,,,5.00000,5.00000,5.00000,5.00000,0.00000
21316.00000,301.49149,,,,2.68979,,,,5.00000,5.00000,5.00000,5.00000,0.00000
21317.00000,270.29460,,,,2.12191,,,,5.00000,5.00000,5.00000,5.00000,0.00000
21318.00000,240.76541,,,,2.07764,,,,5.00000,5.00000,5.00000,5.00000,0.00000
21321.00000,1000.00000,,,,176.17507,,,,8.00000,8.00000,8.00000,8.00000,0.00000
21322.00000,145.25192,,,,1.01499,,,,8.00000,8.00000,8.00000,8.00000,0.00000
21323.00000,316.26872,,,,2.85433,,,,8.00000,8.00000,8.00000,8.00000,0.00000
21324.00000,204.63714,,,,1.35109,,,,8.00000,8.00000,8.00000,8.00000,0.00000
21326.00000,252.77405,,,,2.26687,,,,8.00000,8.00000,8.00000,8.00000,0.00000
21327.00000,283.56659,,,,2.07365,,,,5.00000,5.00000,5.00000,5.00000,0.00000
21328.00000,294.75863,,,,2.53428,,,,3.00000,3.00000,3.00000,3.00000,0.00000
21329.00000,278.33591,,,,2.25225,,,,8.00000,8.00000,8.00000,8.00000,0.00000
21330.00000,307.62607,,,,2.46452,,,,3.00000,3.00000,3.00000,3.00000,0.00000
21331.00000,302.90769,,,,2.57156,,,,5.00000,5.00000,5.00000,5.00000,0.00000
21336.00000,274.32051,,,,4.87784,,,,3.00000,3.00000,3.00000,3.00000,0.00000
21337.00000,7.64097,,,,3.12945,,,,3.00000,3.00000,3.00000,3.00000,0.00000
21338.00000,211.00523,,,,2.77322,,,,3.00000,3.00000,3.00000,3.00000,0.00000
21339.00000,263.01125,,,,4.39200,,,,3.00000,3.00000,3.00000,3.00000,0.00000
21340.00000,317.27361,,,,5.25084,,,,8.00000,8.00000,8.00000,8.00000,0.00000
21341.00000,260.93981,,,,3.44320,,,,1.00000,1.00000,1.00000,1.00000,0.00000
21342.00000,308.17299,,,,5.42798,,,,2.00000,2.00000,2.00000,2.00000,0.00000
21343.00000,321.68281,,,,5.74539,,,,8.00000,8.00000,8.00000,8.00000,0.00000
21344.00000,200.72442,,,,2.73948,,,,1.00000,1.00000,1.00000,1.00000,0.00000
21345.00000,225.67901,,,,3.60810,,,,2.00000,2.00000,2.00000,2.00000,0.00000
21354.00000,262.68307,,,,3.48792,,,,8.00000,8.00000,8.00000,8.00000,0.00000
21355.00000,201.09901,,,,2.93022,,,,8.00000,8.00000,8.00000,8.00000,0.00000
21356.00000,278.45919,,,,4.10645,,,,5.00000,5.00000,5.00000,5.00000,0.00000
21359.00000,243.39847,,,,3.52908,,,,5.00000,5.00000,5.00000,5.00000,0.00000
21360.00000,174.17558,,,,2.65671,,,,5.00000,5.00000,5.00000,5.00000,0.00000
21361.00000,208.99198,,,,3.01819,,,,5.00000,5.00000,5.00000,5.00000,0.00000
21362.00000,120.16723,,,,1.50983,,,,5.00000,5.00000,5.00000,5.00000,0.00000
21367.00000,241.42492,,,,2.63065,,,,5.00000,5.00000,5.00000,5.00000,0.00000
21368.00000,290.28960,,,,3.52729,,,,5.00000,5.00000,5.00000,5.00000,0.00000
21369.00000,215.61417,,,,2.82196,,,,5.00000,5.00000,5.00000,5.00000,0.00000
21370.00000,197.62519,,,,2.30730,,,,5.00000,5.00000,5.00000,5.00000,0.00000
21371.00000,184.53676,,,,2.41315,,,,5.00000,5.00000,5.00000,5.00000,0.00000
21372.00000,179.64792,,,,1.73489,,,,5.00000,5.00000,5.00000,5.00000,0.00000
21373.00000,320.60547,,,,3.75277,,,,5.00000,5.00000,5.00000,5.00000,0.00000
21374.00000,300.57648,,,,4.08822,,,,5.00000,5.00000,5.00000,5.00000,0.00000
21375.00000,176.48648,,,,1.82543,,,,5.00000,5.00000,5.00000,5.00000,0.00000
21376.00000,191.76225,,,,2.15304,,,,5.00000,5.00000,5.00000,5.00000,0.00000
21377.00000,208.90614,,,,2.29848,,,,5.00000,5.00000,5.00000,5.00000,0.00000
21378.00000,93.09265,,,,1.17028,,,,5.00000,5.00000,5.00000,5.00000,0.00000
21379.00000,320.31792,,,,4.38502,,,,5.00000,5.00000,5.00000,5.00000,0.00000
21380.00000,212.68835,,,,2.25855,,,,5.00000,5.00000,5.00000,5.00000,0.00000
21381.00000,192.86452,,,,1.91251,,,,5.00000,5.00000,5.00000,5.00000,0.00000
21382.00000,288.94546,,,,3.01207,,,,5.00000,5.00000,5.00000,5.00000,0.00000
21383.00000,265.14588,,,,3.02888,,,,5.00000,5.00000,5.00000,5.00000,0.00000
21389.00000,19.18192,,,,4.37069,,,,5.00000,5.00000,5.00000,5.00000,0.00000
21392.00000,187.26338,,,,2.02072,,,,5.00000,5.00000,5.00000,5.00000,0.00000
21393.00000,277.41198,,,,3.32606,,,,5.00000,5.00000,5.00000,5.00000,0.00000
21394.00000,249.06607,,,,2.73922,,,,5.00000,5.00000,5.00000,5.00000,0.00000
21395.00000,243.06616,,,,3.27982,,,,5.00000,5.00000,5.00000,5.00000,0.00000
21396.00000,239.14602,,,,2.70267,,,,5.00000,5.00000,5.00000,5.00000,0.00000
21397.00000,211.51175,,,,2.61486,,,,5.00000,5.00000,5.00000,5.00000,0.00000
21398.00000,255.16043,,,,2.92285,,,,5.00000,5.00000,5.00000,5.00000,0.00000
21399.00000,238.55285,,,,2.91432,,,,5.00000,5.00000,5.00000,5.00000,0.00000
21400.00000,149.47766,,,,1.41171,,,,5.00000,5.00000,5.00000,5.00000,0.00000
21409.00000,780.92864,,,,186.70192,,,,5.00000,5.00000,5.00000,5.00000,0.00000
21418.00000,215.33646,,,,5.82627,,,,5.00000,5.00000,5.00000,5.00000,0.00000
21419.00000,257.79384,,,,5.77061,,,,5.00000,5.00000,5.00000,5.00000,0.00000
21420.00000,201.91477,,,,5.11375,,,,5.00000,5.00000,5.00000,5.00000,0.00000
21421.00000,228.07273,,,,3.27472,,,,5.00000,5.00000,5.00000,5.00000,0.00000
21422.00000,291.17391,,,,4.01119,,,,5.00000,5.00000,5.00000,5.00000,0.00000
21423.00000,225.09610,,,,3.13859,,,,5.00000,5.00000,5.00000,5.00000,0.00000
21424.00000,67.07629,,,,1.42708,,,,8.00000,8.00000,8.00000,8.00000,0.00000
21425.00000,99.50731,,,,1.46195,,,,5.00000,5.00000,5.00000,5.00000,0.00000
21426.00000,301.31061,,,,4.14772,,,,5.00000,5.00000,5.00000,5.00000,0.00000
21427.00000,279.56615,,,,3.61254,,,,5.00000,5.00000,5.00000,5.00000,0.00000
21428.00000,192.21295,,,,2.47022,,,,5.00000,5.00000,5.00000,5.00000,0.00000
21432.00000,246.42774,,,,5.35557,,,,5.00000,5.00000,5.00000,5.00000,0.00000
21440.00000,289.88691,,,,6.45001,,,,5.00000,5.00000,5.00000,5.00000,0.00000
21441.00000,214.16855,,,,4.83048,,,,5.00000,5.00000,5.00000,5.00000,0.00000
21442.00000,261.55942,,,,5.25262,,,,5.00000,5.00000,5.00000,5.00000,0.00000
21447.00000,195.77529,,,,3.59434,,,,5.00000,5.00000,5.00000,5.00000,0.00000
21448.00000,151.93361,,,,2.79215,,,,5.00000,5.00000,5.00000,5.00000,0.00000
21449.00000,144.58255,,,,2.42520,,,,5.00000,5.00000,5.00000,5.00000,0.00000
21450.00000,88.82542,,,,2.21720,,,,5.00000,5.00000,5.00000,5.00000,0.00000
21451.00000,243.59773,,,,5.07470,,,,5.00000,5.00000,5.00000,5.00000,0.00000
21452.00000,163.25749,,,,3.52622,,,,5.00000,5.00000,5.00000,5.00000,0.00000
21453.00000,186.76109,,,,4.14752,,,,5.00000,5.00000,5.00000,5.00000,0.00000
21454.00000,222.88660,,,,4.78229,,,,5.00000,5.00000,5.00000,5.00000,0.00000
21455.00000,11.41064,,,,0.27572,,,,5.00000,5.00000,5.00000,5.00000,0.00000
21456.00000,164.50345,,,,4.58905,,,,5.00000,5.00000,5.00000,5.00000,0.00000
21457.00000,818.23982,,,,73.64280,,,,5.00000,5.00000,5.00000,5.00000,0.00000
21458.00000,239.24852,,,,6.33640,,,,5.00000,5.00000,5.00000,5.00000,0.00000
21460.00000,194.86805,,,,3.90024,,,,5.00000,5.00000,5.00000,5.00000,0.00000
21461.00000,227.37077,,,,4.59195,,,,5.00000,5.00000,5.00000,5.00000,0.00000
21462.00000,150.52058,,,,3.70194,,,,5.00000,5.00000,5.00000,5.00000,0.00000
21463.00000,147.04504,,,,2.62328,,,,5.00000,5.00000,5.00000,5.00000,0.00000
21472.00000,26.91221,,,,6.22716,,,,5.00000,5.00000,5.00000,5.00000,0.00000
21478.00000,221.81123,,,,6.77456,,,,5.00000,5.00000,5.00000,5.00000,0.00000
21486.00000,209.93296,,,,6.45986,,,,5.00000,5.00000,5.00000,5.00000,0.00000
21487.00000,208.28017,,,,5.49892,,,,5.00000,5.00000,5.00000,5.00000,0.00000
21488.00000,7.19224,,,,1.78387,,,,5.00000,5.00000,5.00000,5.00000,0.00000
21489.00000,246.82348,,,,6.72075,,,,1.00000,1.00000,1.00000,1.00000,0.00000
21490.00000,203.47720,,,,4.86372,,,,1.00000,1.00000,1.00000,1.00000,0.00000
21491.00000,199.98747,,,,4.17435,,,,1.00000,1.00000,1.00000,1.00000,0.00000
21492.00000,181.80175,,,,3.96807,,,,1.00000,1.00000,1.00000,1.00000,0.00000
21493.00000,163.59073,,,,3.68149,,,,1.00000,1.00000,1.00000,1.00000,0.00000
21494.00000,204.00341,,,,5.12508,,,,1.00000,1.00000,1.00000,1.00000,0.00000
21495.00000,252.87122,,,,5.54012,,,,1.00000,1.00000,1.00000,1.00000,0.00000
21496.00000,236.18339,,,,5.26687,,,,1.00000,1.00000,1.00000,1.00000,0.00000
21497.00000,256.92994,,,,7.75065,,,,1.00000,1.00000,1.00000,1.00000,0.00000
21498.00000,99.24307,,,,2.17320,,,,1.00000,1.00000,1.00000,1.00000,0.00000
21499.00000,233.09982,,,,5.23000,,,,1.00000,1.00000,1.00000,1.00000,0.00000
21500.00000,210.91831,,,,5.14005,,,,1.00000,1.00000,1.00000,1.00000,0.00000
21504.00000,230.93411,,,,4.87339,,,,1.00000,1.00000,1.00000,1.00000,0.00000
21505.00000,291.99233,,,,7.90653,,,,1.00000,1.00000,1.00000,1.00000,0.00000
21506.00000,271.71110,,,,6.56320,,,,1.00000,1.00000,1.00000,1.00000,1.00000
21507.00000,247.49417,,,,5.32561,,,,1.00000,1.00000,1.00000,1.00000,0.00000
21508.00000,212.57890,,,,3.84818,,,,1.00000,1.00000,1.00000,1.00000,0.00000
21509.00000,241.01627,,,,6.08012,,,,1.00000,1.00000,1.00000,1.00000,0.00000
21510.00000,179.65868,,,,4.78016,,,,1.00000,1.00000,1.00000,1.00000,0.00000
21511.00000,222.09384,,,,6.16011,,,,1.00000,1.00000,1.00000,1.00000,0.00000
21512.00000,267.77189,,,,6.90964,,,,1.00000,1.00000,1.00000,1.00000,1.00000
21513.00000,317.39964,,,,8.69876,,,,1.00000,1.00000,1.00000,1.00000,0.00000
21514.00000,272.28291,,,,5.31617,,,,1.00000,1.00000,1.00000,1.00000,0.00000
21515.00000,290.99630,,,,8.55568,,,,1.00000,1.00000,1.00000,1.00000,1.00000
21516.00000,275.60725,,,,6.26353,,,,1.00000,1.00000,1.00000,1.00000,0.00000
21517.00000,252.69968,,,,5.75498,,,,1.00000,1.00000,1.00000,1.00000,0.00000
21518.00000,75.98830,,,,1.80869,,,,1.00000,1.00000,1.00000,1.00000,0.00000
21519.00000,193.79230,,,,4.50033,,,,1.00000,1.00000,1.00000,1.00000,0.00000
21520.00000,260.25419,,,,5.72489,,,,1.00000,1.00000,1.00000,1.00000,0.00000
21521.00000,267.91933,,,,7.29269,,,,1.00000,1.00000,1.00000,1.00000,1.00000
21522.00000,228.64508,,,,5.26169,,,,1.00000,1.00000,1.00000,1.00000,0.00000
21526.00000,232.59718,,,,5.15995,,,,1.00000,1.00000,1.00000,1.00000,0.00000
21527.00000,303.50999,,,,6.86264,,,,1.00000,1.00000,1.00000,1.00000,0.00000
21528.00000,248.67775,,,,5.22700,,,,1.00000,1.00000,1.00000,1.00000,0.00000
21529.00000,223.43488,,,,5.25473,,,,1.00000,1.00000,1.00000,1.00000,0.00000
21530.00000,230.02881,,,,6.43290,,,,1.00000,1.00000,1.00000,1.00000,0.00000
21531.00000,298.22130,,,,7.65160,,,,1.00000,1.00000,1.00000,1.00000,0.00000
21532.00000,173.99090,,,,3.52187,,,,1.00000,1.00000,1.00000,1.00000,0.00000
21533.00000,262.79219,,,,6.47807,,,,1.00000,1.00000,1.00000,1.00000,0.00000
21534.00000,288.91374,,,,8.97315,,,,1.00000,1.00000,1.00000,1.00000,0.00000
21535.00000,208.82534,,,,4.49615,,,,1.00000,1.00000,1.00000,1.00000,0.00000
21536.00000,262.99998,,,,8.38470,,,,1.00000,1.00000,1.00000,1.00000,0.00000
21537.00000,250.24475,,,,5.32259,,,,1.00000,1.00000,1.00000,1.00000,0.00000
21538.00000,277.22203,,,,5.57674,,,,1.00000,1.00000,1.00000,1.00000,0.00000
21539.00000,283.49459,,,,7.84261,,,,1.00000,1.00000,1.00000,1.00000,0.00000
21540.00000,260.56716,,,,6.25014,,,,1.00000,1.00000,1.00000,1.00000,0.00000
21541.00000,234.49285,,,,6.69751,,,,1.00000,1.00000,1.00000,1.00000,0.00000
21542.00000,263.30346,,,,7.50350,,,,1.00000,1.00000,1.00000,1.00000,0.00000
21543.00000,302.37360,,,,8.07921,,,,1.00000,1.00000,1.00000,1.00000,0.00000
21544.00000,298.57220,,,,9.53201,,,,1.00000,1.00000,1.00000,1.00000,0.00000
21545.00000,267.01472,,,,6.89575,,,,1.00000,1.00000,1.00000,1.00000,0.00000
21546.00000,286.59971,,,,7.47563,,,,1.00000,1.00000,1.00000,1.00000,0.00000
21547.00000,267.17976,,,,5.55746,,,,1.00000,1.00000,1.00000,1.00000,0.00000
21548.00000,288.55124,,,,8.09875,,,,1.00000,1.00000,1.00000,1.00000,0.00000
21549.00000,296.67300,,,,7.08814,,,,1.00000,1.00000,1.00000,1.00000,0.00000
21550.00000,216.70685,,,,4.94631,,,,1.00000,1.00000,1.00000,1.00000,0.00000
21551.00000,270.79912,,,,7.73798,,,,1.00000,1.00000,1.00000,1.00000,0.00000
21564.00000,232.07626,219.83048,196.81459,269.90760,8.74776,9.80015,10.58621,18.44720,1.00000,3.00000,5.00000,7.00000,0.00000
21565.00000,198.45763,157.30172,208.19236,98.21364,5.19020,4.31621,6.63589,3.92998,1.00000,3.00000,5.00000,7.00000,0.00000
21568.00000,215.03396,211.39085,227.53949,214.42826,7.69086,11.19904,10.87171,12.60974,1.00000,3.00000,5.00000,7.00000,0.00000
21569.00000,215.71578,292.43039,140.32870,213.51458,7.21164,12.00196,4.35060,8.93303,1.00000,3.00000,5.00000,7.00000,0.00000
21570.00000,253.04946,209.40316,300.51427,246.75851,7.78987,7.87261,16.14929,12.72853,1.00000,3.00000,5.00000,7.00000,0.00000
21571.00000,141.30722,232.50527,217.60129,224.97306,2.97192,7.65672,8.67158,9.79802,1.00000,3.00000,5.00000,7.00000,0.00000
21572.00000,196.06926,239.34829,277.64531,273.27954,3.72726,6.14912,8.52897,10.49861,1.00000,3.00000,5.00000,7.00000,0.00000
21573.00000,258.61984,273.73375,160.63577,258.44827,9.01687,10.74668,5.78210,12.29028,1.00000,3.00000,5.00000,7.00000,0.00000
21574.00000,272.62976,184.94577,208.43114,137.21510,10.78144,6.54400,7.52146,6.03889,1.00000,3.00000,5.00000,7.00000,0.00000
21575.00000,197.89565,284.65733,209.03261,228.20446,4.58174,9.95424,6.24533,8.37782,1.00000,3.00000,5.00000,7.00000,0.00000
21576.00000,183.78415,158.45011,127.85437,133.33961,4.41229,3.84766,4.86883,5.22449,1.00000,3.00000,5.00000,7.00000,0.00000
21577.00000,118.22407,147.51957,201.25860,245.15758,1.99693,3.03283,4.77700,7.84149,1.00000,3.00000,5.00000,7.00000,0.00000
21578.00000,197.41612,168.37290,238.81204,200.89694,4.85430,4.56365,7.08878,6.45202,1.00000,3.00000,5.00000,7.00000,0.00000
21579.00000,243.96523,164.56545,231.86250,262.62017,6.17508,4.39142,7.86040,10.70989,1.00000,3.00000,5.00000,7.00000,0.00000
21580.00000,197.39960,194.91839,157.37109,211.25349,6.30100,8.84894,6.28948,10.93183,1.00000,3.00000,5.00000,7.00000,0.00000
21581.00000,158.65976,235.52023,158.28523,80.94596,6.67040,13.90873,7.34532,4.76968,1.00000,3.00000,5.00000,7.00000,0.00000
21582.00000,272.98911,283.16155,175.38837,312.04252,7.08064,8.83349,5.04020,14.78305,1.00000,3.00000,5.00000,7.00000,0.00000
21583.00000,212.16045,262.57567,252.48366,202.41503,4.27848,6.82187,7.14137,6.07292,1.00000,3.00000,5.00000,7.00000,0.00000
21584.00000,244.36945,259.59506,278.98883,335.32745,6.28100,7.66652,9.02887,14.76883,1.00000,3.00000,5.00000,7.00000,0.00000
21587.00000,251.82675,277.36106,214.65648,252.86628,5.33980,7.36691,5.87465,9.12343,1.00000,3.00000,5.00000,7.00000,0.00000
21588.00000,243.18711,268.15230,252.48266,305.06894,5.02846,7.53223,6.88774,12.04736,1.00000,3.00000,5.00000,7.00000,0.00000
21589.00000,147.95619,120.05295,83.22289,117.18417,2.55889,2.93340,3.78390,5.43101,1.00000,3.00000,5.00000,7.00000,0.00000
21590.00000,192.84120,151.82359,303.07914,265.75256,3.56892,3.44255,10.28764,11.21250,1.00000,3.00000,5.00000,7.00000,0.00000
21591.00000,230.13968,329.71210,298.04027,445.59549,5.27942,10.84155,10.97097,23.99633,1.00000,3.00000,5.00000,7.00000,0.00000
21592.00000,199.42728,270.93350,279.50270,265.95526,3.77006,7.08130,9.01855,9.69801,1.00000,3.00000,5.00000,7.00000,0.00000
21593.00000,204.49502,237.50298,274.87262,252.67444,3.96583,6.88858,10.33697,8.92312,1.00000,3.00000,5.00000,7.00000,0.00000
21594.00000,248.11408,109.60604,247.31783,275.39230,5.23599,2.62772,7.45873,10.24267,1.00000,3.00000,5.00000,7.00000,0.00000
21595.00000,220.65494,213.18022,292.85301,275.01438,4.25585,5.00238,8.80351,10.11969,1.00000,3.00000,5.00000,7.00000,0.00000
21596.00000,252.33664,283.69187,151.00859,275.99770,5.22028,6.77154,3.84209,9.97726,1.00000,3.00000,5.00000,7.00000,0.00000
21597.00000,206.71130,154.49535,241.65447,164.59402,4.26792,3.85833,6.40363,5.32143,1.00000,3.00000,5.00000,7.00000,0.00000
21618.00000,14.54794,4.31517,8.80467,,6.34821,0.16062,2.90427,,1.00000,3.00000,5.00000,7.00000,1.00000
21619.00000,169.69680,260.93750,258.74027,177.55049,3.01028,7.26828,7.16343,5.58398,1.00000,3.00000,5.00000,7.00000,0.00000
21620.00000,259.68061,325.91193,239.09623,287.74670,7.00176,12.04229,9.70445,22.29365,5.00000,7.00000,9.00000,11.00000,0.00000
21621.00000,3.98177,,,,0.98363,,,,5.00000,7.00000,9.00000,11.00000,0.00000
21622.00000,267.79341,278.52337,225.76681,207.59654,6.69561,8.34281,7.00345,11.78501,5.00000,7.00000,9.00000,11.00000,0.00000
21623.00000,313.67044,256.97369,287.95044,241.35635,14.62817,15.21039,16.62504,33.34995,5.00000,7.00000,9.00000,11.00000,0.00000
21624.00000,280.22567,302.02311,330.83516,203.99402,4.67430,7.05305,10.71403,6.27930,5.00000,7.00000,9.00000,11.00000,0.00000
21625.00000,144.84811,131.96448,139.47444,114.32813,2.40460,2.76584,2.67058,4.86421,9.00000,11.00000,13.00000,15.00000,0.00000
21626.00000,281.57178,342.88433,207.10461,243.00326,5.27803,7.97993,5.52138,8.70578,5.00000,7.00000,9.00000,11.00000,1.00000
21627.00000,199.32731,198.32014,480.84577,,4.64774,10.25678,170.22287,,11.00000,13.00000,15.00000,17.00000,0.00000
21628.00000,211.88020,258.17665,,,5.28187,18.04541,,,11.00000,13.00000,15.00000,17.00000,0.00000
21631.00000,241.01698,300.64727,351.81862,199.38427,3.64204,5.81816,10.03127,6.52457,5.00000,7.00000,9.00000,11.00000,0.00000
21632.00000,9.22703,5.27730,,,0.10134,0.15555,,,5.00000,7.00000,9.00000,11.00000,0.00000
21633.00000,213.67025,255.17173,249.48883,304.98258,2.55885,4.21200,4.66895,15.79645,5.00000,7.00000,9.00000,11.00000,1.00000
21634.00000,245.43169,235.75287,297.01184,237.40771,3.06118,3.48468,7.64251,8.15450,5.00000,7.00000,9.00000,11.00000,1.00000
21635.00000,159.71918,149.46790,141.01061,152.49571,2.95395,3.55607,2.89424,4.11586,5.00000,7.00000,9.00000,11.00000,0.00000
21636.00000,231.11213,152.64206,218.56750,258.53193,2.99953,2.05952,3.12180,5.07223,5.00000,7.00000,9.00000,11.00000,0.00000
21637.00000,202.02791,270.86446,294.19851,244.28154,1.68222,3.68309,4.22608,4.31201,5.00000,7.00000,9.00000,11.00000,0.00000
21638.00000,134.50872,181.79590,210.46127,176.52627,2.14085,3.58452,4.85245,4.44086,5.00000,7.00000,9.00000,11.00000,0.00000
21639.00000,127.20092,76.25566,63.41325,51.08389,2.06311,1.57557,1.54245,2.04571,5.00000,7.00000,9.00000,11.00000,0.00000
21640.00000,226.85536,209.40411,216.40358,188.03411,2.58498,2.59214,3.96395,3.37109,5.00000,7.00000,9.00000,11.00000,0.00000
21641.00000,201.45806,230.25691,213.69486,121.37200,1.95224,3.14543,3.22749,2.20747,5.00000,7.00000,9.00000,11.00000,0.00000
21642.00000,231.19458,152.72587,285.12897,197.85431,2.88232,1.97212,6.30576,3.97686,5.00000,7.00000,9.00000,11.00000,0.00000
21643.00000,243.99638,232.49588,261.05316,239.86108,2.68589,2.35418,3.19532,4.14477,5.00000,7.00000,9.00000,11.00000,0.00000
21644.00000,68.33643,255.94329,191.89894,149.23592,1.22298,5.88497,4.33190,4.26827,5.00000,7.00000,9.00000,11.00000,0.00000
21645.00000,244.18384,301.88051,232.06855,288.83862,2.66175,3.43037,3.29165,6.06207,5.00000,7.00000,9.00000,11.00000,0.00000
21646.00000,259.82994,163.31175,129.84030,218.43629,3.35028,2.97675,2.12867,4.97420,5.00000,7.00000,9.00000,11.00000,1.00000
21647.00000,39.64888,136.74195,78.53199,126.81400,0.43072,3.08175,1.72385,3.65331,5.00000,7.00000,9.00000,11.00000,0.00000
21648.00000,217.28240,259.37070,263.68626,168.77322,3.12476,4.46861,4.59367,3.82274,5.00000,7.00000,9.00000,11.00000,0.00000
21649.00000,104.46549,199.27164,194.97933,239.31189,1.60696,3.23551,3.03450,5.28636,5.00000,7.00000,9.00000,11.00000,0.00000
21650.00000,231.64394,161.56240,215.99390,210.21219,3.19021,2.47282,3.90892,4.11754,5.00000,7.00000,9.00000,11.00000,0.00000
21651.00000,268.01261,260.23465,175.65736,194.32029,3.89481,3.25985,2.96379,4.02175,5.00000,7.00000,9.00000,11.00000,0.00000
21652.00000,232.68299,237.89971,214.47737,191.61204,3.22554,3.62722,3.81040,3.34359,5.00000,7.00000,9.00000,11.00000,0.00000
21655.00000,268.09506,232.16990,223.28145,265.52013,3.00262,3.00393,3.03030,3.78515,5.00000,7.00000,9.00000,11.00000,0.00000
21656.00000,250.84822,191.36623,303.87294,234.46734,3.04795,3.18439,5.76765,4.57678,5.00000,7.00000,9.00000,11.00000,0.00000
21657.00000,261.41679,147.85718,269.01490,234.35886,3.02392,1.70799,5.04951,5.81354,5.00000,7.00000,9.00000,11.00000,0.00000
21658.00000,211.88271,127.22692,247.24187,230.67892,1.92035,1.42966,3.28810,3.80673,5.00000,7.00000,9.00000,11.00000,1.00000
21659.00000,215.76715,186.62289,249.44108,261.17108,2.38301,2.52171,3.85979,5.34746,5.00000,7.00000,9.00000,11.00000,0.00000
21660.00000,192.90876,222.85728,207.53663,149.15493,2.93225,4.08859,4.58113,3.47512,5.00000,7.00000,9.00000,11.00000,0.00000
21661.00000,232.50659,220.79119,129.24889,229.80188,2.39526,3.62349,2.01372,5.64217,5.00000,7.00000,9.00000,11.00000,0.00000
21662.00000,216.24072,81.98613,148.15490,208.04806,2.75430,1.31769,2.85474,5.79652,5.00000,7.00000,9.00000,11.00000,0.00000
21670.00000,,,,2037.73478,,,,114.07849,1.00000,3.00000,5.00000,7.00000,0.00000
21671.00000,1.50169,4.38988,,,1.20062,2.51366,,,1.00000,3.00000,5.00000,7.00000,1.00000
21672.00000,2.05842,5.38200,467.61890,,0.17244,3.26498,91.71858,,1.00000,3.00000,5.00000,7.00000,1.00000
21673.00000,3.69710,1.29013,1000.00000,,0.15239,22.47292,136.05361,,1.00000,3.00000,5.00000,7.00000,1.00000
21674.00000,,1.28224,,1000.00000,,19.92862,,136.85324,1.00000,3.00000,5.00000,7.00000,1.00000
21675.00000,4.13954,0.53384,1761.50085,,0.10642,0.69487,79.03286,,1.00000,3.00000,5.00000,7.00000,0.00000
21676.00000,3.40830,3.69468,,,0.10854,0.48764,,,1.00000,3.00000,5.00000,7.00000,1.00000
21677.00000,4.99689,0.27273,,,0.08585,0.02511,,,1.00000,3.00000,5.00000,7.00000,1.00000
21678.00000,4.63840,0.44170,,,0.13084,0.22248,,,1.00000,3.00000,5.00000,7.00000,1.00000
21679.00000,16.27725,0.16953,2343.74910,1000.00000,0.17678,0.00603,307.25799,345.56164,1.00000,3.00000,5.00000,7.00000,0.00000
21680.00000,16.70953,1.68440,1099.18423,,0.16959,1.82397,370.86353,,1.00000,3.00000,5.00000,7.00000,0.00000
21681.00000,4.26582,1000.00000,,,0.07315,219.22539,,,1.00000,3.00000,5.00000,7.00000,1.00000
21682.00000,8.62882,4.81580,,,0.14349,0.66923,,,1.00000,3.00000,5.00000,7.00000,1.00000
21683.00000,9.22608,0.18712,,,0.07801,0.00815,,,1.00000,3.00000,5.00000,7.00000,1.00000
21684.00000,46.45658,3.68596,,,0.77280,0.26436,,,1.00000,3.00000,5.00000,7.00000,1.00000
21685.00000,13.00259,3.25674,,,0.18007,0.45618,,,1.00000,3.00000,5.00000,7.00000,1.00000
21686.00000,18.54095,1.29497,,,0.27789,6.08370,,,1.00000,3.00000,5.00000,7.00000,1.00000
21687.00000,132.12479,4.58815,,,2.05050,0.11259,,,1.00000,3.00000,5.00000,7.00000,1.00000
21688.00000,124.02101,9.77000,,,2.93551,0.16711,,,1.00000,3.00000,5.00000,7.00000,1.00000
21689.00000,86.55039,7.48403,,,1.74412,0.16196,,,1.00000,3.00000,5.00000,7.00000,1.00000
21690.00000,123.65746,6.20684,,,1.76021,0.15668,,,1.00000,3.00000,5.00000,7.00000,1.00000
21691.00000,150.02581,27.64196,1.28312,,2.74994,0.67298,16.69706,,1.00000,3.00000,5.00000,7.00000,0.00000
21692.00000,200.56388,10.20615,3.79939,,4.00924,0.22738,2.95790,,1.00000,3.00000,5.00000,7.00000,1.00000
21693.00000,125.60958,13.23200,0.20146,,2.13766,0.24173,0.02814,,1.00000,3.00000,5.00000,7.00000,1.00000
21694.00000,197.64459,12.28733,0.21514,,8.90503,0.18872,0.01316,,1.00000,3.00000,5.00000,7.00000,1.00000
21695.00000,115.59385,20.97059,3.46372,,1.98646,0.46616,0.71637,,1.00000,3.00000,5.00000,7.00000,1.00000
21696.00000,144.24905,177.15959,145.13224,67.81403,2.38865,3.14943,3.46230,2.72141,1.00000,3.00000,5.00000,7.00000,0.00000
21699.00000,139.28042,122.25927,69.81947,7.14314,2.57021,2.19341,2.40474,0.24068,1.00000,3.00000,5.00000,7.00000,0.00000
21702.00000,155.98472,89.94502,19.93508,0.35946,2.71975,1.34985,0.23140,0.19328,1.00000,3.00000,5.00000,7.00000,1.00000
21703.00000,183.93516,90.06856,13.51684,,3.27296,1.74455,0.22707,,1.00000,3.00000,5.00000,7.00000,1.00000
21704.00000,141.27725,94.39210,63.28157,27.89786,1.84594,1.85803,1.21980,0.78068,1.00000,3.00000,5.00000,7.00000,1.00000
21705.00000,163.65619,117.05737,141.89415,105.39194,2.19293,2.10063,2.54102,3.91883,1.00000,3.00000,5.00000,7.00000,1.00000
21706.00000,155.87893,91.68319,105.33456,78.83468,1.98119,1.56054,2.58625,2.74678,1.00000,3.00000,5.00000,7.00000,1.00000
21708.00000,199.84259,8.19038,0.39491,,3.57829,0.11136,0.45635,,1.00000,3.00000,5.00000,7.00000,0.00000
21709.00000,229.56494,9.62728,3.34444,,4.58588,0.10286,1.29925,,1.00000,3.00000,5.00000,7.00000,0.00000
21710.00000,186.81105,11.53337,,,2.88744,0.13726,,,1.00000,3.00000,5.00000,7.00000,0.00000
21711.00000,251.89230,11.69638,0.29964,,4.09569,0.15073,0.10841,,1.00000,3.00000,5.00000,7.00000,0.00000
21712.00000,275.33322,9.66908,4.50579,,5.14501,0.15379,1.05039,,1.00000,3.00000,5.00000,7.00000,0.00000
21713.00000,280.97526,3.81360,0.26479,,5.88521,0.06127,0.03373,,1.00000,3.00000,5.00000,7.00000,0.00000
21715.00000,150.72190,15.64520,3.26118,,2.28242,0.19621,0.72841,,1.00000,3.00000,5.00000,7.00000,0.00000
21716.00000,220.65257,19.34139,3.49401,,3.28293,0.22634,0.47776,,1.00000,3.00000,5.00000,7.00000,0.00000
21717.00000,254.83088,13.31751,0.29587,,4.98227,0.21169,0.07778,,1.00000,3.00000,5.00000,7.00000,1.00000
21718.00000,192.92549,13.53508,7.39343,,3.96062,0.09212,0.25739,,1.00000,3.00000,5.00000,7.00000,1.00000
21719.00000,211.52625,7.75137,,,3.12229,0.08722,,,1.00000,3.00000,5.00000,7.00000,0.00000
21720.00000,186.53004,73.88083,6.41229,,4.12403,2.03651,0.12836,,1.00000,3.00000,5.00000,7.00000,1.00000
21721.00000,256.70320,31.19203,3.86382,,5.63480,0.43018,0.77061,,1.00000,3.00000,5.00000,7.00000,0.00000
21722.00000,227.55445,12.91383,0.17142,,3.99957,0.13030,0.02165,,1.00000,3.00000,5.00000,7.00000,0.00000
21723.00000,130.86154,10.75836,5.02552,,2.28738,0.11189,1.54513,,1.00000,3.00000,5.00000,7.00000,1.00000
21724.00000,128.24987,14.09319,2.81819,,2.55565,0.18012,1.45472,,1.00000,3.00000,5.00000,7.00000,0.00000
21725.00000,158.02105,19.22572,3.45652,,2.54033,0.27403,0.80350,,1.00000,3.00000,5.00000,7.00000,0.00000
21726.00000,,31.78391,0.23330,,,0.52233,0.01599,,1.00000,3.00000,5.00000,7.00000,1.00000
21727.00000,227.60862,9.80552,9.58003,,4.01370,0.11044,0.95810,,1.00000,3.00000,5.00000,7.00000,1.00000
21728.00000,225.30551,44.30855,4.34066,,4.26057,0.85827,0.42441,,1.00000,3.00000,5.00000,7.00000,0.00000
21729.00000,211.38473,45.88133,5.54717,,4.62570,1.01919,0.17218,,1.00000,3.00000,5.00000,7.00000,1.00000
21730.00000,154.27349,43.69972,4.65125,,2.45341,0.97789,0.19482,,1.00000,3.00000,5.00000,7.00000,0.00000
21731.00000,209.24874,49.56694,5.43993,,3.59148,0.94481,0.18081,,1.00000,3.00000,5.00000,7.00000,0.00000
21736.00000,118.42026,5.20750,,,2.01266,0.24048,,,1.00000,3.00000,5.00000,7.00000,1.00000
21737.00000,224.16732,11.01381,9.43495,,5.90292,0.22111,1.27887,,1.00000,3.00000,5.00000,7.00000,0.00000
21738.00000,212.50735,71.24042,7.60394,,7.71255,3.47947,0.22155,,1.00000,3.00000,5.00000,7.00000,0.00000
21739.00000,208.61687,102.78772,9.62424,,7.55667,4.20454,0.25149,,1.00000,3.00000,5.00000,7.00000,0.00000
21740.00000,222.35293,32.85577,5.72561,,7.14613,1.13649,0.29643,,1.00000,3.00000,5.00000,7.00000,0.00000
21741.00000,239.37957,59.12562,4.87409,,6.16059,1.91683,0.35953,,1.00000,3.00000,5.00000,7.00000,1.00000
21742.00000,275.72947,68.68582,5.45024,,6.09352,2.97995,0.26846,,1.00000,3.00000,5.00000,7.00000,0.00000
21743.00000,224.76206,50.84131,6.89994,,6.31043,2.52088,0.40299,,1.00000,3.00000,5.00000,7.00000,0.00000
21744.00000,239.02122,96.57330,8.28815,,6.04533,4.37424,0.22079,,1.00000,3.00000,5.00000,7.00000,0.00000
21745.00000,269.27784,59.45543,4.58022,,6.25571,2.80055,0.40397,,1.00000,3.00000,5.00000,7.00000,0.00000
21746.00000,259.52060,109.53065,4.95332,,6.89665,4.82144,0.17264,,1.00000,3.00000,5.00000,7.00000,0.00000
21747.00000,255.34960,18.29526,5.00448,,5.99640,0.43492,0.54292,,1.00000,3.00000,5.00000,7.00000,0.00000
21750.00000,192.38956,162.08244,166.56294,115.39275,6.12220,4.56433,7.06942,5.22355,1.00000,3.00000,5.00000,7.00000,0.00000
21751.00000,190.34213,195.53676,171.60079,101.97269,5.57606,7.04431,6.56481,6.90314,1.00000,3.00000,5.00000,7.00000,0.00000
21752.00000,189.41959,150.02834,199.15642,89.00327,5.07351,6.06220,8.81986,4.14449,1.00000,3.00000,5.00000,7.00000,0.00000
21753.00000,230.04348,131.63929,11.94147,1000.00000,6.84386,4.51888,0.16386,818.52616,1.00000,3.00000,5.00000,7.00000,0.00000
21754.00000,270.56047,38.89632,6.34458,,7.31829,1.20237,0.32537,,1.00000,3.00000,5.00000,7.00000,0.00000
21755.00000,,90.40649,4.89843,,,4.56611,0.15444,,1.00000,3.00000,5.00000,7.00000,1.00000
21756.00000,280.33783,60.44946,4.80480,,7.28602,2.76402,0.22344,,1.00000,3.00000,5.00000,7.00000,0.00000
21757.00000,262.11630,72.89941,3.23482,,6.21246,2.77758,0.24245,,1.00000,3.00000,5.00000,7.00000,0.00000
21758.00000,161.63631,91.67635,19.31855,,3.81997,3.42463,0.36678,,1.00000,3.00000,5.00000,7.00000,0.00000
21759.00000,219.07922,84.39460,7.08967,,5.87296,3.59305,0.23990,,1.00000,3.00000,5.00000,7.00000,0.00000
21760.00000,215.09119,15.72781,6.17106,,5.27898,0.27016,0.50821,,1.00000,3.00000,5.00000,7.00000,0.00000
21761.00000,182.18998,98.68142,13.75422,,4.17958,3.94381,0.28833,,1.00000,3.00000,5.00000,7.00000,0.00000
21762.00000,256.21893,118.19805,20.49549,7.83105,7.28621,3.42210,0.48408,1.81096,1.00000,3.00000,5.00000,7.00000,0.00000
21763.00000,234.15110,107.10806,7.92353,,9.99521,3.54106,0.13732,,1.00000,3.00000,5.00000,7.00000,0.00000
21764.00000,212.44285,122.63892,38.97961,6.01819,4.32832,3.54952,1.71352,0.50016,1.00000,3.00000,5.00000,7.00000,0.00000
21765.00000,219.63796,8.72194,5.78882,,6.78437,0.14055,0.43132,,1.00000,3.00000,5.00000,7.00000,1.00000
21766.00000,252.54791,67.61231,4.60422,,5.90967,2.52659,0.29122,,1.00000,3.00000,5.00000,7.00000,0.00000
21767.00000,264.92459,52.02715,3.89155,,8.29056,1.95217,0.20851,,1.00000,3.00000,5.00000,7.00000,0.00000
21768.00000,302.97779,14.98875,1.92536,,9.74302,0.25646,1.13200,,1.00000,3.00000,5.00000,7.00000,1.00000
21769.00000,292.59626,107.10040,4.88045,0.27849,6.40373,3.69882,0.16075,0.11013,1.00000,3.00000,5.00000,7.00000,0.00000
21770.00000,234.57654,51.26451,6.91803,,6.94850,1.82202,0.16040,,1.00000,3.00000,5.00000,7.00000,0.00000
21771.00000,208.46875,49.33297,7.38725,,5.01431,1.77796,0.21608,,1.00000,3.00000,5.00000,7.00000,0.00000
21772.00000,237.63085,53.89127,7.84674,,6.03268,2.39421,0.25007,,1.00000,3.00000,5.00000,7.00000,0.00000
21773.00000,172.95316,61.67352,3.71595,,3.90792,2.14465,0.38218,,1.00000,3.00000,5.00000,7.00000,0.00000
21774.00000,237.96640,95.00852,6.31625,,6.69615,4.07002,0.19394,,1.00000,3.00000,5.00000,7.00000,0.00000
21775.00000,219.69681,196.46997,8.62284,,5.37913,9.45677,0.22654,,1.00000,3.00000,5.00000,7.00000,0.00000
21776.00000,242.91451,81.11783,6.66573,,6.18333,2.91612,0.26912,,1.00000,3.00000,5.00000,7.00000,0.00000
21777.00000,257.61718,52.31228,11.45671,,8.12752,1.75441,0.29982,,1.00000,3.00000,5.00000,7.00000,0.00000
21778.00000,275.64952,36.39338,3.31536,,6.73163,1.18370,0.41810,,1.00000,3.00000,5.00000,7.00000,0.00000
21779.00000,257.12746,126.98038,10.44266,,7.53018,3.97000,0.20641,,1.00000,3.00000,5.00000,7.00000,0.00000
21780.00000,,55.04290,7.02753,,,2.79257,0.19649,,1.00000,3.00000,5.00000,7.00000,1.00000
21781.00000,289.20909,49.06643,2.70250,,8.14403,1.78404,0.43718,,1.00000,3.00000,5.00000,7.00000,0.00000
21782.00000,238.83172,72.01612,8.87966,,5.21670,3.33305,0.21164,,1.00000,3.00000,5.00000,7.00000,1.00000
21783.00000,238.85435,84.71077,10.32026,,6.07832,3.49254,0.27956,,1.00000,3.00000,5.00000,7.00000,0.00000
21784.00000,268.13098,82.74435,6.57257,,5.71462,4.55811,0.16278,,1.00000,34362.74000,34364.74000,34366.74000,0.00000
21785.00000,237.11385,43.85018,4.80916,,5.20598,1.47373,0.31693,,1.00000,3.00000,5.00000,7.00000,0.00000
21790.00000,228.90566,219.29981,114.40387,139.98267,5.56599,8.47074,6.82273,7.10076,1.00000,3.00000,5.00000,7.00000,0.00000
21791.00000,232.70224,185.63525,126.85557,100.82855,5.63076,6.80030,6.36433,5.85810,1.00000,3.00000,5.00000,7.00000,0.00000
21792.00000,206.26015,248.03679,241.83980,215.79175,3.41666,6.48822,8.83751,8.69877,1.00000,3.00000,5.00000,7.00000,1.00000
21793.00000,240.49297,195.26601,214.29526,186.26654,6.68760,6.15694,9.01244,10.51583,1.00000,3.00000,5.00000,7.00000,0.00000
21794.00000,169.80891,133.78448,5.83408,4.16367,3.01809,3.01487,0.09232,1.06085,1.00000,3.00000,5.00000,7.00000,1.00000
21795.00000,194.08234,46.52174,8.56440,,6.08091,1.81569,0.14048,,1.00000,3.00000,5.00000,7.00000,0.00000
21796.00000,1000.00000,832.06738,,1000.00000,234.58936,71.35066,,53.09920,1.00000,3.00000,5.00000,7.00000,0.00000
21797.00000,4.77091,1000.00000,,,0.83739,59.94714,,,1.00000,3.00000,5.00000,7.00000,0.00000
21799.00000,0.30884,999.98998,2982.23710,1000.00000,0.04279,166.02086,342.73405,63.62760,1.00000,3.00000,5.00000,7.00000,0.00000
21800.00000,4.35224,,,718.65109,0.10577,,,73.53212,1.00000,3.00000,5.00000,7.00000,0.00000
21801.00000,11.45240,,10000.00000,1000.00000,0.29561,,4530.74573,308.03591,1.00000,3.00000,5.00000,7.00000,0.00000
21802.00000,7.08614,1359.28438,1174.87623,1000.00000,0.25265,97.22745,130.62181,152.47417,1.00000,3.00000,5.00000,7.00000,0.00000
21803.00000,10.58866,1000.00000,1819.29876,1000.00000,0.35561,83.88160,111.50908,63.31666,1.00000,3.00000,5.00000,7.00000,0.00000
21804.00000,28.82597,2611.96493,652.47466,,0.91513,146.31364,24.32874,,1.00000,3.00000,5.00000,7.00000,0.00000
21805.00000,4.00432,1000.00000,1000.00000,579.08460,0.78109,119.12567,45.82446,43.42988,1.00000,3.00000,5.00000,7.00000,0.00000
21806.00000,141.98628,20.86582,11.29330,,3.98584,0.69443,0.42083,,1.00000,3.00000,5.00000,7.00000,0.00000
21807.00000,166.16253,94.22741,51.40162,41.85513,4.82358,3.69568,2.26375,3.04739,1.00000,3.00000,5.00000,7.00000,0.00000
22050.00000,98.82670,12.15285,8.55183,,1.78782,0.23561,1.66503,,1.00000,3.00000,5.00000,7.00000,0.00000
22051.00000,176.95125,53.96861,33.90770,1.36926,3.71932,1.70100,0.91729,34.71527,1.00000,3.00000,5.00000,7.00000,0.00000
22052.00000,170.13040,128.36907,31.01056,27.77322,2.60540,3.35120,0.87447,1.12884,1.00000,3.00000,5.00000,7.00000,1.00000
22053.00000,173.59656,48.44605,36.24803,,3.54784,1.59229,1.43721,,1.00000,3.00000,5.00000,7.00000,0.00000
22054.00000,104.63371,38.65834,11.36464,,1.98279,1.13601,0.37418,,1.00000,3.00000,5.00000,7.00000,0.00000
22055.00000,155.84153,61.69761,11.32216,,3.12788,1.93913,0.36813,,1.00000,3.00000,5.00000,7.00000,0.00000
22056.00000,169.62050,144.71770,28.96911,17.22887,2.59692,3.09391,0.83920,0.57498,1.00000,3.00000,5.00000,7.00000,0.00000
22057.00000,179.56202,125.82061,29.56888,1.30418,3.87581,2.86659,1.18443,7.62315,1.00000,3.00000,5.00000,7.00000,0.00000
22058.00000,202.42178,106.69795,35.21106,3.25564,4.90553,2.09313,1.19534,0.41079,1.00000,3.00000,5.00000,7.00000,0.00000
22059.00000,190.28537,76.23926,21.12430,1000.00000,4.85916,2.64083,0.47740,308.79234,1.00000,3.00000,5.00000,7.00000,0.00000
22060.00000,171.09780,97.10176,26.79705,999.98984,4.00113,2.22022,0.99656,83.12037,1.00000,3.00000,5.00000,7.00000,0.00000
22061.00000,137.70415,90.82485,26.87553,10.90502,3.44150,2.69153,0.71869,0.39424,1.00000,3.00000,5.00000,7.00000,0.00000
22062.00000,189.56794,81.16369,12.83334,,4.07079,3.28545,0.32823,,1.00000,3.00000,5.00000,7.00000,0.00000
22063.00000,160.37565,111.32660,18.33606,8.85052,3.09010,3.02364,0.53635,0.38716,1.00000,3.00000,5.00000,7.00000,1.00000
22064.00000,134.50778,49.55334,11.69690,,2.98088,1.79049,0.53238,,1.00000,3.00000,5.00000,7.00000,0.00000
22065.00000,181.52962,71.17442,17.66443,7.03030,5.15147,2.73265,0.63039,0.59329,1.00000,3.00000,5.00000,7.00000,1.00000
22066.00000,225.14376,35.94179,7.50099,,4.06263,1.03401,0.26114,,1.00000,3.00000,5.00000,7.00000,1.00000
22067.00000,201.21553,60.14955,7.43910,,6.49950,2.05391,0.30143,,1.00000,3.00000,5.00000,7.00000,0.00000
22068.00000,132.04694,54.66262,17.81962,,2.67670,1.54874,0.46415,,1.00000,3.00000,5.00000,7.00000,0.00000
22069.00000,178.10314,124.55765,100.82911,33.93797,3.28001,2.67036,2.87521,1.35737,1.00000,3.00000,5.00000,7.00000,1.00000
22070.00000,206.73310,65.95581,14.20646,,6.09199,2.05283,0.36686,,1.00000,3.00000,5.00000,7.00000,0.00000
22071.00000,96.29012,60.01866,7.06457,,2.38777,2.34713,0.20760,,1.00000,3.00000,5.00000,7.00000,0.00000
22072.00000,162.93239,130.38646,57.15543,17.51768,3.08716,3.76488,2.67519,0.69737,1.00000,3.00000,5.00000,7.00000,1.00000
22073.00000,162.47172,36.30054,1000.00000,,3.47976,1.21674,333.84789,,1.00000,3.00000,5.00000,7.00000,0.00000
22074.00000,147.43286,161.47302,129.37278,57.21398,3.78460,6.17641,5.21403,3.11196,1.00000,3.00000,5.00000,7.00000,0.00000
22075.00000,96.42435,123.70284,97.79435,55.26970,3.96495,5.55328,4.36756,2.88050,1.00000,3.00000,5.00000,7.00000,0.00000
22076.00000,182.03851,108.56421,106.12455,63.07600,6.37147,4.71728,5.25630,3.89252,1.00000,3.00000,5.00000,7.00000,0.00000
22077.00000,159.25075,181.03017,126.56090,63.28780,6.20787,9.38449,4.65120,4.57832,1.00000,3.00000,5.00000,7.00000,1.00000
22081.00000,167.57677,141.31881,110.11485,136.55756,3.89387,3.30022,2.82214,5.01879,1.00000,3.00000,5.00000,7.00000,1.00000
22082.00000,194.05391,130.00314,125.90965,100.59102,5.35288,3.72633,4.42909,4.16988,1.00000,3.00000,5.00000,7.00000,0.00000
22083.00000,176.46505,155.25865,100.06947,101.76599,4.65780,5.33871,3.82409,4.32291,1.00000,3.00000,5.00000,7.00000,1.00000
22084.00000,162.47581,145.53412,112.13832,101.82218,4.14964,3.34214,3.87499,3.62306,1.00000,3.00000,5.00000,7.00000,0.00000
22085.00000,163.45488,113.96127,137.08468,88.43826,3.88140,2.43844,4.30281,5.29352,1.00000,3.00000,5.00000,7.00000,0.00000
22086.00000,149.38225,146.89507,98.26722,93.72013,3.14096,4.82007,5.12438,4.26877,1.00000,3.00000,5.00000,7.00000,1.00000
22087.00000,160.80149,162.77884,101.26433,80.07231,3.38393,4.90157,2.95872,3.81492,1.00000,3.00000,5.00000,7.00000,0.00000
22088.00000,167.86617,127.90413,113.54779,79.57426,4.17702,4.63637,4.39150,4.28519,1.00000,3.00000,5.00000,7.00000,0.00000
22090.00000,177.41889,135.79383,104.98587,110.13939,4.23158,5.08197,5.57708,5.38963,1.00000,3.00000,5.00000,7.00000,0.00000
22091.00000,126.93345,130.60933,71.92520,34.89127,3.58354,3.63190,2.48432,2.05345,1.00000,3.00000,5.00000,7.00000,0.00000
22092.00000,201.07873,130.39362,24.33438,13.94847,5.69125,2.87907,0.56709,0.56212,1.00000,3.00000,5.00000,7.00000,0.00000
22093.00000,164.05503,94.12701,69.88630,10.41528,3.90845,3.14367,3.10692,0.39840,1.00000,3.00000,5.00000,7.00000,0.00000
22094.00000,196.32915,169.02744,71.18117,36.94986,4.49465,5.40925,2.18884,2.66078,1.00000,3.00000,5.00000,7.00000,1.00000
22095.00000,205.58644,157.09230,96.89701,103.35385,5.69554,5.15609,2.83932,4.17252,1.00000,3.00000,5.00000,7.00000,1.00000
22096.00000,144.45363,129.06589,131.47905,47.77687,2.52312,3.25271,3.67857,2.86847,1.00000,3.00000,5.00000,7.00000,0.00000
22097.00000,164.76783,136.50154,98.28827,34.47691,3.81467,3.28241,4.37280,1.54828,1.00000,3.00000,5.00000,7.00000,0.00000
22098.00000,159.90841,167.56698,138.73105,123.74783,5.27275,5.33825,6.40892,4.88525,1.00000,3.00000,5.00000,7.00000,0.00000
22099.00000,164.52037,164.90624,168.51052,127.30169,3.32597,4.03779,7.07546,5.05461,1.00000,3.00000,5.00000,7.00000,1.00000
22100.00000,197.62825,133.41309,103.47697,113.47790,4.08442,2.64667,3.90656,4.48593,1.00000,3.00000,5.00000,7.00000,0.00000
22101.00000,148.14597,193.68754,134.91236,96.32029,4.81040,6.77139,5.34570,3.79961,1.00000,3.00000,5.00000,7.00000,0.00000
22102.00000,158.77074,167.70568,105.77601,87.98305,3.94205,5.17670,3.88773,3.74759,1.00000,3.00000,5.00000,7.00000,0.00000
22103.00000,160.65042,146.39163,101.75430,123.47792,3.45567,3.94420,3.30914,5.33629,1.00000,3.00000,5.00000,7.00000,0.00000
22104.00000,181.95045,109.94053,119.75736,93.53641,3.49978,2.64374,3.79695,4.14146,1.00000,3.00000,5.00000,7.00000,0.00000
22105.00000,194.93790,138.30624,97.26948,104.67091,5.97031,3.51490,2.62659,4.82209,1.00000,3.00000,5.00000,7.00000,1.00000
22106.00000,182.25356,198.69009,157.76657,138.96185,4.47011,6.71776,4.86656,7.33727,1.00000,3.00000,5.00000,7.00000,1.00000
22107.00000,157.50414,136.61030,164.13815,102.80962,4.17242,4.37773,6.64573,5.62675,1.00000,3.00000,5.00000,7.00000,0.00000
22108.00000,223.66784,155.16437,132.45611,121.28938,8.02551,5.65460,4.26759,5.47844,1.00000,3.00000,5.00000,7.00000,0.00000
22109.00000,199.44633,159.17948,141.92594,154.44114,4.29012,4.72595,3.50700,5.32442,1.00000,3.00000,5.00000,7.00000,0.00000
22110.00000,176.58967,175.79136,157.20310,118.58648,3.68901,4.34329,4.32543,3.40658,1.00000,3.00000,5.00000,7.00000,1.00000
22113.00000,176.14960,189.22388,152.48544,124.43961,2.61745,3.44907,3.74603,3.68536,1.00000,3.00000,5.00000,7.00000,0.00000
22114.00000,155.49938,152.16760,104.18203,96.12356,2.27330,3.45512,2.77341,4.90310,1.00000,3.00000,5.00000,7.00000,1.00000
22115.00000,159.45692,173.07557,167.50823,152.80608,4.15951,4.49665,5.02926,5.34268,1.00000,3.00000,5.00000,7.00000,0.00000
22116.00000,206.11255,139.10653,120.38789,152.73401,4.00724,3.74495,4.04142,6.94999,1.00000,3.00000,5.00000,7.00000,0.00000
22117.00000,125.05108,151.03220,146.87388,117.82403,2.59002,3.86329,4.55741,4.91720,1.00000,3.00000,5.00000,7.00000,0.00000
22118.00000,198.71895,195.32557,159.64258,137.85454,3.88119,4.47196,4.61774,5.61781,1.00000,3.00000,5.00000,7.00000,0.00000
22119.00000,155.62266,172.99873,147.06107,130.44392,3.36970,4.78517,4.75565,5.10671,1.00000,3.00000,5.00000,7.00000,0.00000
22120.00000,143.78005,175.31791,169.26008,127.17969,3.53291,4.60701,4.67153,4.37243,1.00000,3.00000,5.00000,7.00000,0.00000
22121.00000,229.55322,182.33633,117.96071,128.55524,6.43783,4.32578,3.85422,4.14126,1.00000,3.00000,5.00000,7.00000,0.00000
22122.00000,180.76078,143.92543,141.07403,130.75916,4.73808,4.12429,4.52580,5.54672,1.00000,3.00000,5.00000,7.00000,0.00000
22123.00000,176.93193,130.54011,99.75901,42.57304,4.82426,4.83505,3.50279,2.44847,1.00000,3.00000,5.00000,7.00000,0.00000
22124.00000,205.33697,141.00025,112.46696,107.93352,5.56885,3.89060,3.09367,4.45242,1.00000,3.00000,5.00000,7.00000,1.00000
22125.00000,172.44953,160.27231,157.32964,116.04768,4.28874,4.60788,5.37651,5.36549,1.00000,3.00000,5.00000,7.00000,0.00000
22126.00000,173.37063,165.31504,122.77225,106.12994,4.70623,5.31421,5.62859,5.04341,1.00000,3.00000,5.00000,7.00000,0.00000
22127.00000,217.08374,127.11442,139.17152,137.47128,5.57181,2.63563,3.70334,5.56260,1.00000,3.00000,5.00000,7.00000,0.00000
22128.00000,173.17125,185.74268,97.71507,140.37708,4.70669,4.83141,3.69689,4.67399,1.00000,3.00000,5.00000,7.00000,1.00000
22129.00000,266.29599,164.15983,143.48176,94.19110,8.98824,4.39277,4.58822,3.21348,1.00000,3.00000,5.00000,7.00000,0.00000
22130.00000,148.82443,125.27621,139.20296,125.57229,2.33835,2.78181,4.04759,4.37198,1.00000,3.00000,5.00000,7.00000,0.00000
22131.00000,146.16885,124.15115,103.65930,110.75686,2.95045,4.25997,3.71409,4.68036,1.00000,3.00000,5.00000,7.00000,0.00000
22132.00000,134.67027,176.51855,176.80792,109.69063,5.98468,7.03513,7.85164,5.22670,1.00000,3.00000,5.00000,7.00000,0.00000
22133.00000,167.21202,166.63750,133.40955,143.19854,3.47113,4.44003,3.94749,6.03182,1.00000,3.00000,5.00000,7.00000,0.00000
22134.00000,154.09549,102.32855,115.21836,61.23989,3.82616,2.48081,3.68074,3.79414,1.00000,3.00000,5.00000,7.00000,0.00000
22135.00000,196.89005,175.70557,177.64215,187.76046,4.81702,5.73411,6.20287,8.38944,1.00000,3.00000,5.00000,7.00000,0.00000
22136.00000,211.06632,174.85364,93.32405,141.39681,5.94182,6.02879,3.14888,6.08723,1.00000,3.00000,5.00000,7.00000,0.00000
22137.00000,107.91690,4.21004,,446.69012,1.69668,0.66966,,39.30671,1.00000,3.00000,5.00000,7.00000,1.00000
22138.00000,221.30502,112.09110,49.51145,60.29699,4.37688,2.54007,2.09247,2.83273,1.00000,3.00000,5.00000,7.00000,0.00000
22139.00000,165.24136,41.67588,16.11598,1.30707,2.52855,0.91221,0.47497,38.00329,1.00000,3.00000,5.00000,7.00000,0.00000
22140.00000,186.35639,102.57618,66.43729,88.69753,4.48947,2.35844,2.56331,4.51446,1.00000,3.00000,5.00000,7.00000,0.00000
22141.00000,185.84139,70.41215,103.27025,35.47448,3.46823,2.17513,2.38283,1.33380,1.00000,3.00000,5.00000,7.00000,0.00000
22142.00000,172.89460,141.19162,121.09532,141.89192,3.84863,3.38095,2.89957,5.38092,1.00000,3.00000,5.00000,7.00000,0.00000
22152.00000,48.30632,8.45550,,,0.82855,0.10803,,,1.00000,3.00000,5.00000,7.00000,1.00000
22153.00000,123.83518,211.10194,240.61042,269.79496,1.36393,3.83765,4.49077,6.71024,1.00000,3.00000,5.00000,7.00000,1.00000
22154.00000,256.94610,232.69916,262.25971,241.39202,4.27172,5.03144,6.00495,7.60035,5.00000,7.00000,9.00000,11.00000,1.00000
22155.00000,166.25008,150.51901,144.24052,132.85362,3.43894,3.47311,3.68637,4.78847,9.00000,11.00000,13.00000,15.00000,0.00000
22156.00000,214.01736,249.59931,230.61161,183.04176,3.46067,6.48709,8.65786,10.35643,9.00000,11.00000,13.00000,15.00000,0.00000
22157.00000,149.15644,145.29448,96.44350,81.12189,2.72603,3.96719,4.55370,4.87266,13.00000,15.00000,17.00000,19.00000,0.00000
22158.00000,112.00040,101.01174,76.14398,54.92037,2.34120,2.58766,2.39151,2.05161,13.00000,15.00000,17.00000,19.00000,0.00000
22159.00000,192.76341,163.56068,273.62260,225.11691,2.82147,3.50834,7.23752,6.23890,1.00000,3.00000,5.00000,7.00000,1.00000
22160.00000,83.43317,197.33638,211.16116,197.53458,1.20094,3.59312,4.01124,7.13655,1.00000,3.00000,5.00000,7.00000,1.00000
22161.00000,50.65513,6.98406,4.48110,,0.91841,0.09879,0.87330,,1.00000,3.00000,5.00000,7.00000,1.00000
22162.00000,84.27240,5.44803,8.02629,,1.15078,0.12772,0.68782,,1.00000,3.00000,5.00000,7.00000,1.00000
22163.00000,88.66176,3.08523,3.92340,,1.27845,0.15037,1.03667,,1.00000,3.00000,5.00000,7.00000,1.00000
22170.00000,135.30109,233.70089,277.07391,292.40460,1.95502,3.61581,5.86645,9.70399,1.00000,3.00000,5.00000,7.00000,1.00000
22171.00000,177.45072,140.37658,215.72484,211.56975,2.68234,3.01151,4.63527,4.90191,1.00000,3.00000,5.00000,7.00000,1.00000
22172.00000,126.94592,188.80791,240.31503,236.33310,1.30627,3.26748,5.05768,7.91627,1.00000,3.00000,5.00000,7.00000,0.00000
22173.00000,156.48563,136.22465,104.21528,91.22807,1.73297,2.33401,2.68289,4.33196,1.00000,3.00000,5.00000,7.00000,1.00000
22174.00000,193.26905,105.32046,185.26889,208.04047,2.52993,1.70470,4.24701,6.60363,1.00000,3.00000,5.00000,7.00000,1.00000
22175.00000,85.66725,89.55467,111.53312,208.35621,0.98086,1.59512,2.65816,4.17817,1.00000,3.00000,5.00000,7.00000,1.00000
22176.00000,133.82319,132.55435,35.70788,15.01045,1.88304,2.42463,1.13976,0.44079,1.00000,3.00000,5.00000,7.00000,1.00000
22177.00000,151.10640,64.91328,145.44716,65.60537,2.86916,2.10212,3.62184,2.88811,1.00000,3.00000,5.00000,7.00000,1.00000
22178.00000,125.40372,143.01620,183.87743,142.19270,1.71971,2.18999,4.33658,6.02075,1.00000,3.00000,5.00000,7.00000,0.00000
22180.00000,143.90123,233.49696,220.53332,117.84387,1.87307,3.67623,4.03071,3.33288,1.00000,3.00000,5.00000,7.00000,1.00000
22181.00000,86.15155,46.69654,7.21351,0.35114,1.09698,0.83338,0.14059,0.11777,1.00000,3.00000,5.00000,7.00000,1.00000
22182.00000,186.29801,69.36233,105.51395,197.06921,3.01529,1.39815,2.08538,5.79212,1.00000,3.00000,5.00000,7.00000,1.00000
22183.00000,143.09082,124.50254,42.86919,58.04376,1.84167,2.25794,0.99008,2.82399,1.00000,3.00000,5.00000,7.00000,1.00000
22184.00000,114.91742,78.67470,126.87817,210.33110,1.32734,1.47758,3.03021,6.99645,1.00000,3.00000,5.00000,7.00000,1.00000
22202.00000,140.98164,168.18678,153.46979,154.64142,1.73703,2.59852,3.32387,5.66722,1.00000,3.00000,5.00000,7.00000,1.00000
22203.00000,134.59344,36.66634,5.81546,1000.00000,1.25125,1.04720,0.12432,528.86554,1.00000,3.00000,5.00000,7.00000,0.00000
22204.00000,119.23848,174.88764,162.69938,68.42547,1.73810,2.80446,4.23145,2.62628,1.00000,3.00000,5.00000,7.00000,0.00000
22205.00000,126.93250,34.78487,3.53522,,1.44747,1.14635,0.24792,,1.00000,3.00000,5.00000,7.00000,0.00000
22206.00000,219.07634,213.88200,202.13016,222.99639,3.61041,4.29196,4.24778,7.99882,1.00000,3.00000,5.00000,7.00000,0.00000
22209.00000,94.73069,166.21310,93.96179,110.05027,1.65517,3.19309,2.48181,4.09175,1.00000,3.00000,5.00000,7.00000,1.00000
22210.00000,137.17565,196.91030,205.79364,128.07566,1.71648,3.29401,3.70432,3.73664,1.00000,3.00000,5.00000,7.00000,0.00000
22211.00000,164.61443,166.84214,40.48772,10.19549,2.73520,3.15837,2.11296,0.24526,1.00000,3.00000,5.00000,7.00000,0.00000
22212.00000,164.14380,108.92496,166.98623,212.73193,3.18923,2.43212,3.84687,7.81006,1.00000,3.00000,5.00000,7.00000,0.00000
22213.00000,130.71856,165.74573,113.28247,138.85401,2.05290,3.33942,3.11222,4.90215,1.00000,3.00000,5.00000,7.00000,0.00000
22214.00000,126.30118,194.25493,201.95858,169.59916,1.71281,4.03901,6.17413,5.52245,1.00000,3.00000,5.00000,7.00000,1.00000
22215.00000,52.82243,4.27676,1000.00000,,1.30764,0.15225,563.19657,,1.00000,3.00000,5.00000,7.00000,0.00000
22216.00000,136.61030,126.32208,86.08507,128.55473,2.25665,2.88826,2.26501,5.03497,1.00000,3.00000,5.00000,7.00000,0.00000
22217.00000,76.25472,8.10805,1000.00000,,1.26273,0.17254,1082.11227,,1.00000,3.00000,5.00000,7.00000,0.00000
22218.00000,148.01998,173.85134,187.96920,187.32626,2.07006,2.15752,3.43786,4.96334,1.00000,3.00000,5.00000,7.00000,0.00000
22219.00000,182.17009,77.95733,118.02910,91.73976,3.03088,1.59569,3.64144,3.66876,1.00000,3.00000,5.00000,7.00000,0.00000
22220.00000,122.79950,5.91941,1.20052,,1.73730,0.16757,67.88846,,1.00000,3.00000,5.00000,7.00000,0.00000
22221.00000,119.11030,50.29636,114.67392,51.17276,1.74492,1.48295,3.53430,2.02656,1.00000,3.00000,5.00000,7.00000,1.00000
22222.00000,89.34872,14.65520,2.85280,,1.87139,0.23415,0.62182,,1.00000,3.00000,5.00000,7.00000,0.00000
22226.00000,187.77594,219.46400,173.32569,74.08931,2.66741,3.51737,4.15096,2.75158,1.00000,3.00000,5.00000,7.00000,1.00000
22227.00000,201.40166,223.70829,274.37043,224.50436,3.39884,6.62302,9.66143,17.99661,1.00000,3.00000,5.00000,7.00000,1.00000
22228.00000,187.66941,244.24587,223.03571,109.54856,3.25778,5.90606,6.11714,5.53650,1.00000,3.00000,5.00000,7.00000,1.00000
22229.00000,219.42284,231.52515,200.35278,169.74649,4.71323,7.14594,6.57641,8.49563,1.00000,3.00000,5.00000,7.00000,1.00000
22230.00000,177.20896,261.23138,226.68197,190.32802,3.69921,7.03660,7.58828,13.06435,1.00000,3.00000,5.00000,7.00000,0.00000
22231.00000,196.28018,263.24093,275.47369,174.72279,3.92271,9.07353,11.18792,11.74875,1.00000,3.00000,5.00000,7.00000,1.00000
22232.00000,191.55430,236.28813,247.76777,169.30816,5.46650,6.84531,8.79420,7.42197,1.00000,3.00000,5.00000,7.00000,1.00000
22233.00000,216.71587,236.71415,280.35703,210.09203,5.41837,6.36455,10.18682,13.67315,1.00000,3.00000,5.00000,7.00000,1.00000
22234.00000,156.60919,189.28316,232.47696,871.65877,3.65563,6.61142,11.82746,61.94053,1.00000,3.00000,5.00000,7.00000,0.00000
22235.00000,208.63462,206.30293,215.45152,165.60529,6.53595,7.63226,10.14254,8.61885,1.00000,3.00000,5.00000,7.00000,1.00000
22236.00000,217.90717,233.51273,122.50926,103.87656,7.52712,9.90980,3.50651,3.81752,1.00000,3.00000,5.00000,7.00000,1.00000
22237.00000,190.72588,190.21486,100.37872,106.32619,7.75673,8.53052,4.22437,5.11802,1.00000,3.00000,5.00000,7.00000,1.00000
22238.00000,174.77699,149.26303,42.61283,55.91299,5.32826,4.03554,2.54461,3.54093,1.00000,3.00000,5.00000,7.00000,1.00000
22239.00000,152.55488,122.12141,66.97017,21.37554,4.93099,4.41838,2.79875,0.92055,1.00000,3.00000,5.00000,7.00000,0.00000
22247.00000,139.80538,109.07483,78.31886,33.56129,3.30936,2.44910,2.44289,1.96642,1.00000,3.00000,5.00000,7.00000,0.00000
22248.00000,206.35561,115.36105,88.20853,37.92666,6.22100,3.94803,3.45210,1.64147,1.00000,3.00000,5.00000,7.00000,1.00000
22249.00000,173.05097,210.18807,114.17711,111.55536,4.67240,7.47253,3.46177,3.72339,1.00000,3.00000,5.00000,7.00000,1.00000
22250.00000,174.90467,204.75626,143.52738,144.28648,4.80653,8.51713,3.65267,4.52249,1.00000,3.00000,5.00000,7.00000,1.00000
22251.00000,180.51517,189.28467,176.78288,169.03754,5.30306,5.56014,5.42268,6.09255,1.00000,3.00000,5.00000,7.00000,1.00000
22252.00000,178.80543,185.25120,202.45914,141.29336,4.41812,4.85123,7.02055,5.68058,1.00000,3.00000,5.00000,7.00000,1.00000
22253.00000,188.87721,285.65310,172.33821,157.42408,2.77433,7.62661,4.67470,5.37751,1.00000,3.00000,5.00000,7.00000,1.00000
22254.00000,220.84442,198.69091,188.47499,177.60635,4.78336,5.39938,4.60567,11.76470,1.00000,3.00000,5.00000,7.00000,1.00000
22256.00000,233.75306,178.43486,193.51552,204.04291,5.89817,4.38138,5.62013,11.67670,1.00000,3.00000,5.00000,7.00000,1.00000
22267.00000,132.68224,170.08114,135.53986,149.61823,1.93660,2.77899,2.37385,4.07744,1.00000,3.00000,5.00000,7.00000,1.00000
22268.00000,186.01101,171.94218,180.43059,153.67722,3.02924,2.50044,3.46857,5.50836,1.00000,3.00000,5.00000,7.00000,1.00000
22269.00000,188.10534,169.76192,182.26562,99.81073,2.43778,2.61797,3.52873,2.52390,1.00000,3.00000,5.00000,7.00000,1.00000
22270.00000,182.61329,201.87037,206.10750,172.08750,2.66145,3.46677,4.62363,5.42535,1.00000,3.00000,5.00000,7.00000,1.00000
22271.00000,189.14684,188.55143,183.92326,145.93904,2.32487,2.86170,3.49518,4.32040,1.00000,3.00000,5.00000,7.00000,1.00000
22272.00000,150.81846,159.19996,155.31511,198.54762,1.92066,3.43339,2.64393,7.18000,1.00000,3.00000,5.00000,7.00000,1.00000
22273.00000,195.99737,184.76437,190.97571,173.65394,2.62466,3.62870,3.50024,5.95716,1.00000,3.00000,5.00000,7.00000,1.00000
22274.00000,191.33560,170.04723,151.36255,158.34075,3.58805,2.68783,2.49596,4.88376,1.00000,3.00000,5.00000,7.00000,1.00000
22275.00000,197.55338,178.04165,165.44827,117.76269,2.35305,3.45012,3.62136,5.16652,1.00000,3.00000,5.00000,7.00000,1.00000
22276.00000,194.09404,173.38123,210.83827,189.52779,2.91497,2.89953,4.95942,5.83285,1.00000,3.00000,5.00000,7.00000,1.00000
22277.00000,182.39548,178.89211,199.08876,168.09062,2.35216,2.61145,4.26867,6.13420,1.00000,3.00000,5.00000,7.00000,0.00000
22279.00000,152.36005,146.36959,144.36515,151.17349,1.61026,1.71308,1.96358,3.39937,1.00000,3.00000,5.00000,7.00000,1.00000
22280.00000,8.79968,2.57143,,,0.08222,0.47290,,,1.00000,3.00000,5.00000,7.00000,1.00000
22281.00000,113.22080,21.90039,2.25203,1000.00000,1.71477,0.42578,1.80321,168.04808,1.00000,3.00000,5.00000,7.00000,1.00000
22282.00000,151.11045,99.94568,12.71411,5.03582,1.64893,1.61953,0.10477,0.23295,1.00000,3.00000,5.00000,7.00000,0.00000
22285.00000,213.91061,221.43665,247.70700,290.20479,2.63485,3.14479,4.60492,12.90069,1.00000,3.00000,5.00000,7.00000,1.00000
22286.00000,206.48362,226.78990,271.85802,179.02186,2.99793,3.66983,5.17014,5.40793,1.00000,3.00000,5.00000,7.00000,1.00000
22287.00000,182.75498,211.48721,243.35440,229.64486,2.15790,2.65466,5.06518,17.61440,1.00000,3.00000,5.00000,7.00000,1.00000
22288.00000,208.34250,250.73657,252.07807,204.75514,2.19619,3.55613,4.13923,6.10040,1.00000,3.00000,5.00000,7.00000,1.00000
22289.00000,211.16074,235.22729,246.98234,236.83314,2.58304,3.82360,4.24499,4.85173,1.00000,3.00000,5.00000,7.00000,0.00000
22290.00000,164.51241,218.18066,207.09718,236.36260,2.51897,2.85005,3.03112,15.06521,1.00000,3.00000,5.00000,7.00000,0.00000
22291.00000,180.84456,232.00295,233.28079,234.44883,3.13942,4.27394,5.45237,10.97183,1.00000,3.00000,5.00000,7.00000,0.00000
22292.00000,204.81247,238.89052,249.86037,203.31871,3.11196,4.21435,6.79433,7.85031,1.00000,3.00000,5.00000,7.00000,1.00000
22293.00000,227.75926,247.07325,274.63867,294.55267,6.25832,6.59556,10.31791,11.47956,1.00000,3.00000,5.00000,7.00000,1.00000
22294.00000,211.36871,229.57926,211.13001,307.99433,3.80729,5.33688,5.89210,12.75273,1.00000,3.00000,5.00000,7.00000,0.00000
22295.00000,222.63722,235.92807,171.29431,152.34796,6.02133,9.69739,6.21327,6.18237,1.00000,3.00000,5.00000,7.00000,1.00000
22296.00000,173.98821,187.58225,203.03080,177.21615,3.59852,6.08279,7.00570,7.05656,1.00000,3.00000,5.00000,7.00000,1.00000
22297.00000,179.60739,59.53181,93.00471,63.14360,5.79650,2.16008,2.93233,2.73002,1.00000,3.00000,5.00000,7.00000,0.00000
22298.00000,166.86762,124.83015,71.36324,41.19915,4.16710,3.36276,2.38742,2.26812,1.00000,3.00000,5.00000,7.00000,0.00000
22304.00000,190.44129,208.65168,262.27222,264.18558,3.55670,5.22338,7.52336,10.12268,1.00000,3.00000,5.00000,7.00000,1.00000
22305.00000,187.76866,202.86337,180.54280,210.21795,3.39853,4.81310,4.18846,7.35681,1.00000,3.00000,5.00000,7.00000,1.00000
22306.00000,216.09430,230.78503,186.00000,205.28313,4.19040,6.71134,4.88040,7.19402,1.00000,3.00000,5.00000,7.00000,1.00000
22307.00000,182.01112,216.70843,200.97854,218.68888,4.05931,6.08663,5.17735,8.21998,1.00000,3.00000,5.00000,7.00000,0.00000
22308.00000,,165.81161,183.20884,177.94760,,2.06013,2.66989,6.89806,1.00000,3.00000,5.00000,7.00000,1.00000
22309.00000,189.74824,193.37841,249.08641,220.18353,2.64415,3.04902,4.28755,11.59452,1.00000,3.00000,5.00000,7.00000,1.00000
22329.00000,206.36741,220.17762,226.63243,191.58357,2.57685,3.37606,5.20613,5.17592,1.00000,3.00000,5.00000,7.00000,1.00000
22331.00000,197.31118,244.25488,175.74856,183.08043,3.19363,4.12977,4.01834,4.63761,1.00000,3.00000,5.00000,7.00000,1.00000
22332.00000,212.45811,210.47305,159.35292,174.68703,3.14426,3.92807,3.06958,4.43096,1.00000,3.00000,5.00000,7.00000,1.00000
22333.00000,181.36394,209.79966,198.73065,258.48014,2.48371,3.41458,4.45774,9.55376,1.00000,3.00000,5.00000,7.00000,1.00000
22334.00000,150.30538,205.46958,227.58719,227.95225,2.39113,3.05810,4.15468,5.70245,1.00000,3.00000,5.00000,7.00000,1.00000
22336.00000,175.45550,199.86129,174.89568,149.81398,2.12145,2.78320,3.51672,3.63243,1.00000,3.00000,5.00000,7.00000,1.00000
22337.00000,190.24019,241.63436,171.26201,264.85581,2.63379,4.11462,4.40573,9.55269,1.00000,3.00000,5.00000,7.00000,1.00000
22338.00000,207.71509,253.37362,230.25207,175.86252,2.65272,4.45438,5.56023,4.67612,1.00000,3.00000,5.00000,7.00000,1.00000
22339.00000,190.28801,240.24119,213.90147,201.18202,2.71629,4.57191,5.76587,5.50248,1.00000,3.00000,5.00000,7.00000,0.00000
22340.00000,241.13186,237.43608,232.41345,182.23247,3.56465,4.26899,5.45571,5.71954,1.00000,3.00000,5.00000,7.00000,0.00000
22341.00000,182.93401,247.82082,253.88055,197.89016,3.14342,4.91483,7.19132,6.37626,1.00000,3.00000,5.00000,7.00000,1.00000
22351.00000,216.59701,232.77832,212.25212,178.57627,2.93536,4.10720,5.48208,4.08653,1.00000,3.00000,5.00000,7.00000,0.00000
22352.00000,207.87855,237.59309,203.38050,173.92202,2.61217,5.59234,6.16472,4.36016,1.00000,3.00000,5.00000,7.00000,1.00000
22353.00000,190.08750,257.16015,186.92552,183.65581,2.88626,4.99727,4.24127,6.49162,1.00000,3.00000,5.00000,7.00000,1.00000
22354.00000,52.78540,,,,21.92140,,,,1.00000,3.00000,5.00000,7.00000,0.00000
22355.00000,166.52656,193.94393,172.81797,192.28507,2.38700,3.31808,4.75269,5.30303,1.00000,3.00000,5.00000,7.00000,1.00000
22356.00000,211.11742,221.59939,209.49311,179.60715,5.07580,4.24474,5.50188,4.04489,1.00000,3.00000,5.00000,7.00000,1.00000
22357.00000,200.79393,247.92102,214.79861,161.17616,3.13649,4.66418,6.42222,5.27466,1.00000,3.00000,5.00000,7.00000,1.00000
22358.00000,180.29437,222.95092,248.65393,156.56013,3.23948,3.84142,7.45395,4.67264,1.00000,3.00000,5.00000,7.00000,1.00000
22359.00000,182.27852,224.05679,153.40387,149.06843,2.43653,3.62317,3.18114,3.97629,1.00000,3.00000,5.00000,7.00000,1.00000
22373.00000,193.48146,227.85706,196.33558,175.53996,2.81705,4.05084,3.09995,3.94196,1.00000,3.00000,5.00000,7.00000,1.00000
22374.00000,191.53301,266.15492,141.73200,152.91060,2.88891,7.03230,2.53327,3.67952,1.00000,3.00000,5.00000,7.00000,0.00000
22375.00000,164.93498,240.11104,215.51347,190.79889,2.53830,4.20128,5.91652,4.97826,1.00000,3.00000,5.00000,7.00000,1.00000
22376.00000,204.42388,274.21944,189.09842,155.38296,2.96499,5.93782,4.18403,4.48532,1.00000,3.00000,5.00000,7.00000,0.00000
22377.00000,190.71780,242.73950,204.58857,233.67657,4.64303,6.20780,5.59842,10.10742,1.00000,3.00000,5.00000,7.00000,1.00000
22378.00000,148.48797,164.93255,167.78490,218.41745,2.38612,2.85625,4.18730,6.36016,1.00000,3.00000,5.00000,7.00000,1.00000
22380.00000,178.41178,216.79922,171.44357,184.62593,2.27649,4.38214,4.46308,5.09653,1.00000,3.00000,5.00000,7.00000,1.00000
22381.00000,161.50025,173.53456,185.12523,176.30344,2.55339,2.27399,4.52278,4.63663,1.00000,3.00000,5.00000,7.00000,1.00000
22388.00000,159.59178,190.56223,167.94364,175.64756,2.31729,3.37098,4.89659,4.52441,1.00000,3.00000,5.00000,7.00000,1.00000
22389.00000,176.87339,243.24957,135.55981,181.56728,2.22972,6.38224,3.73918,4.83667,1.00000,3.00000,5.00000,7.00000,1.00000
22390.00000,206.28519,236.06099,207.48850,193.38315,3.01463,3.89460,4.29825,5.45827,1.00000,3.00000,5.00000,7.00000,1.00000
22392.00000,188.72316,195.01355,163.91610,191.56778,2.69818,3.11119,4.41296,4.85110,1.00000,3.00000,5.00000,7.00000,1.00000
22393.00000,163.35653,224.24715,212.09918,147.21276,2.33832,4.50525,5.70106,3.74198,1.00000,3.00000,5.00000,7.00000,1.00000
22394.00000,192.09936,160.45225,194.76616,158.55352,2.77566,3.07837,4.78503,4.55740,1.00000,3.00000,5.00000,7.00000,1.00000
22395.00000,184.82293,184.00753,178.39787,189.17642,2.83681,3.04672,3.17611,5.33568,1.00000,3.00000,5.00000,7.00000,1.00000
22396.00000,197.20828,184.44092,195.92563,181.65675,5.25105,2.72933,4.82543,4.74824,1.00000,3.00000,5.00000,7.00000,1.00000
22397.00000,166.46648,175.32726,121.12501,102.90434,3.55942,4.06287,4.07931,4.76413,1.00000,3.00000,5.00000,7.00000,1.00000
22399.00000,186.88480,200.41448,225.21068,270.44282,2.83710,3.85993,7.57505,10.79696,1.00000,3.00000,5.00000,7.00000,1.00000
22400.00000,185.48219,205.68018,208.44740,208.79864,2.54813,3.81506,5.52041,7.95418,1.00000,3.00000,5.00000,7.00000,1.00000
22401.00000,197.19380,167.29158,175.17753,213.47741,3.96274,3.29451,3.35763,7.46413,1.00000,3.00000,5.00000,7.00000,1.00000
22402.00000,191.35366,230.13294,191.16126,208.89970,3.05493,4.51212,3.98212,5.82213,1.00000,3.00000,5.00000,7.00000,1.00000
22403.00000,204.84026,211.89978,146.66021,171.60218,3.86416,3.24668,3.96909,4.56002,1.00000,3.00000,5.00000,7.00000,0.00000
22404.00000,157.63349,187.45869,161.22672,189.08655,2.69534,3.26330,3.39901,4.23085,1.00000,3.00000,5.00000,7.00000,0.00000
22405.00000,184.03190,182.15539,171.21944,156.23360,3.06196,3.33974,3.45831,5.40563,1.00000,3.00000,5.00000,7.00000,1.00000
22406.00000,181.56569,197.87850,179.53437,112.11037,2.95925,4.42151,5.14622,3.43006,1.00000,3.00000,5.00000,7.00000,1.00000
22407.00000,204.66072,187.80565,149.08219,168.07133,2.90810,2.69479,3.66805,4.77801,1.00000,3.00000,5.00000,7.00000,0.00000
22408.00000,174.52521,97.52304,136.90844,151.19981,2.57839,2.02968,3.00436,4.55440,1.00000,3.00000,5.00000,7.00000,1.00000
22409.00000,200.02699,171.80290,187.63867,181.13180,3.75876,3.62980,3.69578,4.81198,1.00000,3.00000,5.00000,7.00000,1.00000
22413.00000,154.90970,167.08394,195.06497,214.77465,2.48822,2.94919,5.23762,6.24893,1.00000,3.00000,5.00000,7.00000,1.00000
22414.00000,162.03204,208.11155,178.01280,182.49431,1.85441,3.61253,4.98668,5.56110,1.00000,3.00000,5.00000,7.00000,1.00000
22415.00000,195.37807,219.39915,161.56976,164.76482,3.31510,3.72158,3.28004,4.71318,1.00000,3.00000,5.00000,7.00000,0.00000
22416.00000,194.00497,215.10957,189.01168,193.34509,4.48857,4.79747,4.08429,5.79726,1.00000,3.00000,5.00000,7.00000,1.00000
22417.00000,188.32153,189.39687,174.51067,175.62429,2.76662,3.41526,3.33206,4.62520,1.00000,3.00000,5.00000,7.00000,1.00000
22419.00000,198.53229,155.90812,142.17487,121.32061,4.35348,3.55219,3.83418,3.94069,1.00000,3.00000,5.00000,7.00000,1.00000
22420.00000,162.77002,208.04641,192.98656,157.96059,2.29097,3.34692,4.30107,4.74291,1.00000,3.00000,5.00000,7.00000,1.00000
22421.00000,160.33417,180.88179,195.17144,170.78349,1.79168,3.02576,3.63924,3.88036,1.00000,3.00000,5.00000,7.00000,1.00000
22422.00000,186.63925,179.66227,221.79833,215.67759,2.01270,2.46558,4.71579,5.79172,1.00000,3.00000,5.00000,7.00000,1.00000
22423.00000,194.01543,212.53939,207.38975,207.18277,2.52996,2.79887,5.54971,5.51525,1.00000,3.00000,5.00000,7.00000,1.00000
22431.00000,163.60102,196.05757,218.33266,155.75720,1.89999,2.85932,3.55798,3.90251,1.00000,3.00000,5.00000,7.00000,1.00000
22432.00000,185.44840,235.79247,181.77664,215.65754,2.20885,3.97528,3.45932,5.67276,1.00000,3.00000,5.00000,7.00000,1.00000
22434.00000,173.11590,188.94155,130.60232,160.32263,2.25888,3.22081,2.17317,4.22370,1.00000,3.00000,5.00000,7.00000,1.00000
22435.00000,183.76989,95.99189,157.24215,186.05452,3.53229,2.10060,3.38923,6.14698,1.00000,3.00000,5.00000,7.00000,1.00000
22436.00000,236.73983,188.13220,162.02475,134.85516,3.93195,2.94087,2.54994,3.38390,1.00000,3.00000,5.00000,7.00000,1.00000
22437.00000,203.53485,255.87335,168.77375,146.57266,2.47469,4.44915,5.90445,5.38172,1.00000,3.00000,5.00000,7.00000,0.00000
22438.00000,199.07509,191.03696,179.95446,164.41656,2.57337,2.97784,4.75116,5.24802,1.00000,3.00000,5.00000,7.00000,1.00000
22440.00000,185.60287,195.38964,186.25775,172.08660,2.26879,2.62764,5.62169,6.45274,1.00000,3.00000,5.00000,7.00000,1.00000
22451.00000,218.22216,185.54583,172.14976,192.67190,3.07589,2.94535,3.06637,5.32380,1.00000,3.00000,5.00000,7.00000,1.00000
22452.00000,185.66355,230.15003,123.80003,144.20082,2.26878,3.71293,3.43687,4.25938,1.00000,3.00000,5.00000,7.00000,1.00000
22453.00000,183.89339,159.12547,143.37031,102.65146,2.07323,2.54621,3.57770,4.02757,1.00000,3.00000,5.00000,7.00000,1.00000
22454.00000,218.75712,131.26102,149.77153,190.89888,3.39756,2.19240,2.93893,7.03807,1.00000,3.00000,5.00000,7.00000,1.00000
22455.00000,209.47215,208.39888,227.90349,129.62598,2.91498,3.37317,8.18742,4.10657,1.00000,3.00000,5.00000,7.00000,1.00000
22456.00000,203.50886,186.16933,210.02694,161.22940,2.64362,3.57547,5.51794,6.53166,1.00000,3.00000,5.00000,7.00000,1.00000
22457.00000,213.63353,204.10508,217.02460,158.54928,2.17143,2.86925,6.13855,4.52020,1.00000,3.00000,5.00000,7.00000,1.00000
22458.00000,259.00971,250.70930,206.34125,140.22754,4.78974,5.15291,4.66933,5.84885,1.00000,3.00000,5.00000,7.00000,1.00000
22459.00000,193.01287,123.01849,137.57112,126.57550,3.63473,2.84336,3.19592,4.12282,1.00000,3.00000,5.00000,7.00000,1.00000
22460.00000,188.30656,156.00537,172.45345,163.61503,2.31463,2.70974,3.09299,4.04010,1.00000,3.00000,5.00000,7.00000,1.00000
22461.00000,190.54356,169.88354,174.25059,213.71716,2.32012,2.41712,3.54153,8.41002,1.00000,3.00000,5.00000,7.00000,1.00000
22462.00000,172.27864,169.93509,201.77652,163.32207,2.27472,2.74742,4.60266,4.35778,1.00000,3.00000,5.00000,7.00000,1.00000
22463.00000,193.04227,206.77166,188.20977,129.53550,2.73197,2.87303,4.04774,4.07302,1.00000,3.00000,5.00000,7.00000,1.00000
22470.00000,166.53631,180.05927,169.02125,106.67061,1.92294,2.21888,3.10179,2.64623,1.00000,3.00000,5.00000,7.00000,1.00000
22471.00000,182.29763,203.59427,176.99175,122.34365,2.41497,3.05839,3.41655,3.35696,1.00000,3.00000,5.00000,7.00000,1.00000
22472.00000,193.83371,167.16503,182.06465,196.04136,3.23629,3.03659,4.00761,6.99727,1.00000,3.00000,5.00000,7.00000,1.00000
22473.00000,188.06999,190.46829,242.49472,111.96835,2.71101,3.69059,7.62367,4.69670,1.00000,3.00000,5.00000,7.00000,1.00000
22474.00000,221.68959,212.65702,176.51285,136.77260,3.55302,4.18328,4.10889,2.99528,1.00000,3.00000,5.00000,7.00000,1.00000
22475.00000,173.17871,247.27502,248.95278,180.02276,2.60791,5.76923,7.73118,9.63014,1.00000,3.00000,5.00000,7.00000,1.00000
22476.00000,184.23557,173.69612,214.10973,140.58822,2.69250,3.21009,5.05874,4.22786,1.00000,3.00000,5.00000,7.00000,1.00000
22477.00000,208.05730,196.18234,171.94648,195.54379,3.69485,3.28674,3.06656,5.89692,1.00000,3.00000,5.00000,7.00000,1.00000
22478.00000,176.96191,223.51766,167.23803,189.46970,2.82240,3.54787,4.13747,6.41917,1.00000,3.00000,5.00000,7.00000,1.00000
22479.00000,216.05254,153.34758,205.61684,170.86686,2.93059,2.25362,5.10369,4.36218,1.00000,3.00000,5.00000,7.00000,1.00000
22480.00000,202.23795,270.66810,162.03684,97.71289,2.80542,5.64708,3.50418,3.19997,1.00000,3.00000,5.00000,7.00000,1.00000
22481.00000,223.06972,175.41209,166.55014,152.74537,3.44172,4.00407,4.09736,4.30951,1.00000,3.00000,5.00000,7.00000,1.00000
22482.00000,191.31000,168.91121,147.55905,263.67251,3.50931,2.55318,3.95629,14.59878,1.00000,3.00000,5.00000,7.00000,0.00000
22486.00000,188.48399,160.70487,164.71012,133.85282,2.29584,2.21192,4.15620,5.04272,1.00000,3.00000,5.00000,7.00000,1.00000
22487.00000,210.29853,165.54934,196.14747,99.89912,3.17418,3.15326,4.65643,3.00553,1.00000,3.00000,5.00000,7.00000,1.00000
22488.00000,216.65822,199.64113,166.06826,143.44676,2.96109,3.64430,3.85313,3.36959,1.00000,3.00000,5.00000,7.00000,1.00000
22489.00000,195.84580,225.25769,161.72626,153.58232,2.64137,4.35538,3.37109,4.59077,1.00000,3.00000,5.00000,7.00000,1.00000
22490.00000,197.21237,178.78453,227.50825,119.98908,2.92895,2.80773,7.77906,4.78727,1.00000,3.00000,5.00000,7.00000,1.00000
22491.00000,207.49519,178.60023,134.33896,152.23761,3.26293,2.65603,3.43710,3.66528,1.00000,3.00000,5.00000,7.00000,1.00000
22492.00000,189.47938,175.14141,173.95431,157.17805,3.07406,3.24952,4.55037,3.84045,1.00000,3.00000,5.00000,7.00000,1.00000
22493.00000,190.72006,232.75157,174.08203,151.47748,2.41215,3.57300,5.78649,4.14681,1.00000,3.00000,5.00000,7.00000,1.00000
22494.00000,195.00486,212.65387,251.99210,230.24118,2.59278,3.88290,8.28522,9.73814,1.00000,3.00000,5.00000,7.00000,1.00000
22495.00000,191.45321,206.06787,164.27423,154.44801,2.60166,3.28637,4.46467,4.76674,1.00000,3.00000,5.00000,7.00000,1.00000
22496.00000,190.62656,202.89456,178.62377,160.13497,2.32055,3.24488,5.00069,4.14352,1.00000,3.00000,5.00000,7.00000,1.00000
22497.00000,205.22643,178.73224,220.97520,139.85076,3.03603,2.82896,7.28412,4.10547,1.00000,3.00000,5.00000,7.00000,1.00000
22498.00000,214.49770,193.69503,164.57523,136.28717,3.30746,3.80477,3.46074,4.36090,1.00000,3.00000,5.00000,7.00000,1.00000
22499.00000,194.94149,152.32035,173.83435,169.13812,2.59257,2.49951,4.68128,5.93337,1.00000,3.00000,5.00000,7.00000,1.00000
22500.00000,159.97419,215.90451,207.90535,224.77168,2.10744,3.81677,5.94001,9.08613,1.00000,3.00000,5.00000,7.00000,1.00000
22501.00000,191.26480,192.05962,168.19684,127.57022,2.70701,2.87264,3.26824,3.43216,1.00000,3.00000,5.00000,7.00000,1.00000
22505.00000,192.33477,201.12064,174.90856,168.66413,2.20050,2.96325,3.59859,8.55894,1.00000,3.00000,5.00000,7.00000,1.00000
22506.00000,236.76606,212.46690,216.59559,239.16870,4.14144,4.00774,5.77006,9.55112,1.00000,3.00000,5.00000,7.00000,1.00000
22507.00000,213.44769,188.57821,225.39183,134.00061,2.93030,2.62962,5.59009,4.92249,1.00000,3.00000,5.00000,7.00000,1.00000
22512.00000,172.09568,142.25852,149.86040,179.08857,2.28191,2.03164,2.86835,4.44185,1.00000,3.00000,5.00000,7.00000,1.00000
22513.00000,211.43458,180.61408,199.44647,132.74738,4.45578,3.23019,3.59127,3.93677,1.00000,3.00000,5.00000,7.00000,1.00000
22514.00000,207.02951,186.54109,182.30171,174.81048,3.62187,3.47728,4.06387,6.50425,1.00000,3.00000,5.00000,7.00000,1.00000
22515.00000,228.23963,183.40109,182.15990,156.74211,3.43408,4.25097,4.80927,5.66616,1.00000,3.00000,5.00000,7.00000,1.00000
22516.00000,234.70458,219.11644,171.79100,111.25020,4.63544,5.21295,4.40139,3.58658,1.00000,3.00000,5.00000,7.00000,1.00000
22517.00000,167.36403,188.32326,203.17791,114.67771,2.25858,3.03332,5.90097,3.77337,1.00000,3.00000,5.00000,7.00000,1.00000
22521.00000,209.04074,125.13248,171.78279,141.68606,2.29925,2.27990,3.52723,3.41712,1.00000,3.00000,5.00000,7.00000,1.00000
22522.00000,197.75001,188.68723,206.96042,124.32219,2.65981,3.00332,4.49106,4.66849,1.00000,3.00000,5.00000,7.00000,1.00000
22523.00000,202.91946,244.94635,183.89485,128.22823,2.82336,4.72949,4.36972,3.78689,1.00000,3.00000,5.00000,7.00000,1.00000
22525.00000,197.50240,172.97078,150.74546,117.76455,1.97031,2.44550,3.12503,3.74880,1.00000,3.00000,5.00000,7.00000,1.00000
22527.00000,184.59683,188.62385,149.51127,112.94914,2.94054,3.24652,2.37157,3.53432,1.00000,3.00000,5.00000,7.00000,1.00000
22531.00000,196.33420,199.40203,211.62809,141.21513,2.48518,4.12258,5.47564,4.91715,1.00000,3.00000,5.00000,7.00000,0.00000
22534.00000,218.19608,212.67279,121.10319,143.64086,3.30043,3.68153,2.60090,4.42653,1.00000,3.00000,5.00000,7.00000,0.00000
22535.00000,198.04833,109.16903,169.31754,193.05342,3.54722,2.25360,4.14975,5.18868,1.00000,3.00000,5.00000,7.00000,1.00000
22536.00000,232.42676,110.34831,173.95391,158.67746,5.02441,1.73947,3.86006,4.40340,1.00000,3.00000,5.00000,7.00000,1.00000
22537.00000,135.01833,94.98247,130.40774,113.11951,1.79124,2.07765,3.53179,5.18948,1.00000,3.00000,5.00000,7.00000,1.00000
22538.00000,171.55423,124.05970,188.21796,185.95867,1.98194,3.79092,4.27386,5.42312,1.00000,3.00000,5.00000,7.00000,1.00000
22539.00000,235.31209,169.78737,166.67657,185.97566,5.45770,3.12380,3.16986,6.96341,1.00000,3.00000,5.00000,7.00000,1.00000
22540.00000,200.95635,176.81907,211.69550,194.64347,3.14075,4.01369,5.12747,6.10715,1.00000,3.00000,5.00000,7.00000,1.00000
22541.00000,207.19204,162.95931,200.38780,142.10514,2.86591,2.82096,5.32821,4.97553,1.00000,3.00000,5.00000,7.00000,1.00000
22546.00000,210.24895,195.12845,169.17052,132.59914,5.18668,3.19594,3.73706,3.31763,1.00000,3.00000,5.00000,7.00000,1.00000
22547.00000,225.50529,107.65228,150.15213,144.85592,2.90325,1.57153,3.02374,3.11555,1.00000,3.00000,5.00000,7.00000,0.00000
22548.00000,193.65013,121.24080,146.82791,127.68115,2.35611,2.66484,3.24114,3.35871,1.00000,3.00000,5.00000,7.00000,1.00000
22551.00000,194.58005,144.58071,153.46431,198.29305,2.85420,2.04569,3.12875,5.17524,1.00000,3.00000,5.00000,7.00000,0.00000
22552.00000,208.92666,124.78171,153.42371,49.17796,3.74292,2.44712,3.21418,2.17531,1.00000,3.00000,5.00000,7.00000,1.00000
22553.00000,232.69690,71.12747,138.13899,14.50245,4.16028,1.52566,2.73871,0.26533,1.00000,3.00000,5.00000,7.00000,0.00000
22555.00000,180.35194,157.38107,109.92062,82.29833,3.33793,2.54462,2.40603,2.99306,1.00000,3.00000,5.00000,7.00000,0.00000
22556.00000,172.89910,101.66949,100.46311,66.21087,2.57991,2.04318,2.16474,2.37726,1.00000,3.00000,5.00000,7.00000,0.00000
22557.00000,57.25494,,,,20.50722,,,,1.00000,3.00000,5.00000,7.00000,0.00000
22558.00000,151.77811,74.35243,59.69302,136.54641,2.90458,1.22353,2.73929,4.91573,1.00000,3.00000,5.00000,7.00000,0.00000
22564.00000,,,8.04734,,,,2.46720,,1.00000,3.00000,5.00000,7.00000,0.00000
22565.00000,73.09011,25.54669,6.74760,,1.21477,0.61852,0.30165,,1.00000,3.00000,5.00000,7.00000,1.00000
22566.00000,223.95647,149.49511,150.86943,109.91814,3.89914,2.07808,3.14684,2.74886,1.00000,3.00000,5.00000,7.00000,1.00000
22567.00000,199.09094,117.57516,173.60144,123.92259,2.05845,1.74843,3.61902,4.00958,1.00000,3.00000,5.00000,7.00000,1.00000
22568.00000,151.90607,105.99188,124.31445,62.48804,1.90175,2.19688,2.71273,2.76426,1.00000,3.00000,5.00000,7.00000,1.00000
22569.00000,182.82400,235.95474,192.51736,180.01977,2.37615,3.61414,3.80674,4.91562,1.00000,3.00000,5.00000,7.00000,1.00000
22570.00000,155.69645,146.56416,159.18047,136.45528,2.53594,2.38809,2.63415,3.80482,1.00000,3.00000,5.00000,7.00000,1.00000
22571.00000,192.51092,175.46772,161.74342,153.02191,3.25560,2.33820,3.29062,4.87214,1.00000,3.00000,5.00000,7.00000,1.00000
22572.00000,195.77643,154.34348,159.91777,164.15020,2.25313,1.87831,2.69043,5.74202,1.00000,3.00000,5.00000,7.00000,1.00000
22573.00000,185.18944,166.75496,137.61473,179.91903,2.74546,2.40640,2.83215,5.32384,1.00000,3.00000,5.00000,7.00000,1.00000
22576.00000,154.29699,188.85947,181.71327,181.38400,1.33067,2.32528,2.30599,3.47099,1.00000,3.00000,5.00000,7.00000,1.00000
22578.00000,143.89426,114.71187,156.78971,210.31080,1.94988,1.32277,2.58598,4.42316,1.00000,3.00000,5.00000,7.00000,1.00000
22579.00000,105.42735,127.10252,95.02114,148.00062,1.66747,1.97569,3.17031,5.53722,1.00000,3.00000,5.00000,7.00000,1.00000
22580.00000,219.71081,167.98055,112.29473,126.39423,2.94004,2.41839,2.06046,3.35267,1.00000,3.00000,5.00000,7.00000,1.00000
22581.00000,182.66980,148.00714,170.58138,189.97940,2.28797,2.23586,2.93740,4.38021,1.00000,3.00000,5.00000,7.00000,1.00000
22582.00000,138.86127,86.37847,6.08344,5.50592,1.25731,1.78697,0.12370,0.36295,1.00000,3.00000,5.00000,7.00000,0.00000
22583.00000,197.06642,153.30109,102.77658,163.24563,2.33207,2.09375,1.62108,3.23284,1.00000,3.00000,5.00000,7.00000,0.00000
22591.00000,219.45160,262.71671,310.48029,246.71821,2.71933,4.25465,7.42205,7.51391,1.00000,3.00000,5.00000,7.00000,0.00000
22592.00000,235.25818,317.20521,253.47635,303.40562,3.24759,6.75989,5.78453,8.07730,1.00000,3.00000,5.00000,7.00000,0.00000
22593.00000,210.82279,220.91236,198.00919,131.99559,3.43786,5.49470,6.11561,4.34085,1.00000,3.00000,5.00000,7.00000,1.00000
22594.00000,241.69627,280.80159,354.97599,347.12820,3.87225,5.01244,8.32695,10.32999,1.00000,3.00000,5.00000,7.00000,1.00000
22595.00000,206.95494,257.96224,303.58910,263.85043,3.46381,5.12106,8.61512,8.54176,1.00000,3.00000,5.00000,7.00000,0.00000
22596.00000,208.13125,253.21454,280.80637,240.15341,2.63422,3.66463,5.03772,5.86344,1.00000,3.00000,5.00000,7.00000,0.00000
22597.00000,186.28323,283.94404,298.99252,316.25550,2.45893,7.24276,8.10921,13.82989,1.00000,3.00000,5.00000,7.00000,1.00000
22598.00000,173.62410,250.84134,256.31651,260.98753,2.06654,4.16635,5.30931,5.97461,1.00000,3.00000,5.00000,7.00000,0.00000
22599.00000,188.87178,219.77918,215.59513,257.11403,3.03052,4.56307,4.76006,7.77840,1.00000,3.00000,5.00000,7.00000,1.00000
22600.00000,196.76367,273.44385,239.41592,236.69065,3.23970,5.10969,4.52024,6.30338,1.00000,3.00000,5.00000,7.00000,1.00000
22602.00000,,316.30108,233.47240,248.71245,,6.89742,5.74001,7.57447,1.00000,3.00000,5.00000,7.00000,1.00000
22603.00000,275.50099,293.05616,282.95482,354.50021,5.91024,5.54257,5.75526,10.89185,1.00000,3.00000,5.00000,7.00000,1.00000
22604.00000,229.25416,285.58095,300.58280,285.08098,2.86350,5.78818,7.97600,8.99565,1.00000,3.00000,5.00000,7.00000,1.00000
22605.00000,208.28239,292.29561,315.66894,183.35412,2.59142,6.20799,7.10818,5.52264,1.00000,3.00000,5.00000,7.00000,0.00000
22622.00000,244.79594,344.03012,274.75811,330.28231,4.89225,10.41329,11.31372,40.80294,1.00000,3.00000,5.00000,7.00000,1.00000
22625.00000,259.03382,302.60328,275.97138,295.19797,5.51313,9.03924,12.27907,22.73061,1.00000,3.00000,5.00000,7.00000,0.00000
22626.00000,212.52757,285.55697,286.29430,272.97239,4.80598,9.00785,13.10942,17.67081,1.00000,3.00000,5.00000,7.00000,0.00000
22628.00000,199.29639,371.29345,433.07497,296.61515,4.59270,14.67048,21.17167,18.01940,1.00000,3.00000,5.00000,7.00000,1.00000
22629.00000,132.34696,229.83729,187.38528,229.13518,2.15225,6.06977,6.36277,9.93129,1.00000,3.00000,5.00000,7.00000,0.00000
22630.00000,226.68952,292.07816,312.41285,247.93874,3.85475,7.00245,8.73307,9.31960,1.00000,3.00000,5.00000,7.00000,1.00000
22631.00000,237.41204,273.20303,294.29910,268.60333,4.33802,6.43806,6.83285,10.82718,1.00000,3.00000,5.00000,7.00000,1.00000
22632.00000,229.04292,281.65579,288.34451,269.36359,7.09758,8.92072,10.41986,17.57515,1.00000,3.00000,5.00000,7.00000,0.00000
22633.00000,183.21401,229.59188,327.25455,254.79372,4.39883,8.15020,12.63163,12.27013,1.00000,3.00000,5.00000,7.00000,1.00000
22634.00000,296.64835,240.69443,234.19065,222.10901,12.41425,9.27386,12.25527,11.53376,1.00000,3.00000,5.00000,7.00000,1.00000
22636.00000,263.35225,269.11648,229.79755,229.05040,7.39474,9.50818,6.32440,13.70763,1.00000,3.00000,5.00000,7.00000,1.00000
22637.00000,248.96868,248.75913,271.26518,228.94144,7.05200,9.09111,12.08779,9.98174,1.00000,3.00000,5.00000,7.00000,1.00000
22640.00000,241.66623,253.20724,225.05457,222.63156,8.63056,11.14168,7.21972,9.95524,1.00000,3.00000,5.00000,7.00000,0.00000
22641.00000,164.59568,188.54680,206.68935,198.66583,5.53598,6.04553,8.45352,8.37965,1.00000,3.00000,5.00000,7.00000,0.00000
22642.00000,244.76875,249.14244,114.71412,86.84070,5.24602,6.00966,3.06544,2.67295,1.00000,3.00000,5.00000,7.00000,1.00000
22643.00000,257.30018,352.47560,156.64519,94.44607,7.48431,14.51548,5.08572,3.52784,1.00000,3.00000,5.00000,7.00000,0.00000
22644.00000,205.04316,232.46777,100.20999,73.44417,5.34420,8.18899,2.70951,3.37259,1.00000,3.00000,5.00000,7.00000,0.00000
22645.00000,188.05761,211.25975,160.12136,180.15863,7.30860,8.59730,4.43440,7.29200,1.00000,3.00000,5.00000,7.00000,1.00000
22646.00000,258.44774,282.13229,184.15626,210.86275,11.07760,17.11622,8.47136,10.52591,1.00000,3.00000,5.00000,7.00000,1.00000
22648.00000,177.36634,152.01392,103.08020,107.34010,5.17858,5.47944,3.15278,5.18385,1.00000,3.00000,5.00000,7.00000,1.00000
22650.00000,212.19224,227.48508,231.89674,208.39343,2.75956,3.51165,4.57837,6.48910,1.00000,3.00000,5.00000,7.00000,1.00000
22651.00000,183.28856,156.03956,170.33667,162.28963,6.18595,5.31261,5.70763,5.72312,1.00000,3.00000,5.00000,7.00000,1.00000
22652.00000,237.15412,247.36631,219.15651,184.32125,4.22980,5.66416,5.97283,8.10334,1.00000,3.00000,5.00000,7.00000,1.00000
22656.00000,225.75177,268.47753,316.33337,283.68287,3.13745,4.24838,6.92581,6.82409,1.00000,3.00000,5.00000,7.00000,0.00000
22657.00000,281.40372,294.43418,335.83789,358.97413,5.16435,6.62940,10.25743,12.04832,1.00000,3.00000,5.00000,7.00000,1.00000
22658.00000,244.99186,314.76459,374.39583,297.75199,3.41592,6.02954,7.21744,7.53842,1.00000,3.00000,5.00000,7.00000,0.00000
22659.00000,277.09410,319.37358,349.09992,323.63486,4.76939,7.64018,9.81558,9.70220,1.00000,3.00000,5.00000,7.00000,1.00000
22660.00000,290.36417,295.30762,275.15299,278.05628,4.84267,6.07368,7.60932,7.39259,1.00000,3.00000,5.00000,7.00000,1.00000
22661.00000,245.31526,281.57948,295.70652,200.73501,4.36076,5.57483,6.33575,4.03271,1.00000,3.00000,5.00000,7.00000,1.00000
22664.00000,227.68006,285.53999,264.87594,252.69552,3.53942,6.27481,5.69896,8.13347,1.00000,3.00000,5.00000,7.00000,0.00000
22665.00000,276.60889,281.18254,269.67738,132.89181,5.16952,6.68837,5.28738,3.23978,1.00000,3.00000,5.00000,7.00000,0.00000
22666.00000,237.53689,291.94706,301.55679,295.92562,4.26819,6.99945,7.99584,9.69384,1.00000,3.00000,5.00000,7.00000,0.00000
22667.00000,227.87611,293.42574,289.23352,414.94071,3.53614,7.08165,5.52476,12.75030,1.00000,3.00000,5.00000,7.00000,0.00000
22668.00000,220.79699,311.01501,268.92767,188.40973,2.93327,7.23610,5.48642,4.88377,1.00000,3.00000,5.00000,7.00000,1.00000
22669.00000,238.81464,282.24882,350.92380,348.78496,4.32685,6.95347,9.23748,14.59250,1.00000,3.00000,5.00000,7.00000,1.00000
22670.00000,205.78703,257.74258,285.89854,305.72466,3.62986,4.95771,7.63511,10.28760,1.00000,3.00000,5.00000,7.00000,1.00000
22671.00000,262.92707,323.68566,316.52094,285.93936,5.28831,6.63026,7.87657,8.42487,1.00000,3.00000,5.00000,7.00000,1.00000
22672.00000,227.64391,349.01921,378.11684,213.94983,3.82036,8.20937,8.55465,5.95630,1.00000,3.00000,5.00000,7.00000,0.00000
22673.00000,262.63106,358.89206,181.98266,259.26641,5.66471,8.63441,3.73669,7.78034,1.00000,3.00000,5.00000,7.00000,1.00000
22676.00000,245.15866,367.51427,374.00991,188.59899,5.41750,10.41100,12.97748,28.84409,1.00000,3.00000,5.00000,7.00000,1.00000
22677.00000,280.90160,316.41940,437.64565,367.91321,4.39929,7.35962,10.31641,11.60781,1.00000,3.00000,5.00000,7.00000,0.00000
22678.00000,242.03832,371.59992,312.13300,362.19788,4.62471,13.01667,10.84147,19.48065,1.00000,3.00000,5.00000,7.00000,0.00000
22679.00000,252.58805,368.34535,342.27610,372.43561,5.45942,10.94251,10.60473,15.17139,1.00000,3.00000,5.00000,7.00000,0.00000
22680.00000,278.01414,336.95655,342.87311,386.55638,6.05145,9.69778,11.89504,18.80086,1.00000,3.00000,5.00000,7.00000,1.00000
22681.00000,221.36700,361.84485,334.30474,401.41026,5.06056,13.82415,12.76796,16.98308,1.00000,3.00000,5.00000,7.00000,1.00000
22689.00000,238.25408,331.85675,332.01413,375.65559,3.66285,7.34213,7.80997,14.51029,1.00000,3.00000,5.00000,7.00000,1.00000
22690.00000,221.68910,270.34553,358.85739,271.99081,3.97201,7.13115,14.17411,11.70875,1.00000,3.00000,5.00000,7.00000,0.00000
22691.00000,266.31210,309.55434,414.02017,372.31004,5.26528,7.08270,12.36843,13.65636,1.00000,3.00000,5.00000,7.00000,1.00000
22692.00000,236.37114,262.94783,332.91051,300.66666,4.46414,8.17890,10.59748,12.51450,1.00000,3.00000,5.00000,7.00000,1.00000
22694.00000,246.08548,303.59514,316.08099,392.37472,4.60915,7.11516,8.48791,15.61687,1.00000,3.00000,5.00000,7.00000,1.00000
22695.00000,320.40947,374.39583,451.92466,389.88092,8.14964,11.00908,14.39430,18.11928,1.00000,3.00000,5.00000,7.00000,0.00000
22696.00000,230.98147,329.31097,324.77841,269.06907,4.06181,7.51385,8.20192,8.26131,1.00000,3.00000,5.00000,7.00000,1.00000
22697.00000,268.10247,314.71620,380.41243,324.66184,4.88533,8.29193,11.46836,16.58428,1.00000,3.00000,5.00000,7.00000,0.00000
22698.00000,233.43850,320.76105,410.52584,319.45104,4.92542,8.64721,14.48023,12.14802,1.00000,3.00000,5.00000,7.00000,1.00000
22699.00000,200.94235,244.26898,399.35354,437.06680,2.97393,6.26959,11.31257,19.95558,1.00000,3.00000,5.00000,7.00000,1.00000
22700.00000,273.97905,388.99318,350.42159,398.29169,7.24695,11.06630,9.70626,15.05563,1.00000,3.00000,5.00000,7.00000,1.00000
22701.00000,208.80926,327.58174,411.81557,329.97793,3.39464,6.99073,10.56179,11.36899,1.00000,3.00000,5.00000,7.00000,1.00000
22702.00000,203.82006,276.81276,320.88066,332.81548,3.60107,6.75400,7.86894,10.21983,1.00000,3.00000,5.00000,7.00000,1.00000
22703.00000,240.00649,290.00162,321.47943,285.73414,5.21811,9.28299,11.11265,12.38180,1.00000,3.00000,5.00000,7.00000,1.00000
22708.00000,249.10148,314.17765,347.57570,432.10588,4.57568,9.48150,12.83920,22.52353,1.00000,3.00000,5.00000,7.00000,1.00000
22710.00000,248.36437,320.18301,306.69246,416.92453,4.98738,7.41460,8.56018,15.81447,1.00000,3.00000,5.00000,7.00000,1.00000
22712.00000,248.68681,282.75184,360.75255,360.72384,4.03852,6.51412,11.48550,17.33717,1.00000,3.00000,5.00000,7.00000,1.00000
22713.00000,283.92421,407.71486,364.53375,467.46267,4.34154,9.51743,10.56623,17.77518,1.00000,3.00000,5.00000,7.00000,1.00000
22714.00000,216.40663,310.81622,313.08665,387.88719,3.85063,7.70310,7.01972,15.39789,1.00000,3.00000,5.00000,7.00000,1.00000
22715.00000,301.32606,374.96266,530.88252,455.69700,6.24878,10.53558,11.04005,18.61127,1.00000,3.00000,5.00000,7.00000,1.00000
22716.00000,296.95847,390.64842,377.12906,447.46856,6.26759,9.35535,12.57304,32.85168,1.00000,3.00000,5.00000,7.00000,1.00000
22717.00000,287.60963,354.08982,416.42349,343.91830,4.82311,8.84674,10.50431,15.22945,1.00000,3.00000,5.00000,7.00000,0.00000
22718.00000,273.24955,372.01728,385.50455,451.96961,4.85241,11.20977,11.90614,20.76244,1.00000,3.00000,5.00000,7.00000,1.00000
22719.00000,255.32791,339.44950,380.11213,265.17362,4.29093,7.94530,10.17207,8.56215,1.00000,3.00000,5.00000,7.00000,1.00000
22720.00000,264.04652,303.86522,347.63541,234.79563,5.04059,9.04272,10.73033,7.00302,1.00000,3.00000,5.00000,7.00000,1.00000
22721.00000,267.33527,351.61425,358.58515,370.65131,6.43959,8.28625,10.89241,13.38801,1.00000,3.00000,5.00000,7.00000,1.00000
22726.00000,278.19452,429.39136,304.64032,327.34549,4.49765,6.94568,5.86237,9.91327,1.00000,3.00000,5.00000,7.00000,1.00000
22727.00000,256.65758,330.36788,321.21771,379.75957,5.13699,7.90102,9.03718,15.25231,1.00000,3.00000,5.00000,7.00000,0.00000
22728.00000,253.50250,346.00456,332.26840,330.30944,3.43985,6.81540,7.92194,11.71910,1.00000,3.00000,5.00000,7.00000,0.00000
22729.00000,324.16550,369.83811,371.53753,325.26632,5.89847,9.02680,9.78789,12.70202,1.00000,3.00000,5.00000,7.00000,1.00000
22730.00000,247.41970,329.85218,386.54013,398.26867,3.85895,8.16402,11.70990,17.03803,1.00000,3.00000,5.00000,7.00000,0.00000
22731.00000,397.32580,365.25080,353.76312,650.34580,6.37174,8.34052,13.62307,94.12856,5.00000,7.00000,9.00000,11.00000,0.00000
22732.00000,361.92448,352.24859,417.80426,999.99000,6.84562,7.60865,14.18987,94.46749,5.00000,7.00000,9.00000,11.00000,0.00000
22733.00000,261.38098,334.74884,404.42090,320.18866,5.05086,8.12194,10.84109,13.08886,1.00000,3.00000,5.00000,7.00000,1.00000
22734.00000,234.09236,328.53281,333.59216,376.67865,3.92594,6.97842,8.38156,11.70673,1.00000,3.00000,5.00000,7.00000,1.00000
22735.00000,283.66837,367.82660,377.01639,358.56537,4.37452,7.19026,12.30929,14.96810,1.00000,3.00000,5.00000,7.00000,1.00000
22736.00000,276.04754,281.51228,313.38505,429.46001,4.55593,5.36723,7.79507,17.27842,1.00000,3.00000,5.00000,7.00000,1.00000
22737.00000,415.08176,406.82741,322.77570,808.98753,6.96221,9.24210,8.96685,127.03476,5.00000,7.00000,9.00000,11.00000,0.00000
22738.00000,410.11804,399.37981,534.40924,366.29525,8.30434,11.13753,14.68440,15.31603,5.00000,7.00000,9.00000,11.00000,0.00000
22742.00000,274.59910,276.91921,237.05679,330.45555,3.70996,4.46613,4.65143,23.36671,3.00000,5.00000,7.00000,9.00000,0.00000
22743.00000,388.50577,388.69191,458.14445,298.04517,7.02922,9.72610,11.95160,12.05347,3.00000,5.00000,7.00000,9.00000,0.00000
22744.00000,299.80760,321.75050,361.48987,267.78950,5.00039,6.03640,8.01852,25.64737,3.00000,5.00000,7.00000,9.00000,0.00000
22745.00000,376.65234,358.28601,370.09257,343.75064,7.84754,8.05263,10.20507,11.13195,3.00000,5.00000,7.00000,9.00000,0.00000
22746.00000,339.16000,348.81639,424.89821,339.98747,5.61816,7.45118,10.96312,33.51282,3.00000,5.00000,7.00000,9.00000,1.00000
22747.00000,328.68994,338.10356,317.08927,333.72285,4.75215,6.05293,6.08615,11.49926,3.00000,5.00000,7.00000,9.00000,0.00000
22748.00000,292.17917,312.38382,299.41621,256.66380,4.42934,7.02284,8.81192,25.52715,3.00000,5.00000,7.00000,9.00000,0.00000
22750.00000,267.81878,287.78918,300.71007,254.56150,3.60629,4.23432,5.46831,10.13878,3.00000,5.00000,7.00000,9.00000,1.00000
22751.00000,257.49368,257.08142,215.61960,521.39551,3.78892,5.00708,11.24529,87.88985,3.00000,5.00000,7.00000,9.00000,1.00000
22752.00000,379.42936,369.08264,425.54725,251.74868,6.81248,7.69158,13.15835,28.38178,3.00000,5.00000,7.00000,9.00000,1.00000
22753.00000,310.21758,357.90096,371.12160,216.21384,5.21779,9.08282,11.05396,14.39603,3.00000,5.00000,7.00000,9.00000,0.00000
22754.00000,319.80375,339.01555,296.64002,324.33188,5.90813,6.52242,6.16545,14.29807,3.00000,5.00000,7.00000,9.00000,0.00000
22755.00000,320.35323,370.03575,311.34289,282.54954,4.46355,7.49166,9.39163,13.63926,3.00000,5.00000,7.00000,9.00000,1.00000
22756.00000,277.35907,344.08041,306.29492,324.82637,3.92136,6.07623,5.17335,8.29237,3.00000,5.00000,7.00000,9.00000,0.00000
22769.00000,2.39323,,,,0.16094,,,,1.00000,3.00000,5.00000,7.00000,1.00000
22770.00000,98.15608,5.24319,,,1.33665,0.20246,,,1.00000,3.00000,5.00000,7.00000,1.00000
22771.00000,119.09189,8.62367,4.43260,,2.34691,0.18156,0.55978,,1.00000,3.00000,5.00000,7.00000,1.00000
22772.00000,191.03359,143.80979,84.79734,144.29316,3.85355,3.96746,2.30650,5.88527,1.00000,3.00000,5.00000,7.00000,1.00000
22773.00000,152.97882,141.59820,121.20126,99.19772,2.78554,3.45954,4.08243,4.07513,1.00000,3.00000,5.00000,7.00000,1.00000
22774.00000,165.78171,128.65852,126.37720,120.74711,2.75690,2.69404,3.10617,3.66055,1.00000,3.00000,5.00000,7.00000,1.00000
22775.00000,160.50989,210.31798,179.77047,166.26960,2.25561,4.06778,4.17844,4.50127,1.00000,3.00000,5.00000,7.00000,1.00000
22776.00000,132.20968,68.10296,77.94724,6.80324,1.90512,2.37410,2.61332,0.36699,1.00000,3.00000,5.00000,7.00000,1.00000
22779.00000,165.92772,174.14588,180.01567,184.49123,2.64459,3.51706,4.26607,6.12433,1.00000,3.00000,5.00000,7.00000,1.00000
22780.00000,222.23188,167.12561,161.60725,159.88540,3.44113,3.08899,3.82680,4.73087,1.00000,3.00000,5.00000,7.00000,1.00000
22781.00000,174.74227,203.68542,192.09898,198.96332,2.99131,4.29868,5.08635,7.04737,1.00000,3.00000,5.00000,7.00000,0.00000
22782.00000,183.70805,199.29213,219.02113,214.70011,2.84468,3.85594,5.87857,7.97059,1.00000,3.00000,5.00000,7.00000,1.00000
22783.00000,174.15361,170.19414,164.16145,158.05640,3.03671,3.22245,4.46725,5.49320,1.00000,3.00000,5.00000,7.00000,1.00000
22784.00000,220.68075,205.25251,194.92437,186.14126,3.81195,4.03979,4.51662,5.61651,1.00000,3.00000,5.00000,7.00000,1.00000
22785.00000,204.25480,193.81407,179.52665,213.73019,4.35215,4.06632,4.42223,8.85198,1.00000,3.00000,5.00000,7.00000,1.00000
22786.00000,179.31961,184.39476,177.69406,183.21290,3.34454,4.04983,4.56888,6.29597,1.00000,3.00000,5.00000,7.00000,1.00000
22787.00000,218.86429,216.78313,204.97227,182.45304,3.34640,4.75067,4.29781,6.25762,1.00000,3.00000,5.00000,7.00000,0.00000
22788.00000,229.51017,192.61443,202.73896,215.33438,4.13244,4.09554,4.99555,8.42393,1.00000,3.00000,5.00000,7.00000,1.00000
22789.00000,190.17785,201.52343,220.80434,217.77741,2.58729,3.95410,5.95285,9.45658,1.00000,3.00000,5.00000,7.00000,1.00000
22790.00000,180.47002,199.15138,214.29294,216.50562,2.58421,4.30617,7.02586,10.69083,1.00000,3.00000,5.00000,7.00000,0.00000
22791.00000,224.81969,224.47235,246.78285,212.74804,4.20531,5.64502,8.33665,9.91999,1.00000,3.00000,5.00000,7.00000,1.00000
22792.00000,217.76411,184.78414,224.44137,209.34330,3.81873,4.37074,7.14270,12.70007,3.00000,5.00000,7.00000,9.00000,1.00000
22793.00000,222.04331,214.94116,180.53733,213.49431,3.26579,4.30263,3.90374,9.37130,3.00000,5.00000,7.00000,9.00000,0.00000
22794.00000,220.29950,209.30727,233.20603,180.61511,3.62290,3.60123,7.96015,9.50324,3.00000,5.00000,7.00000,9.00000,1.00000
22795.00000,237.10461,166.48368,215.08603,180.68590,9.50196,7.59277,11.77240,15.68576,3.00000,5.00000,7.00000,9.00000,0.00000
22796.00000,221.74538,229.04337,167.20819,222.70811,4.61944,5.28440,5.22570,11.50284,3.00000,5.00000,7.00000,9.00000,1.00000
22797.00000,256.26068,237.78198,215.13364,174.22582,5.12106,5.39741,7.87830,8.93549,3.00000,5.00000,7.00000,9.00000,0.00000
22800.00000,243.13601,296.86407,305.16940,965.02848,3.38694,5.81318,11.77033,196.54935,3.00000,5.00000,7.00000,9.00000,0.00000
22801.00000,264.44378,241.54479,272.32234,190.67058,5.44897,5.24521,7.96153,18.34259,3.00000,5.00000,7.00000,9.00000,0.00000
22804.00000,348.53936,343.78615,373.21008,318.51652,4.89698,6.02862,9.78786,17.36712,3.00000,5.00000,7.00000,9.00000,0.00000
22805.00000,418.74704,416.79300,522.42411,533.77200,8.37596,8.66596,13.05736,126.84245,3.00000,5.00000,7.00000,9.00000,0.00000
22806.00000,310.58446,355.21444,400.75228,352.30821,5.53343,7.33208,11.98189,28.35622,3.00000,5.00000,7.00000,9.00000,0.00000
22807.00000,322.97757,399.58200,323.26781,269.66051,5.96090,10.25900,8.45731,17.57596,3.00000,5.00000,7.00000,9.00000,1.00000
22808.00000,357.11241,356.55153,295.54510,221.36324,7.05480,8.27767,7.84195,12.67298,3.00000,5.00000,7.00000,9.00000,0.00000
22809.00000,260.20974,274.93283,295.70392,399.34873,3.73717,4.56330,9.11953,34.20477,3.00000,5.00000,7.00000,9.00000,0.00000
22811.00000,276.42012,296.25880,254.63264,322.10044,5.40182,7.32239,5.90374,12.73999,3.00000,5.00000,7.00000,9.00000,0.00000
22812.00000,272.71686,286.91073,272.59476,402.40036,5.29499,7.82621,7.98686,62.91155,3.00000,5.00000,7.00000,9.00000,0.00000
22813.00000,320.72910,288.66242,269.38576,291.90630,4.86012,5.33496,5.35789,7.44753,3.00000,5.00000,7.00000,9.00000,0.00000
22814.00000,339.37148,314.86831,299.28278,293.04330,5.50912,5.24635,7.01812,13.09547,7.00000,9.00000,11.00000,13.00000,0.00000
22817.00000,280.92814,257.08125,272.85657,197.95835,4.73390,4.41507,6.17123,10.08710,3.00000,5.00000,7.00000,9.00000,1.00000
22818.00000,259.97478,298.60085,244.61995,239.38012,3.98272,6.75173,4.27380,6.65346,3.00000,5.00000,7.00000,9.00000,1.00000
22819.00000,322.19614,347.71762,222.16370,170.44856,6.32053,8.64155,4.47246,4.36993,3.00000,5.00000,7.00000,9.00000,1.00000
22820.00000,227.18839,269.63732,248.26172,217.83223,2.80326,4.32216,5.01351,5.51240,3.00000,5.00000,7.00000,9.00000,1.00000
22821.00000,303.71735,299.29049,312.65365,357.58431,5.20230,5.46525,7.09757,13.33612,3.00000,5.00000,7.00000,9.00000,0.00000
22822.00000,310.24643,326.04152,367.82902,316.13458,5.61532,7.28418,10.63659,20.51318,3.00000,5.00000,7.00000,9.00000,1.00000
22823.00000,251.64402,258.25413,251.70858,241.76892,3.05586,3.90132,4.80036,7.41266,3.00000,5.00000,7.00000,9.00000,0.00000
22824.00000,313.01459,283.28142,297.18743,657.64084,6.25808,5.88370,7.79426,60.24167,3.00000,5.00000,7.00000,9.00000,0.00000
22825.00000,236.27416,229.63372,238.84015,217.85391,3.27402,3.54756,4.69161,8.82356,3.00000,5.00000,7.00000,9.00000,1.00000
22826.00000,282.99386,250.39508,287.62463,318.56062,5.00960,4.40843,7.21382,14.07417,3.00000,5.00000,7.00000,9.00000,1.00000
22827.00000,256.10798,291.58508,281.83696,253.51760,3.53997,5.54554,5.12790,5.83711,3.00000,5.00000,7.00000,9.00000,0.00000
22834.00000,5.25515,5.35984,,,0.12595,1.69841,,,3.00000,5.00000,7.00000,9.00000,0.00000
22835.00000,,,,70.15667,,,,25.34915,3.00000,5.00000,7.00000,9.00000,0.00000
22838.00000,186.17970,162.20724,191.01668,172.64133,1.59036,2.56505,2.78123,4.15870,3.00000,5.00000,7.00000,9.00000,1.00000
22839.00000,169.93717,182.71418,233.42790,225.62652,2.24410,2.70492,5.14975,7.71312,3.00000,5.00000,7.00000,9.00000,1.00000
22840.00000,210.10234,210.26936,217.95624,229.30497,3.52678,3.49627,4.21774,5.30927,3.16000,3.42000,3.67000,3.92000,0.00000
22841.00000,208.42792,205.72102,198.69375,216.55538,3.70540,4.24930,4.07209,5.65361,5.16000,5.42000,5.67000,5.92000,1.00000
22842.00000,255.54443,229.45956,246.16511,226.39108,4.68256,5.28756,4.54103,5.29252,5.16000,5.42000,5.67000,5.92000,1.00000
22843.00000,257.55296,274.57734,241.30687,213.32551,5.76212,6.38404,5.60746,5.73431,5.16000,5.42000,5.67000,5.92000,0.00000
22844.00000,269.90024,249.58636,225.37933,258.98496,7.10513,5.35918,4.86926,5.38604,5.16000,5.42000,5.67000,5.92000,1.00000
22846.00000,225.94130,220.56448,214.44080,209.76811,4.48657,5.19500,5.00009,4.91095,5.16000,5.42000,5.67000,5.92000,0.00000
22847.00000,211.32621,223.02099,216.63572,209.33671,5.42893,5.54748,4.82363,4.09071,5.16000,5.42000,5.67000,5.92000,0.00000
22848.00000,239.80638,230.78469,165.45685,190.55197,5.16844,5.87483,3.35626,4.36116,5.16000,5.42000,5.67000,5.92000,1.00000
22849.00000,197.19651,207.52827,202.50741,207.10920,3.65887,4.01017,4.29691,4.91473,5.16000,5.42000,5.67000,5.92000,0.00000
22850.00000,227.19018,248.95486,246.74164,223.78337,4.58793,5.28336,5.32811,5.03479,10.16000,10.42000,10.67000,10.92000,0.00000
22851.00000,167.52446,149.45108,178.67631,130.59848,4.45489,3.69038,5.61861,4.74491,18.16000,18.42000,18.67000,18.92000,0.00000
22852.00000,126.46258,169.88145,110.21709,152.31050,4.66242,7.01415,6.69587,8.75633,20.16000,20.42000,20.67000,20.92000,1.00000
22858.00000,288.97645,254.47833,272.90381,296.79461,8.61941,9.42219,17.96300,23.21657,3.00000,5.00000,7.00000,9.00000,0.00000
22859.00000,210.53658,201.93598,146.98556,120.54645,6.93882,5.72437,4.57597,3.24740,3.00000,5.00000,7.00000,9.00000,0.00000
22860.00000,137.59657,87.45063,55.04743,52.63009,3.16404,2.26623,1.42215,3.35137,3.00000,5.00000,7.00000,9.00000,0.00000
22861.00000,225.18685,210.07432,211.59807,184.97751,7.86160,6.50603,7.86020,6.61112,3.00000,5.00000,7.00000,9.00000,0.00000
22862.00000,366.22054,200.40951,235.40286,250.58356,14.48558,5.91160,7.60150,11.83872,3.00000,5.00000,7.00000,9.00000,0.00000
22863.00000,300.69015,140.37638,206.75953,233.99502,8.11171,3.05716,6.03705,10.28537,3.00000,5.00000,7.00000,9.00000,0.00000
22864.00000,40.20373,65.04955,17.99780,4.85640,1.24511,1.62354,0.55726,0.92084,3.00000,5.00000,7.00000,9.00000,0.00000
22865.00000,173.43296,84.17012,106.81107,75.02251,4.94151,2.66533,3.12241,2.86739,3.00000,5.00000,7.00000,9.00000,0.00000
22868.00000,234.06263,264.79432,230.08636,138.32496,6.93164,11.82214,10.35056,5.72713,3.00000,5.00000,7.00000,9.00000,0.00000
22869.00000,186.69338,115.37752,46.26995,10.78756,4.76112,3.26596,1.74598,0.53448,3.00000,5.00000,7.00000,9.00000,0.00000
22870.00000,244.81299,218.00412,170.95020,77.26707,10.01153,7.15038,5.36041,4.15380,3.00000,5.00000,7.00000,9.00000,0.00000
22871.00000,179.15968,169.70799,95.32762,29.73797,6.51554,5.48702,3.99180,1.83807,3.00000,5.00000,7.00000,9.00000,0.00000
22872.00000,220.24612,107.85062,161.10284,86.38377,6.10530,2.49264,4.95297,3.55099,3.00000,5.00000,7.00000,9.00000,0.00000
22873.00000,238.46223,180.81475,199.47411,192.29049,7.40522,5.40123,6.74704,7.26214,3.00000,5.00000,7.00000,9.00000,0.00000
22874.00000,257.94775,162.76801,218.23390,134.15559,9.49873,5.26703,9.58473,6.60657,3.00000,5.00000,7.00000,9.00000,0.00000
22877.00000,131.42947,101.83414,151.14666,185.49534,1.25908,2.19845,3.29278,6.77115,3.00000,5.00000,7.00000,9.00000,0.00000
22878.00000,248.34421,225.74619,226.67067,249.04250,3.76140,3.75895,4.96097,8.57435,3.00000,5.00000,7.00000,9.00000,0.00000
22880.00000,267.44204,240.60919,267.87122,287.96018,4.90761,4.89797,6.34822,6.99170,5.00000,5.25000,5.50000,5.75000,0.00000
22881.00000,236.96808,281.53563,206.04338,232.34526,5.30357,6.57314,4.73303,6.81772,5.00000,5.25000,5.50000,5.75000,0.00000
22882.00000,219.16810,220.69725,224.83977,207.71479,4.88808,5.54585,5.36719,6.91592,10.00000,10.25000,10.50000,10.75000,0.00000
22883.00000,255.54708,253.53261,239.55331,190.96012,6.89383,6.64100,8.63234,4.92834,10.00000,10.25000,10.50000,10.75000,1.00000
22884.00000,200.67416,195.02014,209.92101,161.75724,4.88813,4.46222,4.36436,4.80419,10.50000,10.75000,11.00000,11.25000,1.00000
22885.00000,293.20936,235.02912,242.29104,208.44633,11.26517,6.62720,9.56133,8.51499,10.50000,10.75000,11.00000,11.25000,1.00000
22886.00000,257.63138,280.72833,251.74486,231.19530,9.89750,10.13027,10.30881,10.97638,10.00000,10.25000,10.50000,10.75000,0.00000
22887.00000,219.79477,192.46362,213.73892,198.43767,4.78434,4.68255,5.78678,8.15956,10.00000,10.25000,10.50000,10.75000,0.00000
22888.00000,204.86886,217.16833,232.18930,308.33196,4.76275,5.33013,6.41189,10.55609,10.00000,10.25000,10.50000,10.75000,1.00000
22889.00000,165.86171,209.91411,196.86632,164.89290,2.73228,4.74895,4.69183,3.91996,3.50000,3.75000,4.00000,4.25000,0.00000
22890.00000,182.65060,141.61052,123.92736,189.20110,12.24136,10.58983,8.53499,20.34234,15.00000,15.25000,15.50000,15.75000,0.00000
22891.00000,372.99140,274.07509,314.56315,237.41055,62.19258,32.96600,49.73367,27.77826,15.00000,15.25000,15.50000,15.75000,0.00000
22892.00000,219.72215,200.73283,211.84096,216.85218,4.69898,3.81705,4.96825,5.38342,7.00000,7.25000,7.50000,7.75000,0.00000
22893.00000,250.04936,239.62877,253.72998,283.08039,5.77642,5.65911,6.05197,9.00207,3.00000,3.25000,3.50000,3.75000,1.00000
22894.00000,212.05565,205.45025,206.30758,197.52196,4.28660,4.73377,5.31863,5.73852,9.00000,9.25000,9.50000,9.75000,0.00000
22897.00000,260.37297,232.62692,210.91403,257.50894,11.26967,11.04560,9.08881,14.05444,5.00000,5.25000,5.50000,5.75000,0.00000
22898.00000,194.39685,179.17333,149.03252,171.40979,6.98517,6.22527,5.16436,7.10396,3.00000,5.00000,7.00000,9.00000,0.00000
22899.00000,132.10147,140.09728,99.09440,88.53601,5.08958,5.41635,3.73991,3.64411,3.00000,5.00000,7.00000,9.00000,0.00000
22900.00000,152.24131,87.14489,81.96527,45.98869,6.56750,2.88929,2.59674,3.93569,3.00000,5.00000,7.00000,9.00000,0.00000
22901.00000,212.74519,175.98117,130.55867,101.56689,8.56377,6.46498,4.31956,3.66354,3.00000,5.00000,7.00000,9.00000,0.00000
22902.00000,189.24240,213.83577,151.44464,127.77179,7.08362,9.62081,5.70478,4.37077,3.00000,5.00000,7.00000,9.00000,0.00000
22903.00000,188.89785,182.95276,100.67921,186.25241,5.44733,6.05960,3.52579,9.46826,3.00000,5.00000,7.00000,9.00000,0.00000
22904.00000,384.78178,124.74393,165.53241,283.20284,16.44692,3.69674,5.74554,15.00741,3.00000,5.00000,7.00000,9.00000,0.00000
22905.00000,234.30557,178.85287,200.84543,220.07416,6.91203,5.11760,6.29981,9.27055,3.00000,5.00000,7.00000,9.00000,0.00000
22906.00000,233.60622,185.96382,258.52055,194.49016,6.59015,4.61013,9.61622,6.54539,3.00000,5.00000,7.00000,9.00000,0.00000
22907.00000,212.85998,137.89246,168.09353,273.27854,6.23364,3.77293,4.70669,11.96299,3.00000,5.00000,7.00000,9.00000,0.00000
22908.00000,258.71381,269.45402,234.96031,178.05108,6.19864,6.43274,6.72758,5.63581,3.00000,5.00000,7.00000,9.00000,0.00000
22909.00000,317.60909,203.50594,206.61162,209.50634,9.09862,4.55943,5.34170,5.76515,3.00000,5.00000,7.00000,9.00000,0.00000
22910.00000,252.66820,245.50966,261.02406,165.97865,6.23100,8.61544,8.69672,6.29400,3.00000,5.00000,7.00000,9.00000,0.00000
22911.00000,274.30935,219.92626,173.60725,188.70462,8.88381,7.41608,5.02777,7.66547,3.00000,5.00000,7.00000,9.00000,0.00000
22915.00000,273.07116,318.31084,267.24080,428.42928,9.09277,15.55916,15.62793,67.61689,3.00000,5.00000,7.00000,9.00000,0.00000
22916.00000,250.99751,264.14970,235.72228,219.27166,11.97502,13.83638,14.39051,13.76212,3.00000,5.00000,7.00000,9.00000,0.00000
22917.00000,278.47928,289.25074,239.02088,274.61608,10.68701,13.27132,10.56493,13.43930,3.00000,5.00000,7.00000,9.00000,0.00000
22918.00000,260.74441,294.86479,284.01439,249.66982,7.42645,10.71729,10.21215,11.83690,3.00000,5.00000,7.00000,9.00000,0.00000
22919.00000,302.26771,281.20203,387.72336,225.03281,9.62306,11.54583,17.95567,11.03591,3.00000,5.00000,7.00000,9.00000,0.00000
22920.00000,252.33034,207.58702,267.43540,183.21937,11.23595,7.63946,15.46464,9.82231,3.00000,5.00000,7.00000,9.00000,0.00000
22921.00000,215.12976,250.69909,189.83526,198.85104,7.49073,9.09591,7.36210,8.01090,3.00000,5.00000,7.00000,9.00000,0.00000
22923.00000,308.03077,295.39459,298.15919,209.44643,11.51936,14.22466,16.52515,11.41598,3.00000,5.00000,7.00000,9.00000,0.00000
22924.00000,217.34586,189.04559,192.80217,215.06916,7.06139,5.84328,8.33238,10.49269,3.00000,5.00000,7.00000,9.00000,0.00000
22925.00000,284.57689,229.02393,307.71365,203.69996,7.45933,6.12816,11.69977,7.61893,3.00000,5.00000,7.00000,9.00000,0.00000
22926.00000,313.26664,292.23088,244.63093,209.97730,8.94977,10.15427,8.57045,9.73757,3.00000,5.00000,7.00000,9.00000,0.00000
22927.00000,225.00013,224.92252,191.72974,251.03626,8.04871,9.97340,8.49717,16.33413,3.00000,5.00000,7.00000,9.00000,0.00000
22928.00000,279.22906,254.21442,295.49905,278.49440,12.21413,12.19976,22.94643,20.31167,3.00000,5.00000,7.00000,9.00000,0.00000
22929.00000,227.97099,190.73392,209.63530,178.15885,9.05022,7.31618,11.06514,8.08309,3.00000,5.00000,7.00000,9.00000,0.00000
22930.00000,312.60688,189.07137,186.47722,122.37768,16.13034,7.28279,7.33847,4.49429,3.00000,5.00000,7.00000,9.00000,0.00000
22931.00000,279.43809,314.82929,188.22265,207.00584,10.48390,14.87782,7.57969,8.32846,3.00000,5.00000,7.00000,9.00000,0.00000
22933.00000,342.89698,236.86204,196.54451,249.30962,16.45868,11.69136,8.19556,15.10515,3.00000,5.00000,7.00000,9.00000,0.00000
22935.00000,279.08146,131.92176,150.89064,178.61571,22.32367,6.23164,12.36336,12.24531,15.50000,15.75000,16.00000,16.25000,0.00000
22941.00000,94.65898,78.59204,59.16946,81.75123,5.13336,3.53752,4.75810,6.88901,15.50000,15.75000,16.00000,16.25000,0.00000
22942.00000,270.48307,205.60459,214.35327,254.96797,7.53036,6.56913,7.84979,15.10700,3.00000,5.00000,7.00000,9.00000,0.00000
22943.00000,250.96463,244.65167,122.50820,171.14657,6.71387,8.01710,4.06848,7.08410,3.00000,5.00000,7.00000,9.00000,0.00000
22944.00000,215.46427,193.21320,208.05153,256.68848,7.59583,6.52485,6.73719,17.27840,3.00000,5.00000,7.00000,9.00000,0.00000
22946.00000,213.76491,207.71000,236.39534,180.78735,6.18669,5.85762,9.48227,7.88428,3.00000,5.00000,7.00000,9.00000,0.00000
22947.00000,212.75978,256.40882,232.83966,189.76597,5.42697,9.70996,10.16639,8.28015,3.00000,5.00000,7.00000,9.00000,0.00000
22949.00000,231.75449,185.60050,182.98973,178.67686,7.61553,5.21300,5.77739,7.12926,3.00000,5.00000,7.00000,9.00000,0.00000
22951.00000,262.88863,190.70229,204.96966,179.02949,7.52759,6.24489,6.83628,8.10855,3.00000,5.00000,7.00000,9.00000,0.00000
22952.00000,179.15069,200.16837,247.91397,235.36656,4.25474,6.11279,10.63029,10.33029,3.00000,5.00000,7.00000,9.00000,0.00000
22953.00000,266.94664,170.62054,177.37268,198.77356,9.69991,6.53755,6.34568,9.82850,3.00000,5.00000,7.00000,9.00000,0.00000
22954.00000,256.72040,231.69785,197.30492,215.49581,9.01332,8.12723,7.90240,10.12589,3.00000,5.00000,7.00000,9.00000,0.00000
22955.00000,268.25289,209.74989,268.24762,297.45387,8.22274,5.49213,9.82554,15.38075,3.00000,5.00000,7.00000,9.00000,0.00000
22956.00000,264.42084,236.73632,215.54401,172.70702,6.69232,6.86425,6.61633,5.96754,3.00000,5.00000,7.00000,9.00000,0.00000
22957.00000,299.68240,242.83620,261.19826,210.61352,5.28829,4.35333,5.97866,5.40524,3.00000,5.00000,7.00000,9.00000,0.00000
22958.00000,292.76692,217.53954,231.70453,230.54590,5.61199,3.20329,4.20898,5.54783,3.00000,5.00000,7.00000,9.00000,1.00000
22960.00000,310.62919,247.51398,234.33681,248.61317,4.78398,4.09544,4.34640,6.39962,3.00000,5.00000,7.00000,9.00000,0.00000
22961.00000,310.75559,270.21232,234.64923,229.13238,4.97530,4.96894,4.23365,5.90425,3.00000,5.00000,7.00000,9.00000,0.00000
22962.00000,295.25114,236.73749,254.32525,200.94350,4.19579,4.03918,5.78279,4.16826,3.00000,5.00000,7.00000,9.00000,0.00000
22964.00000,266.86911,279.89781,251.62517,255.59660,3.91674,4.66404,4.57520,6.37026,3.00000,5.00000,7.00000,9.00000,0.00000
22965.00000,237.10362,276.70114,210.70669,198.27697,3.09859,6.07077,3.67816,4.66839,3.00000,5.00000,7.00000,9.00000,0.00000
22966.00000,286.47544,259.11159,271.48415,254.32711,3.97256,4.41598,4.89783,5.83555,3.00000,5.00000,7.00000,9.00000,1.00000
22967.00000,273.73744,212.18634,183.63094,202.05403,5.04167,3.48454,3.86474,5.02709,3.00000,5.00000,7.00000,9.00000,1.00000
22968.00000,226.58054,198.55750,228.18010,223.34083,2.84776,3.24449,3.06317,4.91279,3.00000,5.00000,7.00000,9.00000,1.00000
22972.00000,661.46924,212.60507,168.90855,211.60259,42.56117,18.53057,10.92966,16.87823,15.50000,15.75000,16.00000,16.25000,0.00000
22973.00000,318.89612,377.08666,398.40218,440.26352,5.24956,9.46920,35.86537,103.77380,5.00000,7.00000,9.00000,11.00000,0.00000
22976.00000,293.12330,234.60250,262.43754,280.87310,4.09055,3.29138,6.47677,15.69184,5.00000,7.00000,9.00000,11.00000,0.00000
22982.00000,160.20984,206.18861,215.68614,181.46760,2.63555,3.36926,4.22953,3.56123,5.00000,7.00000,9.00000,11.00000,0.00000
22983.00000,245.37163,250.28758,273.94822,745.26967,3.15353,4.28982,7.11771,93.70780,5.00000,7.00000,9.00000,11.00000,0.00000
22984.00000,252.41044,222.91202,240.43916,203.22609,3.41675,3.29517,4.99668,19.58439,5.00000,7.00000,9.00000,11.00000,0.00000
22985.00000,302.88886,307.43156,277.21503,375.04254,3.71948,5.16993,7.55607,45.95871,5.00000,7.00000,9.00000,11.00000,0.00000
22986.00000,305.68013,299.83718,277.99933,290.25365,4.28252,4.47094,5.42318,8.70299,5.00000,7.00000,9.00000,11.00000,0.00000
22988.00000,384.33997,170.06354,104.56954,552.46065,37.18286,17.43307,17.04250,181.17867,15.50000,15.75000,16.00000,16.25000,0.00000
22989.00000,333.86401,261.91020,253.09186,254.49260,4.49025,4.43935,5.00555,7.99225,5.00000,7.00000,9.00000,11.00000,0.00000
22990.00000,324.06140,318.34886,265.37337,1038.28436,5.38023,7.17124,20.08290,116.10865,5.00000,7.00000,9.00000,11.00000,0.00000
22991.00000,365.26861,351.36304,318.61347,331.63827,5.85953,6.63772,6.35873,9.33557,5.00000,7.00000,9.00000,11.00000,0.00000
22994.00000,271.75302,225.20811,131.20301,63.56452,5.23414,5.32841,4.30469,3.20806,5.00000,7.00000,9.00000,11.00000,0.00000
22996.00000,254.50041,252.41616,300.70539,274.00023,3.52206,4.38451,15.99423,27.74783,5.00000,7.00000,9.00000,11.00000,0.00000
22997.00000,294.78036,244.08123,253.52941,231.21826,3.37000,3.06431,3.20079,4.38179,5.00000,7.00000,9.00000,11.00000,0.00000
22998.00000,327.46800,337.18996,294.32202,259.64077,4.26293,4.80675,5.58205,5.11491,5.00000,7.00000,9.00000,11.00000,0.00000
23002.00000,162.64467,101.19995,67.16914,40.61381,5.69892,3.61099,2.04423,1.22735,5.00000,7.00000,9.00000,11.00000,1.00000
23003.00000,167.05257,224.19026,222.49420,201.50302,1.89598,4.31623,3.90181,8.30138,5.00000,7.00000,9.00000,11.00000,0.00000
23004.00000,79.84273,83.03012,168.51462,89.57622,2.41446,3.45437,6.09914,4.27720,5.00000,7.00000,9.00000,11.00000,0.00000
23005.00000,170.64053,226.05219,215.06507,245.66667,2.79959,4.66077,5.20835,7.75232,5.00000,7.00000,9.00000,11.00000,0.00000
23006.00000,221.73492,260.96710,275.85504,228.86833,3.76808,6.14711,10.54804,8.57605,5.00000,7.00000,9.00000,11.00000,0.00000
23007.00000,233.90673,302.05735,210.72838,183.43727,4.72465,7.94347,6.31073,7.04875,5.00000,7.00000,9.00000,11.00000,1.00000
23008.00000,159.32393,214.47392,261.65147,198.93073,2.58936,4.64927,7.70708,6.02686,5.00000,7.00000,9.00000,11.00000,0.00000
23009.00000,217.69316,231.85838,221.25168,153.10225,3.54706,5.12099,5.79900,3.79170,5.00000,7.00000,9.00000,11.00000,0.00000
23010.00000,264.66952,188.41292,192.64384,228.18067,4.60177,3.49212,4.46631,8.19007,5.00000,7.00000,9.00000,11.00000,0.00000
23011.00000,184.86144,236.18543,227.60285,221.55313,2.95191,5.24530,7.08740,8.14353,5.00000,7.00000,9.00000,11.00000,0.00000
23012.00000,237.71316,241.44187,260.47469,253.99253,3.89622,4.99004,6.71182,14.17562,5.00000,7.00000,9.00000,11.00000,1.00000
23013.00000,260.07818,213.14567,218.80541,226.83347,3.47855,3.58712,4.89119,6.77851,5.00000,7.00000,9.00000,11.00000,0.00000
23014.00000,160.36138,212.12766,152.15285,227.51921,3.29016,6.11996,5.16427,10.23271,5.00000,7.00000,9.00000,11.00000,0.00000
23015.00000,112.63863,217.17293,234.90259,199.95170,1.74707,5.45664,7.14809,9.04408,5.00000,7.00000,9.00000,11.00000,0.00000
23016.00000,151.05682,140.91056,169.09184,103.51720,3.11367,5.39374,7.67508,6.80600,5.00000,7.00000,9.00000,11.00000,0.00000
23017.00000,216.50335,152.51041,179.77096,252.93207,3.36454,3.89086,5.19554,11.38386,5.00000,7.00000,9.00000,11.00000,0.00000
