Shot ID,Shots Since Up To Air,Shots Since Li GUN Coat,Shots Since Li POT Coat,Graph (20913)
1963,"5000","5000","5000","1"
1964,"5000","5000","5000","1"
1965,"5000","5000","5000","1"
1966,"5000","5000","5000","1"
1967,"5000","5000","5000","1"
1968,"5000","5000","5000","1"
1969,"5000","5000","5000","1"
1970,"5000","5000","5000","1"
1971,"5000","5000","5000","1"
1972,"5000","5000","5000","1"
1973,"5000","5000","5000","1"
1974,"5000","5000","5000","1"
1975,"5000","5000","5000","1"
1976,"5000","5000","5000","1"
1977,"5000","5000","5000","1"
1978,"5000","5000","5000","1"
1979,"5000","5000","5000","1"
1980,"5000","5000","5000","1"
1981,"5000","5000","5000","1"
1982,"5000","5000","5000","1"
1983,"5000","5000","5000","1"
1984,"5000","5000","5000","1"
1985,"5000","5000","5000","1"
1986,"5000","5000","5000","1"
1987,"5000","5000","5000","1"
1988,"5000","5000","5000","1"
1989,"5000","5000","5000","1"
1990,"5000","5000","5000","1"
1991,"5000","5000","5000","1"
1992,"5000","5000","5000","1"
1993,"5000","5000","5000","1"
1994,"5000","5000","5000","1"
1995,"5000","5000","5000","1"
1996,"5000","5000","5000","1"
1997,"5000","5000","5000","1"
1998,"5000","5000","5000","1"
1999,"5000","5000","5000","1"
2000,"5000","5000","5000","1"
2001,"5000","5000","5000","1"
2002,"5000","5000","5000","1"
2003,"5000","5000","5000","1"
2004,"5000","5000","5000","1"
2005,"5000","5000","5000","1"
2006,"5000","5000","5000","1"
2007,"5000","5000","5000","1"
2008,"5000","5000","5000","1"
2009,"5000","5000","5000","1"
2010,"5000","5000","5000","1"
2011,"5000","5000","5000","1"
2012,"5000","5000","5000","1"
2013,"5000","5000","5000","1"
2014,"5000","5000","5000","1"
2015,"5000","5000","5000","1"
2016,"5000","5000","5000","1"
2017,"5000","5000","5000","1"
2018,"5000","5000","5000","1"
2019,"5000","5000","5000","1"
2020,"5000","5000","5000","1"
2021,"5000","5000","5000","1"
2022,"5000","5000","5000","1"
2023,"5000","5000","5000","1"
2024,"5000","5000","5000","1"
2025,"5000","5000","5000","1"
2026,"5000","5000","5000","1"
2027,"5000","5000","5000","1"
2029,"5000","5000","5000","1"
2030,"5000","5000","5000","1"
2031,"5000","5000","5000","1"
2032,"5000","5000","5000","1"
2033,"5000","5000","5000","1"
2034,"5000","5000","5000","1"
2035,"5000","5000","5000","1"
2036,"5000","5000","5000","1"
2037,"5000","5000","5000","1"
2038,"5000","5000","5000","1"
2039,"5000","5000","5000","1"
2040,"5000","5000","5000","1"
2041,"5000","5000","5000","1"
2042,"5000","5000","5000","1"
2043,"5000","5000","5000","1"
2044,"5000","5000","5000","1"
2045,"5000","5000","5000","1"
2046,"5000","5000","5000","1"
2047,"5000","5000","5000","1"
2048,"5000","5000","5000","1"
2049,"5000","5000","5000","1"
2050,"5000","5000","5000","1"
2051,"5000","5000","5000","1"
2052,"5000","5000","5000","1"
2053,"5000","5000","5000","1"
2054,"5000","5000","5000","1"
2055,"5000","5000","5000","1"
2056,"5000","5000","5000","1"
2057,"5000","5000","5000","1"
2058,"5000","5000","5000","1"
2059,"5000","5000","5000","1"
2060,"5000","5000","5000","1"
2061,"5000","5000","5000","1"
2062,"5000","5000","5000","1"
2063,"5000","5000","5000","1"
2064,"5000","5000","5000","1"
2065,"5000","5000","5000","1"
2066,"5000","5000","5000","1"
2067,"5000","5000","5000","1"
2068,"5000","5000","5000","1"
2069,"5000","5000","5000","1"
2070,"5000","5000","5000","1"
2071,"5000","5000","5000","1"
2072,"5000","5000","5000","1"
2073,"5000","5000","5000","1"
2074,"5000","5000","5000","1"
2075,"5000","5000","5000","1"
2076,"5000","5000","5000","1"
2077,"5000","5000","5000","1"
2078,"5000","5000","5000","1"
2079,"5000","5000","5000","1"
2080,"5000","5000","5000","1"
2081,"5000","5000","5000","1"
2082,"5000","5000","5000","1"
2083,"5000","5000","5000","1"
2084,"5000","5000","5000","1"
2085,"5000","5000","5000","1"
2086,"5000","5000","5000","1"
2087,"5000","5000","5000","1"
2088,"5000","5000","5000","1"
2089,"5000","5000","5000","1"
2090,"5000","5000","5000","1"
2091,"5000","5000","5000","1"
2092,"5000","5000","5000","1"
2093,"5000","5000","5000","1"
2094,"5000","5000","5000","1"
2095,"5000","5000","5000","1"
2096,"5000","5000","5000","1"
2097,"5000","5000","5000","1"
2098,"5000","5000","5000","1"
2099,"5000","5000","5000","1"
2100,"5000","5000","5000","1"
2101,"5000","5000","5000","1"
2102,"5000","5000","5000","1"
2103,"5000","5000","5000","1"
2104,"5000","5000","5000","1"
2105,"5000","5000","5000","1"
2106,"5000","5000","5000","1"
2107,"5000","5000","5000","1"
2108,"5000","5000","5000","1"
2109,"5000","5000","5000","1"
2110,"5000","5000","5000","1"
2111,"5000","5000","5000","1"
2112,"5000","5000","5000","1"
2113,"5000","5000","5000","1"
2114,"5000","5000","5000","1"
2115,"5000","5000","5000","1"
2116,"5000","5000","5000","1"
2117,"5000","5000","5000","1"
2118,"5000","5000","5000","1"
2119,"5000","5000","5000","1"
2120,"5000","5000","5000","1"
2121,"5000","5000","5000","1"
2122,"5000","5000","5000","1"
2123,"5000","5000","5000","1"
2124,"5000","5000","5000","1"
2125,"5000","5000","5000","1"
2126,"5000","5000","5000","1"
2127,"5000","5000","5000","1"
2128,"5000","5000","5000","1"
2129,"5000","5000","5000","1"
2130,"5000","5000","5000","1"
2131,"5000","5000","5000","1"
2132,"5000","5000","5000","1"
2133,"5000","5000","5000","1"
2134,"5000","5000","5000","1"
2135,"5000","5000","5000","1"
2136,"5000","5000","5000","1"
2137,"5000","5000","5000","1"
2138,"5000","5000","5000","1"
2139,"5000","5000","5000","1"
2140,"5000","5000","5000","1"
2141,"5000","5000","5000","1"
2142,"5000","5000","5000","1"
2143,"5000","5000","5000","1"
2144,"5000","5000","5000","1"
2145,"5000","5000","5000","1"
2146,"5000","5000","5000","1"
2147,"5000","5000","5000","1"
2148,"5000","5000","5000","1"
2149,"5000","5000","5000","1"
2150,"5000","5000","5000","1"
2151,"5000","5000","5000","1"
2152,"5000","5000","5000","1"
2153,"5000","5000","5000","1"
2154,"5000","5000","5000","1"
2155,"5000","5000","5000","1"
2156,"5000","5000","5000","1"
2157,"5000","5000","5000","1"
2158,"5000","5000","5000","1"
2159,"5000","5000","5000","1"
2160,"5000","5000","5000","1"
2161,"5000","5000","5000","1"
2162,"5000","5000","5000","1"
2163,"5000","5000","5000","1"
2164,"5000","5000","5000","1"
2165,"5000","5000","5000","1"
2166,"5000","5000","5000","1"
2167,"5000","5000","5000","1"
2168,"5000","5000","5000","1"
2169,"5000","5000","5000","1"
2170,"5000","5000","5000","1"
2171,"5000","5000","5000","1"
2172,"5000","5000","5000","1"
2173,"5000","5000","5000","1"
2174,"5000","5000","5000","1"
2175,"5000","5000","5000","1"
2176,"5000","5000","5000","1"
2177,"5000","5000","5000","1"
2178,"5000","5000","5000","1"
2179,"5000","5000","5000","1"
2180,"5000","5000","5000","1"
2181,"5000","5000","5000","1"
2182,"5000","5000","5000","1"
2183,"5000","5000","5000","1"
2184,"5000","5000","5000","1"
2185,"5000","5000","5000","1"
2186,"5000","5000","5000","1"
2187,"5000","5000","5000","1"
2188,"5000","5000","5000","1"
2189,"5000","5000","5000","1"
2190,"5000","5000","5000","1"
2191,"5000","5000","5000","1"
2192,"5000","5000","5000","1"
2193,"5000","5000","5000","1"
2194,"5000","5000","5000","1"
2195,"5000","5000","5000","1"
2196,"5000","5000","5000","1"
2197,"5000","5000","5000","1"
2198,"5000","5000","5000","1"
2199,"5000","5000","5000","1"
2200,"5000","5000","5000","1"
2201,"5000","5000","5000","1"
2202,"5000","5000","5000","1"
2203,"5000","5000","5000","1"
2204,"5000","5000","5000","1"
2205,"5000","5000","5000","1"
2206,"5000","5000","5000","1"
2207,"5000","5000","5000","1"
2208,"5000","5000","5000","1"
2209,"5000","5000","5000","1"
2210,"5000","5000","5000","1"
2211,"5000","5000","5000","1"
2212,"5000","5000","5000","1"
2213,"5000","5000","5000","1"
2214,"5000","5000","5000","1"
2215,"5000","5000","5000","1"
2216,"5000","5000","5000","1"
2217,"5000","5000","5000","1"
2218,"5000","5000","5000","1"
2219,"5000","5000","5000","1"
2220,"5000","5000","5000","1"
2221,"5000","5000","5000","1"
2222,"5000","5000","5000","1"
2223,"5000","5000","5000","1"
2224,"5000","5000","5000","1"
2225,"5000","5000","5000","1"
2226,"5000","5000","5000","1"
2227,"5000","5000","5000","1"
2228,"5000","5000","5000","1"
2229,"5000","5000","5000","1"
2230,"5000","5000","5000","1"
2231,"5000","5000","5000","1"
2232,"5000","5000","5000","1"
2233,"5000","5000","5000","1"
2234,"5000","5000","5000","1"
2235,"5000","5000","5000","1"
2236,"5000","5000","5000","1"
2237,"5000","5000","5000","1"
2238,"5000","5000","5000","1"
2239,"5000","5000","5000","1"
2240,"5000","5000","5000","1"
2241,"5000","5000","5000","1"
2242,"5000","5000","5000","1"
2243,"5000","5000","5000","1"
2244,"5000","5000","5000","1"
2245,"5000","5000","5000","1"
2246,"5000","5000","5000","1"
2247,"5000","5000","5000","1"
2248,"5000","5000","5000","1"
2249,"5000","5000","5000","1"
2250,"5000","5000","5000","1"
2251,"5000","5000","5000","1"
2252,"5000","5000","5000","1"
2253,"5000","5000","5000","1"
2254,"5000","5000","5000","1"
2255,"5000","5000","5000","1"
2256,"5000","5000","5000","1"
2257,"5000","5000","5000","1"
2258,"5000","5000","5000","1"
2259,"5000","5000","5000","1"
2260,"5000","5000","5000","1"
2261,"5000","5000","5000","1"
2262,"5000","5000","5000","1"
2263,"5000","5000","5000","1"
2264,"5000","5000","5000","1"
2265,"5000","5000","5000","1"
2266,"5000","5000","5000","1"
2267,"5000","5000","5000","1"
2268,"5000","5000","5000","1"
2269,"5000","5000","5000","1"
2270,"5000","5000","5000","1"
2271,"5000","5000","5000","1"
2272,"5000","5000","5000","1"
2273,"5000","5000","5000","1"
2274,"5000","5000","5000","1"
2275,"5000","5000","5000","1"
2276,"5000","5000","5000","1"
2277,"5000","5000","5000","1"
2278,"5000","5000","5000","1"
2279,"5000","5000","5000","1"
2280,"5000","5000","5000","1"
2281,"5000","5000","5000","1"
2282,"5000","5000","5000","1"
2283,"5000","5000","5000","1"
2284,"5000","5000","5000","1"
2285,"5000","5000","5000","1"
2286,"5000","5000","5000","1"
2287,"5000","5000","5000","1"
2288,"5000","5000","5000","1"
2289,"5000","5000","5000","1"
2290,"5000","5000","5000","1"
2291,"5000","5000","5000","1"
2292,"5000","5000","5000","1"
2293,"5000","5000","5000","1"
2294,"5000","5000","5000","1"
2295,"5000","5000","5000","1"
2296,"5000","5000","5000","1"
2297,"5000","5000","5000","1"
2298,"5000","5000","5000","1"
2299,"5000","5000","5000","1"
2300,"5000","5000","5000","1"
2301,"5000","5000","5000","1"
2302,"5000","5000","5000","1"
2303,"5000","5000","5000","1"
2304,"5000","5000","5000","1"
2305,"5000","5000","5000","1"
2306,"5000","5000","5000","1"
2307,"5000","5000","5000","1"
2308,"5000","5000","5000","1"
2309,"5000","5000","5000","1"
2310,"5000","5000","5000","1"
2311,"5000","5000","5000","1"
2312,"5000","5000","5000","1"
2313,"5000","5000","5000","1"
2314,"5000","5000","5000","1"
2315,"5000","5000","5000","1"
2316,"5000","5000","5000","1"
2317,"5000","5000","5000","1"
2318,"5000","5000","5000","1"
2319,"5000","5000","5000","1"
2320,"5000","5000","5000","1"
2321,"5000","5000","5000","1"
2322,"5000","5000","5000","1"
2323,"5000","5000","5000","1"
2324,"5000","5000","5000","1"
2325,"5000","5000","5000","1"
2326,"5000","5000","5000","1"
2327,"5000","5000","5000","1"
2328,"5000","5000","5000","1"
2329,"5000","5000","5000","1"
2330,"5000","5000","5000","1"
2331,"5000","5000","5000","1"
2332,"5000","5000","5000","1"
2333,"5000","5000","5000","1"
2334,"5000","5000","5000","1"
2335,"5000","5000","5000","1"
2336,"5000","5000","5000","1"
2337,"5000","5000","5000","1"
2338,"5000","5000","5000","1"
2339,"5000","5000","5000","1"
2340,"5000","5000","5000","1"
2341,"5000","5000","5000","1"
2342,"5000","5000","5000","1"
2343,"5000","5000","5000","1"
2344,"5000","5000","5000","1"
2345,"5000","5000","5000","1"
2346,"5000","5000","5000","1"
2347,"5000","5000","5000","1"
2348,"5000","5000","5000","1"
2349,"5000","5000","5000","1"
2350,"5000","5000","5000","1"
2351,"5000","5000","5000","1"
2352,"5000","5000","5000","1"
2353,"5000","5000","5000","1"
2354,"5000","5000","5000","1"
2355,"5000","5000","5000","1"
2356,"5000","5000","5000","1"
2357,"5000","5000","5000","1"
2358,"5000","5000","5000","1"
2359,"5000","5000","5000","1"
2360,"5000","5000","5000","1"
2361,"5000","5000","5000","1"
2362,"5000","5000","5000","1"
2363,"5000","5000","5000","1"
2364,"5000","5000","5000","1"
2365,"5000","5000","5000","1"
2366,"5000","5000","5000","1"
2367,"5000","5000","5000","1"
2368,"5000","5000","5000","1"
2369,"5000","5000","5000","1"
2370,"5000","5000","5000","1"
2371,"5000","5000","5000","1"
2372,"5000","5000","5000","1"
2373,"5000","5000","5000","1"
2374,"5000","5000","5000","1"
2375,"5000","5000","5000","1"
2376,"5000","5000","5000","1"
2377,"5000","5000","5000","1"
2378,"5000","5000","5000","1"
2379,"5000","5000","5000","1"
2380,"5000","5000","5000","1"
2381,"5000","5000","5000","1"
2382,"5000","5000","5000","1"
2383,"5000","5000","5000","1"
2384,"5000","5000","5000","1"
2385,"5000","5000","5000","1"
2386,"5000","5000","5000","1"
2387,"5000","5000","5000","1"
2388,"5000","5000","5000","1"
2389,"5000","5000","5000","1"
2390,"5000","5000","5000","1"
2391,"5000","5000","5000","1"
2392,"5000","5000","5000","1"
2393,"5000","5000","5000","1"
2394,"5000","5000","5000","1"
2395,"5000","5000","5000","1"
2396,"5000","5000","5000","1"
2397,"5000","5000","5000","1"
2398,"5000","5000","5000","1"
2399,"5000","5000","5000","1"
2400,"5000","5000","5000","1"
2401,"5000","5000","5000","1"
2402,"5000","5000","5000","1"
2403,"5000","5000","5000","1"
2404,"5000","5000","5000","1"
2405,"5000","5000","5000","1"
2406,"5000","5000","5000","1"
2407,"5000","5000","5000","1"
2408,"5000","5000","5000","1"
2409,"5000","5000","5000","1"
2410,"5000","5000","5000","1"
2411,"5000","5000","5000","1"
2412,"5000","5000","5000","1"
2413,"5000","5000","5000","1"
2414,"5000","5000","5000","1"
2415,"5000","5000","5000","1"
2416,"5000","5000","5000","1"
2417,"5000","5000","5000","1"
2418,"5000","5000","5000","1"
2419,"5000","5000","5000","1"
2420,"5000","5000","5000","1"
2421,"5000","5000","5000","1"
2422,"5000","5000","5000","1"
2423,"5000","5000","5000","1"
2424,"5000","5000","5000","1"
2425,"5000","5000","5000","1"
2426,"5000","5000","5000","1"
2427,"5000","5000","5000","1"
2428,"5000","5000","5000","1"
2429,"5000","5000","5000","1"
2430,"5000","5000","5000","1"
2431,"5000","5000","5000","1"
2432,"5000","5000","5000","1"
2433,"5000","5000","5000","1"
2434,"5000","5000","5000","1"
2435,"5000","5000","5000","1"
2436,"5000","5000","5000","1"
2437,"5000","5000","5000","1"
2438,"5000","5000","5000","1"
2439,"5000","5000","5000","1"
2440,"5000","5000","5000","1"
2441,"5000","5000","5000","1"
2443,"5000","5000","5000","1"
2444,"5000","5000","5000","1"
2445,"5000","5000","5000","1"
2446,"5000","5000","5000","1"
2447,"5000","5000","5000","1"
2448,"5000","5000","5000","1"
2449,"5000","5000","5000","1"
2450,"5000","5000","5000","1"
2451,"5000","5000","5000","1"
2452,"5000","5000","5000","1"
2453,"5000","5000","5000","1"
2454,"5000","5000","5000","1"
2455,"5000","5000","5000","1"
2456,"5000","5000","5000","1"
2457,"5000","5000","5000","1"
2458,"5000","5000","5000","1"
2459,"5000","5000","5000","1"
2460,"5000","5000","5000","1"
2461,"5000","5000","5000","1"
2462,"5000","5000","5000","1"
2463,"5000","5000","5000","1"
2464,"5000","5000","5000","1"
2465,"5000","5000","5000","1"
2466,"5000","5000","5000","1"
2467,"5000","5000","5000","1"
2468,"5000","5000","5000","1"
2469,"5000","5000","5000","1"
2470,"5000","5000","5000","1"
2471,"5000","5000","5000","1"
2472,"5000","5000","5000","1"
2473,"5000","5000","5000","1"
2474,"5000","5000","5000","1"
2475,"5000","5000","5000","1"
2476,"5000","5000","5000","1"
2477,"5000","5000","5000","1"
2478,"5000","5000","5000","1"
2479,"5000","5000","5000","1"
2480,"5000","5000","5000","1"
2481,"5000","5000","5000","1"
2482,"5000","5000","5000","1"
2483,"5000","5000","5000","1"
2484,"5000","5000","5000","1"
2485,"5000","5000","5000","1"
2486,"5000","5000","5000","1"
2487,"5000","5000","5000","1"
2488,"5000","5000","5000","1"
2489,"5000","5000","5000","1"
2490,"5000","5000","5000","1"
2491,"5000","5000","5000","1"
2492,"5000","5000","5000","1"
2493,"5000","5000","5000","1"
2494,"5000","5000","5000","1"
2495,"5000","5000","5000","1"
2496,"5000","5000","5000","1"
2497,"5000","5000","5000","1"
2498,"5000","5000","5000","1"
2499,"5000","5000","5000","1"
2500,"5000","5000","5000","1"
2501,"5000","5000","5000","1"
2502,"5000","5000","5000","1"
2503,"5000","5000","5000","1"
2504,"5000","5000","5000","1"
2505,"5000","5000","5000","1"
2506,"5000","5000","5000","1"
2507,"5000","5000","5000","1"
2508,"5000","5000","5000","1"
2509,"5000","5000","5000","1"
2510,"5000","5000","5000","1"
2511,"5000","5000","5000","1"
2512,"5000","5000","5000","1"
2513,"5000","5000","5000","1"
2514,"5000","5000","5000","1"
2515,"5000","5000","5000","1"
2516,"5000","5000","5000","1"
2517,"5000","5000","5000","1"
2518,"5000","5000","5000","1"
2519,"5000","5000","5000","1"
2520,"5000","5000","5000","1"
2521,"5000","5000","5000","1"
2522,"5000","5000","5000","1"
2523,"5000","5000","5000","1"
2524,"5000","5000","5000","1"
2525,"5000","5000","5000","1"
2526,"5000","5000","5000","1"
2527,"5000","5000","5000","1"
2528,"5000","5000","5000","1"
2529,"5000","5000","5000","1"
2530,"5000","5000","5000","1"
2531,"5000","5000","5000","1"
2532,"5000","5000","5000","1"
2533,"5000","5000","5000","1"
2534,"5000","5000","5000","1"
2535,"5000","5000","5000","1"
2536,"5000","5000","5000","1"
2537,"5000","5000","5000","1"
2538,"5000","5000","5000","1"
2539,"5000","5000","5000","1"
2540,"5000","5000","5000","1"
2541,"5000","5000","5000","1"
2542,"5000","5000","5000","1"
2543,"5000","5000","5000","1"
2544,"5000","5000","5000","1"
2545,"5000","5000","5000","1"
2546,"5000","5000","5000","1"
2547,"5000","5000","5000","1"
2548,"5000","5000","5000","1"
2549,"5000","5000","5000","1"
2550,"5000","5000","5000","1"
2551,"5000","5000","5000","1"
2552,"5000","5000","5000","1"
2553,"5000","5000","5000","1"
2554,"5000","5000","5000","1"
2555,"5000","5000","5000","1"
2556,"5000","5000","5000","1"
2557,"5000","5000","5000","1"
2558,"5000","5000","5000","1"
2559,"5000","5000","5000","1"
2560,"5000","5000","5000","1"
2561,"5000","5000","5000","1"
2562,"5000","5000","5000","1"
2563,"5000","5000","5000","1"
2564,"5000","5000","5000","1"
2565,"5000","5000","5000","1"
2566,"5000","5000","5000","1"
2567,"5000","5000","5000","1"
2568,"5000","5000","5000","1"
2569,"5000","5000","5000","1"
2570,"5000","5000","5000","1"
2571,"5000","5000","5000","1"
2572,"5000","5000","5000","1"
2573,"5000","5000","5000","1"
2574,"5000","5000","5000","1"
2575,"5000","5000","5000","1"
2576,"5000","5000","5000","1"
2577,"5000","5000","5000","1"
2578,"5000","5000","5000","1"
2579,"5000","5000","5000","1"
2580,"5000","5000","5000","1"
2581,"5000","5000","5000","1"
2582,"5000","5000","5000","1"
2583,"5000","5000","5000","1"
2584,"5000","5000","5000","1"
2585,"5000","5000","5000","1"
2586,"5000","5000","5000","1"
2587,"5000","5000","5000","1"
2588,"5000","5000","5000","1"
2589,"5000","5000","5000","1"
2590,"5000","5000","5000","1"
2591,"5000","5000","5000","1"
2592,"5000","5000","5000","1"
2593,"5000","5000","5000","1"
2594,"5000","5000","5000","1"
2595,"5000","5000","5000","1"
2596,"5000","5000","5000","1"
2597,"5000","5000","5000","1"
2598,"5000","5000","5000","1"
2599,"5000","5000","5000","1"
2600,"5000","5000","5000","1"
2601,"5000","5000","5000","1"
2602,"5000","5000","5000","1"
2603,"5000","5000","5000","1"
2604,"5000","5000","5000","1"
2605,"5000","5000","5000","1"
2606,"5000","5000","5000","1"
2607,"5000","5000","5000","1"
2608,"5000","5000","5000","1"
2609,"5000","5000","5000","1"
2610,"5000","5000","5000","1"
2611,"5000","5000","5000","1"
2612,"5000","5000","5000","1"
2613,"5000","5000","5000","1"
2614,"5000","5000","5000","1"
2615,"5000","5000","5000","1"
2616,"5000","5000","5000","1"
2617,"5000","5000","5000","1"
2618,"5000","5000","5000","1"
2619,"5000","5000","5000","1"
2620,"5000","5000","5000","1"
2621,"5000","5000","5000","1"
2622,"5000","5000","5000","1"
2623,"5000","5000","5000","1"
2624,"5000","5000","5000","1"
2625,"5000","5000","5000","1"
2626,"5000","5000","5000","1"
2627,"5000","5000","5000","1"
2628,"5000","5000","5000","1"
2629,"5000","5000","5000","1"
2630,"5000","5000","5000","1"
2631,"5000","5000","5000","1"
2632,"5000","5000","5000","1"
2633,"5000","5000","5000","1"
2634,"5000","5000","5000","1"
2635,"5000","5000","5000","1"
2636,"5000","5000","5000","1"
2637,"5000","5000","5000","1"
2638,"5000","5000","5000","1"
2639,"5000","5000","5000","1"
2640,"5000","5000","5000","1"
2641,"5000","5000","5000","1"
2642,"5000","5000","5000","1"
2643,"5000","5000","5000","1"
2644,"5000","5000","5000","1"
2645,"5000","5000","5000","1"
2646,"5000","5000","5000","1"
2647,"5000","5000","5000","1"
2648,"5000","5000","5000","1"
2649,"5000","5000","5000","1"
2650,"5000","5000","5000","1"
2651,"5000","5000","5000","1"
2652,"5000","5000","5000","1"
2653,"5000","5000","5000","1"
2654,"5000","5000","5000","1"
2655,"5000","5000","5000","1"
2656,"5000","5000","5000","1"
2657,"5000","5000","5000","1"
2658,"5000","5000","5000","1"
2659,"5000","5000","5000","1"
2660,"5000","5000","5000","1"
2661,"5000","5000","5000","1"
2662,"5000","5000","5000","1"
2663,"5000","5000","5000","1"
2664,"5000","5000","5000","1"
2665,"5000","5000","5000","1"
2666,"5000","5000","5000","1"
2667,"5000","5000","5000","1"
2668,"5000","5000","5000","1"
2669,"5000","5000","5000","1"
2670,"5000","5000","5000","1"
2671,"5000","5000","5000","1"
2672,"5000","5000","5000","1"
2673,"5000","5000","5000","1"
2674,"5000","5000","5000","1"
2675,"5000","5000","5000","1"
2676,"5000","5000","5000","1"
2677,"5000","5000","5000","1"
2678,"5000","5000","5000","1"
2679,"5000","5000","5000","1"
2680,"5000","5000","5000","1"
2681,"5000","5000","5000","1"
2682,"5000","5000","5000","1"
2683,"5000","5000","5000","1"
2684,"5000","5000","5000","1"
2685,"5000","5000","5000","1"
2686,"5000","5000","5000","1"
2687,"5000","5000","5000","1"
2688,"5000","5000","5000","1"
2689,"5000","5000","5000","1"
2690,"5000","5000","5000","1"
2691,"5000","5000","5000","1"
2692,"5000","5000","5000","1"
2693,"5000","5000","5000","1"
2694,"5000","5000","5000","1"
2695,"5000","5000","5000","1"
2696,"5000","5000","5000","1"
2697,"5000","5000","5000","1"
2699,"5000","5000","5000","1"
2700,"5000","5000","5000","1"
2701,"5000","5000","5000","1"
2702,"5000","5000","5000","1"
2703,"5000","5000","5000","1"
2704,"5000","5000","5000","1"
2705,"5000","5000","5000","1"
2706,"5000","5000","5000","1"
2707,"5000","5000","5000","1"
2708,"5000","5000","5000","1"
2709,"5000","5000","5000","1"
2710,"5000","5000","5000","1"
2711,"5000","5000","5000","1"
2712,"5000","5000","5000","1"
2713,"5000","5000","5000","1"
2714,"5000","5000","5000","1"
2715,"5000","5000","5000","1"
2716,"5000","5000","5000","1"
2717,"5000","5000","5000","1"
2718,"5000","5000","5000","1"
2719,"5000","5000","5000","1"
2720,"5000","5000","5000","1"
2721,"0","5000","5000","1"
2722,"0","5000","5000","1"
2723,"0","5000","5000","1"
2724,"1","5000","5000","1"
2725,"2","5000","5000","1"
2726,"3","5000","5000","1"
2727,"4","5000","5000","1"
2728,"4","5000","5000","1"
2729,"4","5000","5000","1"
2730,"5","5000","5000","1"
2731,"6","5000","5000","1"
2732,"7","5000","5000","1"
2733,"8","5000","5000","1"
2734,"9","5000","5000","1"
2735,"10","5000","5000","1"
2736,"11","5000","5000","1"
2737,"12","5000","5000","1"
2738,"13","5000","5000","1"
2739,"14","5000","5000","1"
2740,"15","5000","5000","1"
2741,"16","5000","5000","1"
2742,"17","5000","5000","1"
2743,"18","5000","5000","1"
2744,"19","5000","5000","1"
2745,"20","5000","5000","1"
2746,"21","5000","5000","1"
2747,"21","5000","5000","1"
2748,"22","5000","5000","1"
2749,"23","5000","5000","1"
2750,"24","5000","5000","1"
2751,"25","5000","5000","1"
2752,"26","5000","5000","1"
2753,"27","5000","5000","1"
2754,"28","5000","5000","1"
2755,"29","5000","5000","1"
2756,"30","5000","5000","1"
2757,"31","5000","5000","1"
2758,"32","5000","5000","1"
2759,"33","5000","5000","1"
2760,"34","5000","5000","1"
2761,"35","5000","5000","1"
2762,"36","5000","5000","1"
2763,"37","5000","5000","1"
2764,"38","5000","5000","1"
2765,"39","5000","5000","1"
2766,"40","5000","5000","1"
2767,"41","5000","5000","1"
2768,"42","5000","5000","1"
2769,"43","5000","5000","1"
2770,"44","5000","5000","1"
2771,"45","5000","5000","1"
2772,"46","5000","5000","1"
2773,"47","5000","5000","1"
2774,"48","5000","5000","1"
2775,"48","5000","5000","1"
2776,"49","5000","5000","1"
2777,"50","5000","5000","1"
2778,"51","5000","5000","1"
2779,"52","5000","5000","1"
2780,"53","5000","5000","1"
2781,"54","5000","5000","1"
2782,"55","5000","5000","1"
2783,"56","5000","5000","1"
2784,"56","5000","5000","1"
2785,"56","5000","5000","1"
2786,"57","5000","5000","1"
2787,"58","5000","5000","1"
2788,"59","5000","5000","1"
2789,"60","5000","5000","1"
2790,"61","5000","5000","1"
2791,"62","5000","5000","1"
2792,"63","5000","5000","1"
2793,"64","5000","5000","1"
2794,"65","5000","5000","1"
2795,"66","5000","5000","1"
2796,"67","5000","5000","1"
2797,"68","5000","5000","1"
2798,"68","5000","5000","1"
2799,"69","5000","5000","1"
2800,"70","5000","5000","1"
2801,"71","5000","5000","1"
2802,"72","5000","5000","1"
2803,"73","5000","5000","1"
2804,"74","5000","5000","1"
2805,"75","5000","5000","1"
2806,"75","5000","5000","1"
2807,"75","5000","5000","1"
2808,"76","5000","5000","1"
2809,"77","5000","5000","1"
2810,"78","5000","5000","1"
2811,"79","5000","5000","1"
2812,"79","5000","5000","1"
2813,"79","5000","5000","1"
2814,"79","5000","5000","1"
2815,"79","5000","5000","1"
2816,"79","5000","5000","1"
2817,"79","5000","5000","1"
2818,"79","5000","5000","1"
2819,"79","5000","5000","1"
2820,"79","5000","5000","1"
2821,"79","5000","5000","1"
2822,"79","5000","5000","1"
2823,"79","5000","5000","1"
2824,"79","5000","5000","1"
2825,"79","5000","5000","1"
2826,"79","5000","5000","1"
2827,"79","5000","5000","1"
2828,"79","5000","5000","1"
2829,"79","5000","5000","1"
2831,"79","5000","5000","1"
2832,"79","5000","5000","1"
2833,"79","5000","5000","1"
2834,"79","5000","5000","1"
2835,"79","5000","5000","1"
2836,"79","5000","5000","1"
2837,"79","5000","5000","1"
2838,"79","5000","5000","1"
2839,"79","5000","5000","1"
2840,"79","5000","5000","1"
2841,"79","5000","5000","1"
2842,"79","5000","5000","1"
2843,"79","5000","5000","1"
2844,"79","5000","5000","1"
2845,"79","5000","5000","1"
2846,"79","5000","5000","1"
2847,"79","5000","5000","1"
2848,"79","5000","5000","1"
2849,"79","5000","5000","1"
2850,"80","5000","5000","1"
2851,"81","5000","5000","1"
2852,"82","5000","5000","1"
2853,"83","5000","5000","1"
2854,"84","5000","5000","1"
2855,"85","5000","5000","1"
2856,"86","5000","5000","1"
2857,"87","5000","5000","1"
2858,"88","5000","5000","1"
2859,"89","5000","5000","1"
2860,"90","5000","5000","1"
2861,"91","5000","5000","1"
2862,"91","5000","5000","1"
2863,"91","5000","5000","1"
2864,"91","5000","5000","1"
2865,"92","5000","5000","1"
2866,"93","5000","5000","1"
2867,"93","5000","5000","1"
2868,"94","5000","5000","1"
2869,"95","5000","5000","1"
2870,"96","5000","5000","1"
2871,"97","5000","5000","1"
2872,"98","5000","5000","1"
2873,"99","5000","5000","1"
2874,"100","5000","5000","1"
2875,"101","5000","5000","1"
2876,"102","5000","5000","1"
2877,"103","5000","5000","1"
2878,"104","5000","5000","1"
2879,"104","5000","5000","1"
2880,"104","5000","5000","1"
2881,"105","5000","5000","1"
2882,"106","5000","5000","1"
2883,"107","5000","5000","1"
2884,"108","5000","5000","1"
2885,"109","5000","5000","1"
2886,"110","5000","5000","1"
2887,"111","5000","5000","1"
2888,"112","5000","5000","1"
2889,"113","5000","5000","1"
2890,"114","5000","5000","1"
2891,"115","5000","5000","1"
2892,"116","5000","5000","1"
2893,"117","5000","5000","1"
2894,"118","5000","5000","1"
2895,"119","5000","5000","1"
2896,"120","5000","5000","1"
2897,"121","5000","5000","1"
2898,"122","5000","5000","1"
2899,"123","5000","5000","1"
2900,"124","5000","5000","1"
2901,"125","5000","5000","1"
2902,"126","5000","5000","1"
2903,"127","5000","5000","1"
2904,"128","5000","5000","1"
2905,"129","5000","5000","1"
2906,"130","5000","5000","1"
2907,"131","5000","5000","1"
2908,"132","5000","5000","1"
2909,"133","5000","5000","1"
2910,"134","5000","5000","1"
2911,"135","5000","5000","1"
2912,"136","5000","5000","1"
2913,"137","5000","5000","1"
2914,"138","5000","5000","1"
2915,"139","5000","5000","1"
2916,"140","5000","5000","1"
2917,"141","5000","5000","1"
2918,"141","5000","5000","1"
2919,"142","5000","5000","1"
2920,"143","5000","5000","1"
2921,"144","5000","5000","1"
2922,"145","5000","5000","1"
2923,"146","5000","5000","1"
2924,"147","5000","5000","1"
2925,"148","5000","5000","1"
2926,"148","5000","5000","1"
2927,"149","5000","5000","1"
2928,"150","5000","5000","1"
2929,"150","5000","5000","1"
2930,"151","5000","5000","1"
2931,"152","5000","5000","1"
2932,"153","5000","5000","1"
2933,"154","5000","5000","1"
2934,"155","5000","5000","1"
2935,"156","5000","5000","1"
2936,"157","5000","5000","1"
2937,"157","5000","5000","1"
2938,"158","5000","5000","1"
2939,"159","5000","5000","1"
2940,"160","5000","5000","1"
2941,"161","5000","5000","1"
2942,"162","5000","5000","1"
2943,"163","5000","5000","1"
2944,"163","5000","5000","1"
2945,"164","5000","5000","1"
2946,"165","5000","5000","1"
2947,"166","5000","5000","1"
2948,"167","5000","5000","1"
2949,"168","5000","5000","1"
2950,"169","5000","5000","1"
2951,"170","5000","5000","1"
2952,"171","5000","5000","1"
2953,"171","5000","5000","1"
2954,"171","5000","5000","1"
2955,"171","5000","5000","1"
2956,"171","5000","5000","1"
2957,"171","5000","5000","1"
2958,"171","5000","5000","1"
2959,"171","5000","5000","1"
2960,"172","5000","5000","1"
2961,"173","5000","5000","1"
2962,"174","5000","5000","1"
2963,"175","5000","5000","1"
2964,"176","5000","5000","1"
2965,"177","5000","5000","1"
2966,"177","5000","5000","1"
2967,"178","5000","5000","1"
2968,"179","5000","5000","1"
2969,"180","5000","5000","1"
2970,"181","5000","5000","1"
2971,"181","5000","5000","1"
2972,"181","5000","5000","1"
2973,"182","5000","5000","1"
2974,"183","5000","5000","1"
2975,"184","5000","5000","1"
2976,"185","5000","5000","1"
2977,"186","5000","5000","1"
2978,"187","5000","5000","1"
2979,"188","5000","5000","1"
2980,"189","5000","5000","1"
2981,"190","5000","5000","1"
2982,"191","5000","5000","1"
2983,"191","5000","5000","1"
2984,"192","5000","5000","1"
2985,"193","5000","5000","1"
2986,"194","5000","5000","1"
2987,"195","5000","5000","1"
2988,"196","5000","5000","1"
2989,"197","5000","5000","1"
2990,"198","5000","5000","1"
2991,"199","5000","5000","1"
2992,"199","5000","5000","1"
2993,"200","5000","5000","1"
2994,"201","5000","5000","1"
2995,"202","5000","5000","1"
2996,"203","5000","5000","1"
2997,"204","5000","5000","1"
2998,"205","5000","5000","1"
2999,"206","5000","5000","1"
3000,"207","5000","5000","1"
3001,"208","5000","5000","1"
3002,"208","5000","5000","1"
3003,"209","5000","5000","1"
3004,"210","5000","5000","1"
3005,"211","5000","5000","1"
3006,"212","5000","5000","1"
3007,"213","5000","5000","1"
3008,"214","5000","5000","1"
3009,"214","5000","5000","1"
3010,"215","5000","5000","1"
3011,"216","5000","5000","1"
3012,"217","5000","5000","1"
3013,"218","5000","5000","1"
3014,"219","5000","5000","1"
3015,"220","5000","5000","1"
3016,"220","5000","5000","1"
3017,"221","5000","5000","1"
3018,"222","5000","5000","1"
3019,"223","5000","5000","1"
3020,"224","5000","5000","1"
3021,"224","5000","5000","1"
3022,"224","5000","5000","1"
3023,"225","5000","5000","1"
3024,"226","5000","5000","1"
3025,"227","5000","5000","1"
3026,"228","5000","5000","1"
3028,"229","5000","5000","1"
3029,"229","5000","5000","1"
3030,"230","5000","5000","1"
3031,"231","5000","5000","1"
3032,"232","5000","5000","1"
3033,"233","5000","5000","1"
3034,"234","5000","5000","1"
3036,"234","5000","5000","1"
3037,"234","5000","5000","1"
3038,"234","5000","5000","1"
3043,"0","5000","5000","1"
3044,"0","5000","5000","1"
3045,"1","5000","5000","1"
3046,"2","5000","5000","1"
3047,"3","5000","5000","1"
3048,"4","5000","5000","1"
3049,"5","5000","5000","1"
3050,"6","5000","5000","1"
3051,"7","5000","5000","1"
3052,"8","5000","5000","1"
3053,"8","5000","5000","1"
3054,"8","5000","5000","1"
3055,"8","5000","5000","1"
3056,"8","5000","5000","1"
3057,"8","5000","5000","1"
3058,"9","5000","5000","1"
3059,"10","5000","5000","1"
3060,"11","5000","5000","1"
3062,"12","5000","5000","1"
3063,"12","5000","5000","1"
3064,"13","5000","5000","1"
3065,"14","5000","5000","1"
3066,"15","5000","5000","1"
3067,"16","5000","5000","1"
3068,"17","5000","5000","1"
3069,"18","5000","5000","1"
3070,"19","5000","5000","1"
3071,"20","5000","5000","1"
3072,"21","5000","5000","1"
3073,"22","5000","5000","1"
3074,"22","5000","5000","1"
3075,"23","5000","5000","1"
3076,"24","5000","5000","1"
3077,"25","5000","5000","1"
3078,"26","5000","5000","1"
3079,"27","5000","5000","1"
3080,"28","5000","5000","1"
3081,"29","5000","5000","1"
3082,"30","5000","5000","1"
3083,"31","5000","5000","1"
3084,"32","5000","5000","1"
3085,"32","5000","5000","1"
3086,"33","5000","5000","1"
3087,"34","5000","5000","1"
3088,"35","5000","5000","1"
3089,"36","5000","5000","1"
3090,"37","5000","5000","1"
3091,"38","5000","5000","1"
3092,"39","5000","5000","1"
3093,"40","5000","5000","1"
3094,"41","5000","5000","1"
3095,"42","5000","5000","1"
3096,"43","5000","5000","1"
3097,"44","5000","5000","1"
3098,"44","5000","5000","1"
3099,"44","5000","5000","1"
3100,"44","5000","5000","1"
3101,"44","5000","5000","1"
3102,"44","5000","5000","1"
3103,"44","5000","5000","1"
3104,"45","5000","5000","1"
3105,"46","5000","5000","1"
3106,"47","5000","5000","1"
3107,"48","5000","5000","1"
3108,"49","5000","5000","1"
3109,"50","5000","5000","1"
3110,"51","5000","5000","1"
3111,"51","5000","5000","1"
3112,"52","5000","5000","1"
3113,"53","5000","5000","1"
3114,"54","5000","5000","1"
3115,"55","5000","5000","1"
3116,"56","5000","5000","1"
3117,"57","5000","5000","1"
3118,"58","5000","5000","1"
3119,"59","5000","5000","1"
3120,"60","5000","5000","1"
3121,"61","5000","5000","1"
3122,"62","5000","5000","1"
3123,"63","5000","5000","1"
3124,"64","5000","5000","1"
3125,"65","5000","5000","1"
3126,"65","5000","5000","1"
3127,"65","5000","5000","1"
3128,"66","5000","5000","1"
3129,"67","5000","5000","1"
3130,"68","5000","5000","1"
3131,"69","5000","5000","1"
3132,"70","5000","5000","1"
3133,"71","5000","5000","1"
3134,"72","5000","5000","1"
3135,"73","5000","5000","1"
3136,"74","5000","5000","1"
3137,"75","5000","5000","1"
3138,"76","5000","5000","1"
3139,"77","5000","5000","1"
3140,"78","5000","5000","1"
3141,"79","5000","5000","1"
3142,"80","5000","5000","1"
3143,"81","5000","5000","1"
3144,"82","5000","5000","1"
3145,"83","5000","5000","1"
3146,"84","5000","5000","1"
3147,"85","5000","5000","1"
3148,"86","5000","5000","1"
3149,"87","5000","5000","1"
3150,"87","5000","5000","1"
3151,"88","5000","5000","1"
3152,"89","5000","5000","1"
3153,"90","5000","5000","1"
3154,"91","5000","5000","1"
3155,"92","5000","5000","1"
3156,"93","5000","5000","1"
3157,"93","5000","5000","1"
3158,"93","5000","5000","1"
3159,"94","5000","5000","1"
3160,"95","5000","5000","1"
3161,"96","5000","5000","1"
3162,"97","5000","5000","1"
3163,"98","5000","5000","1"
3164,"99","5000","5000","1"
3165,"100","5000","5000","1"
3166,"101","5000","5000","1"
3167,"102","5000","5000","1"
3168,"103","5000","5000","1"
3169,"104","5000","5000","1"
3170,"105","5000","5000","1"
3171,"106","5000","5000","1"
3172,"107","5000","5000","1"
3173,"108","5000","5000","1"
3174,"109","5000","5000","1"
3175,"110","5000","5000","1"
3176,"111","5000","5000","1"
3177,"111","5000","5000","1"
3178,"111","5000","5000","1"
3179,"112","5000","5000","1"
3180,"113","5000","5000","1"
3181,"114","5000","5000","1"
3182,"115","5000","5000","1"
3183,"116","5000","5000","1"
3184,"117","5000","5000","1"
3185,"118","5000","5000","1"
3186,"119","5000","5000","1"
3187,"120","5000","5000","1"
3188,"121","5000","5000","1"
3190,"122","5000","5000","1"
3191,"122","5000","5000","1"
3192,"123","5000","5000","1"
3193,"124","5000","5000","1"
3194,"125","5000","5000","1"
3195,"126","5000","5000","1"
3196,"127","5000","5000","1"
3197,"128","5000","5000","1"
3198,"129","5000","5000","1"
3199,"130","5000","5000","1"
3200,"131","5000","5000","1"
3201,"132","5000","5000","1"
3202,"133","5000","5000","1"
3203,"133","5000","5000","1"
3204,"134","5000","5000","1"
3205,"135","5000","5000","1"
3206,"136","5000","5000","1"
3207,"136","5000","5000","1"
3208,"136","5000","5000","1"
3209,"137","5000","5000","1"
3210,"138","5000","5000","1"
3211,"139","5000","5000","1"
3212,"140","5000","5000","1"
3213,"141","5000","5000","1"
3214,"142","5000","5000","1"
3215,"143","5000","5000","1"
3216,"144","5000","5000","1"
3217,"145","5000","5000","1"
3218,"146","5000","5000","1"
3219,"147","5000","5000","1"
3220,"148","5000","5000","1"
3221,"149","5000","5000","1"
3222,"150","5000","5000","1"
3223,"151","5000","5000","1"
3224,"152","5000","5000","1"
3225,"153","5000","5000","1"
3226,"154","5000","5000","1"
3227,"155","5000","5000","1"
3228,"156","5000","5000","1"
3229,"157","5000","5000","1"
3230,"158","5000","5000","1"
3231,"159","5000","5000","1"
3232,"160","5000","5000","1"
3233,"161","5000","5000","1"
3234,"162","5000","5000","1"
3235,"163","5000","5000","1"
3236,"164","5000","5000","1"
3237,"165","5000","5000","1"
3238,"166","5000","5000","1"
3239,"167","5000","5000","1"
3240,"168","5000","5000","1"
3241,"168","5000","5000","1"
3242,"169","5000","5000","1"
3243,"170","5000","5000","1"
3244,"171","5000","5000","1"
3245,"172","5000","5000","1"
3246,"173","5000","5000","1"
3247,"174","5000","5000","1"
3248,"175","5000","5000","1"
3249,"176","5000","5000","1"
3250,"177","5000","5000","1"
3251,"178","5000","5000","1"
3252,"179","5000","5000","1"
3253,"180","5000","5000","1"
3254,"181","5000","5000","1"
3255,"181","5000","5000","1"
3256,"182","5000","5000","1"
3257,"183","5000","5000","1"
3259,"183","5000","5000","1"
3260,"183","5000","5000","1"
3261,"183","5000","5000","1"
3262,"183","5000","5000","1"
3263,"184","5000","5000","1"
3264,"185","5000","5000","1"
3265,"185","5000","5000","1"
3266,"185","5000","5000","1"
3267,"185","5000","5000","1"
3268,"186","5000","5000","1"
3269,"186","5000","5000","1"
3270,"187","5000","5000","1"
3271,"188","5000","5000","1"
3272,"189","5000","5000","1"
3273,"190","5000","5000","1"
3274,"191","5000","5000","1"
3275,"192","5000","5000","1"
3276,"193","5000","5000","1"
3277,"194","5000","5000","1"
3278,"195","5000","5000","1"
3279,"196","5000","5000","1"
3280,"197","5000","5000","1"
3281,"198","5000","5000","1"
3282,"199","5000","5000","1"
3283,"200","5000","5000","1"
3284,"201","5000","5000","1"
3285,"202","5000","5000","1"
3286,"203","5000","5000","1"
3287,"0","5000","5000","1"
3288,"0","5000","5000","1"
3289,"1","5000","5000","1"
3290,"2","5000","5000","1"
3291,"2","5000","5000","1"
3292,"3","5000","5000","1"
3293,"4","5000","5000","1"
3294,"5","5000","5000","1"
3295,"6","5000","5000","1"
3296,"7","5000","5000","1"
3297,"8","5000","5000","1"
3298,"9","5000","5000","1"
3299,"10","5000","5000","1"
3300,"11","5000","5000","1"
3301,"12","5000","5000","1"
3302,"13","5000","5000","1"
3303,"14","5000","5000","1"
3304,"15","5000","5000","1"
3305,"16","5000","5000","1"
3306,"17","5000","5000","1"
3307,"17","5000","5000","1"
3308,"18","5000","5000","1"
3309,"18","5000","5000","1"
3310,"19","5000","5000","1"
3311,"20","5000","5000","1"
3312,"21","5000","5000","1"
3313,"22","5000","5000","1"
3314,"23","5000","5000","1"
3315,"23","5000","5000","1"
3316,"24","5000","5000","1"
3317,"25","5000","5000","1"
3318,"26","5000","5000","1"
3319,"27","5000","5000","1"
3320,"28","5000","5000","1"
3321,"29","5000","5000","1"
3322,"30","5000","5000","1"
3323,"31","5000","5000","1"
3324,"32","5000","5000","1"
3325,"33","5000","5000","1"
3326,"34","5000","5000","1"
3327,"35","5000","5000","1"
3328,"36","5000","5000","1"
3329,"37","5000","5000","1"
3330,"38","5000","5000","1"
3331,"39","5000","5000","1"
3332,"40","5000","5000","1"
3333,"41","5000","5000","1"
3334,"42","5000","5000","1"
3335,"43","5000","5000","1"
3336,"44","5000","5000","1"
3337,"45","5000","5000","1"
3338,"46","5000","5000","1"
3339,"47","5000","5000","1"
3340,"48","5000","5000","1"
3341,"48","5000","5000","1"
3342,"48","5000","5000","1"
3343,"48","5000","5000","1"
3344,"48","5000","5000","1"
3345,"48","5000","5000","1"
3346,"48","5000","5000","1"
3349,"48","5000","5000","1"
3352,"48","5000","5000","1"
3353,"48","5000","5000","1"
3354,"48","5000","5000","1"
3355,"48","5000","5000","1"
3356,"48","5000","5000","1"
3357,"48","5000","5000","1"
3358,"48","5000","5000","1"
3359,"48","5000","5000","1"
3360,"48","5000","5000","1"
3361,"48","5000","5000","1"
3362,"48","5000","5000","1"
3363,"48","5000","5000","1"
3364,"48","5000","5000","1"
3365,"48","5000","5000","1"
3366,"48","5000","5000","1"
3367,"48","5000","5000","1"
3368,"48","5000","5000","1"
3369,"48","5000","5000","1"
3370,"48","5000","5000","1"
3371,"48","5000","5000","1"
3372,"48","5000","5000","1"
3373,"48","5000","5000","1"
3374,"48","5000","5000","1"
3375,"48","5000","5000","1"
3376,"48","5000","5000","1"
3377,"48","5000","5000","1"
3378,"48","5000","5000","1"
3379,"48","5000","5000","1"
3380,"48","5000","5000","1"
3381,"48","5000","5000","1"
3382,"49","5000","5000","1"
3383,"50","5000","5000","1"
3384,"51","5000","5000","1"
3385,"52","5000","5000","1"
3386,"53","5000","5000","1"
3387,"54","5000","5000","1"
3388,"54","5000","5000","1"
3389,"54","5000","5000","1"
3390,"55","5000","5000","1"
3391,"56","5000","5000","1"
3392,"57","5000","5000","1"
3393,"58","5000","5000","1"
3394,"59","5000","5000","1"
3395,"60","5000","5000","1"
3396,"61","5000","5000","1"
3397,"62","5000","5000","1"
3398,"63","5000","5000","1"
3399,"64","5000","5000","1"
3400,"64","5000","5000","1"
3401,"65","5000","5000","1"
3402,"66","5000","5000","1"
3403,"67","5000","5000","1"
3404,"68","5000","5000","1"
3405,"68","5000","5000","1"
3406,"69","5000","5000","1"
3407,"70","5000","5000","1"
3408,"71","5000","5000","1"
3409,"72","5000","5000","1"
3410,"73","5000","5000","1"
3411,"74","5000","5000","1"
3412,"75","5000","5000","1"
3413,"75","5000","5000","1"
3414,"76","5000","5000","1"
3415,"77","5000","5000","1"
3416,"78","5000","5000","1"
3417,"79","5000","5000","1"
3418,"79","5000","5000","1"
3419,"79","5000","5000","1"
3420,"80","5000","5000","1"
3421,"81","5000","5000","1"
3422,"82","5000","5000","1"
3423,"83","5000","5000","1"
3424,"84","5000","5000","1"
3425,"84","5000","5000","1"
3426,"85","5000","5000","1"
3427,"86","5000","5000","1"
3428,"87","5000","5000","1"
3429,"88","5000","5000","1"
3430,"89","5000","5000","1"
3431,"90","5000","5000","1"
3432,"91","5000","5000","1"
3433,"92","5000","5000","1"
3434,"93","5000","5000","1"
3435,"94","5000","5000","1"
3436,"95","5000","5000","1"
3437,"95","5000","5000","1"
3438,"95","5000","5000","1"
3439,"96","5000","5000","1"
3440,"97","5000","5000","1"
3441,"98","5000","5000","1"
3442,"99","5000","5000","1"
3443,"99","5000","5000","1"
3444,"99","5000","5000","1"
3445,"99","5000","5000","1"
3446,"99","5000","5000","1"
3447,"99","5000","5000","1"
3448,"99","5000","5000","1"
3449,"99","5000","5000","1"
3450,"99","5000","5000","1"
3451,"99","5000","5000","1"
3452,"100","5000","5000","1"
3453,"101","5000","5000","1"
3454,"102","5000","5000","1"
3455,"103","5000","5000","1"
3456,"104","5000","5000","1"
3457,"105","5000","5000","1"
3458,"105","5000","5000","1"
3459,"106","5000","5000","1"
3460,"107","5000","5000","1"
3461,"108","5000","5000","1"
3462,"109","5000","5000","1"
3463,"110","5000","5000","1"
3464,"111","5000","5000","1"
3465,"112","5000","5000","1"
3466,"113","5000","5000","1"
3467,"114","5000","5000","1"
3468,"115","5000","5000","1"
3469,"116","5000","5000","1"
3470,"116","5000","5000","1"
3471,"117","5000","5000","1"
3472,"118","5000","5000","1"
3473,"119","5000","5000","1"
3474,"120","5000","5000","1"
3475,"121","5000","5000","1"
3476,"121","5000","5000","1"
3477,"121","5000","5000","1"
3478,"122","5000","5000","1"
3479,"123","5000","5000","1"
3480,"124","5000","5000","1"
3481,"124","5000","5000","1"
3482,"125","5000","5000","1"
3483,"126","5000","5000","1"
3485,"127","5000","5000","1"
3486,"127","5000","5000","1"
3487,"128","5000","5000","1"
3488,"129","5000","5000","1"
3489,"130","5000","5000","1"
3490,"131","5000","5000","1"
3491,"132","5000","5000","1"
3492,"133","5000","5000","1"
3493,"134","5000","5000","1"
3494,"135","5000","5000","1"
3495,"136","5000","5000","1"
3496,"137","5000","5000","1"
3497,"138","5000","5000","1"
3498,"138","5000","5000","1"
3499,"138","5000","5000","1"
3500,"139","5000","5000","1"
3501,"140","5000","5000","1"
3502,"140","5000","5000","1"
3503,"141","5000","5000","1"
3504,"142","5000","5000","1"
3505,"143","5000","5000","1"
3506,"144","5000","5000","1"
3507,"145","5000","5000","1"
3508,"146","5000","5000","1"
3509,"147","5000","5000","1"
3510,"148","5000","5000","1"
3511,"148","5000","5000","1"
3512,"148","5000","5000","1"
3513,"149","5000","5000","1"
3514,"150","5000","5000","1"
3515,"151","5000","5000","1"
3516,"152","5000","5000","1"
3517,"153","5000","5000","1"
3518,"154","5000","5000","1"
3519,"155","5000","5000","1"
3520,"156","5000","5000","1"
3521,"157","5000","5000","1"
3522,"158","5000","5000","1"
3523,"159","5000","5000","1"
3524,"160","5000","5000","1"
3525,"161","5000","5000","1"
3526,"162","5000","5000","1"
3527,"163","5000","5000","1"
3528,"164","5000","5000","1"
3529,"165","5000","5000","1"
3531,"166","5000","5000","1"
3532,"167","5000","5000","1"
3533,"167","5000","5000","1"
3534,"167","5000","5000","1"
3535,"168","5000","5000","1"
3536,"169","5000","5000","1"
3537,"170","5000","5000","1"
3538,"171","5000","5000","1"
3539,"172","5000","5000","1"
3540,"173","5000","5000","1"
3541,"174","5000","5000","1"
3542,"175","5000","5000","1"
3543,"176","5000","5000","1"
3544,"177","5000","5000","1"
3545,"178","5000","5000","1"
3546,"179","5000","5000","1"
3548,"180","5000","5000","1"
3550,"180","5000","5000","1"
3551,"180","5000","5000","1"
3552,"180","5000","5000","1"
3553,"180","5000","5000","1"
3554,"180","5000","5000","1"
3555,"180","5000","5000","1"
3556,"180","5000","5000","1"
3557,"180","5000","5000","1"
3558,"180","5000","5000","1"
3559,"180","5000","5000","1"
3560,"180","5000","5000","1"
3561,"180","5000","5000","1"
3562,"180","5000","5000","1"
3563,"181","5000","5000","1"
3564,"181","5000","5000","1"
3565,"182","5000","5000","1"
3566,"183","5000","5000","1"
3568,"184","5000","5000","1"
3569,"184","5000","5000","1"
3570,"184","5000","5000","1"
3571,"184","5000","5000","1"
3572,"184","5000","5000","1"
3573,"184","5000","5000","1"
3574,"184","5000","5000","1"
3575,"184","5000","5000","1"
3576,"184","5000","5000","1"
3577,"184","5000","5000","1"
3578,"184","5000","5000","1"
3579,"184","5000","5000","1"
3580,"185","5000","5000","1"
3581,"186","5000","5000","1"
3582,"187","5000","5000","1"
3583,"188","5000","5000","1"
3584,"189","5000","5000","1"
3585,"190","5000","5000","1"
3586,"191","5000","5000","1"
3587,"192","5000","5000","1"
3588,"193","5000","5000","1"
3589,"194","5000","5000","1"
3590,"195","5000","5000","1"
3591,"195","5000","5000","1"
3592,"196","5000","5000","1"
3593,"196","5000","5000","1"
3594,"196","5000","5000","1"
3595,"196","5000","5000","1"
3596,"196","5000","5000","1"
3597,"197","5000","5000","1"
3598,"198","5000","5000","1"
3599,"199","5000","5000","1"
3600,"200","5000","5000","1"
3601,"201","5000","5000","1"
3602,"201","5000","5000","1"
3603,"202","5000","5000","1"
3604,"203","5000","5000","1"
3605,"204","5000","5000","1"
3606,"205","5000","5000","1"
3607,"206","5000","5000","1"
3608,"207","5000","5000","1"
3609,"208","5000","5000","1"
3610,"209","5000","5000","1"
3611,"210","5000","5000","1"
3612,"211","5000","5000","1"
3613,"212","5000","5000","1"
3614,"213","5000","5000","1"
3615,"214","5000","5000","1"
3616,"215","5000","5000","1"
3617,"216","5000","5000","1"
3618,"217","5000","5000","1"
3619,"217","5000","5000","1"
3620,"218","5000","5000","1"
3621,"219","5000","5000","1"
3622,"220","5000","5000","1"
3623,"221","5000","5000","1"
3624,"222","5000","5000","1"
3625,"223","5000","5000","1"
3626,"224","5000","5000","1"
3627,"225","5000","5000","1"
3628,"226","5000","5000","1"
3629,"227","5000","5000","1"
3630,"228","5000","5000","1"
3631,"229","5000","5000","1"
3632,"229","5000","5000","1"
3633,"230","5000","5000","1"
3634,"231","5000","5000","1"
3635,"232","5000","5000","1"
3636,"233","5000","5000","1"
3637,"234","5000","5000","1"
3638,"235","5000","5000","1"
3639,"235","5000","5000","1"
3640,"235","5000","5000","1"
3641,"235","5000","5000","1"
3642,"235","5000","5000","1"
3643,"235","5000","5000","1"
3644,"236","5000","5000","1"
3645,"237","5000","5000","1"
3646,"238","5000","5000","1"
3647,"239","5000","5000","1"
3648,"240","5000","5000","1"
3649,"241","5000","5000","1"
3650,"242","5000","5000","1"
3651,"243","5000","5000","1"
3652,"244","5000","5000","1"
3653,"245","5000","5000","1"
3654,"245","5000","5000","1"
3655,"246","5000","5000","1"
3656,"247","5000","5000","1"
3657,"248","5000","5000","1"
3658,"249","5000","5000","1"
3659,"250","5000","5000","1"
3660,"251","5000","5000","1"
3661,"251","5000","5000","1"
3662,"251","5000","5000","1"
3663,"251","5000","5000","1"
3664,"251","5000","5000","1"
3665,"251","5000","5000","1"
3666,"251","5000","5000","1"
3667,"252","5000","5000","1"
3668,"253","5000","5000","1"
3669,"254","5000","5000","1"
3670,"255","5000","5000","1"
3671,"256","5000","5000","1"
3672,"257","5000","5000","1"
3673,"258","5000","5000","1"
3674,"259","5000","5000","1"
3675,"259","5000","5000","1"
3676,"259","5000","5000","1"
3677,"259","5000","5000","1"
3678,"259","5000","5000","1"
3679,"259","5000","5000","1"
3680,"259","5000","5000","1"
3681,"259","5000","5000","1"
3682,"260","5000","5000","1"
3683,"261","5000","5000","1"
3684,"262","5000","5000","1"
3685,"263","5000","5000","1"
3686,"263","5000","5000","1"
3687,"263","5000","5000","1"
3688,"263","5000","5000","1"
3689,"264","5000","5000","1"
3690,"265","5000","5000","1"
3691,"266","5000","5000","1"
3692,"267","5000","5000","1"
3693,"268","5000","5000","1"
3694,"269","5000","5000","1"
3695,"270","5000","5000","1"
3696,"271","5000","5000","1"
3697,"272","5000","5000","1"
3698,"272","5000","5000","1"
3699,"272","5000","5000","1"
3700,"273","5000","5000","1"
3701,"274","5000","5000","1"
3702,"275","5000","5000","1"
3703,"276","5000","5000","1"
3704,"277","5000","5000","1"
3705,"278","5000","5000","1"
3706,"279","5000","5000","1"
3707,"279","5000","5000","1"
3708,"279","5000","5000","1"
3709,"280","5000","5000","1"
3710,"281","5000","5000","1"
3711,"282","5000","5000","1"
3712,"283","5000","5000","1"
3713,"284","5000","5000","1"
3714,"285","5000","5000","1"
3715,"286","5000","5000","1"
3716,"287","5000","5000","1"
3717,"288","5000","5000","1"
3718,"289","5000","5000","1"
3719,"290","5000","5000","1"
3720,"291","5000","5000","1"
3721,"292","5000","5000","1"
3722,"293","5000","5000","1"
3723,"294","5000","5000","1"
3724,"295","5000","5000","1"
3725,"296","5000","5000","1"
3726,"297","5000","5000","1"
3727,"298","5000","5000","1"
3728,"299","5000","5000","1"
3729,"300","5000","5000","1"
3730,"300","5000","5000","1"
3731,"301","5000","5000","1"
3732,"301","5000","5000","1"
3733,"301","5000","5000","1"
3734,"301","5000","5000","1"
3735,"302","5000","5000","1"
3736,"302","5000","5000","1"
3737,"302","5000","5000","1"
3738,"303","5000","5000","1"
3739,"304","5000","5000","1"
3740,"305","5000","5000","1"
3741,"306","5000","5000","1"
3742,"307","5000","5000","1"
3743,"308","5000","5000","1"
3744,"309","5000","5000","1"
3745,"310","5000","5000","1"
3746,"311","5000","5000","1"
3747,"311","5000","5000","1"
3748,"311","5000","5000","1"
3749,"311","5000","5000","1"
3750,"312","5000","5000","1"
3751,"313","5000","5000","1"
3752,"314","5000","5000","1"
3753,"315","5000","5000","1"
3754,"316","5000","5000","1"
3755,"317","5000","5000","1"
3756,"318","5000","5000","1"
3757,"319","5000","5000","1"
3758,"320","5000","5000","1"
3759,"321","5000","5000","1"
3760,"322","5000","5000","1"
3761,"323","5000","5000","1"
3762,"324","5000","5000","1"
3763,"325","5000","5000","1"
3764,"326","5000","5000","1"
3765,"326","5000","5000","1"
3766,"327","5000","5000","1"
3767,"328","5000","5000","1"
3768,"329","5000","5000","1"
3769,"330","5000","5000","1"
3770,"331","5000","5000","1"
3771,"332","5000","5000","1"
3772,"333","5000","5000","1"
3773,"334","5000","5000","1"
3774,"335","5000","5000","1"
3775,"335","5000","5000","1"
3776,"335","5000","5000","1"
3777,"336","5000","5000","1"
3778,"337","5000","5000","1"
3779,"338","5000","5000","1"
3780,"339","5000","5000","1"
3781,"340","5000","5000","1"
3782,"341","5000","5000","1"
3783,"342","5000","5000","1"
3784,"343","5000","5000","1"
3785,"344","5000","5000","1"
3786,"345","5000","5000","1"
3787,"346","5000","5000","1"
3788,"346","5000","5000","1"
3789,"346","5000","5000","1"
3790,"347","5000","5000","1"
3791,"347","5000","5000","1"
3792,"348","5000","5000","1"
3793,"349","5000","5000","1"
3794,"350","5000","5000","1"
3795,"351","5000","5000","1"
3796,"352","5000","5000","1"
3797,"353","5000","5000","1"
3798,"354","5000","5000","1"
3799,"355","5000","5000","1"
3800,"356","5000","5000","1"
3801,"357","5000","5000","1"
3802,"358","5000","5000","1"
3803,"359","5000","5000","1"
3804,"360","5000","5000","1"
3805,"361","5000","5000","1"
3806,"362","5000","5000","1"
3807,"363","5000","5000","1"
3808,"364","5000","5000","1"
3809,"365","5000","5000","1"
3810,"366","5000","5000","1"
3811,"366","5000","5000","1"
3812,"367","5000","5000","1"
3813,"368","5000","5000","1"
3814,"369","5000","5000","1"
3815,"370","5000","5000","1"
3816,"371","5000","5000","1"
3817,"372","5000","5000","1"
3818,"373","5000","5000","1"
3819,"374","5000","5000","1"
3820,"375","5000","5000","1"
3821,"376","5000","5000","1"
3822,"377","5000","5000","1"
3823,"378","5000","5000","1"
3824,"378","5000","5000","1"
3825,"379","5000","5000","1"
3826,"380","5000","5000","1"
3827,"381","5000","5000","1"
3828,"382","5000","5000","1"
3829,"383","5000","5000","1"
3830,"384","5000","5000","1"
3831,"385","5000","5000","1"
3832,"386","5000","5000","1"
3833,"387","5000","5000","1"
3834,"388","5000","5000","1"
3835,"388","5000","5000","1"
3836,"389","5000","5000","1"
3837,"390","5000","5000","1"
3838,"391","5000","5000","1"
3839,"392","5000","5000","1"
3840,"393","5000","5000","1"
3841,"394","5000","5000","1"
3842,"395","5000","5000","1"
3843,"396","5000","5000","1"
3844,"397","5000","5000","1"
3845,"398","5000","5000","1"
3846,"398","5000","5000","1"
3847,"399","5000","5000","1"
3848,"400","5000","5000","1"
3849,"401","5000","5000","1"
3850,"402","5000","5000","1"
3851,"403","5000","5000","1"
3852,"404","5000","5000","1"
3853,"405","5000","5000","1"
3854,"406","5000","5000","1"
3855,"407","5000","5000","1"
3856,"408","5000","5000","1"
3857,"409","5000","5000","1"
3858,"410","5000","5000","1"
3859,"411","5000","5000","1"
3860,"412","5000","5000","1"
3861,"413","5000","5000","1"
3862,"413","5000","5000","1"
3863,"414","5000","5000","1"
3864,"415","5000","5000","1"
3865,"416","5000","5000","1"
3866,"417","5000","5000","1"
3867,"418","5000","5000","1"
3868,"418","5000","5000","1"
3869,"419","5000","5000","1"
3870,"420","5000","5000","1"
3871,"421","5000","5000","1"
3872,"422","5000","5000","1"
3873,"422","5000","5000","1"
3874,"422","5000","5000","1"
3876,"422","5000","5000","1"
3882,"422","5000","5000","1"
3883,"422","5000","5000","1"
3884,"422","5000","5000","1"
3885,"423","5000","5000","1"
3886,"424","5000","5000","1"
3887,"425","5000","5000","1"
3888,"426","5000","5000","1"
3889,"427","5000","5000","1"
3890,"428","5000","5000","1"
3891,"429","5000","5000","1"
3892,"430","5000","5000","1"
3893,"431","5000","5000","1"
3894,"432","5000","5000","1"
3895,"433","5000","5000","1"
3896,"434","5000","5000","1"
3897,"435","5000","5000","1"
3898,"436","5000","5000","1"
3899,"437","5000","5000","1"
3900,"438","5000","5000","1"
3901,"439","5000","5000","1"
3902,"440","5000","5000","1"
3903,"440","5000","5000","1"
3904,"440","5000","5000","1"
3905,"440","5000","5000","1"
3906,"440","5000","5000","1"
3907,"441","5000","5000","1"
3908,"442","5000","5000","1"
3909,"443","5000","5000","1"
3910,"444","5000","5000","1"
3911,"445","5000","5000","1"
3912,"446","5000","5000","1"
3913,"447","5000","5000","1"
3914,"448","5000","5000","1"
3915,"449","5000","5000","1"
3916,"450","5000","5000","1"
3917,"451","5000","5000","1"
3918,"451","5000","5000","1"
3919,"452","5000","5000","1"
3920,"453","5000","5000","1"
3921,"454","5000","5000","1"
3922,"455","5000","5000","1"
3923,"456","5000","5000","1"
3924,"457","5000","5000","1"
3925,"458","5000","5000","1"
3926,"459","5000","5000","1"
3927,"460","5000","5000","1"
3928,"461","5000","5000","1"
3929,"462","5000","5000","1"
3930,"463","5000","5000","1"
3931,"463","5000","5000","1"
3932,"463","5000","5000","1"
3933,"463","5000","5000","1"
3934,"463","5000","5000","1"
3935,"463","5000","5000","1"
3936,"463","5000","5000","1"
3937,"463","5000","5000","1"
3938,"463","5000","5000","1"
3939,"463","5000","5000","1"
3941,"463","5000","5000","1"
3942,"463","5000","5000","1"
3943,"463","5000","5000","1"
3944,"464","5000","5000","1"
3945,"465","5000","5000","1"
3946,"466","5000","5000","1"
3947,"467","5000","5000","1"
3948,"468","5000","5000","1"
3950,"469","5000","5000","1"
3951,"469","5000","5000","1"
3952,"469","5000","5000","1"
3953,"470","5000","5000","1"
3954,"471","5000","5000","1"
3955,"472","5000","5000","1"
3956,"473","5000","5000","1"
3957,"474","5000","5000","1"
3958,"475","5000","5000","1"
3959,"476","5000","5000","1"
3960,"477","5000","5000","1"
3961,"478","5000","5000","1"
3962,"479","5000","5000","1"
3963,"479","5000","5000","1"
3964,"479","5000","5000","1"
3965,"479","5000","5000","1"
3966,"480","5000","5000","1"
3967,"481","5000","5000","1"
3968,"482","5000","5000","1"
3969,"483","5000","5000","1"
3970,"484","5000","5000","1"
3971,"485","5000","5000","1"
3972,"486","5000","5000","1"
3973,"486","5000","5000","1"
3974,"486","5000","5000","1"
3975,"486","5000","5000","1"
3976,"487","5000","5000","1"
3977,"488","5000","5000","1"
3978,"489","5000","5000","1"
3979,"490","5000","5000","1"
3980,"490","5000","5000","1"
3981,"491","5000","5000","1"
3982,"492","5000","5000","1"
3983,"493","5000","5000","1"
3984,"494","5000","5000","1"
3985,"494","5000","5000","1"
3986,"495","5000","5000","1"
3987,"496","5000","5000","1"
3988,"497","5000","5000","1"
3989,"498","5000","5000","1"
3990,"499","5000","5000","1"
3991,"500","5000","5000","1"
3992,"501","5000","5000","1"
3993,"502","5000","5000","1"
3994,"503","5000","5000","1"
3996,"504","5000","5000","1"
3997,"504","5000","5000","1"
3998,"504","5000","5000","1"
3999,"505","5000","5000","1"
4000,"506","5000","5000","1"
4001,"507","5000","5000","1"
4002,"508","5000","5000","1"
4003,"509","5000","5000","1"
4004,"510","5000","5000","1"
4005,"511","5000","5000","1"
4006,"512","5000","5000","1"
4007,"512","5000","5000","1"
4008,"513","5000","5000","1"
4009,"514","5000","5000","1"
4010,"515","5000","5000","1"
4011,"516","5000","5000","1"
4012,"517","5000","5000","1"
4013,"518","5000","5000","1"
4014,"519","5000","5000","1"
4015,"520","5000","5000","1"
4016,"521","5000","5000","1"
4017,"522","5000","5000","1"
4018,"523","5000","5000","1"
4019,"524","5000","5000","1"
4020,"524","5000","5000","1"
4021,"524","5000","5000","1"
4022,"525","5000","5000","1"
4023,"526","5000","5000","1"
4024,"527","5000","5000","1"
4025,"528","5000","5000","1"
4026,"529","5000","5000","1"
4027,"530","5000","5000","1"
4028,"531","5000","5000","1"
4029,"532","5000","5000","1"
4030,"533","5000","5000","1"
4031,"534","5000","5000","1"
4032,"535","5000","5000","1"
4033,"535","5000","5000","1"
4034,"536","5000","5000","1"
4035,"537","5000","5000","1"
4036,"538","5000","5000","1"
4037,"539","5000","5000","1"
4038,"540","5000","5000","1"
4039,"541","5000","5000","1"
4040,"542","5000","5000","1"
4041,"542","5000","5000","1"
4042,"542","5000","5000","1"
4043,"543","5000","5000","1"
4044,"544","5000","5000","1"
4045,"545","5000","5000","1"
4046,"546","5000","5000","1"
4047,"546","5000","5000","1"
4048,"546","5000","5000","1"
4049,"546","5000","5000","1"
4050,"546","5000","5000","1"
4051,"546","5000","5000","1"
4052,"546","5000","5000","1"
4053,"546","5000","5000","1"
4054,"546","5000","5000","1"
4055,"546","5000","5000","1"
4056,"546","5000","5000","1"
4057,"546","5000","5000","1"
4058,"546","5000","5000","1"
4059,"546","5000","5000","1"
4060,"546","5000","5000","1"
4061,"546","5000","5000","1"
4062,"546","5000","5000","1"
4063,"546","5000","5000","1"
4064,"546","5000","5000","1"
4065,"546","5000","5000","1"
4066,"546","5000","5000","1"
4067,"546","5000","5000","1"
4068,"546","5000","5000","1"
4069,"546","5000","5000","1"
4070,"546","5000","5000","1"
4071,"546","5000","5000","1"
4072,"546","5000","5000","1"
4073,"546","5000","5000","1"
4074,"546","5000","5000","1"
4075,"546","5000","5000","1"
4076,"547","5000","5000","1"
4077,"548","5000","5000","1"
4078,"549","5000","5000","1"
4079,"550","5000","5000","1"
4080,"550","5000","5000","1"
4081,"551","5000","5000","1"
4082,"552","5000","5000","1"
4083,"553","5000","5000","1"
4084,"554","5000","5000","1"
4085,"555","5000","5000","1"
4086,"556","5000","5000","1"
4088,"557","5000","5000","1"
4089,"557","5000","5000","1"
4090,"557","5000","5000","1"
4091,"558","5000","5000","1"
4092,"559","5000","5000","1"
4093,"560","5000","5000","1"
4094,"561","5000","5000","1"
4095,"562","5000","5000","1"
4096,"563","5000","5000","1"
4097,"564","5000","5000","1"
4098,"565","5000","5000","1"
4099,"566","5000","5000","1"
4100,"567","5000","5000","1"
4101,"568","5000","5000","1"
4102,"569","5000","5000","1"
4103,"570","5000","5000","1"
4104,"571","5000","5000","1"
4105,"572","5000","5000","1"
4106,"573","5000","5000","1"
4107,"573","5000","5000","1"
4108,"574","5000","5000","1"
4109,"575","5000","5000","1"
4110,"576","5000","5000","1"
4111,"577","5000","5000","1"
4112,"578","5000","5000","1"
4113,"579","5000","5000","1"
4114,"580","5000","5000","1"
4115,"581","5000","5000","1"
4116,"582","5000","5000","1"
4117,"583","5000","5000","1"
4118,"584","5000","5000","1"
4119,"585","5000","5000","1"
4120,"586","5000","5000","1"
4121,"587","5000","5000","1"
4122,"588","5000","5000","1"
4123,"589","5000","5000","1"
4124,"590","5000","5000","1"
4125,"591","5000","5000","1"
4126,"591","5000","5000","1"
4127,"592","5000","5000","1"
4128,"593","5000","5000","1"
4129,"594","5000","5000","1"
4130,"595","5000","5000","1"
4131,"596","5000","5000","1"
4132,"597","5000","5000","1"
4133,"598","5000","5000","1"
4134,"599","5000","5000","1"
4135,"600","5000","5000","1"
4136,"601","5000","5000","1"
4137,"602","5000","5000","1"
4138,"603","5000","5000","1"
4139,"604","5000","5000","1"
4140,"604","5000","5000","1"
4141,"604","5000","5000","1"
4142,"605","5000","5000","1"
4143,"606","5000","5000","1"
4144,"607","5000","5000","1"
4145,"608","5000","5000","1"
4146,"609","5000","5000","1"
4147,"610","5000","5000","1"
4148,"611","5000","5000","1"
4149,"612","5000","5000","1"
4150,"612","5000","5000","1"
4151,"612","5000","5000","1"
4152,"612","5000","5000","1"
4153,"613","5000","5000","1"
4154,"614","5000","5000","1"
4155,"615","5000","5000","1"
4156,"616","5000","5000","1"
4157,"617","5000","5000","1"
4158,"617","5000","5000","1"
4159,"617","5000","5000","1"
4160,"617","5000","5000","1"
4161,"618","5000","5000","1"
4162,"619","5000","5000","1"
4163,"620","5000","5000","1"
4164,"621","5000","5000","1"
4165,"621","5000","5000","1"
4166,"621","5000","5000","1"
4167,"622","5000","5000","1"
4168,"623","5000","5000","1"
4169,"624","5000","5000","1"
4170,"625","5000","5000","1"
4171,"625","5000","5000","1"
4172,"625","5000","5000","1"
4173,"626","5000","5000","1"
4174,"627","5000","5000","1"
4175,"628","5000","5000","1"
4176,"629","5000","5000","1"
4177,"630","5000","5000","1"
4178,"631","5000","5000","1"
4179,"632","5000","5000","1"
4180,"0","5000","5000","1"
4181,"0","5000","5000","1"
4182,"0","5000","5000","1"
4183,"1","5000","5000","1"
4184,"2","5000","5000","1"
4185,"3","5000","5000","1"
4186,"4","5000","5000","1"
4187,"5","5000","5000","1"
4188,"6","5000","5000","1"
4189,"6","5000","5000","1"
4190,"6","5000","5000","1"
4191,"6","5000","5000","1"
4194,"6","5000","5000","1"
4195,"6","5000","5000","1"
4196,"6","5000","5000","1"
4197,"6","5000","5000","1"
4198,"6","5000","5000","1"
4199,"6","5000","5000","1"
4200,"6","5000","5000","1"
4201,"6","5000","5000","1"
4202,"6","5000","5000","1"
4203,"6","5000","5000","1"
4204,"6","5000","5000","1"
4205,"6","5000","5000","1"
4206,"6","5000","5000","1"
4207,"6","5000","5000","1"
4208,"6","5000","5000","1"
4209,"7","5000","5000","1"
4210,"8","5000","5000","1"
4211,"9","5000","5000","1"
4212,"10","5000","5000","1"
4213,"11","5000","5000","1"
4214,"12","5000","5000","1"
4215,"13","5000","5000","1"
4216,"14","5000","5000","1"
4217,"15","5000","5000","1"
4218,"15","5000","5000","1"
4219,"15","5000","5000","1"
4220,"15","5000","5000","1"
4221,"15","5000","5000","1"
4222,"15","5000","5000","1"
4223,"16","5000","5000","1"
4224,"17","5000","5000","1"
4225,"18","5000","5000","1"
4226,"19","5000","5000","1"
4227,"20","5000","5000","1"
4228,"20","5000","5000","1"
4229,"20","5000","5000","1"
4230,"21","5000","5000","1"
4231,"22","5000","5000","1"
4232,"23","5000","5000","1"
4233,"24","5000","5000","1"
4234,"25","5000","5000","1"
4235,"26","5000","5000","1"
4236,"27","5000","5000","1"
4237,"27","5000","5000","1"
4238,"27","5000","5000","1"
4239,"28","5000","5000","1"
4240,"29","5000","5000","1"
4241,"30","5000","5000","1"
4242,"31","5000","5000","1"
4243,"31","5000","5000","1"
4244,"31","5000","5000","1"
4245,"32","5000","5000","1"
4246,"33","5000","5000","1"
4247,"34","5000","5000","1"
4248,"35","5000","5000","1"
4249,"36","5000","5000","1"
4250,"37","5000","5000","1"
4251,"37","5000","5000","1"
4252,"37","5000","5000","1"
4253,"37","5000","5000","1"
4254,"37","5000","5000","1"
4255,"37","5000","5000","1"
4256,"37","5000","5000","1"
4257,"37","5000","5000","1"
4258,"38","5000","5000","1"
4259,"39","5000","5000","1"
4260,"40","5000","5000","1"
4261,"41","5000","5000","1"
4262,"42","5000","5000","1"
4263,"43","5000","5000","1"
4264,"44","5000","5000","1"
4265,"45","5000","5000","1"
4266,"46","5000","5000","1"
4267,"47","5000","5000","1"
4268,"48","5000","5000","1"
4269,"49","5000","5000","1"
4270,"50","5000","5000","1"
4271,"51","5000","5000","1"
4272,"52","5000","5000","1"
4273,"53","5000","5000","1"
4274,"54","5000","5000","1"
4275,"55","5000","5000","1"
4276,"55","5000","5000","1"
4277,"56","5000","5000","1"
4278,"57","5000","5000","1"
4279,"58","5000","5000","1"
4280,"59","5000","5000","1"
4281,"60","5000","5000","1"
4282,"61","5000","5000","1"
4283,"62","5000","5000","1"
4284,"63","5000","5000","1"
4285,"63","5000","5000","1"
4286,"63","5000","5000","1"
4287,"63","5000","5000","1"
4288,"63","5000","5000","1"
4289,"64","5000","5000","1"
4290,"65","5000","5000","1"
4291,"66","5000","5000","1"
4292,"67","5000","5000","1"
4293,"68","5000","5000","1"
4294,"69","5000","5000","1"
4295,"70","5000","5000","1"
4296,"71","5000","5000","1"
4297,"72","5000","5000","1"
4298,"73","5000","5000","1"
4299,"73","5000","5000","1"
4300,"74","5000","5000","1"
4301,"75","5000","5000","1"
4302,"75","5000","5000","1"
4303,"76","5000","5000","1"
4304,"76","5000","5000","1"
4305,"76","5000","5000","1"
4306,"76","5000","5000","1"
4307,"76","5000","5000","1"
4308,"77","5000","5000","1"
4309,"78","5000","5000","1"
4310,"79","5000","5000","1"
4311,"80","5000","5000","1"
4312,"81","5000","5000","1"
4313,"82","5000","5000","1"
4314,"83","5000","5000","1"
4315,"84","5000","5000","1"
4316,"85","5000","5000","1"
4317,"86","5000","5000","1"
4318,"87","5000","5000","1"
4319,"88","5000","5000","1"
4320,"89","5000","5000","1"
4321,"89","5000","5000","1"
4322,"90","5000","5000","1"
4323,"91","5000","5000","1"
4324,"92","5000","5000","1"
4325,"93","5000","5000","1"
4326,"94","5000","5000","1"
4327,"95","5000","5000","1"
4328,"96","5000","5000","1"
4329,"97","5000","5000","1"
4330,"98","5000","5000","1"
4331,"99","5000","5000","1"
4332,"100","5000","5000","1"
4333,"101","5000","5000","1"
4334,"102","5000","5000","1"
4335,"103","5000","5000","1"
4336,"104","5000","5000","1"
4337,"105","5000","5000","1"
4338,"105","5000","5000","1"
4339,"106","5000","5000","1"
4340,"107","5000","5000","1"
4341,"108","5000","5000","1"
4342,"109","5000","5000","1"
4343,"110","5000","5000","1"
4344,"111","5000","5000","1"
4345,"112","5000","5000","1"
4346,"113","5000","5000","1"
4347,"114","5000","5000","1"
4348,"115","5000","5000","1"
4349,"115","5000","5000","1"
4350,"116","5000","5000","1"
4351,"117","5000","5000","1"
4352,"118","5000","5000","1"
4353,"119","5000","5000","1"
4354,"120","5000","5000","1"
4355,"121","5000","5000","1"
4356,"122","5000","5000","1"
4357,"123","5000","5000","1"
4358,"124","5000","5000","1"
4359,"125","5000","5000","1"
4360,"125","5000","5000","1"
4361,"126","5000","5000","1"
4362,"127","5000","5000","1"
4363,"128","5000","5000","1"
4364,"129","5000","5000","1"
4365,"130","5000","5000","1"
4366,"130","5000","5000","1"
4367,"130","5000","5000","1"
4368,"131","5000","5000","1"
4369,"132","5000","5000","1"
4370,"133","5000","5000","1"
4371,"134","5000","5000","1"
4372,"135","5000","5000","1"
4373,"136","5000","5000","1"
4374,"137","5000","5000","1"
4375,"138","5000","5000","1"
4376,"138","5000","5000","1"
4377,"139","5000","5000","1"
4378,"140","5000","5000","1"
4379,"141","5000","5000","1"
4380,"142","5000","5000","1"
4381,"143","5000","5000","1"
4382,"143","5000","5000","1"
4383,"144","5000","5000","1"
4384,"144","5000","5000","1"
4385,"145","5000","5000","1"
4386,"146","5000","5000","1"
4387,"146","5000","5000","1"
4388,"147","5000","5000","1"
4389,"147","5000","5000","1"
4390,"147","5000","5000","1"
4391,"148","5000","5000","1"
4392,"149","5000","5000","1"
4393,"150","5000","5000","1"
4394,"151","5000","5000","1"
4395,"152","5000","5000","1"
4396,"153","5000","5000","1"
4397,"154","5000","5000","1"
4398,"155","5000","5000","1"
4399,"156","5000","5000","1"
4400,"156","5000","5000","1"
4401,"157","5000","5000","1"
4402,"157","5000","5000","1"
4403,"158","5000","5000","1"
4404,"159","5000","5000","1"
4405,"160","5000","5000","1"
4406,"161","5000","5000","1"
4407,"162","5000","5000","1"
4408,"163","5000","5000","1"
4409,"163","5000","5000","1"
4410,"164","5000","5000","1"
4411,"165","5000","5000","1"
4412,"165","5000","5000","1"
4413,"165","5000","5000","1"
4414,"166","5000","5000","1"
4415,"166","5000","5000","1"
4416,"167","5000","5000","1"
4417,"0","5000","5000","1"
4418,"0","5000","5000","1"
4419,"0","5000","5000","1"
4420,"0","5000","5000","1"
4421,"0","5000","5000","1"
4422,"0","5000","5000","1"
4423,"0","5000","5000","1"
4424,"0","5000","5000","1"
4425,"0","5000","5000","1"
4426,"0","5000","5000","1"
4427,"0","5000","5000","1"
4428,"0","5000","5000","1"
4429,"0","5000","5000","1"
4430,"0","5000","5000","1"
4431,"0","5000","5000","1"
4432,"0","5000","5000","1"
4433,"1","5000","5000","1"
4434,"1","5000","5000","1"
4435,"1","5000","5000","1"
4436,"2","5000","5000","1"
4437,"3","5000","5000","1"
4438,"4","5000","5000","1"
4439,"5","5000","5000","1"
4440,"6","5000","5000","1"
4441,"7","5000","5000","1"
4442,"7","5000","5000","1"
4443,"7","5000","5000","1"
4444,"7","5000","5000","1"
4445,"8","5000","5000","1"
4446,"9","5000","5000","1"
4447,"10","5000","5000","1"
4448,"11","5000","5000","1"
4449,"12","5000","5000","1"
4450,"13","5000","5000","1"
4451,"14","5000","5000","1"
4452,"15","5000","5000","1"
4453,"16","5000","5000","1"
4454,"17","5000","5000","1"
4455,"18","5000","5000","1"
4456,"18","5000","5000","1"
4457,"18","5000","5000","1"
4458,"18","5000","5000","1"
4459,"18","5000","5000","1"
4460,"18","5000","5000","1"
4461,"18","5000","5000","1"
4462,"18","5000","5000","1"
4463,"18","5000","5000","1"
4464,"18","5000","5000","1"
4465,"18","5000","5000","1"
4466,"18","5000","5000","1"
4467,"18","5000","5000","1"
4468,"18","5000","5000","1"
4469,"18","5000","5000","1"
4470,"18","5000","5000","1"
4471,"18","5000","5000","1"
4472,"18","5000","5000","1"
4473,"18","5000","5000","1"
4474,"18","5000","5000","1"
4475,"18","5000","5000","1"
4476,"18","5000","5000","1"
4477,"18","5000","5000","1"
4478,"18","5000","5000","1"
4479,"18","5000","5000","1"
4480,"18","5000","5000","1"
4481,"18","5000","5000","1"
4482,"18","5000","5000","1"
4483,"18","5000","5000","1"
4484,"18","5000","5000","1"
4485,"18","5000","5000","1"
4486,"18","5000","5000","1"
4487,"18","5000","5000","1"
4488,"18","5000","5000","1"
4489,"18","5000","5000","1"
4490,"18","5000","5000","1"
4491,"18","5000","5000","1"
4492,"18","5000","5000","1"
4493,"18","5000","5000","1"
4494,"18","5000","5000","1"
4495,"18","5000","5000","1"
4496,"18","5000","5000","1"
4497,"18","5000","5000","1"
4498,"18","5000","5000","1"
4499,"18","5000","5000","1"
4500,"18","5000","5000","1"
4501,"18","5000","5000","1"
4502,"18","5000","5000","1"
4503,"18","5000","5000","1"
4504,"18","5000","5000","1"
4505,"18","5000","5000","1"
4506,"18","5000","5000","1"
4507,"18","5000","5000","1"
4508,"18","5000","5000","1"
4509,"18","5000","5000","1"
4510,"18","5000","5000","1"
4511,"18","5000","5000","1"
4512,"18","5000","5000","1"
4513,"18","5000","5000","1"
4514,"18","5000","5000","1"
4515,"18","5000","5000","1"
4516,"18","5000","5000","1"
4517,"18","5000","5000","1"
4518,"18","5000","5000","1"
4519,"18","5000","5000","1"
4520,"18","5000","5000","1"
4521,"18","5000","5000","1"
4522,"18","5000","5000","1"
4523,"18","5000","5000","1"
4524,"18","5000","5000","1"
4525,"18","5000","5000","1"
4526,"18","5000","5000","1"
4527,"18","5000","5000","1"
4528,"18","5000","5000","1"
4529,"18","5000","5000","1"
4530,"18","5000","5000","1"
4531,"18","5000","5000","1"
4532,"18","5000","5000","1"
4533,"18","5000","5000","1"
4534,"18","5000","5000","1"
4535,"18","5000","5000","1"
4536,"18","5000","5000","1"
4537,"18","5000","5000","1"
4538,"18","5000","5000","1"
4539,"18","5000","5000","1"
4540,"18","5000","5000","1"
4541,"18","5000","5000","1"
4542,"18","5000","5000","1"
4543,"18","5000","5000","1"
4544,"18","5000","5000","1"
4545,"18","5000","5000","1"
4546,"18","5000","5000","1"
4547,"18","5000","5000","1"
4548,"18","5000","5000","1"
4549,"18","5000","5000","1"
4550,"18","5000","5000","1"
4551,"18","5000","5000","1"
4552,"18","5000","5000","1"
4553,"18","5000","5000","1"
4554,"18","5000","5000","1"
4555,"18","5000","5000","1"
4556,"18","5000","5000","1"
4557,"18","5000","5000","1"
4558,"18","5000","5000","1"
4559,"18","5000","5000","1"
4560,"18","5000","5000","1"
4561,"18","5000","5000","1"
4562,"18","5000","5000","1"
4563,"18","5000","5000","1"
4564,"18","5000","5000","1"
4565,"18","5000","5000","1"
4566,"18","5000","5000","1"
4567,"18","5000","5000","1"
4568,"18","5000","5000","1"
4569,"18","5000","5000","1"
4570,"18","5000","5000","1"
4571,"18","5000","5000","1"
4572,"18","5000","5000","1"
4573,"18","5000","5000","1"
4574,"18","5000","5000","1"
4575,"18","5000","5000","1"
4576,"18","5000","5000","1"
4577,"18","5000","5000","1"
4578,"18","5000","5000","1"
4579,"18","5000","5000","1"
4580,"18","5000","5000","1"
4581,"18","5000","5000","1"
4582,"18","5000","5000","1"
4583,"18","5000","5000","1"
4584,"18","5000","5000","1"
4585,"18","5000","5000","1"
4586,"18","5000","5000","1"
4587,"18","5000","5000","1"
4588,"18","5000","5000","1"
4589,"18","5000","5000","1"
4590,"18","5000","5000","1"
4591,"18","5000","5000","1"
4592,"18","5000","5000","1"
4593,"18","5000","5000","1"
4594,"18","5000","5000","1"
4595,"18","5000","5000","1"
4596,"18","5000","5000","1"
4597,"18","5000","5000","1"
4598,"18","5000","5000","1"
4599,"18","5000","5000","1"
4600,"18","5000","5000","1"
4601,"18","5000","5000","1"
4602,"18","5000","5000","1"
4603,"18","5000","5000","1"
4604,"18","5000","5000","1"
4605,"18","5000","5000","1"
4606,"18","5000","5000","1"
4607,"18","5000","5000","1"
4608,"18","5000","5000","1"
4609,"18","5000","5000","1"
4610,"18","5000","5000","1"
4611,"18","5000","5000","1"
4612,"18","5000","5000","1"
4613,"18","5000","5000","1"
4614,"18","5000","5000","1"
4615,"18","5000","5000","1"
4616,"18","5000","5000","1"
4617,"18","5000","5000","1"
4618,"18","5000","5000","1"
4619,"18","5000","5000","1"
4620,"18","5000","5000","1"
4621,"18","5000","5000","1"
4622,"18","5000","5000","1"
4623,"18","5000","5000","1"
4624,"18","5000","5000","1"
4625,"18","5000","5000","1"
4626,"18","5000","5000","1"
4627,"18","5000","5000","1"
4628,"18","5000","5000","1"
4629,"18","5000","5000","1"
4630,"18","5000","5000","1"
4631,"18","5000","5000","1"
4632,"18","5000","5000","1"
4633,"18","5000","5000","1"
4634,"18","5000","5000","1"
4635,"18","5000","5000","1"
4636,"18","5000","5000","1"
4637,"18","5000","5000","1"
4638,"18","5000","5000","1"
4639,"18","5000","5000","1"
4640,"18","5000","5000","1"
4641,"18","5000","5000","1"
4642,"18","5000","5000","1"
4643,"18","5000","5000","1"
4644,"18","5000","5000","1"
4645,"18","5000","5000","1"
4646,"18","5000","5000","1"
4647,"18","5000","5000","1"
4648,"18","5000","5000","1"
4649,"18","5000","5000","1"
4650,"18","5000","5000","1"
4651,"18","5000","5000","1"
4652,"18","5000","5000","1"
4653,"18","5000","5000","1"
4654,"18","5000","5000","1"
4655,"18","5000","5000","1"
4656,"18","5000","5000","1"
4657,"18","5000","5000","1"
4658,"18","5000","5000","1"
4659,"18","5000","5000","1"
4660,"18","5000","5000","1"
4661,"18","5000","5000","1"
4662,"18","5000","5000","1"
4663,"18","5000","5000","1"
4664,"18","5000","5000","1"
4665,"18","5000","5000","1"
4666,"18","5000","5000","1"
4667,"19","5000","5000","1"
4668,"20","5000","5000","1"
4669,"21","5000","5000","1"
4670,"22","5000","5000","1"
4671,"23","5000","5000","1"
4672,"24","5000","5000","1"
4673,"25","5000","5000","1"
4674,"26","5000","5000","1"
4675,"27","5000","5000","1"
4676,"27","5000","5000","1"
4677,"28","5000","5000","1"
4678,"29","5000","5000","1"
4679,"30","5000","5000","1"
4680,"31","5000","5000","1"
4681,"32","5000","5000","1"
4682,"33","5000","5000","1"
4683,"34","5000","5000","1"
4684,"35","5000","5000","1"
4685,"35","5000","5000","1"
4686,"35","5000","5000","1"
4687,"35","5000","5000","1"
4688,"35","5000","5000","1"
4689,"35","5000","5000","1"
4690,"35","5000","5000","1"
4691,"36","5000","5000","1"
4692,"37","5000","5000","1"
4693,"38","5000","5000","1"
4694,"39","5000","5000","1"
4695,"40","5000","5000","1"
4696,"41","5000","5000","1"
4697,"42","5000","5000","1"
4698,"43","5000","5000","1"
4699,"44","5000","5000","1"
4700,"45","5000","5000","1"
4701,"46","5000","5000","1"
4702,"47","5000","5000","1"
4703,"48","5000","5000","1"
4704,"49","5000","5000","1"
4705,"50","5000","5000","1"
4706,"50","5000","5000","1"
4707,"51","5000","5000","1"
4708,"52","5000","5000","1"
4709,"53","5000","5000","1"
4710,"54","5000","5000","1"
4711,"55","5000","5000","1"
4712,"56","5000","5000","1"
4713,"57","5000","5000","1"
4714,"58","5000","5000","1"
4715,"58","5000","5000","1"
4716,"58","5000","5000","1"
4717,"59","5000","5000","1"
4718,"60","5000","5000","1"
4719,"61","5000","5000","1"
4720,"62","5000","5000","1"
4721,"63","5000","5000","1"
4722,"64","5000","5000","1"
4723,"65","5000","5000","1"
4724,"65","5000","5000","1"
4725,"66","5000","5000","1"
4726,"67","5000","5000","1"
4727,"68","5000","5000","1"
4728,"69","5000","5000","1"
4729,"70","5000","5000","1"
4730,"71","5000","5000","1"
4731,"72","5000","5000","1"
4732,"73","5000","5000","1"
4733,"74","5000","5000","1"
4734,"75","5000","5000","1"
4735,"75","5000","5000","1"
4736,"76","5000","5000","1"
4737,"77","5000","5000","1"
4738,"78","5000","5000","1"
4739,"79","5000","5000","1"
4740,"80","5000","5000","1"
4741,"81","5000","5000","1"
4742,"82","5000","5000","1"
4743,"83","5000","5000","1"
4744,"84","5000","5000","1"
4745,"85","5000","5000","1"
4746,"86","5000","5000","1"
4747,"87","5000","5000","1"
4748,"88","5000","5000","1"
4749,"89","5000","5000","1"
4750,"89","5000","5000","1"
4751,"90","5000","5000","1"
4752,"91","5000","5000","1"
4753,"92","5000","5000","1"
4754,"93","5000","5000","1"
4755,"94","5000","5000","1"
4756,"95","5000","5000","1"
4757,"96","5000","5000","1"
4758,"97","5000","5000","1"
4759,"98","5000","5000","1"
4760,"98","5000","5000","1"
4761,"98","5000","5000","1"
4762,"98","5000","5000","1"
4763,"98","5000","5000","1"
4764,"98","5000","5000","1"
4765,"98","5000","5000","1"
4766,"98","5000","5000","1"
4767,"98","5000","5000","1"
4768,"98","5000","5000","1"
4769,"98","5000","5000","1"
4770,"98","5000","5000","1"
4771,"98","5000","5000","1"
4772,"98","5000","5000","1"
4773,"99","5000","5000","1"
4774,"99","5000","5000","1"
4775,"99","5000","5000","1"
4776,"99","5000","5000","1"
4777,"99","5000","5000","1"
4778,"99","5000","5000","1"
4779,"99","5000","5000","1"
4780,"99","5000","5000","1"
4781,"99","5000","5000","1"
4782,"99","5000","5000","1"
4783,"99","5000","5000","1"
4784,"100","5000","5000","1"
4785,"101","5000","5000","1"
4786,"102","5000","5000","1"
4787,"102","5000","5000","1"
4788,"102","5000","5000","1"
4789,"102","5000","5000","1"
4790,"102","5000","5000","1"
4791,"103","5000","5000","1"
4792,"104","5000","5000","1"
4793,"105","5000","5000","1"
4794,"106","5000","5000","1"
4795,"106","5000","5000","1"
4796,"106","5000","5000","1"
4797,"106","5000","5000","1"
4798,"106","5000","5000","1"
4799,"106","5000","5000","1"
4800,"106","5000","5000","1"
4801,"106","5000","5000","1"
4802,"106","5000","5000","1"
4803,"106","5000","5000","1"
4804,"106","5000","5000","1"
4805,"106","5000","5000","1"
4806,"106","5000","5000","1"
4807,"106","5000","5000","1"
4808,"106","5000","5000","1"
4809,"106","5000","5000","1"
4810,"106","5000","5000","1"
4811,"106","5000","5000","1"
4812,"106","5000","5000","1"
4813,"106","5000","5000","1"
4814,"106","5000","5000","1"
4815,"106","5000","5000","1"
4816,"107","5000","5000","1"
4817,"108","5000","5000","1"
4818,"109","5000","5000","1"
4819,"110","5000","5000","1"
4820,"110","5000","5000","1"
4821,"110","5000","5000","1"
4822,"110","5000","5000","1"
4823,"110","5000","5000","1"
4824,"110","5000","5000","1"
4825,"110","5000","5000","1"
4826,"110","5000","5000","1"
4827,"110","5000","5000","1"
4828,"110","5000","5000","1"
4829,"111","5000","5000","1"
4830,"112","5000","5000","1"
4831,"113","5000","5000","1"
4832,"114","5000","5000","1"
4833,"115","5000","5000","1"
4834,"116","5000","5000","1"
4835,"117","5000","5000","1"
4836,"118","5000","5000","1"
4837,"119","5000","5000","1"
4838,"120","5000","5000","1"
4839,"121","5000","5000","1"
4840,"122","5000","5000","1"
4841,"123","5000","5000","1"
4842,"124","5000","5000","1"
4843,"124","5000","5000","1"
4844,"124","5000","5000","1"
4845,"125","5000","5000","1"
4846,"125","5000","5000","1"
4847,"125","5000","5000","1"
4848,"126","5000","5000","1"
4849,"126","5000","5000","1"
4850,"127","5000","5000","1"
4851,"128","5000","5000","1"
4852,"128","5000","5000","1"
4853,"128","5000","5000","1"
4854,"128","5000","5000","1"
4855,"128","5000","5000","1"
4856,"128","5000","5000","1"
4857,"128","5000","5000","1"
4858,"128","5000","5000","1"
4859,"128","5000","5000","1"
4860,"129","5000","5000","1"
4861,"129","5000","5000","1"
4862,"130","5000","5000","1"
4863,"131","5000","5000","1"
4864,"132","5000","5000","1"
4865,"132","5000","5000","1"
4866,"132","5000","5000","1"
4867,"133","5000","5000","1"
4868,"134","5000","5000","1"
4869,"135","5000","5000","1"
4870,"136","5000","5000","1"
4872,"137","5000","5000","1"
4873,"137","5000","5000","1"
4874,"137","5000","5000","1"
4875,"137","5000","5000","1"
4876,"137","5000","5000","1"
4877,"137","5000","5000","1"
4878,"137","5000","5000","1"
4879,"137","5000","5000","1"
4880,"137","5000","5000","1"
4881,"137","5000","5000","1"
4882,"137","5000","5000","1"
4883,"137","5000","5000","1"
4884,"137","5000","5000","1"
4885,"137","5000","5000","1"
4886,"137","5000","5000","1"
4887,"137","5000","5000","1"
4888,"137","5000","5000","1"
4892,"137","5000","5000","1"
4893,"137","5000","5000","1"
4894,"137","5000","5000","1"
4895,"138","5000","5000","1"
4896,"139","5000","5000","1"
4897,"139","5000","5000","1"
4898,"139","5000","5000","1"
4899,"140","5000","5000","1"
4900,"141","5000","5000","1"
4901,"142","5000","5000","1"
4902,"143","5000","5000","1"
4903,"144","5000","5000","1"
4904,"144","5000","5000","1"
4905,"144","5000","5000","1"
4906,"144","5000","5000","1"
4907,"144","5000","5000","1"
4908,"144","5000","5000","1"
4909,"145","5000","5000","1"
4911,"146","5000","5000","1"
4912,"146","5000","5000","1"
4913,"146","5000","5000","1"
4914,"147","5000","5000","1"
4915,"148","5000","5000","1"
4916,"149","5000","5000","1"
4917,"150","5000","5000","1"
4918,"151","5000","5000","1"
4919,"152","5000","5000","1"
4920,"153","5000","5000","1"
4921,"153","5000","5000","1"
4922,"153","5000","5000","1"
4923,"153","5000","5000","1"
4924,"154","5000","5000","1"
4926,"155","5000","5000","1"
4928,"155","5000","5000","1"
4929,"155","5000","5000","1"
4930,"155","5000","5000","1"
4931,"156","5000","5000","1"
4932,"157","5000","5000","1"
4933,"158","5000","5000","1"
4934,"159","5000","5000","1"
4935,"160","5000","5000","1"
4936,"161","5000","5000","1"
4937,"162","5000","5000","1"
4938,"163","5000","5000","1"
4939,"164","5000","5000","1"
4940,"164","5000","5000","1"
4941,"165","5000","5000","1"
4942,"166","5000","5000","1"
4943,"167","5000","5000","1"
4944,"168","5000","5000","1"
4945,"169","5000","5000","1"
4946,"170","5000","5000","1"
4947,"171","5000","5000","1"
4948,"172","5000","5000","1"
4949,"173","5000","5000","1"
4950,"174","5000","5000","1"
4951,"175","5000","5000","1"
4952,"176","5000","5000","1"
4953,"177","5000","5000","1"
4954,"177","5000","5000","1"
4955,"178","5000","5000","1"
4956,"179","5000","5000","1"
4957,"180","5000","5000","1"
4958,"181","5000","5000","1"
4959,"182","5000","5000","1"
4960,"183","5000","5000","1"
4961,"184","5000","5000","1"
4962,"185","5000","5000","1"
4963,"186","5000","5000","1"
4964,"187","5000","5000","1"
4965,"188","5000","5000","1"
4966,"189","5000","5000","1"
4967,"190","5000","5000","1"
4968,"191","5000","5000","1"
4969,"191","5000","5000","1"
4970,"192","5000","5000","1"
4971,"192","5000","5000","1"
4972,"193","5000","5000","1"
4973,"194","5000","5000","1"
4974,"195","5000","5000","1"
4975,"196","5000","5000","1"
4976,"197","5000","5000","1"
4977,"198","5000","5000","1"
4978,"199","5000","5000","1"
4980,"199","5000","5000","1"
4981,"199","5000","5000","1"
4982,"200","5000","5000","1"
4983,"201","5000","5000","1"
4984,"202","5000","5000","1"
4985,"202","5000","5000","1"
4986,"202","5000","5000","1"
4987,"202","5000","5000","1"
4988,"203","5000","5000","1"
4989,"204","5000","5000","1"
4990,"205","5000","5000","1"
4991,"206","5000","5000","1"
4992,"207","5000","5000","1"
4993,"208","5000","5000","1"
4994,"209","5000","5000","1"
4995,"210","5000","5000","1"
4996,"211","5000","5000","1"
4997,"212","5000","5000","1"
4998,"213","5000","5000","1"
4999,"214","5000","5000","1"
5000,"215","5000","5000","1"
5001,"216","5000","5000","1"
5002,"217","5000","5000","1"
5003,"218","5000","5000","1"
5004,"219","5000","5000","1"
5005,"219","5000","5000","1"
5006,"220","5000","5000","1"
5007,"221","5000","5000","1"
5008,"222","5000","5000","1"
5009,"223","5000","5000","1"
5010,"224","5000","5000","1"
5011,"225","5000","5000","1"
5012,"226","5000","5000","1"
5013,"227","5000","5000","1"
5014,"228","5000","5000","1"
5015,"229","5000","5000","1"
5016,"230","5000","5000","1"
5017,"231","5000","5000","1"
5018,"232","5000","5000","1"
5019,"233","5000","5000","1"
5020,"233","5000","5000","1"
5021,"233","5000","5000","1"
5022,"234","5000","5000","1"
5023,"235","5000","5000","1"
5024,"235","5000","5000","1"
5025,"235","5000","5000","1"
5026,"235","5000","5000","1"
5027,"235","5000","5000","1"
5028,"235","5000","5000","1"
5029,"235","5000","5000","1"
5030,"235","5000","5000","1"
5031,"235","5000","5000","1"
5032,"235","5000","5000","1"
5033,"235","5000","5000","1"
5034,"235","5000","5000","1"
5035,"235","5000","5000","1"
5036,"235","5000","5000","1"
5037,"235","5000","5000","1"
5038,"235","5000","5000","1"
5039,"235","5000","5000","1"
5040,"235","5000","5000","1"
5041,"235","5000","5000","1"
5042,"235","5000","5000","1"
5043,"235","5000","5000","1"
5046,"235","5000","5000","1"
5047,"235","5000","5000","1"
5048,"235","5000","5000","1"
5049,"235","5000","5000","1"
5050,"235","5000","5000","1"
5051,"235","5000","5000","1"
5052,"235","5000","5000","1"
5053,"235","5000","5000","1"
5054,"235","5000","5000","1"
5055,"235","5000","5000","1"
5056,"235","5000","5000","1"
5057,"236","5000","5000","1"
5058,"237","5000","5000","1"
5059,"238","5000","5000","1"
5060,"239","5000","5000","1"
5061,"240","5000","5000","1"
5062,"241","5000","5000","1"
5063,"241","5000","5000","1"
5064,"242","5000","5000","1"
5065,"243","5000","5000","1"
5066,"244","5000","5000","1"
5067,"245","5000","5000","1"
5068,"246","5000","5000","1"
5069,"247","5000","5000","1"
5070,"248","5000","5000","1"
5071,"249","5000","5000","1"
5072,"250","5000","5000","1"
5073,"251","5000","5000","1"
5074,"252","5000","5000","1"
5075,"252","5000","5000","1"
5076,"253","5000","5000","1"
5077,"254","5000","5000","1"
5078,"255","5000","5000","1"
5079,"256","5000","5000","1"
5080,"257","5000","5000","1"
5081,"258","5000","5000","1"
5082,"259","5000","5000","1"
5083,"260","5000","5000","1"
5084,"260","5000","5000","1"
5085,"261","5000","5000","1"
5086,"262","5000","5000","1"
5087,"263","5000","5000","1"
5088,"264","5000","5000","1"
5089,"264","5000","5000","1"
5090,"265","5000","5000","1"
5091,"266","5000","5000","1"
5092,"267","5000","5000","1"
5093,"268","5000","5000","1"
5094,"269","5000","5000","1"
5095,"270","5000","5000","1"
5096,"271","5000","5000","1"
5097,"271","5000","5000","1"
5098,"272","5000","5000","1"
5099,"273","5000","5000","1"
5100,"274","5000","5000","1"
5101,"275","5000","5000","1"
5102,"276","5000","5000","1"
5103,"277","5000","5000","1"
5104,"278","5000","5000","1"
5105,"279","5000","5000","1"
5106,"280","5000","5000","1"
5107,"281","5000","5000","1"
5108,"282","5000","5000","1"
5109,"283","5000","5000","1"
5110,"284","5000","5000","1"
5111,"285","5000","5000","1"
5112,"286","5000","5000","1"
5113,"287","5000","5000","1"
5114,"288","5000","5000","1"
5115,"289","5000","5000","1"
5116,"290","5000","5000","1"
5117,"291","5000","5000","1"
5118,"292","5000","5000","1"
5119,"292","5000","5000","1"
5120,"293","5000","5000","1"
5121,"294","5000","5000","1"
5122,"295","5000","5000","1"
5123,"296","5000","5000","1"
5124,"297","5000","5000","1"
5125,"298","5000","5000","1"
5126,"299","5000","5000","1"
5127,"300","5000","5000","1"
5128,"301","5000","5000","1"
5129,"302","5000","5000","1"
5130,"303","5000","5000","1"
5131,"304","5000","5000","1"
5132,"305","5000","5000","1"
5133,"305","5000","5000","1"
5134,"306","5000","5000","1"
5135,"307","5000","5000","1"
5136,"308","5000","5000","1"
5137,"309","5000","5000","1"
5138,"309","5000","5000","1"
5139,"309","5000","5000","1"
5140,"309","5000","5000","1"
5141,"309","5000","5000","1"
5142,"309","5000","5000","1"
5143,"309","5000","5000","1"
5144,"309","5000","5000","1"
5145,"309","5000","5000","1"
5146,"309","5000","5000","1"
5147,"309","5000","5000","1"
5148,"309","5000","5000","1"
5149,"309","5000","5000","1"
5150,"309","5000","5000","1"
5151,"309","5000","5000","1"
5152,"309","5000","5000","1"
5153,"309","5000","5000","1"
5154,"309","5000","5000","1"
5155,"309","5000","5000","1"
5156,"309","5000","5000","1"
5157,"309","5000","5000","1"
5158,"309","5000","5000","1"
5159,"309","5000","5000","1"
5160,"309","5000","5000","1"
5161,"309","5000","5000","1"
5162,"309","5000","5000","1"
5163,"309","5000","5000","1"
5164,"309","5000","5000","1"
5165,"309","5000","5000","1"
5166,"309","5000","5000","1"
5167,"309","5000","5000","1"
5168,"310","5000","5000","1"
5169,"311","5000","5000","1"
5170,"312","5000","5000","1"
5171,"313","5000","5000","1"
5172,"314","5000","5000","1"
5173,"314","5000","5000","1"
5174,"314","5000","5000","1"
5175,"315","5000","5000","1"
5176,"316","5000","5000","1"
5177,"317","5000","5000","1"
5178,"318","5000","5000","1"
5179,"319","5000","5000","1"
5180,"320","5000","5000","1"
5181,"321","5000","5000","1"
5182,"322","5000","5000","1"
5183,"323","5000","5000","1"
5184,"324","5000","5000","1"
5185,"325","5000","5000","1"
5186,"326","5000","5000","1"
5187,"327","5000","5000","1"
5188,"328","5000","5000","1"
5189,"329","5000","5000","1"
5190,"330","5000","5000","1"
5191,"331","5000","5000","1"
5192,"332","5000","5000","1"
5193,"333","5000","5000","1"
5194,"334","5000","5000","1"
5195,"335","5000","5000","1"
5196,"335","5000","5000","1"
5197,"335","5000","5000","1"
5198,"335","5000","5000","1"
5199,"335","5000","5000","1"
5200,"335","5000","5000","1"
5201,"335","5000","5000","1"
5202,"335","5000","5000","1"
5203,"335","5000","5000","1"
5204,"335","5000","5000","1"
5205,"335","5000","5000","1"
5206,"335","5000","5000","1"
5207,"335","5000","5000","1"
5208,"335","5000","5000","1"
5209,"336","5000","5000","1"
5210,"337","5000","5000","1"
5211,"338","5000","5000","1"
5212,"339","5000","5000","1"
5213,"339","5000","5000","1"
5214,"340","5000","5000","1"
5215,"341","5000","5000","1"
5216,"342","5000","5000","1"
5217,"343","5000","5000","1"
5218,"344","5000","5000","1"
5219,"345","5000","5000","1"
5220,"346","5000","5000","1"
5221,"347","5000","5000","1"
5222,"348","5000","5000","1"
5223,"349","5000","5000","1"
5224,"350","5000","5000","1"
5225,"351","5000","5000","1"
5226,"352","5000","5000","1"
5227,"353","5000","5000","1"
5228,"354","5000","5000","1"
5229,"355","5000","5000","1"
5230,"356","5000","5000","1"
5231,"357","5000","5000","1"
5232,"358","5000","5000","1"
5233,"359","5000","5000","1"
5234,"360","5000","5000","1"
5235,"361","5000","5000","1"
5236,"361","5000","5000","1"
5237,"361","5000","5000","1"
5238,"362","5000","5000","1"
5239,"363","5000","5000","1"
5240,"364","5000","5000","1"
5241,"365","5000","5000","1"
5242,"366","5000","5000","1"
5243,"367","5000","5000","1"
5244,"368","5000","5000","1"
5245,"369","5000","5000","1"
5246,"370","5000","5000","1"
5247,"371","5000","5000","1"
5248,"372","5000","5000","1"
5249,"373","5000","5000","1"
5250,"374","5000","5000","1"
5251,"374","5000","5000","1"
5252,"375","5000","5000","1"
5253,"376","5000","5000","1"
5254,"377","5000","5000","1"
5255,"378","5000","5000","1"
5256,"379","5000","5000","1"
5257,"379","5000","5000","1"
5258,"380","5000","5000","1"
5259,"381","5000","5000","1"
5260,"382","5000","5000","1"
5261,"383","5000","5000","1"
5262,"384","5000","5000","1"
5263,"385","5000","5000","1"
5264,"386","5000","5000","1"
5265,"386","5000","5000","1"
5266,"386","5000","5000","1"
5267,"386","5000","5000","1"
5268,"386","5000","5000","1"
5269,"387","5000","5000","1"
5270,"388","5000","5000","1"
5271,"388","5000","5000","1"
5272,"389","5000","5000","1"
5273,"389","5000","5000","1"
5274,"389","5000","5000","1"
5275,"389","5000","5000","1"
5276,"389","5000","5000","1"
5277,"389","5000","5000","1"
5278,"389","5000","5000","1"
5279,"389","5000","5000","1"
5280,"389","5000","5000","1"
5281,"389","5000","5000","1"
5282,"389","5000","5000","1"
5283,"389","5000","5000","1"
5284,"389","5000","5000","1"
5285,"389","5000","5000","1"
5286,"389","5000","5000","1"
5287,"389","5000","5000","1"
5288,"389","5000","5000","1"
5289,"389","5000","5000","1"
5290,"389","5000","5000","1"
5291,"389","5000","5000","1"
5292,"389","5000","5000","1"
5293,"389","5000","5000","1"
5294,"389","5000","5000","1"
5295,"389","5000","5000","1"
5296,"389","5000","5000","1"
5297,"390","5000","5000","1"
5298,"391","5000","5000","1"
5299,"392","5000","5000","1"
5300,"392","5000","5000","1"
5301,"392","5000","5000","1"
5302,"392","5000","5000","1"
5303,"392","5000","5000","1"
5304,"392","5000","5000","1"
5305,"392","5000","5000","1"
5306,"392","5000","5000","1"
5307,"393","5000","5000","1"
5308,"394","5000","5000","1"
5309,"395","5000","5000","1"
5310,"395","5000","5000","1"
5311,"395","5000","5000","1"
5312,"396","5000","5000","1"
5313,"397","5000","5000","1"
5314,"398","5000","5000","1"
5315,"399","5000","5000","1"
5316,"400","5000","5000","1"
5317,"401","5000","5000","1"
5318,"402","5000","5000","1"
5319,"403","5000","5000","1"
5320,"404","5000","5000","1"
5321,"405","5000","5000","1"
5322,"406","5000","5000","1"
5323,"407","5000","5000","1"
5324,"408","5000","5000","1"
5325,"409","5000","5000","1"
5326,"410","5000","5000","1"
5327,"411","5000","5000","1"
5328,"412","5000","5000","1"
5329,"412","5000","5000","1"
5330,"412","5000","5000","1"
5331,"412","5000","5000","1"
5332,"412","5000","5000","1"
5333,"412","5000","5000","1"
5334,"412","5000","5000","1"
5335,"412","5000","5000","1"
5336,"412","5000","5000","1"
5337,"412","5000","5000","1"
5338,"413","5000","5000","1"
5339,"414","5000","5000","1"
5340,"415","5000","5000","1"
5341,"416","5000","5000","1"
5342,"417","5000","5000","1"
5343,"417","5000","5000","1"
5344,"417","5000","5000","1"
5345,"417","5000","5000","1"
5346,"417","5000","5000","1"
5347,"417","5000","5000","1"
5348,"417","5000","5000","1"
5349,"418","5000","5000","1"
5350,"419","5000","5000","1"
5351,"420","5000","5000","1"
5352,"421","5000","5000","1"
5353,"422","5000","5000","1"
5354,"423","5000","5000","1"
5355,"424","5000","5000","1"
5356,"425","5000","5000","1"
5357,"426","5000","5000","1"
5358,"427","5000","5000","1"
5359,"428","5000","5000","1"
5360,"429","5000","5000","1"
5361,"430","5000","5000","1"
5362,"431","5000","5000","1"
5363,"432","5000","5000","1"
5364,"433","5000","5000","1"
5365,"434","5000","5000","1"
5366,"435","5000","5000","1"
5367,"436","5000","5000","1"
5368,"437","5000","5000","1"
5369,"438","5000","5000","1"
5370,"438","5000","5000","1"
5371,"439","5000","5000","1"
5372,"440","5000","5000","1"
5373,"441","5000","5000","1"
5374,"442","5000","5000","1"
5375,"443","5000","5000","1"
5376,"444","5000","5000","1"
5377,"445","5000","5000","1"
5378,"445","5000","5000","1"
5379,"445","5000","5000","1"
5380,"445","5000","5000","1"
5381,"445","5000","5000","1"
5382,"445","5000","5000","1"
5383,"445","5000","5000","1"
5384,"445","5000","5000","1"
5385,"445","5000","5000","1"
5386,"445","5000","5000","1"
5387,"445","5000","5000","1"
5388,"445","5000","5000","1"
5389,"445","5000","5000","1"
5390,"445","5000","5000","1"
5391,"445","5000","5000","1"
5392,"445","5000","5000","1"
5393,"445","5000","5000","1"
5394,"445","5000","5000","1"
5395,"445","5000","5000","1"
5396,"445","5000","5000","1"
5397,"445","5000","5000","1"
5398,"445","5000","5000","1"
5399,"445","5000","5000","1"
5400,"445","5000","5000","1"
5401,"445","5000","5000","1"
5402,"445","5000","5000","1"
5403,"445","5000","5000","1"
5404,"445","5000","5000","1"
5405,"445","5000","5000","1"
5406,"445","5000","5000","1"
5407,"445","5000","5000","1"
5408,"445","5000","5000","1"
5409,"445","5000","5000","1"
5410,"445","5000","5000","1"
5411,"445","5000","5000","1"
5412,"445","5000","5000","1"
5413,"445","5000","5000","1"
5414,"445","5000","5000","1"
5415,"445","5000","5000","1"
5416,"445","5000","5000","1"
5417,"445","5000","5000","1"
5418,"445","5000","5000","1"
5419,"445","5000","5000","1"
5420,"445","5000","5000","1"
5421,"445","5000","5000","1"
5422,"445","5000","5000","1"
5423,"445","5000","5000","1"
5424,"446","5000","5000","1"
5425,"447","5000","5000","1"
5426,"448","5000","5000","1"
5427,"449","5000","5000","1"
5428,"450","5000","5000","1"
5429,"451","5000","5000","1"
5430,"452","5000","5000","1"
5431,"452","5000","5000","1"
5432,"453","5000","5000","1"
5433,"454","5000","5000","1"
5434,"455","5000","5000","1"
5435,"456","5000","5000","1"
5436,"457","5000","5000","1"
5437,"458","5000","5000","1"
5438,"459","5000","5000","1"
5439,"460","5000","5000","1"
5440,"461","5000","5000","1"
5441,"462","5000","5000","1"
5442,"463","5000","5000","1"
5443,"464","5000","5000","1"
5444,"465","5000","5000","1"
5445,"466","5000","5000","1"
5446,"466","5000","5000","1"
5447,"466","5000","5000","1"
5448,"467","5000","5000","1"
5449,"468","5000","5000","1"
5450,"469","5000","5000","1"
5451,"470","5000","5000","1"
5452,"471","5000","5000","1"
5453,"472","5000","5000","1"
5454,"473","5000","5000","1"
5455,"474","5000","5000","1"
5456,"475","5000","5000","1"
5457,"476","5000","5000","1"
5458,"477","5000","5000","1"
5459,"478","5000","5000","1"
5460,"479","5000","5000","1"
5461,"480","5000","5000","1"
5462,"481","5000","5000","1"
5463,"482","5000","5000","1"
5464,"483","5000","5000","1"
5465,"484","5000","5000","1"
5466,"0","5000","5000","1"
5467,"0","5000","5000","1"
5468,"1","5000","5000","1"
5469,"2","5000","5000","1"
5470,"3","5000","5000","1"
5471,"4","5000","5000","1"
5472,"5","5000","5000","1"
5473,"5","5000","5000","1"
5474,"5","5000","5000","1"
5475,"6","5000","5000","1"
5476,"7","5000","5000","1"
5477,"7","5000","5000","1"
5478,"7","5000","5000","1"
5479,"7","5000","5000","1"
5480,"8","5000","5000","1"
5481,"9","5000","5000","1"
5482,"10","5000","5000","1"
5483,"11","5000","5000","1"
5484,"12","5000","5000","1"
5485,"12","5000","5000","1"
5486,"13","5000","5000","1"
5487,"14","5000","5000","1"
5488,"15","5000","5000","1"
5489,"16","5000","5000","1"
5490,"17","5000","5000","1"
5491,"18","5000","5000","1"
5492,"19","5000","5000","1"
5493,"20","5000","5000","1"
5494,"21","5000","5000","1"
5495,"22","5000","5000","1"
5496,"22","5000","5000","1"
5497,"22","5000","5000","1"
5498,"23","5000","5000","1"
5499,"24","5000","5000","1"
5500,"25","5000","5000","1"
5501,"26","5000","5000","1"
5502,"27","5000","5000","1"
5503,"28","5000","5000","1"
5504,"29","5000","5000","1"
5505,"30","5000","5000","1"
5506,"31","5000","5000","1"
5507,"32","5000","5000","1"
5508,"33","5000","5000","1"
5509,"34","5000","5000","1"
5510,"34","5000","5000","1"
5511,"35","5000","5000","1"
5512,"36","5000","5000","1"
5513,"37","5000","5000","1"
5514,"38","5000","5000","1"
5515,"39","5000","5000","1"
5516,"40","5000","5000","1"
5517,"41","5000","5000","1"
5518,"42","5000","5000","1"
5519,"42","5000","5000","1"
5520,"42","5000","5000","1"
5521,"43","5000","5000","1"
5522,"44","5000","5000","1"
5523,"45","5000","5000","1"
5524,"45","5000","5000","1"
5525,"46","5000","5000","1"
5526,"47","5000","5000","1"
5527,"48","5000","5000","1"
5528,"48","5000","5000","1"
5529,"48","5000","5000","1"
5530,"49","5000","5000","1"
5531,"50","5000","5000","1"
5532,"51","5000","5000","1"
5533,"52","5000","5000","1"
5534,"52","5000","5000","1"
5535,"53","5000","5000","1"
5536,"54","5000","5000","1"
5537,"55","5000","5000","1"
5538,"56","5000","5000","1"
5539,"57","5000","5000","1"
5540,"58","5000","5000","1"
5541,"59","5000","5000","1"
5542,"60","5000","5000","1"
5543,"61","5000","5000","1"
5544,"62","5000","5000","1"
5545,"63","5000","5000","1"
5546,"64","5000","5000","1"
5547,"65","5000","5000","1"
5548,"66","5000","5000","1"
5549,"67","5000","5000","1"
5550,"68","5000","5000","1"
5551,"69","5000","5000","1"
5552,"69","5000","5000","1"
5553,"70","5000","5000","1"
5554,"71","5000","5000","1"
5555,"72","5000","5000","1"
5556,"73","5000","5000","1"
5557,"73","5000","5000","1"
5558,"73","5000","5000","1"
5559,"73","5000","5000","1"
5560,"74","5000","5000","1"
5561,"75","5000","5000","1"
5562,"76","5000","5000","1"
5563,"77","5000","5000","1"
5564,"78","5000","5000","1"
5565,"79","5000","5000","1"
5566,"80","5000","5000","1"
5567,"81","5000","5000","1"
5568,"82","5000","5000","1"
5569,"83","5000","5000","1"
5570,"84","5000","5000","1"
5571,"85","5000","5000","1"
5572,"86","5000","5000","1"
5573,"87","5000","5000","1"
5574,"88","5000","5000","1"
5575,"89","5000","5000","1"
5576,"90","5000","5000","1"
5577,"91","5000","5000","1"
5578,"91","5000","5000","1"
5579,"91","5000","5000","1"
5580,"91","5000","5000","1"
5581,"91","5000","5000","1"
5582,"91","5000","5000","1"
5583,"91","5000","5000","1"
5584,"91","5000","5000","1"
5585,"91","5000","5000","1"
5586,"91","5000","5000","1"
5587,"91","5000","5000","1"
5588,"91","5000","5000","1"
5589,"91","5000","5000","1"
5590,"91","5000","5000","1"
5591,"91","5000","5000","1"
5592,"91","5000","5000","1"
5593,"91","5000","5000","1"
5594,"91","5000","5000","1"
5595,"91","5000","5000","1"
5596,"91","5000","5000","1"
5597,"91","5000","5000","1"
5598,"91","5000","5000","1"
5599,"91","5000","5000","1"
5600,"91","5000","5000","1"
5601,"91","5000","5000","1"
5602,"91","5000","5000","1"
5603,"91","5000","5000","1"
5604,"91","5000","5000","1"
5605,"91","5000","5000","1"
5606,"91","5000","5000","1"
5607,"91","5000","5000","1"
5608,"91","5000","5000","1"
5609,"91","5000","5000","1"
5610,"91","5000","5000","1"
5611,"91","5000","5000","1"
5612,"91","5000","5000","1"
5613,"91","5000","5000","1"
5614,"91","5000","5000","1"
5615,"91","5000","5000","1"
5616,"92","5000","5000","1"
5617,"93","5000","5000","1"
5618,"94","5000","5000","1"
5619,"95","5000","5000","1"
5620,"95","5000","5000","1"
5621,"95","5000","5000","1"
5622,"95","5000","5000","1"
5623,"95","5000","5000","1"
5624,"95","5000","5000","1"
5625,"96","5000","5000","1"
5626,"97","5000","5000","1"
5627,"98","5000","5000","1"
5628,"99","5000","5000","1"
5629,"100","5000","5000","1"
5630,"101","5000","5000","1"
5631,"102","5000","5000","1"
5632,"103","5000","5000","1"
5633,"104","5000","5000","1"
5634,"104","5000","5000","1"
5635,"104","5000","5000","1"
5636,"104","5000","5000","1"
5637,"104","5000","5000","1"
5638,"104","5000","5000","1"
5639,"104","5000","5000","1"
5640,"104","5000","5000","1"
5641,"104","5000","5000","1"
5642,"104","5000","5000","1"
5643,"104","5000","5000","1"
5644,"104","5000","5000","1"
5645,"104","5000","5000","1"
5646,"104","5000","5000","1"
5647,"104","5000","5000","1"
5648,"104","5000","5000","1"
5649,"104","5000","5000","1"
5650,"104","5000","5000","1"
5651,"104","5000","5000","1"
5652,"104","5000","5000","1"
5653,"104","5000","5000","1"
5654,"104","5000","5000","1"
5655,"104","5000","5000","1"
5656,"104","5000","5000","1"
5657,"104","5000","5000","1"
5658,"104","5000","5000","1"
5659,"104","5000","5000","1"
5660,"104","5000","5000","1"
5661,"104","5000","5000","1"
5662,"104","5000","5000","1"
5663,"104","5000","5000","1"
5664,"104","5000","5000","1"
5665,"104","5000","5000","1"
5666,"104","5000","5000","1"
5667,"104","5000","5000","1"
5668,"104","5000","5000","1"
5669,"104","5000","5000","1"
5670,"104","5000","5000","1"
5671,"104","5000","5000","1"
5672,"104","5000","5000","1"
5673,"104","5000","5000","1"
5674,"104","5000","5000","1"
5675,"104","5000","5000","1"
5676,"104","5000","5000","1"
5677,"104","5000","5000","1"
5678,"104","5000","5000","1"
5679,"104","5000","5000","1"
5680,"104","5000","5000","1"
5681,"104","5000","5000","1"
5682,"104","5000","5000","1"
5683,"104","5000","5000","1"
5684,"104","5000","5000","1"
5685,"104","5000","5000","1"
5686,"104","5000","5000","1"
5687,"104","5000","5000","1"
5688,"104","5000","5000","1"
5689,"104","5000","5000","1"
5690,"104","5000","5000","1"
5691,"104","5000","5000","1"
5692,"104","5000","5000","1"
5693,"104","5000","5000","1"
5694,"104","5000","5000","1"
5695,"104","5000","5000","1"
5696,"104","5000","5000","1"
5697,"104","5000","5000","1"
5698,"104","5000","5000","1"
5699,"104","5000","5000","1"
5700,"104","5000","5000","1"
5701,"104","5000","5000","1"
5702,"104","5000","5000","1"
5703,"104","5000","5000","1"
5704,"104","5000","5000","1"
5705,"104","5000","5000","1"
5706,"104","5000","5000","1"
5707,"104","5000","5000","1"
5708,"104","5000","5000","1"
5709,"104","5000","5000","1"
5710,"104","5000","5000","1"
5711,"104","5000","5000","1"
5712,"104","5000","5000","1"
5713,"104","5000","5000","1"
5714,"104","5000","5000","1"
5715,"104","5000","5000","1"
5716,"104","5000","5000","1"
5717,"104","5000","5000","1"
5718,"104","5000","5000","1"
5719,"104","5000","5000","1"
5720,"104","5000","5000","1"
5721,"104","5000","5000","1"
5722,"104","5000","5000","1"
5723,"104","5000","5000","1"
5724,"104","5000","5000","1"
5725,"104","5000","5000","1"
5726,"104","5000","5000","1"
5727,"104","5000","5000","1"
5728,"104","5000","5000","1"
5729,"104","5000","5000","1"
5730,"104","5000","5000","1"
5731,"104","5000","5000","1"
5732,"104","5000","5000","1"
5733,"104","5000","5000","1"
5734,"104","5000","5000","1"
5735,"104","5000","5000","1"
5736,"104","5000","5000","1"
5737,"104","5000","5000","1"
5738,"104","5000","5000","1"
5739,"104","5000","5000","1"
5740,"104","5000","5000","1"
5741,"104","5000","5000","1"
5742,"104","5000","5000","1"
5743,"104","5000","5000","1"
5744,"104","5000","5000","1"
5745,"104","5000","5000","1"
5746,"104","5000","5000","1"
5747,"104","5000","5000","1"
5748,"104","5000","5000","1"
5749,"105","5000","5000","1"
5750,"106","5000","5000","1"
5751,"107","5000","5000","1"
5752,"108","5000","5000","1"
5753,"109","5000","5000","1"
5754,"110","5000","5000","1"
5755,"111","5000","5000","1"
5756,"112","5000","5000","1"
5757,"113","5000","5000","1"
5758,"114","5000","5000","1"
5759,"115","5000","5000","1"
5760,"116","5000","5000","1"
5761,"117","5000","5000","1"
5762,"118","5000","5000","1"
5763,"119","5000","5000","1"
5764,"120","5000","5000","1"
5765,"121","5000","5000","1"
5766,"122","5000","5000","1"
5767,"122","5000","5000","1"
5768,"122","5000","5000","1"
5769,"122","5000","5000","1"
5770,"122","5000","5000","1"
5772,"122","5000","5000","1"
5773,"122","5000","5000","1"
5774,"122","5000","5000","1"
5775,"123","5000","5000","1"
5776,"124","5000","5000","1"
5777,"125","5000","5000","1"
5778,"125","5000","5000","1"
5779,"126","5000","5000","1"
5780,"127","5000","5000","1"
5781,"128","5000","5000","1"
5782,"129","5000","5000","1"
5783,"129","5000","5000","1"
5784,"129","5000","5000","1"
5785,"129","5000","5000","1"
5786,"129","5000","5000","1"
5787,"129","5000","5000","1"
5788,"129","5000","5000","1"
5789,"129","5000","5000","1"
5790,"129","5000","5000","1"
5791,"129","5000","5000","1"
5792,"129","5000","5000","1"
5793,"129","5000","5000","1"
5794,"129","5000","5000","1"
5795,"129","5000","5000","1"
5796,"129","5000","5000","1"
5797,"129","5000","5000","1"
5798,"129","5000","5000","1"
5799,"129","5000","5000","1"
5800,"129","5000","5000","1"
5801,"129","5000","5000","1"
5802,"129","5000","5000","1"
5803,"129","5000","5000","1"
5804,"129","5000","5000","1"
5805,"129","5000","5000","1"
5806,"129","5000","5000","1"
5807,"129","5000","5000","1"
5808,"129","5000","5000","1"
5809,"129","5000","5000","1"
5810,"129","5000","5000","1"
5811,"129","5000","5000","1"
5812,"129","5000","5000","1"
5813,"129","5000","5000","1"
5814,"129","5000","5000","1"
5815,"129","5000","5000","1"
5816,"129","5000","5000","1"
5817,"130","5000","5000","1"
5818,"131","5000","5000","1"
5819,"132","5000","5000","1"
5820,"133","5000","5000","1"
5821,"133","5000","5000","1"
5822,"133","5000","5000","1"
5823,"133","5000","5000","1"
5824,"134","5000","5000","1"
5825,"135","5000","5000","1"
5826,"135","5000","5000","1"
5827,"136","5000","5000","1"
5828,"137","5000","5000","1"
5829,"137","5000","5000","1"
5830,"137","5000","5000","1"
5831,"137","5000","5000","1"
5832,"137","5000","5000","1"
5833,"138","5000","5000","1"
5834,"139","5000","5000","1"
5835,"140","5000","5000","1"
5836,"141","5000","5000","1"
5837,"142","5000","5000","1"
5838,"143","5000","5000","1"
5839,"144","5000","5000","1"
5840,"145","5000","5000","1"
5841,"146","5000","5000","1"
5842,"147","5000","5000","1"
5843,"148","5000","5000","1"
5844,"149","5000","5000","1"
5845,"150","5000","5000","1"
5846,"151","5000","5000","1"
5847,"152","5000","5000","1"
5848,"153","5000","5000","1"
5849,"154","5000","5000","1"
5850,"155","5000","5000","1"
5851,"156","5000","5000","1"
5852,"156","5000","5000","1"
5853,"156","5000","5000","1"
5854,"156","5000","5000","1"
5855,"156","5000","5000","1"
5856,"156","5000","5000","1"
5857,"156","5000","5000","1"
5858,"156","5000","5000","1"
5859,"156","5000","5000","1"
5860,"157","5000","5000","1"
5861,"158","5000","5000","1"
5862,"159","5000","5000","1"
5863,"160","5000","5000","1"
5864,"161","5000","5000","1"
5865,"162","5000","5000","1"
5866,"162","5000","5000","1"
5867,"162","5000","5000","1"
5868,"162","5000","5000","1"
5869,"162","5000","5000","1"
5870,"162","5000","5000","1"
5871,"162","5000","5000","1"
5872,"162","5000","5000","1"
5873,"162","5000","5000","1"
5874,"162","5000","5000","1"
5875,"162","5000","5000","1"
5876,"162","5000","5000","1"
5877,"162","5000","5000","1"
5878,"162","5000","5000","1"
5879,"162","5000","5000","1"
5880,"162","5000","5000","1"
5881,"162","5000","5000","1"
5882,"162","5000","5000","1"
5883,"162","5000","5000","1"
5884,"162","5000","5000","1"
5885,"162","5000","5000","1"
5886,"162","5000","5000","1"
5887,"162","5000","5000","1"
5888,"163","5000","5000","1"
5889,"164","5000","5000","1"
5890,"165","5000","5000","1"
5891,"166","5000","5000","1"
5892,"166","5000","5000","1"
5893,"166","5000","5000","1"
5894,"166","5000","5000","1"
5895,"167","5000","5000","1"
5896,"168","5000","5000","1"
5897,"169","5000","5000","1"
5898,"170","5000","5000","1"
5899,"171","5000","5000","1"
5900,"172","5000","5000","1"
5901,"173","5000","5000","1"
5902,"174","5000","5000","1"
5903,"175","5000","5000","1"
5904,"176","5000","5000","1"
5905,"176","5000","5000","1"
5906,"177","5000","5000","1"
5907,"178","5000","5000","1"
5908,"179","5000","5000","1"
5909,"179","5000","5000","1"
5910,"180","5000","5000","1"
5911,"181","5000","5000","1"
5912,"182","5000","5000","1"
5913,"183","5000","5000","1"
5914,"184","5000","5000","1"
5915,"185","5000","5000","1"
5916,"186","5000","5000","1"
5917,"186","5000","5000","1"
5918,"186","5000","5000","1"
5919,"187","5000","5000","1"
5920,"188","5000","5000","1"
5921,"189","5000","5000","1"
5922,"190","5000","5000","1"
5923,"191","5000","5000","1"
5924,"191","5000","5000","1"
5925,"191","5000","5000","1"
5926,"192","5000","5000","1"
5927,"193","5000","5000","1"
5928,"194","5000","5000","1"
5929,"194","5000","5000","1"
5930,"195","5000","5000","1"
5931,"196","5000","5000","1"
5932,"197","5000","5000","1"
5933,"198","5000","5000","1"
5934,"199","5000","5000","1"
5935,"199","5000","5000","1"
5936,"199","5000","5000","1"
5937,"199","5000","5000","1"
5938,"199","5000","5000","1"
5939,"199","5000","5000","1"
5940,"199","5000","5000","1"
5941,"200","5000","5000","1"
5942,"201","5000","5000","1"
5943,"202","5000","5000","1"
5944,"203","5000","5000","1"
5945,"204","5000","5000","1"
5946,"205","5000","5000","1"
5947,"205","5000","5000","1"
5948,"205","5000","5000","1"
5949,"206","5000","5000","1"
5950,"207","5000","5000","1"
5951,"208","5000","5000","1"
5952,"209","5000","5000","1"
5953,"210","5000","5000","1"
5954,"211","5000","5000","1"
5955,"212","5000","5000","1"
5956,"213","5000","5000","1"
5957,"214","5000","5000","1"
5958,"214","5000","5000","1"
5959,"215","5000","5000","1"
5960,"216","5000","5000","1"
5961,"217","5000","5000","1"
5962,"218","5000","5000","1"
5963,"219","5000","5000","1"
5964,"220","5000","5000","1"
5965,"221","5000","5000","1"
5966,"222","5000","5000","1"
5967,"222","5000","5000","1"
5968,"222","5000","5000","1"
5969,"223","5000","5000","1"
5970,"224","5000","5000","1"
5971,"225","5000","5000","1"
5972,"226","5000","5000","1"
5973,"227","5000","5000","1"
5974,"228","5000","5000","1"
5975,"229","5000","5000","1"
5976,"230","5000","5000","1"
5977,"231","5000","5000","1"
5978,"232","5000","5000","1"
5979,"233","5000","5000","1"
5980,"233","5000","5000","1"
5981,"233","5000","5000","1"
5982,"234","5000","5000","1"
5983,"235","5000","5000","1"
5984,"236","5000","5000","1"
5985,"237","5000","5000","1"
5986,"238","5000","5000","1"
5987,"239","5000","5000","1"
5988,"240","5000","5000","1"
5989,"241","5000","5000","1"
5990,"242","5000","5000","1"
5991,"243","5000","5000","1"
5992,"244","5000","5000","1"
5993,"245","5000","5000","1"
5994,"245","5000","5000","1"
5995,"246","5000","5000","1"
5996,"247","5000","5000","1"
5997,"248","5000","5000","1"
5998,"249","5000","5000","1"
5999,"250","5000","5000","1"
6000,"251","5000","5000","1"
6001,"252","5000","5000","1"
6002,"253","5000","5000","1"
6003,"254","5000","5000","1"
6004,"254","5000","5000","1"
6005,"255","5000","5000","1"
6006,"256","5000","5000","1"
6007,"256","5000","5000","1"
6008,"256","5000","5000","1"
6009,"256","5000","5000","1"
6010,"256","5000","5000","1"
6011,"256","5000","5000","1"
6012,"256","5000","5000","1"
6013,"256","5000","5000","1"
6014,"256","5000","5000","1"
6015,"256","5000","5000","1"
6016,"256","5000","5000","1"
6017,"256","5000","5000","1"
6018,"256","5000","5000","1"
6019,"256","5000","5000","1"
6020,"257","5000","5000","1"
6021,"258","5000","5000","1"
6022,"258","5000","5000","1"
6023,"258","5000","5000","1"
6024,"259","5000","5000","1"
6025,"260","5000","5000","1"
6026,"261","5000","5000","1"
6027,"262","5000","5000","1"
6028,"262","5000","5000","1"
6029,"262","5000","5000","1"
6030,"262","5000","5000","1"
6031,"262","5000","5000","1"
6032,"262","5000","5000","1"
6033,"262","5000","5000","1"
6034,"263","5000","5000","1"
6035,"264","5000","5000","1"
6036,"265","5000","5000","1"
6037,"266","5000","5000","1"
6038,"267","5000","5000","1"
6039,"268","5000","5000","1"
6040,"269","5000","5000","1"
6041,"270","5000","5000","1"
6042,"271","5000","5000","1"
6043,"272","5000","5000","1"
6044,"273","5000","5000","1"
6045,"274","5000","5000","1"
6046,"275","5000","5000","1"
6047,"276","5000","5000","1"
6048,"276","5000","5000","1"
6049,"276","5000","5000","1"
6050,"277","5000","5000","1"
6051,"278","5000","5000","1"
6052,"279","5000","5000","1"
6053,"280","5000","5000","1"
6054,"281","5000","5000","1"
6055,"282","5000","5000","1"
6056,"283","5000","5000","1"
6057,"284","5000","5000","1"
6058,"285","5000","5000","1"
6059,"286","5000","5000","1"
6060,"287","5000","5000","1"
6061,"287","5000","5000","1"
6062,"287","5000","5000","1"
6063,"287","5000","5000","1"
6064,"287","5000","5000","1"
6065,"287","5000","5000","1"
6066,"287","5000","5000","1"
6067,"287","5000","5000","1"
6068,"287","5000","5000","1"
6069,"287","5000","5000","1"
6070,"287","5000","5000","1"
6071,"287","5000","5000","1"
6072,"287","5000","5000","1"
6073,"287","5000","5000","1"
6074,"287","5000","5000","1"
6075,"287","5000","5000","1"
6076,"287","5000","5000","1"
6077,"287","5000","5000","1"
6078,"287","5000","5000","1"
6079,"287","5000","5000","1"
6080,"287","5000","5000","1"
6081,"287","5000","5000","1"
6082,"287","5000","5000","1"
6083,"287","5000","5000","1"
6084,"287","5000","5000","1"
6085,"287","5000","5000","1"
6086,"287","5000","5000","1"
6087,"288","5000","5000","1"
6088,"289","5000","5000","1"
6089,"289","5000","5000","1"
6090,"289","5000","5000","1"
6091,"289","5000","5000","1"
6092,"289","5000","5000","1"
6093,"289","5000","5000","1"
6094,"289","5000","5000","1"
6095,"289","5000","5000","1"
6096,"289","5000","5000","1"
6097,"289","5000","5000","1"
6098,"289","5000","5000","1"
6099,"289","5000","5000","1"
6100,"289","5000","5000","1"
6101,"289","5000","5000","1"
6102,"289","5000","5000","1"
6103,"289","5000","5000","1"
6104,"289","5000","5000","1"
6105,"289","5000","5000","1"
6106,"290","5000","5000","1"
6107,"290","5000","5000","1"
6108,"290","5000","5000","1"
6109,"290","5000","5000","1"
6110,"290","5000","5000","1"
6111,"290","5000","5000","1"
6112,"290","5000","5000","1"
6113,"290","5000","5000","1"
6114,"290","5000","5000","1"
6115,"290","5000","5000","1"
6116,"290","5000","5000","1"
6117,"290","5000","5000","1"
6118,"290","5000","5000","1"
6119,"291","5000","5000","1"
6120,"292","5000","5000","1"
6121,"293","5000","5000","1"
6122,"294","5000","5000","1"
6123,"294","5000","5000","1"
6124,"294","5000","5000","1"
6125,"294","5000","5000","1"
6126,"294","5000","5000","1"
6127,"294","5000","5000","1"
6128,"294","5000","5000","1"
6129,"295","5000","5000","1"
6130,"295","5000","5000","1"
6131,"296","5000","5000","1"
6132,"297","5000","5000","1"
6133,"298","5000","5000","1"
6134,"299","5000","5000","1"
6135,"299","5000","5000","1"
6136,"299","5000","5000","1"
6137,"300","5000","5000","1"
6138,"301","5000","5000","1"
6139,"302","5000","5000","1"
6140,"303","5000","5000","1"
6141,"303","5000","5000","1"
6142,"303","5000","5000","1"
6143,"303","5000","5000","1"
6144,"303","5000","5000","1"
6145,"303","5000","5000","1"
6146,"303","5000","5000","1"
6147,"303","5000","5000","1"
6148,"303","5000","5000","1"
6149,"303","5000","5000","1"
6150,"303","5000","5000","1"
6151,"303","5000","5000","1"
6152,"303","5000","5000","1"
6153,"303","5000","5000","1"
6154,"303","5000","5000","1"
6155,"303","5000","5000","1"
6156,"303","5000","5000","1"
6157,"303","5000","5000","1"
6158,"303","5000","5000","1"
6159,"303","5000","5000","1"
6160,"303","5000","5000","1"
6161,"303","5000","5000","1"
6162,"303","5000","5000","1"
6163,"303","5000","5000","1"
6164,"303","5000","5000","1"
6165,"303","5000","5000","1"
6166,"303","5000","5000","1"
6167,"303","5000","5000","1"
6168,"303","5000","5000","1"
6169,"303","5000","5000","1"
6170,"303","5000","5000","1"
6171,"303","5000","5000","1"
6172,"303","5000","5000","1"
6173,"303","5000","5000","1"
6174,"303","5000","5000","1"
6175,"303","5000","5000","1"
6176,"303","5000","5000","1"
6177,"303","5000","5000","1"
6178,"303","5000","5000","1"
6179,"303","5000","5000","1"
6180,"303","5000","5000","1"
6181,"303","5000","5000","1"
6182,"303","5000","5000","1"
6183,"304","5000","5000","1"
6184,"305","5000","5000","1"
6185,"306","5000","5000","1"
6186,"306","5000","5000","1"
6187,"307","5000","5000","1"
6188,"307","5000","5000","1"
6189,"307","5000","5000","1"
6190,"308","5000","5000","1"
6191,"309","5000","5000","1"
6192,"310","5000","5000","1"
6193,"310","5000","5000","1"
6194,"310","5000","5000","1"
6195,"310","5000","5000","1"
6196,"310","5000","5000","1"
6197,"310","5000","5000","1"
6198,"310","5000","5000","1"
6199,"310","5000","5000","1"
6200,"310","5000","5000","1"
6201,"310","5000","5000","1"
6202,"310","5000","5000","1"
6203,"310","5000","5000","1"
6204,"310","5000","5000","1"
6205,"310","5000","5000","1"
6206,"310","5000","5000","1"
6207,"310","5000","5000","1"
6208,"310","5000","5000","1"
6209,"310","5000","5000","1"
6210,"310","5000","5000","1"
6211,"310","5000","5000","1"
6212,"310","5000","5000","1"
6213,"310","5000","5000","1"
6214,"310","5000","5000","1"
6215,"310","5000","5000","1"
6216,"310","5000","5000","1"
6217,"310","5000","5000","1"
6218,"310","5000","5000","1"
6219,"310","5000","5000","1"
6220,"310","5000","5000","1"
6221,"310","5000","5000","1"
6222,"310","5000","5000","1"
6223,"310","5000","5000","1"
6224,"310","5000","5000","1"
6225,"310","5000","5000","1"
6226,"310","5000","5000","1"
6227,"310","5000","5000","1"
6228,"310","5000","5000","1"
6229,"310","5000","5000","1"
6230,"310","5000","5000","1"
6231,"310","5000","5000","1"
6232,"310","5000","5000","1"
6233,"310","5000","5000","1"
6234,"310","5000","5000","1"
6235,"310","5000","5000","1"
6236,"310","5000","5000","1"
6237,"310","5000","5000","1"
6238,"310","5000","5000","1"
6239,"311","5000","5000","1"
6240,"312","5000","5000","1"
6241,"313","5000","5000","1"
6242,"314","5000","5000","1"
6243,"315","5000","5000","1"
6244,"316","5000","5000","1"
6245,"317","5000","5000","1"
6246,"318","5000","5000","1"
6247,"319","5000","5000","1"
6248,"320","5000","5000","1"
6249,"321","5000","5000","1"
6250,"321","5000","5000","1"
6251,"321","5000","5000","1"
6252,"321","5000","5000","1"
6253,"321","5000","5000","1"
6254,"321","5000","5000","1"
6255,"321","5000","5000","1"
6256,"321","5000","5000","1"
6257,"321","5000","5000","1"
6258,"321","5000","5000","1"
6259,"321","5000","5000","1"
6260,"321","5000","5000","1"
6261,"321","5000","5000","1"
6262,"321","5000","5000","1"
6263,"321","5000","5000","1"
6264,"321","5000","5000","1"
6265,"321","5000","5000","1"
6266,"321","5000","5000","1"
6267,"321","5000","5000","1"
6268,"321","5000","5000","1"
6269,"321","5000","5000","1"
6270,"321","5000","5000","1"
6271,"321","5000","5000","1"
6272,"321","5000","5000","1"
6273,"321","5000","5000","1"
6274,"321","5000","5000","1"
6275,"321","5000","5000","1"
6276,"321","5000","5000","1"
6277,"321","5000","5000","1"
6278,"321","5000","5000","1"
6279,"321","5000","5000","1"
6280,"321","5000","5000","1"
6281,"321","5000","5000","1"
6282,"321","5000","5000","1"
6283,"321","5000","5000","1"
6284,"321","5000","5000","1"
6285,"321","5000","5000","1"
6286,"321","5000","5000","1"
6287,"321","5000","5000","1"
6288,"321","5000","5000","1"
6289,"321","5000","5000","1"
6290,"321","5000","5000","1"
6291,"321","5000","5000","1"
6292,"321","5000","5000","1"
6293,"321","5000","5000","1"
6294,"321","5000","5000","1"
6295,"321","5000","5000","1"
6296,"321","5000","5000","1"
6297,"321","5000","5000","1"
6298,"321","5000","5000","1"
6299,"321","5000","5000","1"
6300,"321","5000","5000","1"
6301,"321","5000","5000","1"
6302,"322","5000","5000","1"
6303,"323","5000","5000","1"
6304,"323","5000","5000","1"
6305,"324","5000","5000","1"
6306,"325","5000","5000","1"
6307,"326","5000","5000","1"
6308,"327","5000","5000","1"
6309,"328","5000","5000","1"
6310,"328","5000","5000","1"
6311,"328","5000","5000","1"
6312,"329","5000","5000","1"
6313,"330","5000","5000","1"
6314,"331","5000","5000","1"
6315,"331","5000","5000","1"
6316,"331","5000","5000","1"
6317,"331","5000","5000","1"
6318,"331","5000","5000","1"
6319,"331","5000","5000","1"
6320,"331","5000","5000","1"
6321,"331","5000","5000","1"
6322,"331","5000","5000","1"
6323,"331","5000","5000","1"
6324,"331","5000","5000","1"
6325,"331","5000","5000","1"
6326,"331","5000","5000","1"
6327,"331","5000","5000","1"
6328,"331","5000","5000","1"
6329,"331","5000","5000","1"
6330,"331","5000","5000","1"
6331,"331","5000","5000","1"
6332,"331","5000","5000","1"
6333,"331","5000","5000","1"
6334,"331","5000","5000","1"
6335,"331","5000","5000","1"
6336,"331","5000","5000","1"
6337,"331","5000","5000","1"
6338,"332","5000","5000","1"
6339,"333","5000","5000","1"
6340,"333","5000","5000","1"
6341,"333","5000","5000","1"
6342,"333","5000","5000","1"
6343,"334","5000","5000","1"
6344,"335","5000","5000","1"
6345,"336","5000","5000","1"
6346,"337","5000","5000","1"
6347,"338","5000","5000","1"
6348,"339","5000","5000","1"
6349,"340","5000","5000","1"
6350,"341","5000","5000","1"
6351,"341","5000","5000","1"
6352,"341","5000","5000","1"
6353,"341","5000","5000","1"
6354,"341","5000","5000","1"
6355,"341","5000","5000","1"
6356,"341","5000","5000","1"
6357,"341","5000","5000","1"
6358,"341","5000","5000","1"
6359,"341","5000","5000","1"
6360,"341","5000","5000","1"
6361,"341","5000","5000","1"
6362,"341","5000","5000","1"
6363,"341","5000","5000","1"
6364,"341","5000","5000","1"
6365,"341","5000","5000","1"
6366,"341","5000","5000","1"
6367,"341","5000","5000","1"
6368,"341","5000","5000","1"
6369,"341","5000","5000","1"
6370,"342","5000","5000","1"
6371,"342","5000","5000","1"
6372,"342","5000","5000","1"
6373,"342","5000","5000","1"
6374,"342","5000","5000","1"
6375,"342","5000","5000","1"
6376,"342","5000","5000","1"
6377,"342","5000","5000","1"
6378,"342","5000","5000","1"
6379,"342","5000","5000","1"
6380,"342","5000","5000","1"
6381,"342","5000","5000","1"
6382,"342","5000","5000","1"
6383,"342","5000","5000","1"
6384,"342","5000","5000","1"
6385,"342","5000","5000","1"
6386,"343","5000","5000","1"
6387,"344","5000","5000","1"
6388,"345","5000","5000","1"
6389,"346","5000","5000","1"
6390,"346","5000","5000","1"
6391,"346","5000","5000","1"
6392,"346","5000","5000","1"
6393,"346","5000","5000","1"
6394,"346","5000","5000","1"
6395,"347","5000","5000","1"
6396,"348","5000","5000","1"
6397,"349","5000","5000","1"
6398,"350","5000","5000","1"
6399,"351","5000","5000","1"
6400,"352","5000","5000","1"
6401,"353","5000","5000","1"
6402,"354","5000","5000","1"
6403,"354","5000","5000","1"
6404,"354","5000","5000","1"
6405,"355","5000","5000","1"
6406,"356","5000","5000","1"
6407,"357","5000","5000","1"
6408,"358","5000","5000","1"
6409,"358","5000","5000","1"
6410,"359","5000","5000","1"
6411,"359","5000","5000","1"
6412,"360","5000","5000","1"
6413,"361","5000","5000","1"
6414,"361","5000","5000","1"
6415,"361","5000","5000","1"
6416,"361","5000","5000","1"
6417,"361","5000","5000","1"
6418,"361","5000","5000","1"
6419,"361","5000","5000","1"
6420,"361","5000","5000","1"
6421,"361","5000","5000","1"
6422,"361","5000","5000","1"
6423,"361","5000","5000","1"
6424,"361","5000","5000","1"
6425,"361","5000","5000","1"
6426,"361","5000","5000","1"
6427,"361","5000","5000","1"
6428,"361","5000","5000","1"
6429,"361","5000","5000","1"
6430,"361","5000","5000","1"
6431,"361","5000","5000","1"
6432,"361","5000","5000","1"
6433,"361","5000","5000","1"
6434,"361","5000","5000","1"
6435,"362","5000","5000","1"
6436,"363","5000","5000","1"
6437,"364","5000","5000","1"
6438,"365","5000","5000","1"
6439,"366","5000","5000","1"
6440,"367","5000","5000","1"
6441,"368","5000","5000","1"
6442,"369","5000","5000","1"
6443,"370","5000","5000","1"
6444,"371","5000","5000","1"
6445,"372","5000","5000","1"
6446,"373","5000","5000","1"
6447,"374","5000","5000","1"
6448,"375","5000","5000","1"
6449,"376","5000","5000","1"
6450,"377","5000","5000","1"
6451,"378","5000","5000","1"
6452,"378","5000","5000","1"
6453,"379","5000","5000","1"
6454,"380","5000","5000","1"
6455,"380","5000","5000","1"
6456,"380","5000","5000","1"
6457,"380","5000","5000","1"
6458,"380","5000","5000","1"
6459,"380","5000","5000","1"
6460,"380","5000","5000","1"
6461,"380","5000","5000","1"
6462,"380","5000","5000","1"
6463,"381","5000","5000","1"
6464,"382","5000","5000","1"
6465,"383","5000","5000","1"
6466,"384","5000","5000","1"
6467,"385","5000","5000","1"
6468,"386","5000","5000","1"
6469,"387","5000","5000","1"
6470,"388","5000","5000","1"
6471,"389","5000","5000","1"
6472,"390","5000","5000","1"
6473,"391","5000","5000","1"
6474,"391","5000","5000","1"
6475,"391","5000","5000","1"
6476,"391","5000","5000","1"
6477,"391","5000","5000","1"
6478,"391","5000","5000","1"
6479,"391","5000","5000","1"
6480,"391","5000","5000","1"
6481,"391","5000","5000","1"
6482,"391","5000","5000","1"
6483,"392","5000","5000","1"
6484,"393","5000","5000","1"
6485,"394","5000","5000","1"
6486,"395","5000","5000","1"
6487,"396","5000","5000","1"
6488,"397","5000","5000","1"
6489,"398","5000","5000","1"
6490,"399","5000","5000","1"
6491,"400","5000","5000","1"
6492,"401","5000","5000","1"
6493,"402","5000","5000","1"
6494,"403","5000","5000","1"
6495,"404","5000","5000","1"
6496,"405","5000","5000","1"
6497,"406","5000","5000","1"
6498,"407","5000","5000","1"
6499,"407","5000","5000","1"
6500,"407","5000","5000","1"
6501,"407","5000","5000","1"
6502,"407","5000","5000","1"
6503,"407","5000","5000","1"
6504,"407","5000","5000","1"
6505,"407","5000","5000","1"
6506,"408","5000","5000","1"
6507,"409","5000","5000","1"
6508,"409","5000","5000","1"
6509,"409","5000","5000","1"
6510,"409","5000","5000","1"
6511,"409","5000","5000","1"
6512,"409","5000","5000","1"
6513,"410","5000","5000","1"
6514,"411","5000","5000","1"
6515,"412","5000","5000","1"
6516,"413","5000","5000","1"
6517,"414","5000","5000","1"
6518,"414","5000","5000","1"
6519,"415","5000","5000","1"
6520,"416","5000","5000","1"
6521,"417","5000","5000","1"
6522,"418","5000","5000","1"
6523,"418","5000","5000","1"
6524,"418","5000","5000","1"
6525,"418","5000","5000","1"
6526,"418","5000","5000","1"
6527,"418","5000","5000","1"
6528,"419","5000","5000","1"
6529,"420","5000","5000","1"
6530,"421","5000","5000","1"
6531,"422","5000","5000","1"
6532,"423","5000","5000","1"
6533,"424","5000","5000","1"
6534,"424","5000","5000","1"
6535,"424","5000","5000","1"
6536,"424","5000","5000","1"
6537,"424","5000","5000","1"
6538,"424","5000","5000","1"
6539,"424","5000","5000","1"
6540,"424","5000","5000","1"
6541,"425","5000","5000","1"
6542,"426","5000","5000","1"
6543,"426","5000","5000","1"
6544,"427","5000","5000","1"
6545,"428","5000","5000","1"
6546,"428","5000","5000","1"
6547,"428","5000","5000","1"
6548,"428","5000","5000","1"
6549,"428","5000","5000","1"
6550,"428","5000","5000","1"
6551,"428","5000","5000","1"
6552,"428","5000","5000","1"
6553,"428","5000","5000","1"
6554,"428","5000","5000","1"
6555,"429","5000","5000","1"
6556,"430","5000","5000","1"
6557,"430","5000","5000","1"
6558,"430","5000","5000","1"
6559,"430","5000","5000","1"
6560,"430","5000","5000","1"
6561,"431","5000","5000","1"
6562,"432","5000","5000","1"
6563,"433","5000","5000","1"
6564,"434","5000","5000","1"
6565,"434","5000","5000","1"
6566,"434","5000","5000","1"
6567,"435","5000","5000","1"
6568,"435","5000","5000","1"
6569,"435","5000","5000","1"
6570,"435","5000","5000","1"
6571,"435","5000","5000","1"
6572,"436","5000","5000","1"
6573,"437","5000","5000","1"
6574,"438","5000","5000","1"
6575,"439","5000","5000","1"
6576,"440","5000","5000","1"
6577,"441","5000","5000","1"
6578,"441","5000","5000","1"
6579,"441","5000","5000","1"
6580,"441","5000","5000","1"
6581,"441","5000","5000","1"
6582,"441","5000","5000","1"
6583,"441","5000","5000","1"
6584,"441","5000","5000","1"
6585,"442","5000","5000","1"
6586,"443","5000","5000","1"
6587,"444","5000","5000","1"
6588,"445","5000","5000","1"
6589,"446","5000","5000","1"
6590,"447","5000","5000","1"
6591,"448","5000","5000","1"
6592,"449","5000","5000","1"
6593,"450","5000","5000","1"
6594,"451","5000","5000","1"
6595,"452","5000","5000","1"
6596,"453","5000","5000","1"
6597,"453","5000","5000","1"
6598,"454","5000","5000","1"
6599,"455","5000","5000","1"
6600,"456","5000","5000","1"
6601,"457","5000","5000","1"
6602,"457","5000","5000","1"
6603,"457","5000","5000","1"
6604,"457","5000","5000","1"
6605,"457","5000","5000","1"
6606,"457","5000","5000","1"
6607,"457","5000","5000","1"
6608,"457","5000","5000","1"
6609,"457","5000","5000","1"
6610,"457","5000","5000","1"
6611,"457","5000","5000","1"
6612,"457","5000","5000","1"
6613,"457","5000","5000","1"
6614,"457","5000","5000","1"
6615,"457","5000","5000","1"
6616,"457","5000","5000","1"
6617,"457","5000","5000","1"
6618,"457","5000","5000","1"
6619,"458","5000","5000","1"
6620,"459","5000","5000","1"
6623,"460","5000","5000","1"
6624,"460","5000","5000","1"
6625,"460","5000","5000","1"
6626,"460","5000","5000","1"
6627,"460","5000","5000","1"
6628,"460","5000","5000","1"
6629,"460","5000","5000","1"
6630,"460","5000","5000","1"
6631,"460","5000","5000","1"
6632,"460","5000","5000","1"
6633,"460","5000","5000","1"
6634,"460","5000","5000","1"
6635,"460","5000","5000","1"
6636,"460","5000","5000","1"
6637,"460","5000","5000","1"
6638,"460","5000","5000","1"
6639,"460","5000","5000","1"
6640,"460","5000","5000","1"
6641,"460","5000","5000","1"
6642,"460","5000","5000","1"
6643,"461","5000","5000","1"
6644,"0","5000","5000","1"
6645,"0","5000","5000","1"
6646,"0","5000","5000","1"
6647,"0","5000","5000","1"
6648,"1","5000","5000","1"
6649,"2","5000","5000","1"
6650,"3","5000","5000","1"
6651,"4","5000","5000","1"
6652,"4","5000","5000","1"
6653,"5","5000","5000","1"
6654,"6","5000","5000","1"
6655,"7","5000","5000","1"
6656,"8","5000","5000","1"
6657,"9","5000","5000","1"
6658,"10","5000","5000","1"
6659,"11","5000","5000","1"
6660,"12","5000","5000","1"
6661,"13","5000","5000","1"
6662,"14","5000","5000","1"
6663,"14","5000","5000","1"
6664,"14","5000","5000","1"
6665,"14","5000","5000","1"
6666,"14","5000","5000","1"
6667,"14","5000","5000","1"
6668,"14","5000","5000","1"
6669,"14","5000","5000","1"
6670,"14","5000","5000","1"
6671,"14","5000","5000","1"
6672,"14","5000","5000","1"
6673,"14","5000","5000","1"
6674,"14","5000","5000","1"
6675,"14","5000","5000","1"
6676,"14","5000","5000","1"
6677,"14","5000","5000","1"
6678,"14","5000","5000","1"
6679,"14","5000","5000","1"
6680,"14","5000","5000","1"
6681,"14","5000","5000","1"
6682,"14","5000","5000","1"
6683,"14","5000","5000","1"
6684,"14","5000","5000","1"
6685,"14","5000","5000","1"
6686,"14","5000","5000","1"
6687,"14","5000","5000","1"
6688,"14","5000","5000","1"
6689,"14","5000","5000","1"
6690,"14","5000","5000","1"
6691,"14","5000","5000","1"
6692,"14","5000","5000","1"
6693,"14","5000","5000","1"
6694,"14","5000","5000","1"
6695,"14","5000","5000","1"
6696,"14","5000","5000","1"
6697,"14","5000","5000","1"
6698,"14","5000","5000","1"
6699,"14","5000","5000","1"
6700,"14","5000","5000","1"
6701,"14","5000","5000","1"
6702,"14","5000","5000","1"
6703,"14","5000","5000","1"
6704,"14","5000","5000","1"
6705,"14","5000","5000","1"
6706,"14","5000","5000","1"
6707,"14","5000","5000","1"
6708,"14","5000","5000","1"
6709,"14","5000","5000","1"
6710,"14","5000","5000","1"
6711,"14","5000","5000","1"
6712,"14","5000","5000","1"
6713,"14","5000","5000","1"
6714,"14","5000","5000","1"
6715,"14","5000","5000","1"
6716,"14","5000","5000","1"
6717,"14","5000","5000","1"
6718,"14","5000","5000","1"
6719,"14","5000","5000","1"
6720,"14","5000","5000","1"
6721,"14","5000","5000","1"
6722,"14","5000","5000","1"
6723,"14","5000","5000","1"
6724,"14","5000","5000","1"
6725,"14","5000","5000","1"
6726,"14","5000","5000","1"
6727,"14","5000","5000","1"
6728,"14","5000","5000","1"
6729,"14","5000","5000","1"
6730,"14","5000","5000","1"
6731,"14","5000","5000","1"
6732,"14","5000","5000","1"
6733,"14","5000","5000","1"
6734,"14","5000","5000","1"
6735,"14","5000","5000","1"
6736,"14","5000","5000","1"
6737,"14","5000","5000","1"
6738,"14","5000","5000","1"
6739,"14","5000","5000","1"
6740,"14","5000","5000","1"
6741,"14","5000","5000","1"
6742,"14","5000","5000","1"
6743,"14","5000","5000","1"
6744,"14","5000","5000","1"
6745,"14","5000","5000","1"
6746,"14","5000","5000","1"
6747,"14","5000","5000","1"
6748,"14","5000","5000","1"
6749,"14","5000","5000","1"
6750,"14","5000","5000","1"
6751,"14","5000","5000","1"
6752,"14","5000","5000","1"
6753,"14","5000","5000","1"
6754,"14","5000","5000","1"
6755,"14","5000","5000","1"
6756,"14","5000","5000","1"
6757,"14","5000","5000","1"
6758,"14","5000","5000","1"
6759,"14","5000","5000","1"
6760,"14","5000","5000","1"
6761,"14","5000","5000","1"
6762,"14","5000","5000","1"
6763,"14","5000","5000","1"
6764,"14","5000","5000","1"
6765,"14","5000","5000","1"
6766,"14","5000","5000","1"
6767,"14","5000","5000","1"
6768,"14","5000","5000","1"
6769,"14","5000","5000","1"
6770,"14","5000","5000","1"
6771,"14","5000","5000","1"
6772,"14","5000","5000","1"
6773,"14","5000","5000","1"
6774,"14","5000","5000","1"
6775,"14","5000","5000","1"
6776,"14","5000","5000","1"
6777,"14","5000","5000","1"
6778,"14","5000","5000","1"
6779,"14","5000","5000","1"
6780,"14","5000","5000","1"
6781,"14","5000","5000","1"
6782,"14","5000","5000","1"
6783,"14","5000","5000","1"
6784,"14","5000","5000","1"
6785,"14","5000","5000","1"
6786,"14","5000","5000","1"
6787,"14","5000","5000","1"
6788,"14","5000","5000","1"
6789,"14","5000","5000","1"
6790,"14","5000","5000","1"
6791,"14","5000","5000","1"
6792,"14","5000","5000","1"
6793,"14","5000","5000","1"
6794,"14","5000","5000","1"
6795,"14","5000","5000","1"
6796,"14","5000","5000","1"
6797,"14","5000","5000","1"
6798,"14","5000","5000","1"
6799,"14","5000","5000","1"
6800,"15","5000","5000","1"
6801,"16","5000","5000","1"
6802,"17","5000","5000","1"
6803,"18","5000","5000","1"
6804,"19","5000","5000","1"
6805,"20","5000","5000","1"
6806,"21","5000","5000","1"
6807,"22","5000","5000","1"
6808,"23","5000","5000","1"
6809,"24","5000","5000","1"
6810,"25","5000","5000","1"
6811,"26","5000","5000","1"
6812,"26","5000","5000","1"
6813,"27","5000","5000","1"
6814,"28","5000","5000","1"
6815,"29","5000","5000","1"
6816,"30","5000","5000","1"
6817,"30","5000","5000","1"
6818,"30","5000","5000","1"
6819,"30","5000","5000","1"
6820,"30","5000","5000","1"
6821,"30","5000","5000","1"
6822,"30","5000","5000","1"
6823,"30","5000","5000","1"
6824,"30","5000","5000","1"
6825,"30","5000","5000","1"
6826,"30","5000","5000","1"
6827,"30","5000","5000","1"
6828,"30","5000","5000","1"
6829,"30","5000","5000","1"
6830,"30","5000","5000","1"
6831,"30","5000","5000","1"
6832,"30","5000","5000","1"
6833,"31","5000","5000","1"
6834,"31","5000","5000","1"
6835,"32","5000","5000","1"
6836,"32","5000","5000","1"
6837,"33","5000","5000","1"
6838,"34","5000","5000","1"
6839,"35","5000","5000","1"
6840,"36","5000","5000","1"
6841,"36","5000","5000","1"
6842,"36","5000","5000","1"
6843,"36","5000","5000","1"
6844,"37","5000","5000","1"
6845,"38","5000","5000","1"
6846,"39","5000","5000","1"
6847,"40","5000","5000","1"
6848,"41","5000","5000","1"
6849,"42","5000","5000","1"
6850,"43","5000","5000","1"
6851,"44","5000","5000","1"
6852,"45","5000","5000","1"
6853,"46","5000","5000","1"
6854,"47","5000","5000","1"
6855,"48","5000","5000","1"
6856,"49","5000","5000","1"
6857,"50","5000","5000","1"
6858,"51","5000","5000","1"
6859,"52","5000","5000","1"
6860,"53","5000","5000","1"
6861,"54","5000","5000","1"
6862,"55","5000","5000","1"
6863,"55","5000","5000","1"
6864,"55","5000","5000","1"
6865,"55","5000","5000","1"
6866,"55","5000","5000","1"
6867,"55","5000","5000","1"
6868,"55","5000","5000","1"
6869,"55","5000","5000","1"
6870,"55","5000","5000","1"
6871,"55","5000","5000","1"
6872,"55","5000","5000","1"
6873,"56","5000","5000","1"
6874,"56","5000","5000","1"
6875,"56","5000","5000","1"
6876,"57","5000","5000","1"
6877,"58","5000","5000","1"
6878,"59","5000","5000","1"
6879,"60","5000","5000","1"
6880,"61","5000","5000","1"
6881,"62","5000","5000","1"
6882,"63","5000","5000","1"
6883,"64","5000","5000","1"
6884,"65","5000","5000","1"
6885,"66","5000","5000","1"
6886,"67","5000","5000","1"
6887,"67","5000","5000","1"
6888,"67","5000","5000","1"
6889,"67","5000","5000","1"
6890,"67","5000","5000","1"
6891,"67","5000","5000","1"
6892,"67","5000","5000","1"
6893,"67","5000","5000","1"
6894,"67","5000","5000","1"
6895,"67","5000","5000","1"
6896,"67","5000","5000","1"
6897,"67","5000","5000","1"
6898,"67","5000","5000","1"
6899,"67","5000","5000","1"
6900,"67","5000","5000","1"
6901,"67","5000","5000","1"
6902,"67","5000","5000","1"
6903,"67","5000","5000","1"
6904,"67","5000","5000","1"
6905,"67","5000","5000","1"
6906,"67","5000","5000","1"
6907,"67","5000","5000","1"
6908,"67","5000","5000","1"
6909,"67","5000","5000","1"
6910,"67","5000","5000","1"
6911,"67","5000","5000","1"
6912,"67","5000","5000","1"
6913,"67","5000","5000","1"
6914,"67","5000","5000","1"
6915,"67","5000","5000","1"
6916,"67","5000","5000","1"
6917,"67","5000","5000","1"
6918,"67","5000","5000","1"
6919,"67","5000","5000","1"
6920,"67","5000","5000","1"
6921,"67","5000","5000","1"
6922,"67","5000","5000","1"
6923,"67","5000","5000","1"
6924,"67","5000","5000","1"
6925,"67","5000","5000","1"
6926,"67","5000","5000","1"
6927,"67","5000","5000","1"
6928,"67","5000","5000","1"
6929,"67","5000","5000","1"
6930,"67","5000","5000","1"
6931,"67","5000","5000","1"
6932,"67","5000","5000","1"
6933,"67","5000","5000","1"
6934,"67","5000","5000","1"
6935,"67","5000","5000","1"
6936,"67","5000","5000","1"
6937,"67","5000","5000","1"
6938,"67","5000","5000","1"
6939,"67","5000","5000","1"
6940,"67","5000","5000","1"
6941,"67","5000","5000","1"
6942,"67","5000","5000","1"
6943,"67","5000","5000","1"
6944,"67","5000","5000","1"
6945,"67","5000","5000","1"
6946,"67","5000","5000","1"
6947,"67","5000","5000","1"
6948,"67","5000","5000","1"
6949,"67","5000","5000","1"
6950,"67","5000","5000","1"
6951,"67","5000","5000","1"
6952,"67","5000","5000","1"
6953,"67","5000","5000","1"
6954,"67","5000","5000","1"
6955,"67","5000","5000","1"
6956,"67","5000","5000","1"
6957,"67","5000","5000","1"
6958,"67","5000","5000","1"
6959,"67","5000","5000","1"
6960,"67","5000","5000","1"
6961,"67","5000","5000","1"
6962,"67","5000","5000","1"
6963,"67","5000","5000","1"
6964,"68","5000","5000","1"
6965,"69","5000","5000","1"
6966,"70","5000","5000","1"
6967,"71","5000","5000","1"
6968,"72","5000","5000","1"
6969,"73","5000","5000","1"
6970,"74","5000","5000","1"
6971,"75","5000","5000","1"
6972,"76","5000","5000","1"
6973,"76","5000","5000","1"
6974,"76","5000","5000","1"
6975,"76","5000","5000","1"
6976,"76","5000","5000","1"
6977,"76","5000","5000","1"
6978,"76","5000","5000","1"
6979,"76","5000","5000","1"
6980,"76","5000","5000","1"
6981,"76","5000","5000","1"
6982,"77","5000","5000","1"
6983,"77","5000","5000","1"
6984,"77","5000","5000","1"
6985,"78","5000","5000","1"
6986,"79","5000","5000","1"
6987,"80","5000","5000","1"
6988,"81","5000","5000","1"
6989,"82","5000","5000","1"
6990,"83","5000","5000","1"
6991,"84","5000","5000","1"
6992,"85","5000","5000","1"
6993,"86","5000","5000","1"
6994,"87","5000","5000","1"
6995,"87","5000","5000","1"
6996,"87","5000","5000","1"
6997,"87","5000","5000","1"
6998,"87","5000","5000","1"
6999,"87","5000","5000","1"
7000,"87","5000","5000","1"
7001,"87","5000","5000","1"
7002,"88","5000","5000","1"
7003,"89","5000","5000","1"
7004,"90","5000","5000","1"
7005,"91","5000","5000","1"
7006,"92","5000","5000","1"
7007,"93","5000","5000","1"
7008,"93","5000","5000","1"
7009,"93","5000","5000","1"
7010,"93","5000","5000","1"
7011,"93","5000","5000","1"
7012,"93","5000","5000","1"
7013,"94","5000","5000","1"
7014,"95","5000","5000","1"
7015,"96","5000","5000","1"
7016,"97","5000","5000","1"
7017,"98","5000","5000","1"
7018,"99","5000","5000","1"
7019,"99","5000","5000","1"
7020,"100","5000","5000","1"
7021,"101","5000","5000","1"
7022,"102","5000","5000","1"
7023,"103","5000","5000","1"
7024,"104","5000","5000","1"
7025,"105","5000","5000","1"
7026,"106","5000","5000","1"
7027,"107","5000","5000","1"
7028,"108","5000","5000","1"
7029,"109","5000","5000","1"
7030,"109","5000","5000","1"
7031,"109","5000","5000","1"
7032,"109","5000","5000","1"
7033,"110","5000","5000","1"
7034,"111","5000","5000","1"
7035,"112","5000","5000","1"
7036,"113","5000","5000","1"
7037,"114","5000","5000","1"
7038,"115","5000","5000","1"
7039,"116","5000","5000","1"
7040,"117","5000","5000","1"
7041,"118","5000","5000","1"
7042,"119","5000","5000","1"
7043,"120","5000","5000","1"
7044,"121","5000","5000","1"
7045,"122","5000","5000","1"
7046,"123","5000","5000","1"
7047,"124","5000","5000","1"
7048,"125","5000","5000","1"
7049,"126","5000","5000","1"
7050,"127","5000","5000","1"
7051,"128","5000","5000","1"
7052,"129","5000","5000","1"
7053,"130","5000","5000","1"
7054,"131","5000","5000","1"
7055,"132","5000","5000","1"
7056,"133","5000","5000","1"
7057,"133","5000","5000","1"
7058,"133","5000","5000","1"
7059,"133","5000","5000","1"
7060,"133","5000","5000","1"
7061,"133","5000","5000","1"
7062,"133","5000","5000","1"
7063,"133","5000","5000","1"
7064,"134","5000","5000","1"
7065,"135","5000","5000","1"
7066,"136","5000","5000","1"
7067,"137","5000","5000","1"
7068,"138","5000","5000","1"
7069,"139","5000","5000","1"
7071,"140","5000","5000","1"
7072,"140","5000","5000","1"
7073,"140","5000","5000","1"
7074,"141","5000","5000","1"
7075,"142","5000","5000","1"
7076,"143","5000","5000","1"
7077,"144","5000","5000","1"
7078,"145","5000","5000","1"
7079,"146","5000","5000","1"
7080,"146","5000","5000","1"
7081,"146","5000","5000","1"
7082,"146","5000","5000","1"
7083,"147","5000","5000","1"
7084,"148","5000","5000","1"
7085,"149","5000","5000","1"
7086,"150","5000","5000","1"
7087,"151","5000","5000","1"
7088,"152","5000","5000","1"
7089,"153","5000","5000","1"
7090,"154","5000","5000","1"
7091,"155","5000","5000","1"
7092,"156","5000","5000","1"
7093,"157","5000","5000","1"
7094,"158","5000","5000","1"
7095,"159","5000","5000","1"
7096,"160","5000","5000","1"
7097,"161","5000","5000","1"
7098,"162","5000","5000","1"
7099,"163","5000","5000","1"
7100,"164","5000","5000","1"
7101,"165","5000","5000","1"
7102,"166","5000","5000","1"
7103,"166","5000","5000","1"
7104,"166","5000","5000","1"
7105,"166","5000","5000","1"
7106,"166","5000","5000","1"
7107,"166","5000","5000","1"
7108,"167","5000","5000","1"
7109,"168","5000","5000","1"
7110,"169","5000","5000","1"
7111,"170","5000","5000","1"
7112,"171","5000","5000","1"
7113,"172","5000","5000","1"
7114,"173","5000","5000","1"
7115,"174","5000","5000","1"
7116,"175","5000","5000","1"
7117,"176","5000","5000","1"
7118,"177","5000","5000","1"
7119,"178","5000","5000","1"
7120,"179","5000","5000","1"
7121,"180","5000","5000","1"
7122,"181","5000","5000","1"
7123,"182","5000","5000","1"
7124,"183","5000","5000","1"
7125,"184","5000","5000","1"
7126,"184","5000","5000","1"
7127,"184","5000","5000","1"
7128,"184","5000","5000","1"
7129,"185","5000","5000","1"
7130,"186","5000","5000","1"
7131,"187","5000","5000","1"
7132,"188","5000","5000","1"
7133,"189","5000","5000","1"
7134,"190","5000","5000","1"
7135,"191","5000","5000","1"
7136,"192","5000","5000","1"
7137,"193","5000","5000","1"
7138,"194","5000","5000","1"
7139,"195","5000","5000","1"
7140,"195","5000","5000","1"
7141,"195","5000","5000","1"
7142,"195","5000","5000","1"
7143,"196","5000","5000","1"
7144,"197","5000","5000","1"
7145,"198","5000","5000","1"
7146,"199","5000","5000","1"
7147,"200","5000","5000","1"
7148,"201","5000","5000","1"
7149,"202","5000","5000","1"
7150,"203","5000","5000","1"
7151,"204","5000","5000","1"
7152,"205","5000","5000","1"
7153,"206","5000","5000","1"
7154,"207","5000","5000","1"
7155,"208","5000","5000","1"
7156,"209","5000","5000","1"
7157,"210","5000","5000","1"
7158,"211","5000","5000","1"
7159,"212","5000","5000","1"
7160,"213","5000","5000","1"
7161,"214","5000","5000","1"
7162,"215","5000","5000","1"
7163,"216","5000","5000","1"
7164,"216","5000","5000","1"
7165,"216","5000","5000","1"
7166,"216","5000","5000","1"
7167,"216","5000","5000","1"
7168,"216","5000","5000","1"
7169,"216","5000","5000","1"
7170,"216","5000","5000","1"
7171,"216","5000","5000","1"
7172,"216","5000","5000","1"
7173,"216","5000","5000","1"
7174,"216","5000","5000","1"
7175,"216","5000","5000","1"
7176,"216","5000","5000","1"
7177,"216","5000","5000","1"
7178,"216","5000","5000","1"
7179,"216","5000","5000","1"
7180,"216","5000","5000","1"
7181,"216","5000","5000","1"
7182,"216","5000","5000","1"
7189,"216","5000","5000","1"
7190,"216","5000","5000","1"
7191,"216","5000","5000","1"
7192,"216","5000","5000","1"
7193,"216","5000","5000","1"
7194,"216","5000","5000","1"
7195,"216","5000","5000","1"
7196,"216","5000","5000","1"
7197,"216","5000","5000","1"
7198,"216","5000","5000","1"
7199,"216","5000","5000","1"
7200,"217","5000","5000","1"
7201,"218","5000","5000","1"
7202,"219","5000","5000","1"
7203,"220","5000","5000","1"
7204,"220","5000","5000","1"
7205,"220","5000","5000","1"
7206,"220","5000","5000","1"
7207,"220","5000","5000","1"
7208,"220","5000","5000","1"
7209,"220","5000","5000","1"
7210,"220","5000","5000","1"
7211,"220","5000","5000","1"
7212,"220","5000","5000","1"
7213,"220","5000","5000","1"
7214,"221","5000","5000","1"
7215,"222","5000","5000","1"
7216,"223","5000","5000","1"
7217,"224","5000","5000","1"
7218,"224","5000","5000","1"
7219,"225","5000","5000","1"
7220,"226","5000","5000","1"
7221,"227","5000","5000","1"
7222,"228","5000","5000","1"
7223,"229","5000","5000","1"
7224,"230","5000","5000","1"
7225,"231","5000","5000","1"
7226,"231","5000","5000","1"
7227,"231","5000","5000","1"
7228,"231","5000","5000","1"
7229,"231","5000","5000","1"
7230,"231","5000","5000","1"
7231,"231","5000","5000","1"
7232,"232","5000","5000","1"
7233,"233","5000","5000","1"
7234,"234","5000","5000","1"
7235,"234","5000","5000","1"
7236,"235","5000","5000","1"
7237,"235","5000","5000","1"
7238,"235","5000","5000","1"
7239,"235","5000","5000","1"
7240,"236","5000","5000","1"
7241,"237","5000","5000","1"
7242,"238","5000","5000","1"
7243,"239","5000","5000","1"
7244,"240","5000","5000","1"
7245,"241","5000","5000","1"
7246,"242","5000","5000","1"
7247,"243","5000","5000","1"
7248,"243","5000","5000","1"
7249,"243","5000","5000","1"
7250,"243","5000","5000","1"
7251,"243","5000","5000","1"
7252,"243","5000","5000","1"
7253,"243","5000","5000","1"
7254,"243","5000","5000","1"
7255,"243","5000","5000","1"
7256,"243","5000","5000","1"
7257,"243","5000","5000","1"
7258,"243","5000","5000","1"
7259,"244","5000","5000","1"
7260,"245","5000","5000","1"
7261,"246","5000","5000","1"
7262,"246","5000","5000","1"
7263,"246","5000","5000","1"
7264,"246","5000","5000","1"
7265,"246","5000","5000","1"
7266,"246","5000","5000","1"
7267,"246","5000","5000","1"
7268,"246","5000","5000","1"
7269,"247","5000","5000","1"
7270,"248","5000","5000","1"
7271,"248","5000","5000","1"
7272,"249","5000","5000","1"
7273,"250","5000","5000","1"
7274,"251","5000","5000","1"
7275,"252","5000","5000","1"
7276,"252","5000","5000","1"
7277,"252","5000","5000","1"
7278,"253","5000","5000","1"
7279,"254","5000","5000","1"
7280,"254","5000","5000","1"
7281,"255","5000","5000","1"
7282,"255","5000","5000","1"
7283,"255","5000","5000","1"
7284,"255","5000","5000","1"
7285,"255","5000","5000","1"
7286,"255","5000","5000","1"
7287,"255","5000","5000","1"
7288,"255","5000","5000","1"
7289,"255","5000","5000","1"
7290,"255","5000","5000","1"
7291,"255","5000","5000","1"
7292,"255","5000","5000","1"
7293,"255","5000","5000","1"
7294,"255","5000","5000","1"
7295,"255","5000","5000","1"
7296,"256","5000","5000","1"
7297,"257","5000","5000","1"
7298,"257","5000","5000","1"
7299,"257","5000","5000","1"
7300,"258","5000","5000","1"
7301,"259","5000","5000","1"
7302,"260","5000","5000","1"
7303,"260","5000","5000","1"
7304,"260","5000","5000","1"
7305,"261","5000","5000","1"
7306,"262","5000","5000","1"
7307,"263","5000","5000","1"
7308,"264","5000","5000","1"
7309,"265","5000","5000","1"
7310,"266","5000","5000","1"
7311,"267","5000","5000","1"
7312,"268","5000","5000","1"
7313,"269","5000","5000","1"
7314,"270","5000","5000","1"
7315,"270","5000","5000","1"
7316,"270","5000","5000","1"
7317,"271","5000","5000","1"
7318,"272","5000","5000","1"
7319,"273","5000","5000","1"
7320,"273","5000","5000","1"
7321,"273","5000","5000","1"
7322,"273","5000","5000","1"
7323,"273","5000","5000","1"
7324,"273","5000","5000","1"
7325,"273","5000","5000","1"
7326,"273","5000","5000","1"
7327,"274","5000","5000","1"
7328,"275","5000","5000","1"
7329,"276","5000","5000","1"
7330,"277","5000","5000","1"
7331,"278","5000","5000","1"
7332,"279","5000","5000","1"
7333,"280","5000","5000","1"
7334,"281","5000","5000","1"
7335,"282","5000","5000","1"
7336,"283","5000","5000","1"
7337,"284","5000","5000","1"
7338,"285","5000","5000","1"
7339,"286","5000","5000","1"
7340,"286","5000","5000","1"
7341,"287","5000","5000","1"
7342,"288","5000","5000","1"
7343,"289","5000","5000","1"
7344,"290","5000","5000","1"
7345,"291","5000","5000","1"
7346,"292","5000","5000","1"
7347,"293","5000","5000","1"
7348,"293","5000","5000","1"
7349,"293","5000","5000","1"
7350,"293","5000","5000","1"
7351,"294","5000","5000","1"
7352,"295","5000","5000","1"
7353,"296","5000","5000","1"
7354,"297","5000","5000","1"
7355,"298","5000","5000","1"
7356,"299","5000","5000","1"
7357,"300","5000","5000","1"
7358,"301","5000","5000","1"
7359,"302","5000","5000","1"
7360,"303","5000","5000","1"
7361,"304","5000","5000","1"
7362,"305","5000","5000","1"
7363,"306","5000","5000","1"
7364,"307","5000","5000","1"
7365,"308","5000","5000","1"
7366,"309","5000","5000","1"
7367,"310","5000","5000","1"
7368,"311","5000","5000","1"
7369,"312","5000","5000","1"
7370,"313","5000","5000","1"
7371,"314","5000","5000","1"
7372,"315","5000","5000","1"
7373,"316","5000","5000","1"
7374,"317","5000","5000","1"
7375,"318","5000","5000","1"
7376,"319","5000","5000","1"
7377,"319","5000","5000","1"
7378,"319","5000","5000","1"
7379,"319","5000","5000","1"
7380,"320","5000","5000","1"
7381,"321","5000","5000","1"
7382,"322","5000","5000","1"
7383,"323","5000","5000","1"
7384,"324","5000","5000","1"
7385,"325","5000","5000","1"
7386,"326","5000","5000","1"
7387,"327","5000","5000","1"
7388,"328","5000","5000","1"
7389,"329","5000","5000","1"
7390,"330","5000","5000","1"
7391,"331","5000","5000","1"
7392,"332","5000","5000","1"
7393,"333","5000","5000","1"
7394,"334","5000","5000","1"
7395,"335","5000","5000","1"
7396,"336","5000","5000","1"
7397,"337","5000","5000","1"
7398,"338","5000","5000","1"
7399,"339","5000","5000","1"
7400,"340","5000","5000","1"
7401,"341","5000","5000","1"
7402,"342","5000","5000","1"
7403,"343","5000","5000","1"
7404,"344","5000","5000","1"
7405,"345","5000","5000","1"
7406,"346","5000","5000","1"
7407,"347","5000","5000","1"
7408,"348","5000","5000","1"
7409,"349","5000","5000","1"
7410,"349","5000","5000","1"
7411,"349","5000","5000","1"
7412,"349","5000","5000","1"
7413,"350","5000","5000","1"
7414,"351","5000","5000","1"
7415,"352","5000","5000","1"
7416,"353","5000","5000","1"
7417,"354","5000","5000","1"
7418,"355","5000","5000","1"
7419,"356","5000","5000","1"
7420,"357","5000","5000","1"
7421,"358","5000","5000","1"
7422,"359","5000","5000","1"
7423,"360","5000","5000","1"
7424,"361","5000","5000","1"
7425,"362","5000","5000","1"
7426,"363","5000","5000","1"
7427,"364","5000","5000","1"
7428,"365","5000","5000","1"
7429,"366","5000","5000","1"
7430,"367","5000","5000","1"
7431,"368","5000","5000","1"
7432,"369","5000","5000","1"
7433,"370","5000","5000","1"
7434,"371","5000","5000","1"
7435,"372","5000","5000","1"
7436,"372","5000","5000","1"
7437,"372","5000","5000","1"
7438,"372","5000","5000","1"
7439,"373","5000","5000","1"
7440,"374","5000","5000","1"
7441,"375","5000","5000","1"
7442,"376","5000","5000","1"
7443,"377","5000","5000","1"
7444,"378","5000","5000","1"
7445,"379","5000","5000","1"
7446,"380","5000","5000","1"
7447,"381","5000","5000","1"
7448,"382","5000","5000","1"
7449,"383","5000","5000","1"
7450,"384","5000","5000","1"
7451,"385","5000","5000","1"
7452,"386","5000","5000","1"
7453,"387","5000","5000","1"
7454,"388","5000","5000","1"
7455,"389","5000","5000","1"
7456,"390","5000","5000","1"
7457,"391","5000","5000","1"
7458,"392","5000","5000","1"
7459,"392","5000","5000","1"
7460,"392","5000","5000","1"
7461,"392","5000","5000","1"
7462,"392","5000","5000","1"
7463,"393","5000","5000","1"
7464,"394","5000","5000","1"
7465,"395","5000","5000","1"
7466,"396","5000","5000","1"
7467,"397","5000","5000","1"
7468,"398","5000","5000","1"
7469,"399","5000","5000","1"
7470,"400","5000","5000","1"
7471,"401","5000","5000","1"
7472,"402","5000","5000","1"
7473,"403","5000","5000","1"
7474,"404","5000","5000","1"
7475,"405","5000","5000","1"
7476,"406","5000","5000","1"
7477,"407","5000","5000","1"
7478,"408","5000","5000","1"
7479,"409","5000","5000","1"
7480,"410","5000","5000","1"
7481,"411","5000","5000","1"
7482,"412","5000","5000","1"
7483,"413","5000","5000","1"
7484,"414","5000","5000","1"
7485,"415","5000","5000","1"
7486,"416","5000","5000","1"
7487,"417","5000","5000","1"
7488,"418","5000","5000","1"
7489,"419","5000","5000","1"
7490,"420","5000","5000","1"
7491,"421","5000","5000","1"
7492,"421","5000","5000","1"
7493,"421","5000","5000","1"
7494,"421","5000","5000","1"
7495,"421","5000","5000","1"
7496,"422","5000","5000","1"
7497,"423","5000","5000","1"
7498,"424","5000","5000","1"
7499,"425","5000","5000","1"
7500,"426","5000","5000","1"
7501,"427","5000","5000","1"
7502,"428","5000","5000","1"
7503,"429","5000","5000","1"
7504,"429","5000","5000","1"
7505,"429","5000","5000","1"
7506,"430","5000","5000","1"
7507,"431","5000","5000","1"
7508,"432","5000","5000","1"
7509,"433","5000","5000","1"
7510,"433","5000","5000","1"
7511,"433","5000","5000","1"
7512,"433","5000","5000","1"
7513,"434","5000","5000","1"
7514,"435","5000","5000","1"
7515,"436","5000","5000","1"
7516,"437","5000","5000","1"
7517,"438","5000","5000","1"
7518,"439","5000","5000","1"
7519,"440","5000","5000","1"
7520,"441","5000","5000","1"
7521,"442","5000","5000","1"
7522,"442","5000","5000","1"
7523,"443","5000","5000","1"
7524,"444","5000","5000","1"
7525,"445","5000","5000","1"
7526,"446","5000","5000","1"
7527,"447","5000","5000","1"
7528,"448","5000","5000","1"
7529,"449","5000","5000","1"
7530,"449","5000","5000","1"
7531,"449","5000","5000","1"
7532,"449","5000","5000","1"
7533,"449","5000","5000","1"
7534,"449","5000","5000","1"
7535,"450","5000","5000","1"
7536,"451","5000","5000","1"
7537,"452","5000","5000","1"
7538,"453","5000","5000","1"
7539,"454","5000","5000","1"
7540,"455","5000","5000","1"
7541,"456","5000","5000","1"
7542,"457","5000","5000","1"
7543,"458","5000","5000","1"
7544,"459","5000","5000","1"
7545,"460","5000","5000","1"
7546,"460","5000","5000","1"
7547,"461","5000","5000","1"
7548,"462","5000","5000","1"
7549,"462","5000","5000","1"
7550,"462","5000","5000","1"
7551,"462","5000","5000","1"
7552,"462","5000","5000","1"
7553,"463","5000","5000","1"
7554,"464","5000","5000","1"
7555,"464","5000","5000","1"
7556,"464","5000","5000","1"
7557,"465","5000","5000","1"
7558,"466","5000","5000","1"
7559,"467","5000","5000","1"
7560,"468","5000","5000","1"
7561,"469","5000","5000","1"
7562,"470","5000","5000","1"
7563,"471","5000","5000","1"
7564,"472","5000","5000","1"
7565,"473","5000","5000","1"
7566,"474","5000","5000","1"
7567,"475","5000","5000","1"
7568,"476","5000","5000","1"
7569,"477","5000","5000","1"
7570,"478","5000","5000","1"
7571,"478","5000","5000","1"
7572,"479","5000","5000","1"
7573,"479","5000","5000","1"
7574,"479","5000","5000","1"
7575,"480","5000","5000","1"
7576,"481","5000","5000","1"
7577,"481","5000","5000","1"
7578,"482","5000","5000","1"
7579,"483","5000","5000","1"
7580,"484","5000","5000","1"
7581,"485","5000","5000","1"
7582,"486","5000","5000","1"
7583,"487","5000","5000","1"
7584,"488","5000","5000","1"
7585,"489","5000","5000","1"
7586,"490","5000","5000","1"
7587,"490","5000","5000","1"
7588,"490","5000","5000","1"
7589,"490","5000","5000","1"
7590,"490","5000","5000","1"
7591,"490","5000","5000","1"
7592,"490","5000","5000","1"
7593,"490","5000","5000","1"
7594,"490","5000","5000","1"
7595,"490","5000","5000","1"
7596,"491","5000","5000","1"
7597,"492","5000","5000","1"
7598,"493","5000","5000","1"
7599,"494","5000","5000","1"
7600,"495","5000","5000","1"
7601,"496","5000","5000","1"
7602,"497","5000","5000","1"
7603,"498","5000","5000","1"
7604,"499","5000","5000","1"
7605,"500","5000","5000","1"
7606,"501","5000","5000","1"
7607,"502","5000","5000","1"
7608,"503","5000","5000","1"
7609,"504","5000","5000","1"
7610,"505","5000","5000","1"
7611,"506","5000","5000","1"
7612,"507","5000","5000","1"
7613,"508","5000","5000","1"
7614,"509","5000","5000","1"
7615,"510","5000","5000","1"
7616,"511","5000","5000","1"
7617,"511","5000","5000","1"
7618,"511","5000","5000","1"
7619,"511","5000","5000","1"
7620,"512","5000","5000","1"
7621,"513","5000","5000","1"
7622,"514","5000","5000","1"
7623,"515","5000","5000","1"
7624,"516","5000","5000","1"
7625,"517","5000","5000","1"
7626,"518","5000","5000","1"
7627,"519","5000","5000","1"
7628,"520","5000","5000","1"
7629,"521","5000","5000","1"
7630,"522","5000","5000","1"
7631,"523","5000","5000","1"
7632,"524","5000","5000","1"
7633,"525","5000","5000","1"
7634,"526","5000","5000","1"
7635,"527","5000","5000","1"
7636,"528","5000","5000","1"
7637,"529","5000","5000","1"
7638,"530","5000","5000","1"
7639,"531","5000","5000","1"
7640,"532","5000","5000","1"
7641,"533","5000","5000","1"
7642,"534","5000","5000","1"
7643,"534","5000","5000","1"
7644,"534","5000","5000","1"
7645,"535","5000","5000","1"
7646,"536","5000","5000","1"
7647,"536","5000","5000","1"
7648,"536","5000","5000","1"
7649,"536","5000","5000","1"
7650,"536","5000","5000","1"
7651,"536","5000","5000","1"
7652,"537","5000","5000","1"
7653,"538","5000","5000","1"
7654,"539","5000","5000","1"
7655,"540","5000","5000","1"
7656,"540","5000","5000","1"
7657,"540","5000","5000","1"
7658,"540","5000","5000","1"
7659,"541","5000","5000","1"
7660,"542","5000","5000","1"
7661,"543","5000","5000","1"
7662,"544","5000","5000","1"
7663,"545","5000","5000","1"
7664,"546","5000","5000","1"
7665,"547","5000","5000","1"
7666,"548","5000","5000","1"
7667,"549","5000","5000","1"
7668,"550","5000","5000","1"
7669,"551","5000","5000","1"
7670,"552","5000","5000","1"
7671,"553","5000","5000","1"
7672,"554","5000","5000","1"
7673,"555","5000","5000","1"
7674,"556","5000","5000","1"
7675,"557","5000","5000","1"
7676,"558","5000","5000","1"
7677,"558","5000","5000","1"
7678,"559","5000","5000","1"
7679,"560","5000","5000","1"
7680,"561","5000","5000","1"
7681,"562","5000","5000","1"
7682,"563","5000","5000","1"
7683,"563","5000","5000","1"
7684,"563","5000","5000","1"
7685,"563","5000","5000","1"
7686,"563","5000","5000","1"
7687,"564","5000","5000","1"
7688,"565","5000","5000","1"
7689,"566","5000","5000","1"
7690,"567","5000","5000","1"
7691,"568","5000","5000","1"
7692,"569","5000","5000","1"
7693,"570","5000","5000","1"
7694,"571","5000","5000","1"
7695,"572","5000","5000","1"
7697,"573","5000","0","1"
7698,"573","5000","0","1"
7699,"573","5000","0","1"
7700,"573","5000","0","1"
7701,"573","5000","0","1"
7702,"573","5000","0","1"
7703,"573","5000","0","1"
7704,"573","5000","0","1"
7705,"573","5000","0","1"
7706,"573","5000","0","1"
7707,"574","5000","1","1"
7708,"574","5000","1","1"
7709,"574","5000","1","1"
7710,"574","5000","1","1"
7711,"575","5000","2","1"
7712,"575","5000","2","1"
7713,"575","5000","2","1"
7714,"575","5000","2","1"
7715,"575","5000","2","1"
7716,"576","5000","3","1"
7717,"576","5000","3","1"
7718,"576","5000","3","1"
7719,"576","5000","3","1"
7720,"577","5000","4","1"
7721,"578","5000","5","1"
7722,"579","5000","6","1"
7723,"580","5000","7","1"
7724,"580","5000","7","1"
7725,"581","5000","8","1"
7726,"582","5000","9","1"
7727,"582","5000","9","1"
7728,"582","5000","9","1"
7729,"582","5000","9","1"
7730,"583","5000","10","1"
7731,"584","5000","11","1"
7732,"585","5000","12","1"
7733,"586","5000","13","1"
7734,"587","5000","14","1"
7735,"588","5000","15","1"
7736,"589","5000","16","1"
7737,"590","5000","17","1"
7738,"591","5000","18","1"
7739,"592","5000","19","1"
7740,"593","5000","20","1"
7741,"594","5000","21","1"
7742,"595","5000","22","1"
7743,"595","5000","22","1"
7744,"595","5000","22","1"
7745,"595","5000","22","1"
7746,"595","5000","22","1"
7747,"595","5000","22","1"
7748,"596","5000","23","1"
7749,"596","5000","23","1"
7750,"596","5000","23","1"
7751,"597","5000","24","1"
7752,"598","5000","25","1"
7753,"599","5000","26","1"
7754,"600","5000","27","1"
7755,"601","5000","28","1"
7756,"602","5000","29","1"
7757,"603","5000","30","1"
7758,"604","5000","31","1"
7759,"605","5000","32","1"
7760,"606","5000","33","1"
7761,"607","5000","34","1"
7762,"607","5000","34","1"
7763,"607","5000","34","1"
7764,"607","5000","34","1"
7765,"607","5000","34","1"
7766,"607","5000","34","1"
7767,"607","5000","34","1"
7768,"607","5000","34","1"
7769,"607","5000","34","1"
7770,"607","5000","34","1"
7771,"607","5000","34","1"
7772,"607","5000","34","1"
7773,"607","5000","34","1"
7774,"607","5000","34","1"
7775,"607","5000","34","1"
7776,"607","5000","34","1"
7777,"608","5000","35","1"
7778,"609","5000","36","1"
7779,"610","5000","37","1"
7780,"611","5000","38","1"
7781,"612","5000","39","1"
7782,"612","5000","39","1"
7783,"613","5000","40","1"
7784,"614","5000","41","1"
7785,"615","5000","42","1"
7786,"616","5000","43","1"
7787,"617","5000","44","1"
7788,"618","5000","45","1"
7789,"619","5000","46","1"
7790,"620","5000","47","1"
7791,"621","5000","48","1"
7793,"622","5000","49","1"
7794,"622","5000","49","1"
7795,"622","5000","49","1"
7796,"622","5000","49","1"
7797,"622","5000","49","1"
7798,"622","5000","49","1"
7799,"622","5000","49","1"
7800,"622","5000","49","1"
7801,"622","5000","49","1"
7802,"622","5000","49","1"
7803,"622","5000","49","1"
7804,"622","5000","49","1"
7805,"622","5000","49","1"
7806,"622","5000","49","1"
7807,"622","5000","49","1"
7808,"622","5000","49","1"
7809,"622","5000","49","1"
7810,"622","5000","49","1"
7811,"622","5000","49","1"
7812,"622","5000","49","1"
7813,"622","5000","49","1"
7814,"622","5000","49","1"
7815,"622","5000","49","1"
7816,"622","5000","49","1"
7817,"622","5000","49","1"
7818,"622","5000","49","1"
7819,"622","5000","49","1"
7820,"622","5000","49","1"
7821,"622","5000","49","1"
7822,"622","5000","49","1"
7823,"622","5000","49","1"
7824,"622","5000","49","1"
7825,"622","5000","49","1"
7826,"622","5000","49","1"
7827,"622","5000","49","1"
7828,"622","5000","49","1"
7829,"623","5000","50","1"
7830,"624","5000","51","1"
7831,"625","5000","52","1"
7832,"625","5000","52","1"
7833,"625","5000","52","1"
7834,"626","5000","53","1"
7835,"627","5000","54","1"
7836,"628","5000","55","1"
7837,"629","5000","56","1"
7838,"630","5000","57","1"
7839,"631","5000","58","1"
7840,"632","5000","59","1"
7841,"633","5000","60","1"
7842,"633","5000","60","1"
7843,"633","5000","60","1"
7847,"633","5000","60","1"
7848,"633","5000","60","1"
7852,"633","5000","60","1"
7853,"633","5000","60","1"
7854,"633","5000","60","1"
7855,"633","5000","60","1"
7856,"633","5000","60","1"
7857,"633","5000","60","1"
7858,"634","5000","61","1"
7859,"635","5000","62","1"
7860,"636","5000","63","1"
7861,"637","5000","64","1"
7862,"638","5000","65","1"
7863,"639","5000","66","1"
7864,"639","5000","66","1"
7865,"639","5000","66","1"
7866,"639","5000","66","1"
7867,"639","5000","66","1"
7868,"639","5000","66","1"
7869,"639","5000","66","1"
7870,"639","5000","66","1"
7871,"639","5000","66","1"
7872,"639","5000","66","1"
7873,"639","5000","66","1"
7874,"639","5000","66","1"
7875,"639","5000","66","1"
7876,"639","5000","66","1"
7877,"639","5000","66","1"
7878,"639","5000","66","1"
7879,"639","5000","66","1"
7880,"639","5000","66","1"
7881,"640","5000","67","1"
7882,"640","5000","67","1"
7883,"640","5000","67","1"
7884,"640","5000","67","1"
7885,"640","5000","67","1"
7886,"640","5000","67","1"
7887,"640","5000","67","1"
7888,"640","5000","67","1"
7889,"640","5000","67","1"
7890,"640","5000","67","1"
7891,"641","5000","68","1"
7892,"642","5000","69","1"
7893,"643","5000","70","1"
7894,"644","5000","71","1"
7895,"645","5000","72","1"
7896,"646","5000","73","1"
7897,"647","5000","74","1"
7898,"648","5000","75","1"
7899,"649","5000","76","1"
7900,"650","5000","77","1"
7901,"651","5000","78","1"
7902,"652","5000","79","1"
7903,"653","5000","80","1"
7904,"654","5000","81","1"
7905,"655","5000","82","1"
7906,"656","5000","83","1"
7907,"657","5000","84","1"
7908,"658","5000","85","1"
7909,"659","5000","86","1"
7910,"659","5000","86","1"
7911,"660","5000","87","1"
7912,"661","5000","88","1"
7913,"661","5000","88","1"
7914,"661","5000","88","1"
7915,"661","5000","88","1"
7916,"661","5000","88","1"
7917,"661","5000","88","1"
7918,"662","5000","89","1"
7919,"663","5000","90","1"
7920,"664","5000","91","1"
7921,"665","5000","92","1"
7922,"666","5000","93","1"
7923,"667","5000","94","1"
7924,"668","5000","95","1"
7925,"668","5000","95","1"
7926,"669","5000","96","1"
7927,"670","5000","97","1"
7928,"670","5000","97","1"
7929,"671","5000","98","1"
7930,"672","5000","99","1"
7931,"673","5000","100","1"
7932,"674","5000","101","1"
7933,"675","5000","102","1"
7934,"676","5000","103","1"
7935,"677","5000","104","1"
7936,"678","5000","105","1"
7937,"679","5000","106","1"
7938,"680","5000","107","1"
7939,"681","5000","108","1"
7940,"681","5000","108","1"
7941,"681","5000","108","1"
7942,"681","5000","108","1"
7943,"681","5000","108","1"
7944,"682","5000","109","1"
7945,"683","5000","110","1"
7946,"684","5000","111","1"
7947,"685","5000","112","1"
7948,"685","5000","112","1"
7949,"685","5000","112","1"
7950,"686","5000","113","1"
7951,"687","5000","114","1"
7952,"688","5000","115","1"
7953,"689","5000","116","1"
7954,"690","5000","117","1"
7955,"691","5000","118","1"
7956,"692","5000","119","1"
7957,"693","5000","120","1"
7958,"694","5000","121","1"
7959,"694","5000","121","1"
7960,"694","5000","121","1"
7961,"695","5000","122","1"
7962,"695","5000","122","1"
7963,"695","5000","122","1"
7964,"695","5000","122","1"
7965,"695","5000","122","1"
7966,"695","5000","122","1"
7967,"695","5000","122","1"
7968,"695","5000","122","1"
7969,"695","5000","122","1"
7970,"695","5000","122","1"
7971,"695","5000","122","1"
7972,"695","5000","122","1"
7973,"695","5000","122","1"
7974,"696","5000","123","1"
7975,"697","5000","124","1"
7976,"698","5000","125","1"
7977,"699","5000","126","1"
7978,"700","5000","127","1"
7979,"701","5000","128","1"
7980,"702","5000","129","1"
7981,"703","5000","130","1"
7982,"704","5000","131","1"
7983,"705","5000","132","1"
7984,"706","5000","133","1"
7985,"707","5000","134","1"
7986,"708","5000","135","1"
7987,"709","5000","136","1"
7988,"710","5000","137","1"
7989,"711","5000","138","1"
7990,"712","5000","139","1"
7991,"713","5000","140","1"
7992,"714","5000","141","1"
7993,"715","5000","142","1"
7994,"715","5000","142","1"
7995,"715","5000","142","1"
7996,"716","5000","143","1"
7997,"717","5000","144","1"
7998,"718","5000","145","1"
7999,"718","5000","145","1"
8000,"718","5000","145","1"
8001,"718","5000","145","1"
8002,"718","5000","145","1"
8003,"718","5000","145","1"
8004,"718","5000","145","1"
8005,"719","5000","146","1"
8006,"720","5000","147","1"
8007,"721","5000","148","1"
8008,"722","5000","149","1"
8009,"722","5000","149","1"
8010,"722","5000","149","1"
8011,"722","5000","149","1"
8012,"722","5000","149","1"
8013,"722","5000","149","1"
8014,"722","5000","149","1"
8015,"722","5000","149","1"
8016,"722","5000","149","1"
8017,"722","5000","149","1"
8018,"722","5000","149","1"
8019,"722","5000","149","1"
8020,"722","5000","149","1"
8021,"722","5000","149","1"
8022,"723","5000","150","1"
8023,"723","5000","150","1"
8024,"723","5000","150","1"
8025,"723","5000","150","1"
8026,"724","5000","151","1"
8027,"725","5000","152","1"
8028,"725","5000","152","1"
8029,"725","5000","152","1"
8030,"725","5000","152","1"
8031,"725","5000","152","1"
8032,"725","5000","152","1"
8033,"725","5000","152","1"
8034,"725","5000","152","1"
8035,"725","5000","152","1"
8036,"725","5000","152","1"
8037,"725","5000","152","1"
8038,"725","5000","152","1"
8039,"725","5000","152","1"
8040,"725","5000","152","1"
8041,"725","5000","152","1"
8042,"725","5000","152","1"
8043,"725","5000","152","1"
8044,"725","5000","152","1"
8045,"725","5000","152","1"
8046,"725","5000","152","1"
8047,"725","5000","152","1"
8048,"725","5000","152","1"
8049,"725","5000","152","1"
8050,"725","5000","152","1"
8051,"725","5000","152","1"
8052,"725","5000","152","1"
8053,"726","5000","153","1"
8054,"727","5000","154","1"
8055,"728","5000","155","1"
8056,"729","5000","156","1"
8057,"730","5000","157","1"
8058,"731","5000","158","1"
8059,"732","5000","159","1"
8060,"733","5000","160","1"
8061,"734","5000","161","1"
8062,"735","5000","162","1"
8063,"735","5000","162","1"
8064,"735","5000","162","1"
8065,"735","5000","162","1"
8066,"735","5000","162","1"
8067,"735","5000","162","1"
8068,"736","5000","163","1"
8069,"736","5000","163","1"
8070,"737","5000","164","1"
8071,"738","5000","165","1"
8072,"738","5000","165","1"
8073,"739","5000","166","1"
8074,"740","5000","167","1"
8075,"740","5000","167","1"
8076,"740","5000","167","1"
8077,"740","5000","167","1"
8078,"740","5000","167","1"
8079,"741","5000","168","1"
8080,"742","5000","169","1"
8081,"743","5000","170","1"
8082,"744","5000","171","1"
8083,"745","5000","172","1"
8084,"746","5000","173","1"
8085,"747","5000","174","1"
8086,"748","5000","175","1"
8087,"749","5000","176","1"
8088,"750","5000","177","1"
8089,"750","5000","177","1"
8090,"750","5000","177","1"
8091,"751","5000","178","1"
8092,"752","5000","179","1"
8093,"753","5000","180","1"
8094,"754","5000","181","1"
8095,"755","5000","182","1"
8096,"756","5000","183","1"
8097,"756","5000","183","1"
8098,"756","5000","183","1"
8099,"757","5000","184","1"
8100,"758","5000","185","1"
8101,"759","5000","186","1"
8102,"760","5000","187","1"
8103,"760","5000","187","1"
8104,"760","5000","187","1"
8105,"760","5000","187","1"
8106,"760","5000","187","1"
8107,"760","5000","187","1"
8108,"760","5000","187","1"
8109,"761","5000","188","1"
8110,"762","5000","189","1"
8111,"763","5000","190","1"
8112,"764","5000","191","1"
8113,"764","5000","191","1"
8114,"765","5000","192","1"
8115,"766","5000","193","1"
8116,"767","5000","194","1"
8117,"768","5000","195","1"
8118,"768","5000","195","1"
8119,"768","5000","195","1"
8120,"768","5000","195","1"
8121,"768","5000","195","1"
8122,"768","5000","195","1"
8123,"768","5000","195","1"
8124,"768","5000","195","1"
8125,"768","5000","195","1"
8126,"768","5000","195","1"
8127,"768","5000","195","1"
8128,"768","5000","195","1"
8129,"768","5000","195","1"
8130,"768","5000","195","1"
8131,"768","5000","195","1"
8132,"769","5000","196","1"
8133,"770","5000","197","1"
8134,"771","5000","198","1"
8135,"772","5000","199","1"
8136,"773","5000","200","1"
8137,"774","5000","201","1"
8138,"775","5000","202","1"
8139,"776","5000","0","1"
8140,"777","5000","1","1"
8141,"778","5000","2","1"
8142,"779","5000","3","1"
8143,"780","5000","4","1"
8144,"781","5000","5","1"
8145,"782","5000","6","1"
8146,"782","5000","6","1"
8147,"782","5000","6","1"
8148,"782","5000","6","1"
8149,"783","5000","7","1"
8150,"784","5000","8","1"
8151,"785","5000","9","1"
8152,"786","5000","10","1"
8153,"787","5000","11","1"
8154,"788","5000","12","1"
8155,"789","5000","13","1"
8156,"790","5000","14","1"
8157,"791","5000","15","1"
8158,"792","5000","16","1"
8159,"793","5000","17","1"
8160,"794","5000","18","1"
8161,"795","5000","19","1"
8162,"796","5000","20","1"
8163,"796","5000","20","1"
8164,"796","5000","20","1"
8165,"797","5000","21","1"
8166,"798","5000","22","1"
8167,"799","5000","23","1"
8168,"800","5000","24","1"
8169,"801","5000","25","1"
8170,"802","5000","26","1"
8171,"803","5000","27","1"
8172,"804","5000","28","1"
8173,"805","5000","29","1"
8174,"806","5000","30","1"
8175,"807","5000","31","1"
8176,"808","5000","32","1"
8177,"809","5000","33","1"
8178,"810","5000","34","1"
8179,"811","5000","35","1"
8180,"812","5000","36","1"
8181,"813","5000","37","1"
8182,"814","5000","38","1"
8183,"815","5000","39","1"
8184,"816","5000","40","1"
8185,"816","5000","40","1"
8186,"816","5000","40","1"
8187,"816","5000","40","1"
8188,"817","5000","41","1"
8189,"817","5000","41","1"
8190,"818","5000","42","1"
8191,"818","5000","42","1"
8192,"818","5000","42","1"
8193,"818","5000","42","1"
8194,"818","5000","42","1"
8195,"818","5000","42","1"
8196,"818","5000","42","1"
8197,"818","5000","42","1"
8198,"818","5000","42","1"
8199,"818","5000","42","1"
8200,"818","5000","42","1"
8201,"818","5000","42","1"
8202,"818","5000","42","1"
8203,"818","5000","42","1"
8204,"819","5000","43","1"
8205,"820","5000","44","1"
8206,"821","5000","45","1"
8207,"822","5000","46","1"
8208,"823","5000","47","1"
8209,"823","5000","47","1"
8210,"823","5000","47","1"
8211,"823","5000","47","1"
8212,"823","5000","47","1"
8213,"823","5000","47","1"
8214,"823","5000","47","1"
8215,"823","5000","47","1"
8216,"823","5000","47","1"
8217,"823","5000","47","1"
8218,"823","5000","47","1"
8219,"823","5000","47","1"
8220,"823","5000","47","1"
8221,"823","5000","47","1"
8222,"823","5000","47","1"
8223,"823","5000","47","1"
8224,"823","5000","47","1"
8225,"824","5000","48","1"
8226,"824","5000","48","1"
8227,"824","5000","48","1"
8228,"825","5000","49","1"
8229,"825","5000","49","1"
8230,"825","5000","49","1"
8231,"826","5000","50","1"
8232,"826","5000","50","1"
8233,"827","5000","51","1"
8234,"828","5000","52","1"
8235,"828","5000","52","1"
8236,"828","5000","52","1"
8237,"828","5000","52","1"
8238,"828","5000","52","1"
8239,"828","5000","52","1"
8240,"828","5000","52","1"
8241,"828","5000","52","1"
8242,"828","5000","52","1"
8243,"828","5000","52","1"
8244,"828","5000","52","1"
8245,"828","5000","52","1"
8246,"828","5000","52","1"
8247,"828","5000","52","1"
8248,"828","5000","52","1"
8249,"828","5000","52","1"
8250,"829","5000","53","1"
8251,"830","5000","54","1"
8252,"831","5000","55","1"
8253,"832","5000","56","1"
8254,"833","5000","57","1"
8255,"834","5000","58","1"
8256,"835","5000","59","1"
8257,"836","5000","60","1"
8258,"837","5000","61","1"
8259,"838","5000","62","1"
8260,"839","5000","63","1"
8261,"839","5000","63","1"
8262,"839","5000","63","1"
8263,"839","5000","63","1"
8264,"839","5000","63","1"
8265,"840","5000","64","1"
8266,"841","5000","65","1"
8267,"842","5000","66","1"
8268,"843","5000","67","1"
8269,"844","5000","68","1"
8270,"845","5000","69","1"
8271,"846","5000","70","1"
8272,"847","5000","71","1"
8273,"848","5000","72","1"
8274,"849","5000","73","1"
8275,"849","5000","73","1"
8276,"849","5000","73","1"
8277,"849","5000","73","1"
8278,"850","5000","74","1"
8279,"850","5000","74","1"
8280,"850","5000","74","1"
8281,"850","5000","74","1"
8282,"850","5000","74","1"
8283,"850","5000","74","1"
8284,"850","5000","74","1"
8285,"850","5000","74","1"
8286,"850","5000","74","1"
8287,"850","5000","74","1"
8288,"851","5000","75","1"
8289,"852","5000","76","1"
8290,"853","5000","77","1"
8291,"854","5000","78","1"
8292,"855","5000","79","1"
8293,"856","5000","80","1"
8294,"857","5000","81","1"
8295,"858","5000","82","1"
8296,"858","5000","82","1"
8297,"859","5000","83","1"
8298,"860","5000","84","1"
8299,"861","5000","85","1"
8300,"862","5000","86","1"
8301,"863","5000","87","1"
8302,"864","5000","88","1"
8303,"865","5000","89","1"
8304,"866","5000","90","1"
8305,"867","5000","91","1"
8306,"868","5000","92","1"
8307,"869","5000","93","1"
8308,"869","5000","93","1"
8309,"869","5000","93","1"
8310,"869","5000","93","1"
8311,"870","5000","94","1"
8312,"871","5000","95","1"
8313,"872","5000","96","1"
8314,"873","5000","97","1"
8315,"874","5000","98","1"
8316,"875","5000","99","1"
8317,"876","5000","100","1"
8318,"877","5000","101","1"
8319,"878","5000","102","1"
8320,"879","5000","103","1"
8321,"880","5000","104","1"
8322,"881","5000","105","1"
8323,"882","5000","106","1"
8324,"883","5000","107","1"
8325,"884","5000","108","1"
8326,"885","5000","109","1"
8327,"886","5000","110","1"
8328,"887","5000","111","1"
8329,"888","5000","112","1"
8330,"889","5000","113","1"
8331,"890","5000","114","1"
8332,"891","5000","115","1"
8333,"891","5000","115","1"
8334,"891","5000","115","1"
8335,"891","5000","115","1"
8336,"892","5000","116","1"
8337,"892","5000","116","1"
8338,"892","5000","116","1"
8339,"892","5000","116","1"
8340,"892","5000","116","1"
8341,"892","5000","116","1"
8342,"892","5000","116","1"
8343,"892","5000","116","1"
8344,"892","5000","116","1"
8345,"892","5000","116","1"
8346,"892","5000","116","1"
8347,"892","5000","116","1"
8348,"892","5000","116","1"
8349,"892","5000","116","1"
8350,"892","5000","116","1"
8351,"892","5000","116","1"
8352,"892","5000","116","1"
8353,"892","5000","116","1"
8354,"892","5000","116","1"
8355,"892","5000","116","1"
8356,"892","5000","116","1"
8357,"892","5000","116","1"
8358,"893","5000","117","1"
8359,"893","5000","117","1"
8360,"893","5000","117","1"
8361,"894","5000","118","1"
8362,"895","5000","119","1"
8363,"896","5000","120","1"
8364,"897","5000","121","1"
8365,"898","5000","122","1"
8366,"899","5000","123","1"
8367,"900","5000","124","1"
8368,"901","5000","125","1"
8369,"902","5000","126","1"
8370,"903","5000","127","1"
8371,"904","5000","128","1"
8372,"905","5000","129","1"
8373,"906","5000","130","1"
8374,"907","5000","131","1"
8375,"908","5000","132","1"
8376,"909","5000","133","1"
8377,"910","5000","134","1"
8378,"911","5000","135","1"
8379,"912","5000","136","1"
8380,"913","5000","137","1"
8381,"913","5000","137","1"
8382,"913","5000","137","1"
8383,"913","5000","137","1"
8384,"913","5000","137","1"
8385,"913","5000","137","1"
8386,"913","5000","137","1"
8387,"913","5000","137","1"
8388,"914","5000","138","1"
8389,"915","5000","139","1"
8390,"916","5000","140","1"
8391,"917","5000","141","1"
8392,"918","5000","142","1"
8393,"919","5000","143","1"
8394,"920","5000","144","1"
8395,"921","5000","145","1"
8396,"922","5000","146","1"
8397,"923","5000","147","1"
8398,"924","5000","148","1"
8399,"925","5000","149","1"
8400,"926","5000","150","1"
8401,"927","5000","151","1"
8402,"928","5000","152","1"
8403,"929","5000","153","1"
8404,"930","5000","154","1"
8405,"931","5000","155","1"
8406,"931","5000","155","1"
8407,"932","5000","156","1"
8408,"933","5000","157","1"
8409,"933","5000","157","1"
8410,"933","5000","157","1"
8411,"933","5000","157","1"
8412,"933","5000","157","1"
8413,"933","5000","157","1"
8414,"933","5000","157","1"
8415,"933","5000","157","1"
8416,"934","5000","158","1"
8417,"935","5000","159","1"
8418,"936","5000","160","1"
8419,"937","5000","161","1"
8420,"938","5000","162","1"
8421,"939","5000","163","1"
8422,"940","5000","164","1"
8423,"941","5000","165","1"
8424,"942","5000","166","1"
8425,"943","5000","167","1"
8426,"943","5000","167","1"
8427,"943","5000","167","1"
8428,"943","5000","167","1"
8429,"944","5000","168","1"
8430,"945","5000","169","1"
8431,"946","5000","170","1"
8432,"947","5000","171","1"
8433,"948","5000","172","1"
8434,"948","5000","172","1"
8435,"948","5000","172","1"
8436,"948","5000","172","1"
8437,"949","5000","173","1"
8438,"950","5000","174","1"
8439,"951","5000","175","1"
8440,"952","5000","176","1"
8441,"952","5000","176","1"
8442,"952","5000","176","1"
8443,"952","5000","176","1"
8444,"952","5000","176","1"
8445,"952","5000","176","1"
8446,"952","5000","176","1"
8447,"952","5000","176","1"
8448,"952","5000","176","1"
8449,"952","5000","176","1"
8450,"952","5000","176","1"
8451,"952","5000","176","1"
8452,"952","5000","176","1"
8453,"952","5000","176","1"
8454,"952","5000","176","1"
8455,"952","5000","176","1"
8456,"952","5000","176","1"
8457,"952","5000","176","1"
8458,"952","5000","176","1"
8459,"952","5000","176","1"
8460,"952","5000","176","1"
8461,"952","5000","176","1"
8462,"952","5000","176","1"
8463,"952","5000","176","1"
8464,"952","5000","176","1"
8465,"952","5000","176","1"
8466,"952","5000","176","1"
8467,"952","5000","176","1"
8468,"953","5000","177","1"
8469,"954","5000","178","1"
8470,"955","5000","179","1"
8471,"956","5000","180","1"
8472,"957","5000","181","1"
8473,"957","5000","181","1"
8474,"957","5000","181","1"
8475,"957","5000","181","1"
8476,"957","5000","181","1"
8477,"957","5000","181","1"
8478,"957","5000","181","1"
8479,"957","5000","181","1"
8480,"957","5000","181","1"
8481,"957","5000","181","1"
8482,"957","5000","181","1"
8483,"958","5000","182","1"
8484,"959","5000","183","1"
8485,"960","5000","184","1"
8486,"961","5000","185","1"
8487,"962","5000","186","1"
8488,"963","5000","0","1"
8489,"963","5000","0","1"
8490,"964","5000","1","1"
8491,"965","5000","2","1"
8492,"966","5000","3","1"
8493,"967","5000","4","1"
8494,"968","5000","5","1"
8495,"969","5000","6","1"
8496,"970","5000","7","1"
8497,"970","5000","7","1"
8498,"970","5000","7","1"
8499,"970","5000","7","1"
8500,"970","5000","7","1"
8501,"970","5000","7","1"
8502,"970","5000","7","1"
8503,"971","5000","8","1"
8504,"972","5000","9","1"
8505,"972","5000","9","1"
8506,"973","5000","10","1"
8507,"974","5000","11","1"
8508,"975","5000","12","1"
8509,"976","5000","13","1"
8510,"977","5000","14","1"
8511,"978","5000","15","1"
8512,"979","5000","16","1"
8513,"979","5000","16","1"
8514,"980","5000","17","1"
8515,"980","5000","17","1"
8516,"980","5000","17","1"
8517,"980","5000","17","1"
8518,"980","5000","17","1"
8519,"980","5000","17","1"
8520,"980","5000","17","1"
8521,"980","5000","17","1"
8522,"980","5000","17","1"
8523,"980","5000","17","1"
8524,"980","5000","17","1"
8525,"980","5000","17","1"
8526,"980","5000","17","1"
8527,"980","5000","17","1"
8528,"980","5000","17","1"
8529,"980","5000","17","1"
8530,"980","5000","17","1"
8531,"980","5000","17","1"
8532,"980","5000","17","1"
8533,"980","5000","17","1"
8534,"980","5000","17","1"
8535,"980","5000","17","1"
8536,"980","5000","17","1"
8537,"980","5000","17","1"
8538,"980","5000","17","1"
8539,"980","5000","17","1"
8540,"981","5000","18","1"
8541,"982","5000","19","1"
8542,"983","5000","20","1"
8543,"984","5000","21","1"
8544,"985","5000","22","1"
8545,"986","5000","23","1"
8546,"987","5000","24","1"
8547,"988","5000","25","1"
8548,"989","5000","26","1"
8549,"990","5000","27","1"
8550,"991","5000","28","1"
8551,"992","5000","29","1"
8552,"993","5000","30","1"
8553,"994","5000","31","1"
8554,"994","5000","31","1"
8555,"995","5000","32","1"
8556,"996","5000","33","1"
8557,"997","5000","34","1"
8558,"998","5000","35","1"
8559,"999","5000","36","1"
8560,"999","5000","36","1"
8561,"1000","5000","37","1"
8562,"1001","5000","38","1"
8563,"1002","5000","39","1"
8564,"1002","5000","39","1"
8565,"1002","5000","39","1"
8566,"1003","5000","40","1"
8567,"1004","5000","41","1"
8568,"1005","5000","42","1"
8569,"1006","5000","43","1"
8570,"1006","5000","43","1"
8571,"1006","5000","43","1"
8572,"1007","5000","44","1"
8573,"1007","5000","44","1"
8574,"1007","5000","44","1"
8575,"1008","5000","45","1"
8576,"1009","5000","46","1"
8577,"1010","5000","47","1"
8578,"1010","5000","47","1"
8579,"1011","5000","48","1"
8580,"1011","5000","48","1"
8582,"1012","5000","49","1"
8583,"1013","5000","50","1"
8584,"1013","5000","50","1"
8585,"1013","5000","50","1"
8586,"1013","5000","50","1"
8587,"1013","5000","50","1"
8588,"1013","5000","50","1"
8589,"1013","5000","50","1"
8590,"1014","5000","51","1"
8591,"1015","5000","52","1"
8592,"1016","5000","53","1"
8593,"1017","5000","54","1"
8594,"1018","5000","55","1"
8595,"1019","5000","56","1"
8596,"1020","5000","57","1"
8597,"1021","5000","58","1"
8598,"1022","5000","59","1"
8599,"1023","5000","60","1"
8600,"1024","5000","61","1"
8601,"1025","5000","62","1"
8602,"1026","5000","63","1"
8603,"1027","5000","64","1"
8604,"1028","5000","65","1"
8605,"1029","5000","66","1"
8606,"1030","5000","67","1"
8607,"1031","5000","68","1"
8608,"1032","5000","69","1"
8609,"1033","5000","70","1"
8610,"1034","5000","71","1"
8611,"1034","5000","71","1"
8612,"1035","5000","72","1"
8613,"1036","5000","73","1"
8614,"1037","5000","74","1"
8615,"1038","5000","75","1"
8616,"1039","5000","76","1"
8617,"1040","5000","77","1"
8618,"1041","5000","78","1"
8619,"1042","5000","79","1"
8620,"1043","5000","80","1"
8621,"1044","5000","81","1"
8622,"1045","5000","82","1"
8623,"1046","5000","83","1"
8624,"1047","5000","84","1"
8625,"1048","5000","85","1"
8626,"1049","5000","86","1"
8627,"1050","5000","87","1"
8628,"1050","5000","87","1"
8629,"1050","5000","87","1"
8630,"1050","5000","87","1"
8631,"1050","5000","87","1"
8632,"1050","5000","87","1"
8633,"1050","5000","87","1"
8634,"1050","5000","87","1"
8635,"1051","5000","88","1"
8636,"1052","5000","89","1"
8637,"1053","5000","90","1"
8638,"1054","5000","91","1"
8639,"1054","5000","91","1"
8640,"1054","5000","91","1"
8641,"1055","5000","92","1"
8642,"1056","5000","93","1"
8643,"1057","5000","94","1"
8644,"1058","5000","95","1"
8645,"1059","5000","96","1"
8646,"1060","5000","97","1"
8647,"1061","5000","98","1"
8648,"1062","5000","99","1"
8649,"1063","5000","100","1"
8650,"1063","5000","100","1"
8651,"1063","5000","100","1"
8652,"1064","5000","101","1"
8653,"1065","5000","102","1"
8654,"1066","5000","103","1"
8655,"1067","5000","104","1"
8656,"1068","5000","105","1"
8657,"1069","5000","106","1"
8658,"1070","5000","107","1"
8659,"1071","5000","108","1"
8660,"1072","5000","109","1"
8661,"1073","5000","110","1"
8662,"1073","5000","110","1"
8663,"1074","5000","111","1"
8664,"1075","5000","112","1"
8665,"1076","5000","113","1"
8666,"1076","5000","113","1"
8667,"1076","5000","113","1"
8668,"1077","5000","114","1"
8669,"1078","5000","115","1"
8670,"1079","5000","116","1"
8671,"1080","5000","117","1"
8672,"1081","5000","118","1"
8673,"1082","5000","119","1"
8674,"1083","5000","0","1"
8675,"1083","5000","0","1"
8676,"1083","5000","0","1"
8677,"1083","5000","0","1"
8678,"1084","5000","1","1"
8679,"1085","5000","2","1"
8680,"1086","5000","3","1"
8681,"1087","5000","4","1"
8682,"1087","5000","4","1"
8683,"1088","5000","5","1"
8684,"1088","5000","5","1"
8685,"1088","5000","5","1"
8686,"1088","5000","5","1"
8687,"1088","5000","5","1"
8688,"1088","5000","5","1"
8689,"1089","5000","6","1"
8690,"1089","5000","6","1"
8691,"1089","5000","6","1"
8692,"1090","5000","7","1"
8693,"1091","5000","8","1"
8694,"1092","5000","9","1"
8695,"1093","5000","10","1"
8696,"1094","5000","11","1"
8697,"1095","5000","12","1"
8698,"1095","5000","12","1"
8699,"1095","5000","12","1"
8700,"1096","5000","13","1"
8701,"1097","5000","14","1"
8702,"1098","5000","15","1"
8703,"1099","5000","16","1"
8704,"1100","5000","17","1"
8705,"1100","5000","17","1"
8706,"1100","5000","17","1"
8707,"1100","5000","17","1"
8708,"1100","5000","17","1"
8709,"1101","5000","18","1"
8710,"1102","5000","19","1"
8711,"1102","5000","19","1"
8712,"1102","5000","19","1"
8713,"1102","5000","19","1"
8714,"1102","5000","19","1"
8715,"1102","5000","19","1"
8716,"1102","5000","19","1"
8717,"1102","5000","19","1"
8718,"1102","5000","19","1"
8719,"1102","5000","19","1"
8720,"1102","5000","19","1"
8721,"1103","5000","20","1"
8722,"1103","5000","20","1"
8723,"1103","5000","20","1"
8724,"1103","5000","20","1"
8725,"1103","5000","20","1"
8726,"1103","5000","20","1"
8727,"1103","5000","20","1"
8728,"1103","5000","20","1"
8729,"1103","5000","20","1"
8730,"1103","5000","20","1"
8731,"1103","5000","20","1"
8732,"1103","5000","20","1"
8733,"1104","5000","21","1"
8734,"1105","5000","22","1"
8735,"1106","5000","23","1"
8736,"1107","5000","24","1"
8737,"1108","5000","25","1"
8738,"1109","5000","26","1"
8739,"1110","5000","27","1"
8740,"1111","5000","28","1"
8741,"1112","5000","29","1"
8742,"1113","5000","30","1"
8743,"1114","5000","31","1"
8744,"1114","5000","31","1"
8745,"1114","5000","31","1"
8746,"1114","5000","31","1"
8747,"1114","5000","31","1"
8748,"1114","5000","31","1"
8749,"1114","5000","31","1"
8750,"1115","5000","32","1"
8751,"1116","5000","33","1"
8752,"1117","5000","34","1"
8753,"1118","5000","35","1"
8754,"1119","5000","36","1"
8755,"1120","5000","37","1"
8756,"1121","5000","38","1"
8757,"1121","5000","38","1"
8758,"1121","5000","38","1"
8759,"1121","5000","38","1"
8760,"1121","5000","38","1"
8761,"1121","5000","38","1"
8762,"1121","5000","38","1"
8763,"1121","5000","38","1"
8764,"1121","5000","38","1"
8765,"1121","5000","38","1"
8766,"1121","5000","38","1"
8767,"1122","5000","39","1"
8768,"1122","5000","39","1"
8769,"1123","5000","40","1"
8770,"1124","5000","41","1"
8771,"1125","5000","42","1"
8772,"1126","5000","43","1"
8773,"1127","5000","44","1"
8774,"1127","5000","44","1"
8775,"1127","5000","44","1"
8776,"1127","5000","44","1"
8777,"1127","5000","44","1"
8778,"1128","5000","45","1"
8779,"1129","5000","46","1"
8780,"1130","5000","47","1"
8781,"1131","5000","48","1"
8782,"1131","5000","48","1"
8783,"1132","5000","49","1"
8784,"1133","5000","50","1"
8785,"1134","5000","51","1"
8786,"1134","5000","51","1"
8787,"1135","5000","52","1"
8788,"1136","5000","53","1"
8789,"1137","5000","54","1"
8790,"1138","5000","55","1"
8791,"1139","5000","56","1"
8792,"1140","5000","57","1"
8793,"1141","5000","58","1"
8794,"1141","5000","58","1"
8795,"1142","5000","59","1"
8796,"1143","5000","60","1"
8797,"1144","5000","61","1"
8798,"1144","5000","61","1"
8799,"1145","5000","62","1"
8800,"1146","5000","63","1"
8801,"1147","5000","64","1"
8802,"1148","5000","65","1"
8803,"1148","5000","65","1"
8804,"1149","5000","66","1"
8805,"1150","5000","67","1"
8806,"1151","5000","68","1"
8807,"1152","5000","69","1"
8808,"1153","5000","70","1"
8809,"1154","5000","71","1"
8810,"1154","5000","71","1"
8811,"1154","5000","71","1"
8812,"1154","5000","71","1"
8813,"1154","5000","71","1"
8814,"1154","5000","71","1"
8815,"1154","5000","71","1"
8816,"1155","5000","72","1"
8817,"1156","5000","73","1"
8818,"1157","5000","74","1"
8819,"1158","5000","75","1"
8820,"1159","5000","76","1"
8821,"1160","5000","77","1"
8822,"1160","5000","77","1"
8823,"1161","5000","78","1"
8824,"1162","5000","79","1"
8825,"1163","5000","80","1"
8826,"1164","5000","81","1"
8827,"1165","5000","82","1"
8828,"1166","5000","83","1"
8829,"1167","5000","84","1"
8830,"1168","5000","85","1"
8831,"1168","5000","85","1"
8832,"1168","5000","85","1"
8833,"1168","5000","85","1"
8834,"1168","5000","85","1"
8835,"1168","5000","85","1"
8836,"1168","5000","85","1"
8837,"1168","5000","85","1"
8838,"1168","5000","85","1"
8839,"1168","5000","85","1"
8840,"1168","5000","85","1"
8841,"1168","5000","85","1"
8842,"1168","5000","85","1"
8843,"1168","5000","85","1"
8844,"1168","5000","85","1"
8845,"1168","5000","85","1"
8846,"1169","5000","86","1"
8847,"1170","5000","87","1"
8848,"1171","5000","88","1"
8849,"1172","5000","89","1"
8850,"1173","5000","90","1"
8851,"1174","5000","91","1"
8852,"1175","5000","92","1"
8853,"1176","5000","93","1"
8854,"1177","5000","94","1"
8855,"1178","5000","95","1"
8856,"1179","5000","96","1"
8857,"1180","5000","97","1"
8858,"1181","5000","98","1"
8859,"1182","5000","99","1"
8860,"1183","5000","100","1"
8861,"1184","5000","101","1"
8862,"1185","5000","102","1"
8863,"1186","5000","103","1"
8864,"1187","5000","104","1"
8865,"1188","5000","105","1"
8866,"1189","5000","106","1"
8867,"1189","5000","106","1"
8868,"1189","5000","106","1"
8869,"1189","5000","106","1"
8870,"1190","5000","107","1"
8871,"1191","5000","108","1"
8872,"1192","5000","109","1"
8873,"1193","5000","110","1"
8874,"1194","5000","111","1"
8875,"1195","5000","112","1"
8876,"1196","5000","113","1"
8877,"1197","5000","114","1"
8878,"1198","5000","115","1"
8879,"1199","5000","116","1"
8880,"1200","5000","117","1"
8881,"1201","5000","118","1"
8882,"1202","5000","119","1"
8883,"1203","5000","120","1"
8884,"1204","5000","121","1"
8885,"1205","5000","122","1"
8886,"1206","5000","123","1"
8887,"1207","5000","124","1"
8888,"1208","5000","125","1"
8889,"1208","5000","125","1"
8890,"1208","5000","125","1"
8891,"1208","5000","125","1"
8892,"1208","5000","125","1"
8893,"1208","5000","125","1"
8894,"1208","5000","125","1"
8895,"1209","5000","126","1"
8896,"1210","5000","127","1"
8897,"1210","5000","127","1"
8898,"1211","5000","128","1"
8899,"1212","5000","129","1"
8900,"1213","5000","130","1"
8901,"1213","5000","130","1"
8902,"1214","5000","131","1"
8903,"1215","5000","132","1"
8904,"1216","5000","133","1"
8905,"1217","5000","134","1"
8906,"1218","5000","135","1"
8907,"1219","5000","136","1"
8908,"1220","5000","137","1"
8909,"1221","5000","138","1"
8910,"1221","5000","138","1"
8911,"1221","5000","138","1"
8912,"1221","5000","138","1"
8913,"1222","5000","139","1"
8914,"1223","5000","140","1"
8915,"1223","5000","140","1"
8916,"1224","5000","141","1"
8917,"1225","5000","142","1"
8918,"1226","5000","143","1"
8919,"1227","5000","144","1"
8920,"1227","5000","144","1"
8921,"1228","5000","145","1"
8922,"1229","5000","146","1"
8923,"1230","5000","147","1"
8924,"1230","5000","147","1"
8925,"1231","5000","148","1"
8926,"1232","5000","149","1"
8927,"1233","5000","150","1"
8928,"1233","5000","150","1"
8929,"1234","5000","151","1"
8930,"1235","5000","152","1"
8931,"1236","5000","153","1"
8932,"1236","5000","153","1"
8933,"1236","5000","153","1"
8934,"1236","5000","153","1"
8935,"1236","5000","153","1"
8936,"1236","5000","153","1"
8937,"1237","5000","154","1"
8938,"1238","5000","155","1"
8939,"1239","5000","156","1"
8940,"1239","5000","156","1"
8941,"1239","5000","156","1"
8942,"1239","5000","156","1"
8943,"1239","5000","156","1"
8944,"1239","5000","156","1"
8945,"1239","5000","156","1"
8946,"1239","5000","156","1"
8947,"1239","5000","156","1"
8948,"1239","5000","156","1"
8949,"1239","5000","156","1"
8950,"1239","5000","156","1"
8951,"1239","5000","156","1"
8952,"1239","5000","156","1"
8953,"1239","5000","156","1"
8954,"1239","5000","156","1"
8955,"1239","5000","156","1"
8956,"1239","5000","156","1"
8957,"1239","5000","156","1"
8958,"1239","5000","156","1"
8959,"1239","5000","156","1"
8960,"1239","5000","156","1"
8961,"1239","5000","156","1"
8962,"1239","5000","156","1"
8963,"1239","5000","156","1"
8964,"1239","5000","156","1"
8965,"1239","5000","156","1"
8966,"1239","5000","156","1"
8967,"1239","5000","156","1"
8968,"1239","5000","156","1"
8969,"1239","5000","156","1"
8970,"1239","5000","156","1"
8971,"1239","5000","156","1"
8972,"1239","5000","156","1"
8973,"1239","5000","156","1"
8974,"1239","5000","156","1"
8975,"1239","5000","156","1"
8976,"1239","5000","156","1"
8977,"1240","5000","157","1"
8978,"1240","5000","157","1"
8979,"1240","5000","157","1"
8980,"1240","5000","157","1"
8981,"1240","5000","157","1"
8982,"1240","5000","157","1"
8983,"1240","5000","157","1"
8984,"1240","5000","157","1"
8985,"1240","5000","157","1"
8986,"1240","5000","157","1"
8987,"1240","5000","157","1"
8988,"1240","5000","157","1"
8989,"1240","5000","157","1"
8990,"1240","5000","157","1"
8991,"1240","5000","157","1"
8992,"1240","5000","157","1"
8993,"1241","5000","158","1"
8994,"1242","5000","159","1"
8995,"1242","5000","159","1"
8996,"1242","5000","159","1"
8997,"1243","5000","160","1"
8998,"1244","5000","161","1"
8999,"1244","5000","161","1"
9000,"1244","5000","161","1"
9001,"1245","5000","162","1"
9002,"1245","5000","162","1"
9003,"1245","5000","162","1"
9004,"1246","5000","163","1"
9005,"1247","5000","164","1"
9006,"1247","5000","164","1"
9007,"1247","5000","164","1"
9008,"1247","5000","164","1"
9009,"1247","5000","164","1"
9010,"1247","5000","164","1"
9011,"1247","5000","164","1"
9012,"1247","5000","164","1"
9013,"1248","5000","165","1"
9014,"1249","5000","166","1"
9015,"1250","5000","167","1"
9016,"1251","5000","168","1"
9017,"1252","5000","169","1"
9018,"1252","5000","169","1"
9019,"1253","5000","170","1"
9020,"1254","5000","171","1"
9021,"1254","5000","171","1"
9022,"1255","5000","172","1"
9023,"1255","5000","172","1"
9024,"1256","5000","173","1"
9025,"1257","5000","174","1"
9026,"1257","5000","174","1"
9027,"1258","5000","175","1"
9028,"1258","5000","175","1"
9029,"1259","5000","176","1"
9030,"1260","5000","177","1"
9031,"1261","5000","178","1"
9032,"1261","5000","178","1"
9033,"1261","5000","178","1"
9034,"1261","5000","178","1"
9035,"1261","5000","178","1"
9036,"1261","5000","178","1"
9037,"1261","5000","178","1"
9038,"1261","5000","178","1"
9039,"1261","5000","178","1"
9040,"1261","5000","178","1"
9041,"1261","5000","178","1"
9042,"1261","5000","178","1"
9043,"1261","5000","178","1"
9044,"1261","5000","178","1"
9045,"1261","5000","178","1"
9046,"1261","5000","178","1"
9047,"1261","5000","178","1"
9048,"1261","5000","178","1"
9049,"1262","5000","179","1"
9050,"1263","5000","180","1"
9051,"1264","5000","181","1"
9052,"1264","5000","181","1"
9053,"1265","5000","182","1"
9054,"1266","5000","183","1"
9055,"1267","5000","184","1"
9056,"1268","5000","185","1"
9057,"1269","5000","186","1"
9058,"1270","5000","187","1"
9059,"1271","5000","188","1"
9060,"1272","5000","189","1"
9061,"1273","5000","190","1"
9062,"1274","5000","191","1"
9063,"1274","5000","191","1"
9064,"1275","5000","192","1"
9065,"1276","5000","193","1"
9066,"1277","5000","194","1"
9067,"1278","5000","195","1"
9068,"1279","5000","196","1"
9069,"1280","5000","197","1"
9070,"1281","5000","198","1"
9071,"1282","5000","199","1"
9072,"1283","5000","200","1"
9073,"1284","5000","201","1"
9074,"1285","5000","202","1"
9075,"1286","5000","203","1"
9076,"1287","5000","204","1"
9077,"1288","5000","205","1"
9078,"1288","5000","205","1"
9079,"1288","5000","205","1"
9080,"1288","5000","205","1"
9081,"1288","5000","205","1"
9082,"1288","5000","205","1"
9083,"1288","5000","205","1"
9084,"1288","5000","205","1"
9085,"1288","5000","205","1"
9086,"1288","5000","205","1"
9087,"1288","5000","205","1"
9088,"1288","5000","205","1"
9089,"1288","5000","205","1"
9090,"1288","5000","205","1"
9091,"1288","5000","205","1"
9092,"1288","5000","205","1"
9093,"1288","5000","205","1"
9094,"1288","5000","205","1"
9095,"1288","5000","205","1"
9096,"1288","5000","205","1"
9097,"1289","5000","206","1"
9098,"1290","5000","207","1"
9099,"1291","5000","208","1"
9100,"1292","5000","209","1"
9101,"1293","5000","210","1"
9102,"1293","5000","210","1"
9103,"1293","5000","210","1"
9104,"1293","5000","210","1"
9105,"1294","5000","211","1"
9106,"1295","5000","212","1"
9107,"1296","5000","213","1"
9108,"1297","5000","214","1"
9109,"1298","5000","215","1"
9110,"1299","5000","216","1"
9111,"1300","5000","217","1"
9112,"1301","5000","218","1"
9113,"1302","5000","219","1"
9114,"1303","5000","220","1"
9115,"1304","5000","221","1"
9116,"1305","5000","222","1"
9117,"1306","5000","223","1"
9118,"1307","5000","224","1"
9119,"1308","5000","225","1"
9120,"1309","5000","226","1"
9121,"1310","5000","227","1"
9122,"1311","5000","228","1"
9123,"1312","5000","229","1"
9124,"1313","5000","230","1"
9125,"1314","5000","231","1"
9126,"1315","5000","232","1"
9127,"1316","5000","233","1"
9128,"1317","5000","234","1"
9129,"1317","5000","234","1"
9130,"1317","5000","234","1"
9131,"1317","5000","234","1"
9132,"1318","5000","235","1"
9133,"1319","5000","236","1"
9134,"1320","5000","237","1"
9135,"1321","5000","238","1"
9136,"1322","5000","239","1"
9137,"1323","5000","240","1"
9138,"1324","5000","241","1"
9139,"1325","5000","242","1"
9140,"1326","5000","243","1"
9141,"1327","5000","244","1"
9142,"1328","5000","245","1"
9143,"1329","5000","246","1"
9144,"1330","5000","247","1"
9145,"1331","5000","248","1"
9146,"1331","5000","248","1"
9147,"1331","5000","248","1"
9148,"1331","5000","248","1"
9149,"1331","5000","0","1"
9150,"1331","5000","0","1"
9151,"1332","5000","1","1"
9152,"1333","5000","2","1"
9153,"1334","5000","3","1"
9154,"1335","5000","4","1"
9155,"1336","5000","5","1"
9156,"1337","5000","6","1"
9157,"1338","5000","7","1"
9158,"1339","5000","8","1"
9159,"1340","5000","9","1"
9160,"1340","5000","9","1"
9161,"1340","5000","9","1"
9162,"1340","5000","9","1"
9163,"1340","5000","9","1"
9164,"1340","5000","9","1"
9165,"1340","5000","9","1"
9166,"1341","5000","10","1"
9167,"1342","5000","11","1"
9168,"1343","5000","12","1"
9169,"1344","5000","13","1"
9170,"1345","5000","14","1"
9171,"1346","5000","15","1"
9172,"1347","5000","16","1"
9173,"1348","5000","17","1"
9174,"1349","5000","18","1"
9175,"1350","5000","19","1"
9176,"1350","5000","19","1"
9177,"1351","5000","20","1"
9178,"1352","5000","21","1"
9179,"1353","5000","22","1"
9180,"1354","5000","23","1"
9181,"1355","5000","24","1"
9182,"1356","5000","25","1"
9183,"1357","5000","26","1"
9184,"1358","5000","27","1"
9185,"1359","5000","28","1"
9186,"1360","5000","29","1"
9187,"1360","5000","29","1"
9188,"1360","5000","29","1"
9189,"1360","5000","29","1"
9190,"1360","5000","29","1"
9191,"1360","5000","29","1"
9192,"1360","5000","29","1"
9193,"1360","5000","29","1"
9194,"1360","5000","29","1"
9195,"1360","5000","29","1"
9196,"1360","5000","29","1"
9197,"1360","5000","29","1"
9198,"1360","5000","29","1"
9199,"1360","5000","29","1"
9200,"1360","5000","29","1"
9201,"1360","5000","29","1"
9202,"1360","5000","29","1"
9203,"1360","5000","29","1"
9204,"1360","5000","29","1"
9205,"1360","5000","29","1"
9206,"1361","5000","30","1"
9207,"1361","5000","30","1"
9208,"1361","5000","30","1"
9209,"1361","5000","30","1"
9210,"1361","5000","30","1"
9211,"1362","5000","31","1"
9212,"1363","5000","32","1"
9213,"1364","5000","33","1"
9214,"1365","5000","34","1"
9215,"1366","5000","35","1"
9216,"1367","5000","36","1"
9217,"1368","5000","37","1"
9218,"1369","5000","38","1"
9219,"1370","5000","39","1"
9220,"1371","5000","40","1"
9221,"1371","5000","40","1"
9222,"1371","5000","40","1"
9223,"1372","5000","41","1"
9224,"1372","5000","41","1"
9225,"1373","5000","42","1"
9226,"1374","5000","43","1"
9227,"1375","5000","44","1"
9228,"1376","5000","45","1"
9229,"1377","5000","46","1"
9230,"1378","5000","47","1"
9231,"1379","5000","48","1"
9232,"1380","5000","49","1"
9233,"1381","5000","50","1"
9234,"1382","5000","51","1"
9235,"1383","5000","52","1"
9236,"1384","5000","53","1"
9237,"1385","5000","54","1"
9238,"1386","5000","55","1"
9239,"1387","5000","56","1"
9240,"1388","5000","57","1"
9241,"1388","5000","57","1"
9242,"1388","5000","57","1"
9243,"1389","5000","58","1"
9244,"1390","5000","59","1"
9245,"1391","5000","60","1"
9246,"1392","5000","61","1"
9247,"1393","5000","62","1"
9248,"1394","5000","63","1"
9249,"1395","5000","64","1"
9250,"1396","5000","65","1"
9251,"1397","5000","66","1"
9252,"1398","5000","67","1"
9253,"1399","5000","68","1"
9254,"1400","5000","69","1"
9255,"1401","5000","70","1"
9256,"1402","5000","71","1"
9257,"1403","5000","72","1"
9258,"1404","5000","73","1"
9259,"1405","5000","74","1"
9260,"1406","5000","75","1"
9261,"1407","5000","76","1"
9262,"1408","5000","77","1"
9263,"1409","5000","78","1"
9264,"1410","5000","79","1"
9265,"1411","5000","80","1"
9266,"1412","5000","81","1"
9267,"1413","5000","82","1"
9268,"1414","5000","83","1"
9269,"1414","5000","83","1"
9270,"1414","5000","83","1"
9271,"1415","5000","84","1"
9272,"1416","5000","85","1"
9273,"1417","5000","86","1"
9274,"1418","5000","87","1"
9275,"1419","5000","88","1"
9276,"1419","5000","88","1"
9277,"1419","5000","88","1"
9278,"1419","5000","88","1"
9279,"1419","5000","88","1"
9280,"1419","5000","88","1"
9281,"1419","5000","88","1"
9282,"1419","5000","88","1"
9283,"1419","5000","88","1"
9284,"1419","5000","88","1"
9285,"1419","5000","88","1"
9286,"1419","5000","88","1"
9287,"1419","5000","88","1"
9288,"1419","5000","88","1"
9289,"1419","5000","88","1"
9290,"1419","5000","88","1"
9291,"1419","5000","88","1"
9292,"1419","5000","88","1"
9293,"1419","5000","88","1"
9295,"1420","5000","89","1"
9296,"1421","5000","90","1"
9297,"1422","5000","91","1"
9298,"1423","5000","92","1"
9299,"1423","5000","92","1"
9300,"1423","5000","92","1"
9301,"1424","5000","93","1"
9302,"1425","5000","94","1"
9303,"1426","5000","95","1"
9304,"1426","5000","95","1"
9305,"1427","5000","96","1"
9306,"1428","5000","97","1"
9307,"1429","5000","98","1"
9308,"1430","5000","99","1"
9309,"1430","5000","99","1"
9310,"1430","5000","99","1"
9311,"1430","5000","99","1"
9312,"1430","5000","99","1"
9313,"1430","5000","99","1"
9314,"1430","5000","99","1"
9315,"1431","5000","100","1"
9316,"1432","5000","101","1"
9317,"1433","5000","102","1"
9318,"1434","5000","103","1"
9319,"1435","5000","104","1"
9320,"1436","5000","105","1"
9321,"1437","5000","106","1"
9322,"1438","5000","107","1"
9323,"1439","5000","108","1"
9324,"1439","5000","108","1"
9325,"1439","5000","108","1"
9326,"1440","5000","109","1"
9327,"1441","5000","110","1"
9328,"1442","5000","111","1"
9329,"1443","5000","112","1"
9330,"1444","5000","113","1"
9331,"1445","5000","114","1"
9332,"1446","5000","115","1"
9333,"1447","5000","116","1"
9334,"1448","5000","117","1"
9335,"1449","5000","118","1"
9336,"1450","5000","119","1"
9337,"1451","5000","120","1"
9338,"1452","5000","121","1"
9339,"1453","5000","122","1"
9340,"1454","5000","123","1"
9341,"1454","5000","123","1"
9342,"1454","5000","123","1"
9343,"1455","5000","124","1"
9344,"1456","5000","125","1"
9345,"1457","5000","126","1"
9346,"1458","5000","127","1"
9347,"1459","5000","128","1"
9348,"1460","5000","129","1"
9349,"1461","5000","130","1"
9350,"1462","5000","131","1"
9351,"1463","5000","132","1"
9352,"1463","5000","132","1"
9353,"1464","5000","133","1"
9354,"1465","5000","134","1"
9355,"1466","5000","135","1"
9356,"1467","5000","136","1"
9357,"1468","5000","137","1"
9358,"1469","5000","138","1"
9359,"1470","5000","139","1"
9360,"1471","5000","140","1"
9361,"1472","5000","141","1"
9362,"1473","5000","142","1"
9363,"1473","5000","142","1"
9364,"1474","5000","143","1"
9365,"1475","5000","144","1"
9366,"1476","5000","145","1"
9367,"1477","5000","146","1"
9368,"1478","5000","147","1"
9369,"1479","5000","148","1"
9370,"1480","5000","149","1"
9371,"1481","5000","150","1"
9372,"1481","5000","150","1"
9373,"1481","5000","150","1"
9374,"1481","5000","150","1"
9375,"1482","5000","151","1"
9376,"1483","5000","152","1"
9377,"1483","5000","152","1"
9378,"1483","5000","152","1"
9379,"1484","5000","153","1"
9380,"1485","5000","154","1"
9381,"1486","5000","155","1"
9382,"1487","5000","156","1"
9383,"1487","5000","156","1"
9384,"1487","5000","156","1"
9385,"1488","5000","157","1"
9386,"1489","5000","158","1"
9387,"1490","5000","159","1"
9388,"1491","5000","160","1"
9389,"1492","5000","161","1"
9390,"1493","5000","162","1"
9391,"1494","5000","163","1"
9392,"1495","5000","164","1"
9393,"1496","5000","165","1"
9394,"1496","5000","165","1"
9395,"1496","5000","165","1"
9396,"1496","5000","165","1"
9397,"1496","5000","165","1"
9398,"1497","5000","166","1"
9399,"1498","5000","167","1"
9400,"1499","5000","168","1"
9401,"1500","5000","169","1"
9402,"1501","5000","170","1"
9403,"1502","5000","171","1"
9404,"1503","5000","172","1"
9405,"1504","5000","173","1"
9406,"1505","5000","174","1"
9407,"1506","5000","175","1"
9408,"1507","5000","176","1"
9409,"1508","5000","177","1"
9410,"1509","5000","178","1"
9411,"1510","5000","179","1"
9412,"1511","5000","180","1"
9413,"1512","5000","181","1"
9414,"1512","5000","181","1"
9415,"1512","5000","181","1"
9416,"1513","5000","182","1"
9417,"1514","5000","183","1"
9418,"1515","5000","184","1"
9419,"1516","5000","185","1"
9420,"1517","5000","186","1"
9421,"1517","5000","186","1"
9422,"1517","5000","186","1"
9423,"1517","5000","186","1"
9424,"1518","5000","187","1"
9425,"1519","5000","188","1"
9426,"1520","5000","189","1"
9427,"1521","5000","190","1"
9429,"1522","5000","191","1"
9430,"1522","5000","191","1"
9431,"1523","5000","192","1"
9432,"1524","5000","193","1"
9433,"1525","5000","194","1"
9434,"1526","5000","195","1"
9435,"1526","5000","195","1"
9436,"1526","5000","195","1"
9437,"1526","5000","195","1"
9439,"1526","5000","195","1"
9440,"1527","5000","196","1"
9441,"1528","5000","197","1"
9442,"1529","5000","198","1"
9443,"1529","5000","198","1"
9444,"1530","5000","199","1"
9445,"1531","5000","200","1"
9446,"1532","5000","201","1"
9447,"1533","5000","202","1"
9448,"1534","5000","203","1"
9449,"1535","5000","204","1"
9450,"1536","5000","0","1"
9451,"1536","5000","0","1"
9452,"1536","5000","0","1"
9453,"1536","5000","0","1"
9454,"1536","5000","0","1"
9455,"1536","5000","0","1"
9456,"1536","5000","0","1"
9457,"1536","5000","0","1"
9458,"1536","5000","0","1"
9459,"1536","5000","0","1"
9460,"1536","5000","0","1"
9461,"1536","5000","0","1"
9462,"1537","5000","1","1"
9463,"1538","5000","2","1"
9464,"1539","5000","3","1"
9465,"1539","5000","3","1"
9466,"1540","5000","4","1"
9467,"1541","5000","5","1"
9468,"1541","5000","5","1"
9469,"1541","5000","5","1"
9470,"1542","5000","6","1"
9471,"1543","5000","7","1"
9472,"1544","5000","8","1"
9473,"1545","5000","9","1"
9474,"1546","5000","10","1"
9475,"1547","5000","11","1"
9476,"1548","5000","12","1"
9477,"1549","5000","13","1"
9478,"1550","5000","14","1"
9479,"1550","5000","14","1"
9480,"1550","5000","14","1"
9481,"1550","5000","14","1"
9482,"1550","5000","14","1"
9483,"1550","5000","14","1"
9484,"1550","5000","14","1"
9485,"1550","5000","14","1"
9486,"1550","5000","14","1"
9487,"1550","5000","14","1"
9488,"1550","5000","14","1"
9489,"1550","5000","14","1"
9490,"1550","5000","14","1"
9491,"1550","5000","14","1"
9492,"1550","5000","14","1"
9493,"1550","5000","14","1"
9494,"1550","5000","14","1"
9495,"1550","5000","14","1"
9496,"1550","5000","14","1"
9497,"1550","5000","14","1"
9498,"1550","5000","14","1"
9500,"1551","5000","15","1"
9501,"1551","5000","15","1"
9502,"1551","5000","15","1"
9503,"1551","5000","15","1"
9504,"1551","5000","15","1"
9505,"1551","5000","15","1"
9506,"1551","5000","15","1"
9507,"1551","5000","15","1"
9508,"1552","5000","16","1"
9509,"1552","5000","16","1"
9510,"1553","5000","17","1"
9511,"1553","5000","17","1"
9512,"1553","5000","17","1"
9513,"1553","5000","17","1"
9514,"1553","5000","17","1"
9515,"1553","5000","17","1"
9516,"1553","5000","17","1"
9517,"1553","5000","17","1"
9518,"1553","5000","17","1"
9519,"1553","5000","17","1"
9520,"1553","5000","17","1"
9521,"1553","5000","17","1"
9522,"1553","5000","17","1"
9523,"1553","5000","17","1"
9524,"1553","5000","17","1"
9525,"1553","5000","17","1"
9526,"1553","5000","17","1"
9527,"1553","5000","17","1"
9528,"1553","5000","17","1"
9529,"1553","5000","17","1"
9530,"1553","5000","17","1"
9531,"1553","5000","17","1"
9532,"1553","5000","17","1"
9533,"1553","5000","17","1"
9534,"1554","5000","18","1"
9535,"1555","5000","19","1"
9536,"1556","5000","20","1"
9537,"1557","5000","21","1"
9538,"1558","5000","22","1"
9539,"1559","5000","23","1"
9540,"1560","5000","24","1"
9541,"1561","5000","25","1"
9542,"1562","5000","26","1"
9543,"1563","5000","27","1"
9544,"1564","5000","28","1"
9546,"1565","5000","29","1"
9547,"1565","5000","29","1"
9548,"1566","5000","30","1"
9549,"1566","5000","30","1"
9550,"1566","5000","30","1"
9551,"1566","5000","30","1"
9552,"1566","5000","30","1"
9553,"1566","5000","30","1"
9554,"1567","5000","31","1"
9555,"1568","5000","32","1"
9556,"1569","5000","33","1"
9557,"1570","5000","34","1"
9558,"1571","5000","35","1"
9559,"1572","5000","36","1"
9560,"1573","5000","37","1"
9561,"1574","5000","38","1"
9562,"1575","5000","39","1"
9563,"1576","5000","40","1"
9564,"1577","5000","41","1"
9565,"1578","5000","42","1"
9566,"1579","5000","43","1"
9567,"1580","5000","44","1"
9568,"1581","5000","45","1"
9569,"1582","5000","46","1"
9570,"1583","5000","47","1"
9571,"1584","5000","48","1"
9572,"1585","5000","49","1"
9573,"1586","5000","50","1"
9574,"1586","5000","50","1"
9575,"1586","5000","50","1"
9576,"1587","5000","51","1"
9577,"1588","5000","52","1"
9578,"1589","5000","53","1"
9579,"1590","5000","54","1"
9580,"1591","5000","55","1"
9581,"1591","5000","55","1"
9582,"1591","5000","55","1"
9583,"1592","5000","56","1"
9584,"1593","5000","57","1"
9585,"1594","5000","58","1"
9586,"1595","5000","59","1"
9587,"1596","5000","60","1"
9588,"1597","5000","61","1"
9589,"1598","5000","62","1"
9590,"1599","5000","63","1"
9591,"1600","5000","64","1"
9592,"1601","5000","65","1"
9593,"1602","5000","66","1"
9594,"1603","5000","67","1"
9595,"1604","5000","68","1"
9596,"1604","5000","68","1"
9597,"1604","5000","68","1"
9598,"1604","5000","68","1"
9599,"1605","5000","69","1"
9600,"1606","5000","70","1"
9601,"1607","5000","71","1"
9602,"1608","5000","72","1"
9603,"1609","5000","73","1"
9604,"1610","5000","74","1"
9605,"1611","5000","75","1"
9606,"1612","5000","76","1"
9607,"1612","5000","76","1"
9608,"1612","5000","76","1"
9609,"1612","5000","76","1"
9610,"1613","5000","77","1"
9611,"1614","5000","78","1"
9612,"1615","5000","79","1"
9613,"1616","5000","80","1"
9614,"1616","5000","80","1"
9615,"1616","5000","80","1"
9616,"1617","5000","81","1"
9617,"1618","5000","82","1"
9618,"1619","5000","83","1"
9619,"1620","5000","84","1"
9620,"1621","5000","85","1"
9621,"1622","5000","86","1"
9622,"1622","5000","86","1"
9623,"1623","5000","0","1"
9624,"1623","5000","0","1"
9625,"1623","5000","0","1"
9626,"1623","5000","0","1"
9627,"1624","5000","1","1"
9628,"1625","5000","2","1"
9629,"1626","5000","3","1"
9630,"1627","5000","4","1"
9631,"1628","5000","5","1"
9632,"1629","5000","6","1"
9633,"1630","5000","7","1"
9634,"1630","5000","7","1"
9635,"1630","5000","7","1"
9636,"1631","5000","8","1"
9637,"1632","5000","9","1"
9638,"1633","5000","10","1"
9639,"1634","5000","11","1"
9640,"1635","5000","12","1"
9641,"1636","5000","13","1"
9642,"1637","5000","14","1"
9643,"1638","5000","15","1"
9644,"1639","5000","16","1"
9645,"1640","5000","17","1"
9646,"1640","5000","17","1"
9647,"1640","5000","17","1"
9648,"1640","5000","17","1"
9649,"1640","5000","17","1"
9650,"1640","5000","17","1"
9651,"1641","5000","18","1"
9652,"1642","5000","19","1"
9653,"1643","5000","20","1"
9654,"1644","5000","21","1"
9655,"1645","5000","22","1"
9656,"1646","5000","23","1"
9657,"1647","5000","24","1"
9658,"1648","5000","25","1"
9659,"1649","5000","26","1"
9660,"1650","5000","27","1"
9661,"1651","5000","28","1"
9662,"1652","5000","29","1"
9663,"1652","5000","29","1"
9664,"1653","5000","30","1"
9665,"1654","5000","31","1"
9666,"1655","5000","32","1"
9667,"1656","5000","33","1"
9668,"1657","5000","34","1"
9669,"1658","5000","35","1"
9670,"1659","5000","36","1"
9671,"1660","5000","37","1"
9672,"1661","5000","38","1"
9673,"1662","5000","39","1"
9674,"1663","5000","40","1"
9675,"1664","5000","41","1"
9676,"1664","5000","41","1"
9677,"1664","5000","41","1"
9678,"1665","5000","42","1"
9679,"1666","5000","43","1"
9680,"1667","5000","44","1"
9681,"1668","5000","45","1"
9682,"1669","5000","46","1"
9683,"1670","5000","47","1"
9684,"1671","5000","48","1"
9685,"1672","5000","49","1"
9686,"1673","5000","50","1"
9687,"1674","5000","51","1"
9688,"1675","5000","52","1"
9689,"1676","5000","53","1"
9690,"1676","5000","53","1"
9691,"1677","5000","54","1"
9692,"1677","5000","54","1"
9693,"1678","5000","55","1"
9694,"1679","5000","56","1"
9695,"1680","5000","57","1"
9696,"1681","5000","58","1"
9697,"1682","5000","59","1"
9698,"1683","5000","60","1"
9699,"1684","5000","61","1"
9700,"1685","5000","62","1"
9701,"1686","5000","63","1"
9702,"1687","5000","64","1"
9703,"1687","5000","64","1"
9704,"1687","5000","64","1"
9705,"1687","5000","64","1"
9706,"1687","5000","64","1"
9707,"1687","5000","64","1"
9708,"1687","5000","64","1"
9709,"1687","5000","64","1"
9710,"1688","5000","65","1"
9711,"1689","5000","66","1"
9712,"1690","5000","67","1"
9713,"1691","5000","68","1"
9714,"1692","5000","69","1"
9715,"1693","5000","70","1"
9716,"1694","5000","71","1"
9717,"1695","5000","72","1"
9718,"1696","5000","73","1"
9719,"1697","5000","74","1"
9720,"1698","5000","75","1"
9721,"1699","5000","76","1"
9722,"1700","5000","77","1"
9723,"1701","5000","78","1"
9724,"1702","5000","79","1"
9725,"1703","5000","80","1"
9726,"1704","5000","81","1"
9727,"1705","5000","82","1"
9728,"1705","5000","82","1"
9729,"1705","5000","82","1"
9730,"1705","5000","82","1"
9731,"1705","5000","82","1"
9732,"1705","5000","82","1"
9733,"1705","5000","82","1"
9734,"1705","5000","82","1"
9735,"1705","5000","82","1"
9736,"1706","5000","83","1"
9737,"1707","5000","84","1"
9738,"1708","5000","85","1"
9739,"1709","5000","86","1"
9740,"1710","5000","87","1"
9741,"1711","5000","88","1"
9742,"1712","5000","89","1"
9743,"1713","5000","90","1"
9744,"1714","5000","91","1"
9745,"1715","5000","92","1"
9746,"1716","5000","93","1"
9747,"1717","5000","94","1"
9748,"1718","5000","95","1"
9749,"1719","5000","96","1"
9750,"1720","5000","97","1"
9751,"1721","5000","98","1"
9752,"1722","5000","99","1"
9753,"1723","5000","100","1"
9754,"1724","5000","101","1"
9755,"1725","5000","102","1"
9756,"1726","5000","103","1"
9757,"1727","5000","104","1"
9758,"1727","5000","104","1"
9759,"1727","5000","104","1"
9760,"1727","5000","104","1"
9761,"1728","5000","105","1"
9762,"1728","5000","105","1"
9763,"1729","5000","106","1"
9764,"1730","5000","107","1"
9765,"1731","5000","108","1"
9766,"1732","5000","109","1"
9767,"1733","5000","110","1"
9768,"1734","5000","111","1"
9769,"1735","5000","112","1"
9770,"1736","5000","113","1"
9771,"1737","5000","114","1"
9772,"1738","5000","115","1"
9773,"1738","5000","115","1"
9774,"1738","5000","115","1"
9775,"1738","5000","115","1"
9776,"1738","5000","115","1"
9777,"1738","5000","115","1"
9778,"1739","5000","116","1"
9779,"1740","5000","117","1"
9780,"1741","5000","118","1"
9781,"1742","5000","119","1"
9782,"1743","5000","120","1"
9783,"1744","5000","121","1"
9784,"1744","5000","121","1"
9785,"1744","5000","121","1"
9786,"1744","5000","121","1"
9787,"1745","5000","122","1"
9788,"1746","5000","123","1"
9789,"1747","5000","124","1"
9790,"1748","5000","125","1"
9791,"1749","5000","126","1"
9792,"1750","5000","127","1"
9793,"1751","5000","128","1"
9794,"1752","5000","129","1"
9795,"1753","5000","130","1"
9796,"1753","5000","130","1"
9797,"1753","5000","130","1"
9798,"1753","5000","130","1"
9799,"1753","5000","130","1"
9800,"1754","5000","131","1"
9801,"1755","5000","132","1"
9802,"1756","5000","133","1"
9803,"1757","5000","134","1"
9804,"1758","5000","135","1"
9805,"1759","5000","136","1"
9806,"1760","5000","137","1"
9807,"1761","5000","138","1"
9808,"1762","5000","139","1"
9809,"1763","5000","140","1"
9810,"1764","5000","141","1"
9811,"1764","5000","141","1"
9812,"1764","5000","141","1"
9813,"1764","5000","141","1"
9814,"1765","5000","142","1"
9815,"1766","5000","143","1"
9816,"1767","5000","144","1"
9817,"1768","5000","145","1"
9818,"1769","5000","146","1"
9819,"1770","5000","147","1"
9820,"1771","5000","148","1"
9821,"1772","5000","149","1"
9822,"1773","5000","150","1"
9823,"1774","5000","151","1"
9824,"1775","5000","152","1"
9825,"1776","5000","153","1"
9826,"1777","5000","154","1"
9827,"1778","5000","155","1"
9828,"1779","5000","156","1"
9829,"1779","5000","156","1"
9830,"1779","5000","156","1"
9831,"1779","5000","156","1"
9832,"1779","5000","156","1"
9833,"1780","5000","157","1"
9834,"1781","5000","158","1"
9835,"1782","5000","159","1"
9836,"1783","5000","160","1"
9837,"1784","5000","161","1"
9838,"1785","5000","162","1"
9839,"1786","5000","163","1"
9840,"1787","5000","164","1"
9841,"1788","5000","0","1"
9842,"1788","5000","0","1"
9843,"1788","5000","0","1"
9844,"1789","5000","1","1"
9845,"1790","5000","2","1"
9846,"1791","5000","3","1"
9847,"1792","5000","4","1"
9848,"1793","5000","5","1"
9849,"1794","5000","6","1"
9850,"1795","5000","7","1"
9851,"1796","5000","8","1"
9852,"1796","5000","8","1"
9853,"1796","5000","8","1"
9854,"1796","5000","8","1"
9855,"1797","5000","9","1"
9856,"1797","5000","9","1"
9857,"1798","5000","10","1"
9858,"1799","5000","11","1"
9859,"1799","5000","11","1"
9860,"1800","5000","12","1"
9861,"1800","5000","12","1"
9862,"1801","5000","13","1"
9863,"1801","5000","13","1"
9864,"1802","5000","14","1"
9865,"1803","5000","15","1"
9866,"1804","5000","16","1"
9867,"1805","5000","17","1"
9868,"1806","5000","18","1"
9869,"1807","5000","19","1"
9870,"1808","5000","20","1"
9871,"1809","5000","21","1"
9872,"1810","5000","22","1"
9873,"1811","5000","23","1"
9874,"1812","5000","24","1"
9875,"1813","5000","25","1"
9876,"1814","5000","26","1"
9877,"1815","5000","27","1"
9878,"1816","5000","28","1"
9879,"1817","5000","29","1"
9880,"1818","5000","30","1"
9881,"1818","5000","30","1"
9882,"1818","5000","30","1"
9883,"1818","5000","30","1"
9884,"1818","5000","30","1"
9885,"1818","5000","30","1"
9886,"1818","5000","30","1"
9887,"1818","5000","30","1"
9888,"1818","5000","30","1"
9889,"1818","5000","30","1"
9890,"1818","5000","30","1"
9891,"1818","5000","30","1"
9892,"1818","5000","30","1"
9893,"1818","5000","30","1"
9894,"1818","5000","30","1"
9895,"1818","5000","30","1"
9896,"1818","5000","30","1"
9897,"1818","5000","30","1"
9898,"1818","5000","30","1"
9899,"1818","5000","30","1"
9900,"1818","5000","30","1"
9901,"1818","5000","30","1"
9902,"1818","5000","30","1"
9903,"1818","5000","30","1"
9904,"1818","5000","30","1"
9905,"1818","5000","30","1"
9906,"1818","5000","30","1"
9907,"1818","5000","30","1"
9908,"1818","5000","30","1"
9909,"1818","5000","30","1"
9910,"1819","5000","31","1"
9911,"1820","5000","32","1"
9912,"1821","5000","33","1"
9913,"1822","5000","34","1"
9914,"1823","5000","35","1"
9915,"1824","5000","36","1"
9916,"1825","5000","37","1"
9917,"1826","5000","38","1"
9918,"1827","5000","39","1"
9919,"1828","5000","40","1"
9920,"1828","5000","40","1"
9921,"1829","5000","41","1"
9922,"1830","5000","42","1"
9923,"1831","5000","43","1"
9924,"1831","5000","43","1"
9925,"1831","5000","43","1"
9926,"1831","5000","43","1"
9927,"1832","5000","44","1"
9928,"1833","5000","45","1"
9929,"1834","5000","46","1"
9930,"1835","5000","47","1"
9931,"1836","5000","48","1"
9932,"1837","5000","49","1"
9933,"1838","5000","50","1"
9934,"1839","5000","51","1"
9935,"1840","5000","52","1"
9936,"1841","5000","53","1"
9937,"1842","5000","54","1"
9938,"1843","5000","55","1"
9939,"1844","5000","56","1"
9940,"1844","5000","56","1"
9941,"1844","5000","56","1"
9942,"1844","5000","56","1"
9943,"1844","5000","56","1"
9944,"1844","5000","56","1"
9945,"1844","5000","56","1"
9946,"1844","5000","56","1"
9947,"1844","5000","56","1"
9948,"1844","5000","56","1"
9949,"1844","5000","56","1"
9950,"1845","5000","57","1"
9951,"1846","5000","58","1"
9952,"1847","5000","59","1"
9953,"1848","5000","60","1"
9954,"1848","5000","60","1"
9955,"1849","5000","61","1"
9956,"1850","5000","62","1"
9957,"1851","5000","63","1"
9958,"1852","5000","64","1"
9959,"1853","5000","65","1"
9960,"1854","5000","66","1"
9961,"1854","5000","66","1"
9962,"1855","5000","67","1"
9963,"1856","5000","68","1"
9964,"1857","5000","69","1"
9965,"1858","5000","70","1"
9966,"1858","5000","70","1"
9967,"1858","5000","70","1"
9968,"1859","5000","71","1"
9969,"1860","5000","72","1"
9970,"1861","5000","73","1"
9971,"1862","5000","74","1"
9972,"1863","5000","75","1"
9973,"1864","5000","76","1"
9974,"1865","5000","77","1"
9975,"1866","5000","78","1"
9976,"1867","5000","79","1"
9977,"1868","5000","80","1"
9978,"1869","5000","81","1"
9979,"1870","5000","82","1"
9980,"1871","5000","83","1"
9981,"1872","5000","84","1"
9982,"1873","5000","85","1"
9983,"1874","5000","86","1"
9984,"1875","5000","87","1"
9985,"1876","5000","88","1"
9986,"1877","5000","89","1"
9987,"1878","5000","90","1"
9988,"1879","5000","91","1"
9989,"1880","5000","92","1"
9990,"1881","5000","93","1"
9991,"1881","5000","93","1"
9992,"1881","5000","93","1"
9993,"1881","5000","93","1"
9994,"1881","5000","93","1"
9995,"1881","5000","93","1"
9996,"1881","5000","93","1"
9997,"1881","5000","93","1"
9998,"1881","5000","93","1"
9999,"1882","5000","94","1"
10000,"1883","5000","95","1"
10001,"1884","5000","96","1"
10002,"1885","5000","97","1"
10003,"1886","5000","98","1"
10004,"1887","5000","99","1"
10005,"1888","5000","100","1"
10006,"1889","5000","101","1"
10007,"1889","5000","101","1"
10008,"1890","5000","102","1"
10009,"1891","5000","103","1"
10010,"1892","5000","104","1"
10011,"1893","5000","105","1"
10012,"1894","5000","106","1"
10013,"1894","5000","106","1"
10014,"1894","5000","106","1"
10015,"1894","5000","106","1"
10016,"1894","5000","106","1"
10017,"1894","5000","106","1"
10018,"1894","5000","106","1"
10019,"1894","5000","106","1"
10020,"1895","5000","107","1"
10021,"1895","5000","107","1"
10022,"1895","5000","107","1"
10023,"1895","5000","107","1"
10024,"1895","5000","107","1"
10025,"1895","5000","107","1"
10026,"1896","5000","108","1"
10027,"1897","5000","109","1"
10028,"1898","5000","110","1"
10029,"1899","5000","111","1"
10030,"1900","5000","112","1"
10031,"1901","5000","113","1"
10032,"1902","5000","114","1"
10033,"1902","5000","114","1"
10034,"1902","5000","114","1"
10035,"1903","5000","115","1"
10036,"1904","5000","116","1"
10037,"1905","5000","117","1"
10038,"1906","5000","118","1"
10039,"1907","5000","119","1"
10040,"1908","5000","120","1"
10041,"1909","5000","121","1"
10042,"1910","5000","122","1"
10043,"1911","5000","123","1"
10044,"1912","5000","124","1"
10045,"1913","5000","125","1"
10046,"1914","5000","126","1"
10047,"1915","5000","127","1"
10048,"1916","5000","128","1"
10049,"1917","5000","129","1"
10050,"1918","5000","130","1"
10051,"1919","5000","131","1"
10052,"1920","5000","132","1"
10053,"1921","5000","133","1"
10054,"1921","5000","133","1"
10055,"1921","5000","133","1"
10056,"1921","5000","133","1"
10057,"1921","5000","133","1"
10058,"1921","5000","133","1"
10059,"1922","5000","134","1"
10060,"1923","5000","135","1"
10061,"1924","5000","136","1"
10062,"1925","5000","137","1"
10063,"1926","5000","138","1"
10064,"1927","5000","139","1"
10065,"1928","5000","140","1"
10066,"1929","5000","141","1"
10067,"1930","5000","142","1"
10068,"1931","5000","143","1"
10069,"1932","5000","144","1"
10070,"1933","5000","145","1"
10071,"1934","5000","146","1"
10072,"1934","5000","146","1"
10073,"1934","5000","146","1"
10074,"1934","5000","146","1"
10075,"1935","5000","147","1"
10076,"1936","5000","148","1"
10077,"1937","5000","149","1"
10078,"1937","5000","149","1"
10079,"1938","5000","150","1"
10080,"1939","5000","0","1"
10081,"1939","5000","0","1"
10082,"1939","5000","0","1"
10083,"1939","5000","0","1"
10084,"1940","5000","1","1"
10085,"1941","5000","2","1"
10086,"1942","5000","3","1"
10087,"1943","5000","4","1"
10088,"1944","5000","5","1"
10089,"1944","5000","5","1"
10090,"1944","5000","5","1"
10091,"1944","5000","5","1"
10092,"1944","5000","5","1"
10093,"1944","5000","5","1"
10094,"1944","5000","5","1"
10095,"1944","5000","5","1"
10096,"1945","5000","6","1"
10097,"1946","5000","7","1"
10098,"1947","5000","8","1"
10099,"1948","5000","9","1"
10100,"1949","5000","10","1"
10101,"1950","5000","11","1"
10102,"1951","5000","12","1"
10103,"1952","5000","13","1"
10104,"1953","5000","14","1"
10105,"1954","5000","15","1"
10106,"1955","5000","16","1"
10107,"1956","5000","17","1"
10108,"1957","5000","18","1"
10109,"1957","5000","18","1"
10110,"1957","5000","18","1"
10112,"1957","5000","18","1"
10113,"1957","5000","18","1"
10114,"1958","5000","19","1"
10115,"1959","5000","20","1"
10116,"1960","5000","21","1"
10117,"1961","5000","22","1"
10118,"1962","5000","23","1"
10119,"1963","5000","24","1"
10120,"1964","5000","25","1"
10121,"1964","5000","25","1"
10122,"1964","5000","25","1"
10123,"1964","5000","25","1"
10124,"1964","5000","25","1"
10125,"1964","5000","25","1"
10126,"1964","5000","25","1"
10127,"1965","5000","26","1"
10128,"1966","5000","27","1"
10129,"1967","5000","28","1"
10130,"1967","5000","28","1"
10131,"1967","5000","28","1"
10132,"1967","5000","28","1"
10133,"1967","5000","28","1"
10134,"1967","5000","28","1"
10135,"1968","5000","29","1"
10136,"1968","5000","29","1"
10137,"1968","5000","29","1"
10138,"1968","5000","29","1"
10139,"1968","5000","29","1"
10140,"1968","5000","29","1"
10141,"1968","5000","29","1"
10142,"1968","5000","29","1"
10143,"1968","5000","29","1"
10144,"1968","5000","29","1"
10145,"1968","5000","29","1"
10146,"1969","5000","30","1"
10147,"1970","5000","31","1"
10148,"1971","5000","32","1"
10149,"1972","5000","33","1"
10150,"1973","5000","34","1"
10151,"1974","5000","35","1"
10152,"1975","5000","36","1"
10153,"1976","5000","37","1"
10154,"1977","5000","38","1"
10155,"1978","5000","39","1"
10156,"1979","5000","40","1"
10157,"1980","5000","41","1"
10158,"1981","5000","42","1"
10159,"1981","5000","42","1"
10160,"1981","5000","42","1"
10161,"1981","5000","42","1"
10162,"1982","5000","43","1"
10163,"1983","5000","44","1"
10164,"1983","5000","44","1"
10165,"1983","5000","44","1"
10166,"1983","5000","44","1"
10167,"1983","5000","44","1"
10168,"1983","5000","44","1"
10169,"1984","5000","45","1"
10170,"1985","5000","46","1"
10171,"1986","5000","47","1"
10172,"1987","5000","48","1"
10173,"1988","5000","49","1"
10174,"1988","5000","49","1"
10175,"1988","5000","49","1"
10176,"1988","5000","49","1"
10177,"1988","5000","49","1"
10178,"1989","5000","50","1"
10179,"1990","5000","51","1"
10180,"1991","5000","52","1"
10181,"1992","5000","53","1"
10182,"1993","5000","54","1"
10183,"1994","5000","55","1"
10184,"1995","5000","56","1"
10185,"1995","5000","56","1"
10186,"1996","5000","57","1"
10187,"1997","5000","58","1"
10188,"1998","5000","59","1"
10189,"1999","5000","60","1"
10190,"2000","5000","61","1"
10191,"2001","5000","62","1"
10192,"2001","5000","62","1"
10193,"2001","5000","62","1"
10194,"2002","5000","63","1"
10195,"2003","5000","64","1"
10196,"2004","5000","65","1"
10197,"2004","5000","65","1"
10198,"2004","5000","65","1"
10199,"2004","5000","65","1"
10200,"2004","5000","65","1"
10201,"2004","5000","65","1"
10202,"2004","5000","65","1"
10203,"2004","5000","65","1"
10204,"2004","5000","65","1"
10205,"2004","5000","65","1"
10206,"2004","5000","65","1"
10207,"2004","5000","65","1"
10208,"2004","5000","65","1"
10209,"2005","5000","66","1"
10210,"2006","5000","67","1"
10211,"2007","5000","0","1"
10212,"2007","5000","0","1"
10213,"2007","5000","0","1"
10214,"2008","5000","1","1"
10215,"2009","5000","2","1"
10216,"2009","5000","2","1"
10217,"2009","5000","2","1"
10218,"2009","5000","2","1"
10219,"2009","5000","2","1"
10220,"2009","5000","2","1"
10221,"2010","5000","3","1"
10222,"2011","5000","4","1"
10223,"2011","5000","4","1"
10224,"2011","5000","4","1"
10225,"2011","5000","4","1"
10226,"2011","5000","4","1"
10227,"2011","5000","4","1"
10228,"2011","5000","4","1"
10229,"2011","5000","4","1"
10230,"2011","5000","4","1"
10231,"2011","5000","4","1"
10232,"2011","5000","4","1"
10233,"2011","5000","4","1"
10234,"2011","5000","4","1"
10235,"2011","5000","4","1"
10236,"2011","5000","4","1"
10237,"2011","5000","4","1"
10238,"2011","5000","4","1"
10239,"2011","5000","4","1"
10240,"2011","5000","4","1"
10241,"2011","5000","4","1"
10242,"2011","5000","4","1"
10243,"2011","5000","4","1"
10244,"2011","5000","4","1"
10245,"2011","5000","4","1"
10246,"2011","5000","4","1"
10247,"2011","5000","4","1"
10248,"2012","5000","5","1"
10249,"2012","5000","5","1"
10250,"2012","5000","5","1"
10251,"2012","5000","5","1"
10252,"2012","5000","5","1"
10253,"2012","5000","5","1"
10254,"2012","5000","5","1"
10255,"2012","5000","5","1"
10256,"2013","5000","6","1"
10257,"2013","5000","6","1"
10258,"2013","5000","6","1"
10259,"2014","5000","7","1"
10260,"2015","5000","8","1"
10261,"2015","5000","8","1"
10262,"2015","5000","8","1"
10263,"2015","5000","8","1"
10264,"2015","5000","8","1"
10265,"2015","5000","8","1"
10266,"2015","5000","8","1"
10267,"2015","5000","8","1"
10268,"2015","5000","8","1"
10269,"2015","5000","8","1"
10270,"2015","5000","8","1"
10271,"2015","5000","8","1"
10272,"2015","5000","8","1"
10273,"2015","5000","8","1"
10274,"2016","5000","9","1"
10275,"2016","5000","9","1"
10276,"2017","5000","10","1"
10277,"2018","5000","11","1"
10278,"2019","5000","12","1"
10279,"2020","5000","13","1"
10280,"2021","5000","14","1"
10281,"2022","5000","15","1"
10282,"2023","5000","16","1"
10283,"2023","5000","16","1"
10284,"2023","5000","16","1"
10285,"2024","5000","17","1"
10286,"2025","5000","18","1"
10287,"2026","5000","19","1"
10288,"2027","5000","20","1"
10289,"2028","5000","21","1"
10290,"2029","5000","22","1"
10291,"2029","5000","22","1"
10292,"2029","5000","22","1"
10293,"2029","5000","22","1"
10295,"2029","5000","22","1"
10296,"2029","5000","22","1"
10297,"2030","5000","23","1"
10298,"2031","5000","24","1"
10299,"2032","5000","25","1"
10300,"2033","5000","26","1"
10301,"2034","5000","27","1"
10302,"2035","5000","28","1"
10303,"2036","5000","29","1"
10304,"2037","5000","30","1"
10305,"2038","5000","31","1"
10307,"2038","5000","31","1"
10308,"2038","5000","31","1"
10309,"2039","5000","32","1"
10310,"2040","5000","33","1"
10311,"2041","5000","34","1"
10312,"2042","5000","35","1"
10313,"2042","5000","35","1"
10314,"2043","5000","36","1"
10315,"2044","5000","37","1"
10316,"2044","5000","37","1"
10317,"2044","5000","37","1"
10318,"2044","5000","37","1"
10319,"2044","5000","37","1"
10320,"2044","5000","37","1"
10321,"2044","5000","37","1"
10322,"2044","5000","37","1"
10323,"2044","5000","37","1"
10324,"2044","5000","37","1"
10325,"2045","5000","38","1"
10326,"2046","5000","39","1"
10327,"2047","5000","40","1"
10328,"2048","5000","41","1"
10329,"2049","5000","42","1"
10330,"2049","5000","42","1"
10331,"2050","5000","43","1"
10332,"2051","5000","44","1"
10333,"2052","5000","45","1"
10334,"2053","5000","46","1"
10335,"2054","5000","47","1"
10336,"2055","5000","48","1"
10337,"2056","5000","49","1"
10338,"2057","5000","50","1"
10339,"2058","5000","51","1"
10340,"2059","5000","52","1"
10341,"2059","5000","52","1"
10342,"2059","5000","52","1"
10343,"2060","5000","53","1"
10344,"2061","5000","54","1"
10345,"2062","5000","55","1"
10346,"2063","5000","56","1"
10347,"2064","5000","57","1"
10348,"2065","5000","58","1"
10349,"2066","5000","59","1"
10350,"2067","5000","60","1"
10351,"2068","5000","61","1"
10352,"2069","5000","62","1"
10353,"2070","5000","63","1"
10354,"2071","5000","64","1"
10355,"2072","5000","65","1"
10356,"2073","5000","66","1"
10357,"2074","5000","67","1"
10358,"2075","5000","68","1"
10359,"2075","5000","68","1"
10360,"2075","5000","68","1"
10361,"2076","5000","69","1"
10362,"2077","5000","70","1"
10363,"2078","5000","71","1"
10364,"2079","5000","72","1"
10365,"2080","5000","73","1"
10366,"2081","5000","74","1"
10367,"2082","5000","75","1"
10368,"2083","5000","76","1"
10369,"2084","5000","77","1"
10370,"2085","5000","78","1"
10371,"2086","5000","79","1"
10372,"2087","5000","80","1"
10373,"2088","5000","81","1"
10374,"2089","5000","82","1"
10375,"2089","5000","82","1"
10376,"2089","5000","82","1"
10377,"2089","5000","82","1"
10378,"2090","5000","83","1"
10379,"2091","5000","84","1"
10380,"2092","5000","85","1"
10381,"2093","5000","86","1"
10382,"2094","5000","87","1"
10383,"2095","5000","88","1"
10384,"2096","5000","89","1"
10385,"2097","5000","90","1"
10386,"2098","5000","91","1"
10387,"2098","5000","91","1"
10388,"2098","5000","91","1"
10389,"2098","5000","91","1"
10390,"2098","5000","91","1"
10391,"2098","5000","91","1"
10392,"2098","5000","91","1"
10393,"2098","5000","91","1"
10394,"2098","5000","91","1"
10395,"2098","5000","91","1"
10396,"2098","5000","91","1"
10397,"2098","5000","91","1"
10398,"2098","5000","91","1"
10399,"2098","5000","91","1"
10400,"2098","5000","91","1"
10401,"2098","5000","91","1"
10402,"2099","5000","92","1"
10403,"2100","5000","93","1"
10404,"2101","5000","94","1"
10405,"2101","5000","94","1"
10406,"2101","5000","94","1"
10407,"2101","5000","94","1"
10408,"2101","5000","94","1"
10409,"2101","5000","94","1"
10410,"2102","5000","95","1"
10411,"2102","5000","95","1"
10412,"2103","5000","96","1"
10413,"2104","5000","97","1"
10414,"2105","5000","98","1"
10415,"2106","5000","99","1"
10416,"2107","5000","100","1"
10417,"2108","5000","101","1"
10418,"2108","5000","101","1"
10419,"2108","5000","101","1"
10420,"2108","5000","101","1"
10421,"2108","5000","101","1"
10422,"2108","5000","101","1"
10423,"2108","5000","101","1"
10424,"2108","5000","101","1"
10425,"2108","5000","101","1"
10426,"2108","5000","101","1"
10427,"2108","5000","101","1"
10428,"2108","5000","101","1"
10429,"2108","5000","101","1"
10430,"2108","5000","101","1"
10431,"2108","5000","101","1"
10432,"2108","5000","101","1"
10433,"2108","5000","101","1"
10434,"2108","5000","101","1"
10435,"2108","5000","101","1"
10436,"2108","5000","101","1"
10437,"2108","5000","101","1"
10438,"2108","5000","101","1"
10439,"2108","5000","101","1"
10440,"2108","5000","101","1"
10441,"2108","5000","101","1"
10442,"2108","5000","101","1"
10443,"2108","5000","101","1"
10444,"2108","5000","101","1"
10445,"2108","5000","101","1"
10446,"2108","5000","101","1"
10447,"2108","5000","101","1"
10448,"2108","5000","101","1"
10449,"2108","5000","101","1"
10450,"2108","5000","101","1"
10451,"2108","5000","101","1"
10452,"2108","5000","101","1"
10453,"2108","5000","101","1"
10454,"2108","5000","101","1"
10455,"2108","5000","101","1"
10456,"2108","5000","101","1"
10457,"2108","5000","101","1"
10458,"2108","5000","101","1"
10459,"2108","5000","101","1"
10460,"2108","5000","101","1"
10461,"2108","5000","101","1"
10462,"2108","5000","101","1"
10463,"2108","5000","101","1"
10464,"2108","5000","101","1"
10465,"2108","5000","101","1"
10466,"2108","5000","101","1"
10467,"2108","5000","101","1"
10468,"2108","5000","101","1"
10469,"2108","5000","101","1"
10470,"2108","5000","101","1"
10471,"2108","5000","101","1"
10472,"2108","5000","101","1"
10473,"2108","5000","101","1"
10474,"2108","5000","101","1"
10475,"2108","5000","101","1"
10476,"2108","5000","101","1"
10477,"2108","5000","101","1"
10478,"2108","5000","101","1"
10479,"2108","5000","101","1"
10480,"2108","5000","101","1"
10481,"2108","5000","101","1"
10482,"2108","5000","101","1"
10483,"2108","5000","101","1"
10484,"2108","5000","101","1"
10485,"2108","5000","101","1"
10486,"2108","5000","101","1"
10487,"2108","5000","101","1"
10488,"2108","5000","101","1"
10489,"2108","5000","101","1"
10490,"2108","5000","101","1"
10491,"2108","5000","101","1"
10492,"2108","5000","101","1"
10493,"2108","5000","101","1"
10494,"2108","5000","101","1"
10495,"2108","5000","101","1"
10496,"2108","5000","101","1"
10497,"2108","5000","101","1"
10498,"2108","5000","101","1"
10499,"2108","5000","101","1"
10500,"2108","5000","101","1"
10501,"2108","5000","101","1"
10502,"2108","5000","101","1"
10503,"2108","5000","101","1"
10504,"2108","5000","101","1"
10505,"2108","5000","101","1"
10506,"2108","5000","101","1"
10507,"2108","5000","101","1"
10508,"2108","5000","101","1"
10509,"2108","5000","101","1"
10510,"2108","5000","101","1"
10511,"2108","5000","101","1"
10512,"2108","5000","101","1"
10513,"2108","5000","101","1"
10514,"2108","5000","101","1"
10515,"2108","5000","101","1"
10516,"2108","5000","101","1"
10517,"2108","5000","101","1"
10518,"2108","5000","101","1"
10519,"2108","5000","101","1"
10520,"2108","5000","101","1"
10521,"2108","5000","101","1"
10522,"2108","5000","101","1"
10523,"2108","5000","101","1"
10524,"2108","5000","101","1"
10525,"2108","5000","101","1"
10526,"2108","5000","101","1"
10527,"2108","5000","101","1"
10528,"2108","5000","101","1"
10529,"2108","5000","101","1"
10530,"2108","5000","101","1"
10531,"2108","5000","101","1"
10532,"2108","5000","101","1"
10533,"2108","5000","101","1"
10534,"2108","5000","101","1"
10535,"2108","5000","101","1"
10536,"2108","5000","101","1"
10537,"2108","5000","101","1"
10538,"2108","5000","101","1"
10539,"2108","5000","101","1"
10540,"2108","5000","101","1"
10541,"2108","5000","101","1"
10542,"2108","5000","101","1"
10543,"2108","5000","101","1"
10544,"2108","5000","101","1"
10545,"2108","5000","101","1"
10546,"2108","5000","101","1"
10547,"2108","5000","101","1"
10548,"2108","5000","101","1"
10549,"2108","5000","101","1"
10550,"2108","5000","101","1"
10551,"2108","5000","101","1"
10552,"2108","5000","101","1"
10553,"2108","5000","101","1"
10554,"2108","5000","101","1"
10555,"2108","5000","101","1"
10556,"2108","5000","101","1"
10557,"2108","5000","101","1"
10558,"2108","5000","101","1"
10559,"2108","5000","101","1"
10560,"2108","5000","101","1"
10561,"2108","5000","101","1"
10562,"2108","5000","101","1"
10563,"2108","5000","101","1"
10564,"2108","5000","101","1"
10565,"2108","5000","101","1"
10566,"2108","5000","101","1"
10567,"2108","5000","101","1"
10568,"2108","5000","101","1"
10569,"2108","5000","101","1"
10570,"2108","5000","101","1"
10571,"2108","5000","101","1"
10572,"2108","5000","101","1"
10573,"2108","5000","101","1"
10574,"2108","5000","101","1"
10575,"2108","5000","101","1"
10576,"2108","5000","101","1"
10577,"2108","5000","101","1"
10578,"2108","5000","101","1"
10579,"2108","5000","101","1"
10580,"2108","5000","101","1"
10581,"2108","5000","101","1"
10582,"2108","5000","101","1"
10583,"2108","5000","101","1"
10584,"2108","5000","101","1"
10585,"2108","5000","101","1"
10586,"2108","5000","101","1"
10587,"2108","5000","101","1"
10588,"2108","5000","101","1"
10589,"2108","5000","101","1"
10590,"2108","5000","101","1"
10591,"2108","5000","101","1"
10592,"2108","5000","101","1"
10593,"2108","5000","101","1"
10594,"2108","5000","101","1"
10595,"2108","5000","101","1"
10596,"2108","5000","101","1"
10597,"2108","5000","101","1"
10598,"2108","5000","101","1"
10599,"2108","5000","101","1"
10600,"2108","5000","101","1"
10601,"2108","5000","101","1"
10602,"2108","5000","101","1"
10603,"2108","5000","101","1"
10604,"2108","5000","101","1"
10605,"2108","5000","101","1"
10606,"2108","5000","101","1"
10607,"2108","5000","101","1"
10608,"2108","5000","101","1"
10609,"2108","5000","101","1"
10610,"2108","5000","101","1"
10611,"2108","5000","101","1"
10612,"2108","5000","101","1"
10613,"2108","5000","101","1"
10614,"2108","5000","101","1"
10615,"2108","5000","101","1"
10616,"2108","5000","101","1"
10617,"2108","5000","101","1"
10618,"2108","5000","101","1"
10619,"2108","5000","101","1"
10620,"2108","5000","101","1"
10621,"2108","5000","101","1"
10622,"2108","5000","101","1"
10623,"2108","5000","101","1"
10624,"2108","5000","101","1"
10625,"2108","5000","101","1"
10626,"2108","5000","101","1"
10627,"2108","5000","101","1"
10628,"2108","5000","101","1"
10629,"2108","5000","101","1"
10630,"2108","5000","101","1"
10631,"2108","5000","101","1"
10632,"2108","5000","101","1"
10633,"2108","5000","101","1"
10634,"2108","5000","101","1"
10635,"2108","5000","101","1"
10636,"2108","5000","101","1"
10637,"2108","5000","101","1"
10638,"2108","5000","0","1"
10639,"2108","5000","0","1"
10640,"2108","5000","0","1"
10641,"2108","5000","0","1"
10642,"2109","5000","1","1"
10643,"2110","5000","2","1"
10644,"2111","5000","3","1"
10645,"2112","5000","4","1"
10646,"2113","5000","5","1"
10647,"2114","5000","6","1"
10648,"2115","5000","7","1"
10649,"2116","5000","8","1"
10650,"2117","5000","9","1"
10651,"2117","5000","9","1"
10652,"2117","5000","9","1"
10653,"2117","5000","9","1"
10654,"2117","5000","9","1"
10655,"2117","5000","9","1"
10656,"2117","5000","9","1"
10657,"2117","5000","9","1"
10658,"2117","5000","9","1"
10659,"2117","5000","9","1"
10660,"2117","5000","9","1"
10661,"2118","5000","10","1"
10662,"2119","5000","11","1"
10663,"2120","5000","12","1"
10664,"2121","5000","13","1"
10665,"2122","5000","14","1"
10666,"2123","5000","15","1"
10667,"2124","5000","16","1"
10668,"2125","5000","17","1"
10669,"2126","5000","18","1"
10670,"2127","5000","19","1"
10671,"2128","5000","20","1"
10672,"2129","5000","21","1"
10673,"2130","5000","22","1"
10674,"2131","5000","23","1"
10675,"2132","5000","24","1"
10676,"2133","5000","25","1"
10677,"2134","5000","26","1"
10678,"2135","5000","27","1"
10679,"2135","5000","27","1"
10680,"2135","5000","27","1"
10681,"2136","5000","28","1"
10682,"2137","5000","29","1"
10683,"2138","5000","30","1"
10684,"2139","5000","31","1"
10685,"2140","5000","32","1"
10686,"2141","5000","33","1"
10687,"2142","5000","34","1"
10688,"2143","5000","35","1"
10689,"2144","5000","36","1"
10690,"2145","5000","37","1"
10691,"2146","5000","38","1"
10692,"2147","5000","39","1"
10693,"2148","5000","40","1"
10694,"2149","5000","41","1"
10695,"2149","5000","41","1"
10696,"2149","5000","41","1"
10697,"2149","5000","41","1"
10698,"2149","5000","41","1"
10699,"2149","5000","41","1"
10700,"2149","5000","41","1"
10701,"2149","5000","41","1"
10702,"2149","5000","41","1"
10703,"2149","5000","41","1"
10704,"2149","5000","41","1"
10705,"2149","5000","41","1"
10706,"2149","5000","41","1"
10707,"2149","5000","41","1"
10708,"2149","5000","41","1"
10709,"2149","5000","41","1"
10710,"2149","5000","41","1"
10711,"2149","5000","41","1"
10712,"2149","5000","41","1"
10713,"2149","5000","41","1"
10714,"2149","5000","41","1"
10715,"2149","5000","41","1"
10716,"2149","5000","41","1"
10717,"2149","5000","41","1"
10718,"2149","5000","41","1"
10719,"2149","5000","41","1"
10720,"2149","5000","41","1"
10721,"2149","5000","41","1"
10722,"2149","5000","41","1"
10723,"2149","5000","41","1"
10724,"2149","5000","41","1"
10725,"2149","5000","41","1"
10726,"2149","5000","41","1"
10727,"2149","5000","41","1"
10728,"2149","5000","41","1"
10729,"2149","5000","41","1"
10730,"2149","5000","41","1"
10731,"2149","5000","41","1"
10732,"2149","5000","41","1"
10733,"2150","5000","42","1"
10734,"2150","5000","42","1"
10735,"2151","5000","43","1"
10736,"2152","5000","44","1"
10737,"2153","5000","45","1"
10738,"2154","5000","46","1"
10739,"2155","5000","47","1"
10740,"2155","5000","47","1"
10741,"2155","5000","47","1"
10742,"2155","5000","47","1"
10743,"2155","5000","47","1"
10744,"2155","5000","47","1"
10745,"2155","5000","47","1"
10746,"2155","5000","47","1"
10747,"2155","5000","47","1"
10748,"2155","5000","47","1"
10749,"2155","5000","47","1"
10750,"2155","5000","47","1"
10751,"2155","5000","47","1"
10752,"2155","5000","47","1"
10753,"2155","5000","47","1"
10754,"2155","5000","47","1"
10755,"2155","5000","47","1"
10756,"2155","5000","47","1"
10757,"2155","5000","47","1"
10758,"2156","5000","48","1"
10759,"2157","5000","49","1"
10760,"2158","5000","50","1"
10761,"2159","5000","51","1"
10762,"2160","5000","52","1"
10763,"2161","5000","53","1"
10764,"2162","5000","54","1"
10765,"2163","5000","55","1"
10766,"2164","5000","56","1"
10767,"2165","5000","57","1"
10768,"2166","5000","58","1"
10769,"2167","5000","59","1"
10770,"2168","5000","60","1"
10771,"2169","5000","61","1"
10772,"2170","5000","62","1"
10773,"2171","5000","63","1"
10774,"2172","5000","64","1"
10775,"2173","5000","65","1"
10776,"2174","5000","66","1"
10777,"2175","5000","67","1"
10778,"2176","5000","68","1"
10779,"2177","5000","69","1"
10780,"2178","5000","70","1"
10781,"2179","5000","71","1"
10782,"2179","5000","71","1"
10783,"2179","5000","71","1"
10784,"2179","5000","71","1"
10785,"2179","5000","71","1"
10786,"2179","5000","71","1"
10787,"2179","5000","71","1"
10788,"2179","5000","71","1"
10789,"2179","5000","71","1"
10790,"2179","5000","71","1"
10791,"2179","5000","71","1"
10792,"2179","5000","71","1"
10793,"2179","5000","71","1"
10794,"2179","5000","71","1"
10795,"2179","5000","71","1"
10796,"2179","5000","71","1"
10797,"2179","5000","71","1"
10798,"2179","5000","71","1"
10799,"2179","5000","71","1"
10800,"2179","5000","71","1"
10801,"2179","5000","71","1"
10802,"2179","5000","71","1"
10803,"2179","5000","71","1"
10804,"2179","5000","71","1"
10805,"2179","5000","71","1"
10806,"2179","5000","71","1"
10807,"2179","5000","71","1"
10808,"2179","5000","71","1"
10809,"2179","5000","71","1"
10810,"2179","5000","71","1"
10811,"2179","5000","71","1"
10812,"2179","5000","71","1"
10813,"2179","5000","71","1"
10814,"2179","5000","71","1"
10815,"2179","5000","71","1"
10816,"2179","5000","71","1"
10817,"2179","5000","71","1"
10818,"2179","5000","71","1"
10819,"2179","5000","71","1"
10820,"2179","5000","71","1"
10821,"2179","5000","71","1"
10822,"2179","5000","71","1"
10823,"2179","5000","71","1"
10824,"2179","5000","71","1"
10825,"2179","5000","71","1"
10826,"2179","5000","71","1"
10827,"2179","5000","71","1"
10828,"2179","5000","71","1"
10829,"2179","5000","71","1"
10830,"2179","5000","71","1"
10831,"2179","5000","71","1"
10832,"2179","5000","71","1"
10833,"2179","5000","71","1"
10834,"2179","5000","71","1"
10835,"2179","5000","71","1"
10836,"2179","5000","71","1"
10837,"2179","5000","71","1"
10838,"2179","5000","71","1"
10839,"2179","5000","71","1"
10840,"2179","5000","71","1"
10841,"2179","5000","71","1"
10842,"2179","5000","71","1"
10843,"2179","5000","71","1"
10844,"2179","5000","71","1"
10845,"2179","5000","71","1"
10846,"2179","5000","71","1"
10847,"2180","5000","72","1"
10848,"2181","5000","73","1"
10849,"2182","5000","74","1"
10850,"2183","5000","75","1"
10851,"2184","5000","76","1"
10852,"2185","5000","77","1"
10853,"2186","5000","78","1"
10854,"2187","5000","79","1"
10855,"2188","5000","80","1"
10856,"2189","5000","81","1"
10857,"2190","5000","82","1"
10858,"2191","5000","83","1"
10859,"2192","5000","84","1"
10860,"2193","5000","85","1"
10861,"2194","5000","86","1"
10862,"2195","5000","87","1"
10863,"2196","5000","88","1"
10864,"2197","5000","89","1"
10865,"2197","5000","89","1"
10866,"2197","5000","89","1"
10867,"2198","5000","90","1"
10868,"2199","5000","91","1"
10869,"2200","5000","92","1"
10870,"2201","5000","93","1"
10871,"2202","5000","94","1"
10872,"2203","5000","95","1"
10873,"2204","5000","96","1"
10874,"2205","5000","97","1"
10875,"2206","5000","98","1"
10876,"2207","5000","99","1"
10877,"2208","5000","100","1"
10878,"2209","5000","101","1"
10879,"2210","5000","102","1"
10880,"2211","5000","103","1"
10881,"2212","5000","104","1"
10882,"2213","5000","105","1"
10883,"2214","5000","106","1"
10884,"2214","5000","106","1"
10885,"2214","5000","106","1"
10886,"2214","5000","106","1"
10887,"2214","5000","106","1"
10888,"2214","5000","106","1"
10889,"2214","5000","106","1"
10890,"2214","5000","106","1"
10891,"2214","5000","106","1"
10892,"2214","5000","106","1"
10893,"2214","5000","106","1"
10894,"2214","5000","106","1"
10895,"2214","5000","106","1"
10896,"2214","5000","106","1"
10897,"2214","5000","106","1"
10898,"2214","5000","106","1"
10899,"2214","5000","106","1"
10900,"2214","5000","106","1"
10901,"2214","5000","106","1"
10902,"2214","5000","106","1"
10903,"2214","5000","106","1"
10904,"2214","5000","106","1"
10905,"2214","5000","106","1"
10906,"2214","5000","106","1"
10907,"2214","5000","106","1"
10908,"2214","5000","106","1"
10909,"2214","5000","106","1"
10910,"2214","5000","106","1"
10911,"2214","5000","106","1"
10912,"2214","5000","106","1"
10913,"2214","5000","106","1"
10914,"2214","5000","106","1"
10915,"2214","5000","106","1"
10916,"2214","5000","106","1"
10917,"2214","5000","106","1"
10918,"2214","5000","106","1"
10919,"2214","5000","106","1"
10920,"2214","5000","106","1"
10921,"2214","5000","106","1"
10922,"2214","5000","106","1"
10923,"2215","5000","107","1"
10924,"2216","5000","108","1"
10925,"2217","5000","109","1"
10926,"2218","5000","110","1"
10927,"2219","5000","111","1"
10928,"2220","5000","112","1"
10929,"2221","5000","113","1"
10930,"2222","5000","114","1"
10931,"2223","5000","115","1"
10932,"2224","5000","116","1"
10933,"2225","5000","117","1"
10934,"2226","5000","118","1"
10935,"2226","5000","118","1"
10936,"2226","5000","118","1"
10937,"2227","5000","119","1"
10938,"2228","5000","120","1"
10939,"2229","5000","121","1"
10940,"2230","5000","122","1"
10941,"2231","5000","123","1"
10942,"2232","5000","124","1"
10943,"2233","5000","125","1"
10944,"2234","5000","126","1"
10945,"2235","5000","127","1"
10946,"2236","5000","128","1"
10947,"2237","5000","129","1"
10948,"2238","5000","130","1"
10949,"2239","5000","131","1"
10950,"2240","5000","132","1"
10951,"2241","5000","133","1"
10952,"2242","5000","134","1"
10953,"2243","5000","135","1"
10954,"2244","5000","136","1"
10955,"2245","5000","137","1"
10956,"2246","5000","138","1"
10957,"2247","5000","139","1"
10958,"2247","5000","139","1"
10959,"2247","5000","139","1"
10960,"2248","5000","140","1"
10961,"2249","5000","141","1"
10962,"2250","5000","142","1"
10963,"2251","5000","143","1"
10964,"2252","5000","144","1"
10965,"2253","5000","145","1"
10966,"2254","5000","146","1"
10967,"2255","5000","147","1"
10968,"2256","5000","148","1"
10969,"2256","5000","148","1"
10970,"2256","5000","148","1"
10971,"2256","5000","148","1"
10972,"2256","5000","148","1"
10973,"2256","5000","148","1"
10974,"2257","5000","149","1"
10975,"2258","5000","150","1"
10976,"2259","5000","151","1"
10977,"2260","5000","152","1"
10978,"2261","5000","153","1"
10979,"2262","5000","154","1"
10980,"2263","5000","155","1"
10981,"2264","5000","156","1"
10982,"2264","5000","156","1"
10983,"2264","5000","156","1"
10984,"2264","5000","156","1"
10985,"2264","5000","156","1"
10986,"2264","5000","0","1"
10987,"2264","5000","0","1"
10988,"2264","5000","0","1"
10989,"2265","5000","1","1"
10990,"2266","5000","2","1"
10991,"2267","5000","3","1"
10992,"2268","5000","4","1"
10993,"2268","5000","4","1"
10994,"2268","5000","4","1"
10995,"2268","5000","4","1"
10996,"2268","5000","4","1"
10997,"2269","5000","5","1"
10998,"2270","5000","6","1"
10999,"2271","5000","7","1"
11000,"2272","5000","8","1"
11001,"2273","5000","9","1"
11002,"2273","5000","9","1"
11003,"2273","5000","9","1"
11004,"2274","5000","10","1"
11005,"2275","5000","11","1"
11006,"2276","5000","12","1"
11007,"2277","5000","13","1"
11008,"2278","5000","14","1"
11009,"2279","5000","15","1"
11010,"2280","5000","16","1"
11011,"2281","5000","17","1"
11012,"2282","5000","18","1"
11013,"2283","5000","19","1"
11014,"2284","5000","20","1"
11015,"2285","5000","21","1"
11016,"2286","5000","22","1"
11017,"2287","5000","23","1"
11018,"2288","5000","24","1"
11019,"2289","5000","25","1"
11020,"2290","5000","26","1"
11021,"2291","5000","27","1"
11022,"2292","5000","28","1"
11023,"2293","5000","29","1"
11024,"2294","5000","30","1"
11025,"2294","5000","30","1"
11026,"2294","5000","30","1"
11027,"2295","5000","31","1"
11028,"2296","5000","32","1"
11029,"2297","5000","33","1"
11030,"2298","5000","34","1"
11031,"2299","5000","35","1"
11032,"2300","5000","36","1"
11033,"2301","5000","37","1"
11034,"2302","5000","38","1"
11035,"2303","5000","39","1"
11036,"2304","5000","40","1"
11037,"2305","5000","41","1"
11038,"2306","5000","42","1"
11039,"2307","5000","43","1"
11040,"2308","5000","44","1"
11041,"2309","5000","45","1"
11042,"2310","5000","46","1"
11043,"2311","5000","47","1"
11044,"2312","5000","48","1"
11045,"2313","5000","49","1"
11046,"2314","5000","50","1"
11047,"2315","5000","51","1"
11048,"2316","5000","52","1"
11049,"2317","5000","53","1"
11050,"2318","5000","54","1"
11051,"2319","5000","55","1"
11052,"2320","5000","56","1"
11053,"2321","5000","57","1"
11054,"2322","5000","58","1"
11055,"2323","5000","59","1"
11056,"2324","5000","60","1"
11057,"2325","5000","0","1"
11058,"2325","5000","0","1"
11059,"2325","5000","0","1"
11060,"2325","5000","0","1"
11061,"2325","5000","0","1"
11062,"2326","5000","1","1"
11063,"2327","5000","2","1"
11064,"2328","5000","3","1"
11065,"2329","5000","4","1"
11066,"2330","5000","5","1"
11067,"2331","5000","6","1"
11068,"2332","5000","7","1"
11069,"2333","5000","8","1"
11070,"2334","5000","9","1"
11071,"2335","5000","10","1"
11072,"2336","5000","11","1"
11073,"2337","5000","12","1"
11074,"2338","5000","13","1"
11075,"2339","5000","14","1"
11076,"2340","5000","15","1"
11077,"2341","5000","16","1"
11078,"2342","5000","17","1"
11079,"2343","5000","18","1"
11080,"2344","5000","19","1"
11081,"2345","5000","20","1"
11082,"2346","5000","21","1"
11083,"2346","5000","21","1"
11084,"2346","5000","21","1"
11085,"2346","5000","21","1"
11086,"2346","5000","21","1"
11087,"2346","5000","21","1"
11088,"2346","5000","21","1"
11089,"2346","5000","21","1"
11090,"2346","5000","21","1"
11091,"2346","5000","21","1"
11092,"2346","5000","21","1"
11093,"2346","5000","21","1"
11094,"2346","5000","21","1"
11095,"2346","5000","21","1"
11096,"2346","5000","21","1"
11097,"2346","5000","21","1"
11098,"2346","5000","21","1"
11099,"2346","5000","21","1"
11100,"2346","5000","21","1"
11101,"2346","5000","21","1"
11102,"2346","5000","21","1"
11103,"2346","5000","21","1"
11104,"2346","5000","21","1"
11105,"2346","5000","21","1"
11106,"2346","5000","21","1"
11107,"2346","5000","21","1"
11108,"2346","5000","21","1"
11109,"2346","5000","21","1"
11110,"2346","5000","21","1"
11111,"2346","5000","21","1"
11112,"2346","5000","21","1"
11113,"2346","5000","21","1"
11114,"2346","5000","21","1"
11115,"2346","5000","21","1"
11116,"2346","5000","21","1"
11117,"2346","5000","21","1"
11118,"2346","5000","21","1"
11119,"2346","5000","21","1"
11120,"2346","5000","21","1"
11121,"2346","5000","21","1"
11122,"2346","5000","21","1"
11123,"2346","5000","21","1"
11124,"2346","5000","21","1"
11125,"2346","5000","21","1"
11126,"2346","5000","21","1"
11127,"2346","5000","21","1"
11128,"2346","5000","21","1"
11129,"2346","5000","21","1"
11130,"2346","5000","21","1"
11131,"2346","5000","21","1"
11132,"2346","5000","21","1"
11133,"2346","5000","21","1"
11134,"2346","5000","21","1"
11135,"2346","5000","21","1"
11136,"2346","5000","21","1"
11137,"2346","5000","21","1"
11138,"2346","5000","21","1"
11139,"2346","5000","21","1"
11140,"2346","5000","21","1"
11141,"2346","5000","21","1"
11142,"2346","5000","21","1"
11143,"2346","5000","21","1"
11144,"2346","5000","21","1"
11145,"2346","5000","21","1"
11146,"2346","5000","21","1"
11147,"2346","5000","21","1"
11148,"2346","5000","21","1"
11149,"2346","5000","21","1"
11150,"2346","5000","21","1"
11151,"2346","5000","21","1"
11152,"2346","5000","21","1"
11153,"2346","5000","21","1"
11154,"2346","5000","21","1"
11155,"2346","5000","21","1"
11156,"2346","5000","21","1"
11157,"2346","5000","21","1"
11158,"2346","5000","21","1"
11159,"2346","5000","21","1"
11160,"2346","5000","21","1"
11161,"2346","5000","21","1"
11162,"2346","5000","21","1"
11163,"2346","5000","21","1"
11164,"2346","5000","21","1"
11165,"2346","5000","21","1"
11166,"2346","5000","21","1"
11167,"2346","5000","21","1"
11168,"2346","5000","21","1"
11169,"2346","5000","21","1"
11170,"2346","5000","21","1"
11171,"2346","5000","21","1"
11172,"2346","5000","21","1"
11173,"2346","5000","21","1"
11174,"2346","5000","21","1"
11175,"2346","5000","21","1"
11176,"2346","5000","21","1"
11177,"2346","5000","21","1"
11178,"2346","5000","21","1"
11179,"2346","5000","21","1"
11180,"2346","5000","21","1"
11181,"2346","5000","21","1"
11182,"2346","5000","21","1"
11183,"2346","5000","21","1"
11184,"2346","5000","21","1"
11185,"2346","5000","21","1"
11186,"2346","5000","21","1"
11187,"2346","5000","21","1"
11188,"2346","5000","21","1"
11189,"2346","5000","21","1"
11190,"2346","5000","21","1"
11191,"2346","5000","21","1"
11192,"2346","5000","21","1"
11193,"2346","5000","21","1"
11194,"2346","5000","21","1"
11195,"2346","5000","21","1"
11196,"2346","5000","21","1"
11197,"2346","5000","21","1"
11198,"2346","5000","21","1"
11199,"2346","5000","21","1"
11200,"2346","5000","21","1"
11201,"2346","5000","21","1"
11202,"2346","5000","21","1"
11203,"2346","5000","21","1"
11204,"2346","5000","21","1"
11205,"2346","5000","21","1"
11206,"2346","5000","21","1"
11207,"2346","5000","21","1"
11208,"2346","5000","21","1"
11209,"2346","5000","21","1"
11210,"2346","5000","21","1"
11211,"2346","5000","21","1"
11212,"2346","5000","21","1"
11213,"2346","5000","21","1"
11214,"2346","5000","21","1"
11215,"2346","5000","21","1"
11216,"2346","5000","21","1"
11217,"2346","5000","21","1"
11218,"2346","5000","21","1"
11219,"2346","5000","21","1"
11220,"2346","5000","21","1"
11221,"2346","5000","21","1"
11222,"2346","5000","21","1"
11223,"2346","5000","21","1"
11224,"2346","5000","21","1"
11225,"2346","5000","21","1"
11226,"2346","5000","21","1"
11227,"2346","5000","21","1"
11228,"2346","5000","21","1"
11229,"2346","5000","21","1"
11230,"2346","5000","21","1"
11231,"2346","5000","21","1"
11232,"2346","5000","21","1"
11233,"2346","5000","21","1"
11234,"2346","5000","21","1"
11235,"2346","5000","21","1"
11236,"2346","5000","21","1"
11237,"2346","5000","21","1"
11238,"2346","5000","21","1"
11239,"2346","5000","21","1"
11240,"2346","5000","21","1"
11241,"2346","5000","21","1"
11242,"2346","5000","21","1"
11243,"2346","5000","21","1"
11244,"2346","5000","21","1"
11245,"2346","5000","21","1"
11246,"2346","5000","21","1"
11247,"2346","5000","21","1"
11248,"2346","5000","21","1"
11249,"2346","5000","21","1"
11250,"2346","5000","21","1"
11251,"2346","5000","21","1"
11252,"2346","5000","21","1"
11253,"2346","5000","21","1"
11254,"2346","5000","21","1"
11255,"2346","5000","21","1"
11256,"2346","5000","21","1"
11257,"2346","5000","21","1"
11258,"2346","5000","21","1"
11259,"2346","5000","21","1"
11260,"2346","5000","21","1"
11261,"2346","5000","21","1"
11262,"2346","5000","21","1"
11263,"2346","5000","21","1"
11264,"2346","5000","21","1"
11265,"2346","5000","21","1"
11266,"2346","5000","21","1"
11267,"2346","5000","21","1"
11268,"2346","5000","21","1"
11269,"2346","5000","21","1"
11270,"2346","5000","21","1"
11271,"2346","5000","21","1"
11272,"2346","5000","21","1"
11273,"2346","5000","21","1"
11274,"2346","5000","21","1"
11275,"2346","5000","21","1"
11276,"2346","5000","21","1"
11277,"2346","5000","21","1"
11278,"2346","5000","21","1"
11279,"2346","5000","21","1"
11280,"2346","5000","21","1"
11281,"2346","5000","21","1"
11282,"2346","5000","21","1"
11283,"2346","5000","21","1"
11284,"2346","5000","21","1"
11285,"2346","5000","21","1"
11286,"2346","5000","21","1"
11287,"2346","5000","21","1"
11288,"2346","5000","21","1"
11289,"2346","5000","21","1"
11290,"2346","5000","21","1"
11291,"2346","5000","21","1"
11292,"2346","5000","21","1"
11293,"2346","5000","21","1"
11294,"2346","5000","21","1"
11295,"2346","5000","21","1"
11296,"2346","5000","21","1"
11297,"2346","5000","21","1"
11298,"2346","5000","21","1"
11299,"2346","5000","21","1"
11300,"2346","5000","21","1"
11301,"2346","5000","21","1"
11302,"2346","5000","21","1"
11303,"2346","5000","21","1"
11304,"2346","5000","21","1"
11305,"2346","5000","21","1"
11306,"2346","5000","21","1"
11307,"2346","5000","21","1"
11308,"2346","5000","21","1"
11309,"2346","5000","21","1"
11310,"2346","5000","21","1"
11311,"2346","5000","21","1"
11312,"2346","5000","21","1"
11313,"2346","5000","21","1"
11314,"2347","5000","22","1"
11315,"2348","5000","23","1"
11316,"2349","5000","24","1"
11317,"2350","5000","25","1"
11318,"2351","5000","26","1"
11319,"2352","5000","27","1"
11320,"2353","5000","28","1"
11321,"2354","5000","29","1"
11322,"2355","5000","30","1"
11323,"2356","5000","31","1"
11324,"2357","5000","32","1"
11325,"2358","5000","33","1"
11326,"2359","5000","34","1"
11327,"2360","5000","35","1"
11328,"2361","5000","36","1"
11329,"2362","5000","37","1"
11330,"2363","5000","38","1"
11331,"2364","5000","39","1"
11332,"2365","5000","40","1"
11333,"2366","5000","41","1"
11334,"2367","5000","42","1"
11335,"2368","5000","43","1"
11336,"2369","5000","44","1"
11337,"2370","5000","45","1"
11338,"2370","5000","45","1"
11339,"2370","5000","45","1"
11340,"2370","5000","45","1"
11341,"2370","5000","45","1"
11342,"2370","5000","45","1"
11343,"2370","5000","45","1"
11344,"2370","5000","45","1"
11345,"2371","5000","46","1"
11346,"2371","5000","46","1"
11347,"2372","5000","47","1"
11348,"2373","5000","48","1"
11349,"2374","5000","49","1"
11350,"2375","5000","50","1"
11351,"2376","5000","51","1"
11352,"2377","5000","52","1"
11353,"2377","5000","52","1"
11354,"2377","5000","52","1"
11355,"2377","5000","52","1"
11356,"2377","5000","52","1"
11357,"2377","5000","52","1"
11358,"2377","5000","52","1"
11359,"2377","5000","52","1"
11360,"2377","5000","52","1"
11361,"2377","5000","52","1"
11362,"2377","5000","52","1"
11363,"2377","5000","52","1"
11364,"2377","5000","52","1"
11365,"2377","5000","52","1"
11366,"2377","5000","52","1"
11367,"2377","5000","52","1"
11368,"2377","5000","52","1"
11369,"2377","5000","52","1"
11370,"2377","5000","52","1"
11371,"2377","5000","52","1"
11372,"2377","5000","52","1"
11373,"2377","5000","52","1"
11374,"2377","5000","52","1"
11375,"2377","5000","52","1"
11376,"2377","5000","52","1"
11377,"2377","5000","52","1"
11378,"2377","5000","52","1"
11379,"2377","5000","52","1"
11380,"2377","5000","52","1"
11381,"2377","5000","52","1"
11382,"2377","5000","52","1"
11383,"2377","5000","52","1"
11384,"2377","5000","52","1"
11385,"2377","5000","52","1"
11386,"2377","5000","52","1"
11387,"2377","5000","52","1"
11388,"2377","5000","52","1"
11389,"2377","5000","52","1"
11390,"2377","5000","52","1"
11391,"2377","5000","52","1"
11392,"2377","5000","52","1"
11393,"2377","5000","52","1"
11394,"2377","5000","52","1"
11395,"2377","5000","52","1"
11396,"2377","5000","52","1"
11397,"2377","5000","52","1"
11398,"2377","5000","52","1"
11399,"2377","5000","52","1"
11400,"2377","5000","52","1"
11401,"2377","5000","52","1"
11402,"2377","5000","52","1"
11403,"2377","5000","52","1"
11404,"2377","5000","52","1"
11405,"2377","5000","52","1"
11406,"2377","5000","52","1"
11407,"2377","5000","52","1"
11408,"2377","5000","52","1"
11409,"2377","5000","52","1"
11410,"2377","5000","52","1"
11411,"2377","5000","52","1"
11412,"2377","5000","52","1"
11413,"2377","5000","52","1"
11414,"2377","5000","52","1"
11415,"2377","5000","52","1"
11416,"2377","5000","52","1"
11417,"2377","5000","52","1"
11418,"2377","5000","52","1"
11419,"2377","5000","52","1"
11420,"2377","5000","52","1"
11421,"2377","5000","52","1"
11422,"2377","5000","52","1"
11423,"2377","5000","52","1"
11424,"2377","5000","52","1"
11425,"2377","5000","52","1"
11426,"2377","5000","52","1"
11427,"2377","5000","52","1"
11428,"2377","5000","52","1"
11429,"2377","5000","52","1"
11430,"2377","5000","52","1"
11431,"2377","5000","52","1"
11432,"2377","5000","52","1"
11433,"2377","5000","52","1"
11434,"2377","5000","52","1"
11435,"2377","5000","52","1"
11436,"2377","5000","52","1"
11437,"2377","5000","52","1"
11438,"2377","5000","52","1"
11439,"2377","5000","52","1"
11440,"2377","5000","52","1"
11441,"2377","5000","52","1"
11442,"2377","5000","52","1"
11443,"2377","5000","52","1"
11444,"2377","5000","52","1"
11445,"2377","5000","52","1"
11446,"2377","5000","52","1"
11447,"2377","5000","52","1"
11448,"2377","5000","52","1"
11449,"2377","5000","52","1"
11450,"2377","5000","52","1"
11451,"2377","5000","52","1"
11452,"2377","5000","52","1"
11453,"2377","5000","52","1"
11454,"2377","5000","52","1"
11455,"2377","5000","52","1"
11456,"2377","5000","52","1"
11457,"2377","5000","52","1"
11458,"2377","5000","52","1"
11459,"2377","5000","52","1"
11460,"2377","5000","52","1"
11461,"2377","5000","52","1"
11462,"2377","5000","52","1"
11463,"2377","5000","52","1"
11464,"2377","5000","52","1"
11465,"2377","5000","52","1"
11466,"2377","5000","52","1"
11467,"2377","5000","52","1"
11468,"2377","5000","52","1"
11469,"2377","5000","52","1"
11470,"2378","5000","53","1"
11471,"2378","5000","53","1"
11472,"2379","5000","54","1"
11473,"2379","5000","54","1"
11474,"2379","5000","54","1"
11475,"2380","5000","55","1"
11476,"2381","5000","56","1"
11477,"2381","5000","56","1"
11478,"2381","5000","56","1"
11479,"2381","5000","56","1"
11480,"2381","5000","56","1"
11481,"2381","5000","56","1"
11482,"2381","5000","56","1"
11483,"2381","5000","56","1"
11484,"2381","5000","56","1"
11485,"2381","5000","56","1"
11486,"2381","5000","56","1"
11487,"2381","5000","56","1"
11488,"2381","5000","56","1"
11489,"2381","5000","56","1"
11490,"2381","5000","56","1"
11491,"2381","5000","56","1"
11492,"2381","5000","56","1"
11493,"2381","5000","56","1"
11494,"2381","5000","56","1"
11495,"2381","5000","56","1"
11496,"2381","5000","56","1"
11497,"2382","5000","57","1"
11498,"2383","5000","58","1"
11499,"2384","5000","59","1"
11500,"2385","5000","60","1"
11501,"2386","5000","61","1"
11502,"2387","5000","62","1"
11503,"2387","5000","62","1"
11504,"2388","5000","63","1"
11505,"2388","5000","63","1"
11506,"2389","5000","64","1"
11507,"2390","5000","65","1"
11508,"2391","5000","66","1"
11509,"2392","5000","67","1"
11510,"2393","5000","68","1"
11511,"2394","5000","69","1"
11512,"2395","5000","70","1"
11513,"2396","5000","71","1"
11514,"2397","5000","72","1"
11515,"2397","5000","72","1"
11516,"2397","5000","72","1"
11517,"2397","5000","72","1"
11518,"2397","5000","72","1"
11519,"2397","5000","72","1"
11520,"2397","5000","72","1"
11521,"2397","5000","72","1"
11522,"2397","5000","72","1"
11523,"2397","5000","72","1"
11524,"2397","5000","72","1"
11525,"2397","5000","72","1"
11526,"2397","5000","72","1"
11527,"2397","5000","72","1"
11528,"2397","5000","72","1"
11529,"2397","5000","72","1"
11530,"2398","5000","73","1"
11531,"2399","5000","74","1"
11532,"2400","5000","75","1"
11533,"2401","5000","76","1"
11534,"2402","5000","77","1"
11535,"2403","5000","78","1"
11536,"2404","5000","79","1"
11537,"2405","5000","80","1"
11538,"2406","5000","81","1"
11539,"2407","5000","82","1"
11540,"2408","5000","83","1"
11541,"2409","5000","84","1"
11542,"2409","5000","84","1"
11543,"2409","5000","84","1"
11544,"2410","5000","85","1"
11545,"2411","5000","86","1"
11546,"2412","5000","87","1"
11547,"2413","5000","88","1"
11548,"2413","5000","88","1"
11549,"2414","5000","89","1"
11550,"2415","5000","90","1"
11551,"2416","5000","91","1"
11552,"2417","5000","92","1"
11553,"2418","5000","93","1"
11554,"2419","5000","94","1"
11555,"2419","5000","94","1"
11556,"2419","5000","94","1"
11557,"2419","5000","94","1"
11558,"2419","5000","94","1"
11559,"2419","5000","94","1"
11560,"2419","5000","94","1"
11561,"2419","5000","94","1"
11562,"2419","5000","94","1"
11563,"2419","5000","94","1"
11564,"2419","5000","94","1"
11565,"2419","5000","94","1"
11566,"2419","5000","94","1"
11567,"2419","5000","94","1"
11568,"2419","5000","94","1"
11569,"2419","5000","94","1"
11570,"2419","5000","94","1"
11571,"2419","5000","94","1"
11572,"2419","5000","94","1"
11573,"2419","5000","94","1"
11574,"2419","5000","94","1"
11575,"2419","5000","94","1"
11576,"2419","5000","94","1"
11577,"2419","5000","94","1"
11578,"2419","5000","94","1"
11579,"2419","5000","94","1"
11580,"2419","5000","94","1"
11581,"2419","5000","94","1"
11582,"2419","5000","94","1"
11583,"2419","5000","94","1"
11584,"2419","5000","94","1"
11585,"2419","5000","94","1"
11586,"2419","5000","94","1"
11587,"2419","5000","94","1"
11588,"2419","5000","94","1"
11589,"2419","5000","94","1"
11590,"2419","5000","94","1"
11591,"2419","5000","94","1"
11592,"2419","5000","94","1"
11593,"2419","5000","94","1"
11594,"2419","5000","94","1"
11595,"2419","5000","94","1"
11596,"2419","5000","94","1"
11597,"2419","5000","94","1"
11598,"2419","5000","94","1"
11599,"2419","5000","94","1"
11600,"2419","5000","94","1"
11601,"2420","5000","95","1"
11602,"2421","5000","96","1"
11603,"2421","5000","96","1"
11604,"2421","5000","96","1"
11605,"2421","5000","96","1"
11606,"2421","5000","96","1"
11607,"2421","5000","96","1"
11608,"2421","5000","96","1"
11609,"2421","5000","96","1"
11610,"2422","5000","97","1"
11611,"2422","5000","97","1"
11612,"2422","5000","97","1"
11613,"2422","5000","97","1"
11614,"2422","5000","97","1"
11615,"2422","5000","97","1"
11616,"2422","5000","97","1"
11617,"2422","5000","97","1"
11618,"2422","5000","97","1"
11619,"2422","5000","97","1"
11620,"2422","5000","97","1"
11621,"2422","5000","97","1"
11622,"2422","5000","97","1"
11623,"2422","5000","97","1"
11624,"2422","5000","97","1"
11625,"2422","5000","97","1"
11626,"2422","5000","97","1"
11627,"2422","5000","97","1"
11628,"2422","5000","97","1"
11629,"2422","5000","97","1"
11630,"2422","5000","97","1"
11631,"2422","5000","97","1"
11632,"2422","5000","97","1"
11633,"2422","5000","97","1"
11634,"2422","5000","97","1"
11635,"2422","5000","97","1"
11636,"2422","5000","97","1"
11637,"2422","5000","97","1"
11638,"2422","5000","97","1"
11639,"2422","5000","97","1"
11640,"2422","5000","97","1"
11641,"2422","5000","97","1"
11642,"2422","5000","97","1"
11643,"2422","5000","97","1"
11644,"2422","5000","97","1"
11645,"2422","5000","97","1"
11646,"2422","5000","97","1"
11647,"2422","5000","97","1"
11648,"2422","5000","97","1"
11649,"2422","5000","97","1"
11650,"2423","5000","98","1"
11651,"2424","5000","99","1"
11652,"2425","5000","100","1"
11653,"2426","5000","101","1"
11654,"2427","5000","102","1"
11655,"2428","5000","103","1"
11656,"2429","5000","104","1"
11657,"2430","5000","105","1"
11658,"2431","5000","106","1"
11659,"2432","5000","107","1"
11660,"2433","5000","108","1"
11661,"2433","5000","108","1"
11662,"2433","5000","108","1"
11663,"2434","5000","109","1"
11664,"2435","5000","110","1"
11665,"2436","5000","111","1"
11666,"2436","5000","111","1"
11667,"2436","5000","111","1"
11668,"2436","5000","111","1"
11669,"2436","5000","111","1"
11670,"2436","5000","111","1"
11671,"2436","5000","111","1"
11672,"2436","5000","111","1"
11673,"2436","5000","111","1"
11674,"2436","5000","111","1"
11675,"2436","5000","111","1"
11676,"2436","5000","111","1"
11677,"2436","5000","111","1"
11678,"2437","5000","112","1"
11679,"2438","5000","113","1"
11680,"2439","5000","114","1"
11681,"2440","5000","115","1"
11682,"2441","5000","116","1"
11683,"2442","5000","117","1"
11684,"2443","5000","118","1"
11685,"2444","5000","119","1"
11686,"2445","5000","120","1"
11687,"2446","5000","121","1"
11688,"2447","5000","122","1"
11689,"2448","5000","123","1"
11690,"2449","5000","124","1"
11691,"2450","5000","125","1"
11693,"2451","5000","126","1"
11694,"2452","5000","127","1"
11695,"2453","5000","128","1"
11696,"2454","5000","129","1"
11697,"2454","5000","129","1"
11698,"2455","5000","130","1"
11699,"2456","5000","131","1"
11700,"2457","5000","132","1"
11701,"2458","5000","133","1"
11702,"2459","5000","134","1"
11703,"2460","5000","135","1"
11704,"2460","5000","135","1"
11705,"2460","5000","135","1"
11706,"2460","5000","135","1"
11707,"2460","5000","135","1"
11708,"2460","5000","135","1"
11709,"2460","5000","135","1"
11710,"2460","5000","135","1"
11711,"2460","5000","135","1"
11712,"2460","5000","135","1"
11713,"2460","5000","135","1"
11714,"2460","5000","135","1"
11715,"2460","5000","135","1"
11716,"2460","5000","135","1"
11717,"2460","5000","135","1"
11718,"2460","5000","135","1"
11719,"2460","5000","135","1"
11720,"2460","5000","135","1"
11721,"2460","5000","135","1"
11722,"2460","5000","135","1"
11723,"2460","5000","135","1"
11724,"2460","5000","135","1"
11725,"2460","5000","135","1"
11726,"2460","5000","135","1"
11727,"2460","5000","135","1"
11728,"2460","5000","135","1"
11729,"2460","5000","135","1"
11730,"2460","5000","135","1"
11731,"2460","5000","135","1"
11732,"2460","5000","135","1"
11733,"2460","5000","135","1"
11734,"2460","5000","135","1"
11735,"2460","5000","135","1"
11736,"2460","5000","135","1"
11737,"2460","5000","135","1"
11738,"2460","5000","135","1"
11739,"2460","5000","135","1"
11740,"2460","5000","135","1"
11741,"2460","5000","135","1"
11742,"2460","5000","135","1"
11743,"2460","5000","135","1"
11744,"2460","5000","135","1"
11745,"2460","5000","135","1"
11746,"2460","5000","135","1"
11747,"2460","5000","135","1"
11748,"2460","5000","135","1"
11749,"2460","5000","135","1"
11750,"2460","5000","135","1"
11751,"2461","5000","136","1"
11752,"2461","5000","136","1"
11753,"2461","5000","136","1"
11754,"2461","5000","136","1"
11755,"2461","5000","136","1"
11756,"2461","5000","136","1"
11757,"2461","5000","136","1"
11758,"2461","5000","136","1"
11759,"2461","5000","136","1"
11760,"2461","5000","136","1"
11761,"2461","5000","136","1"
11762,"2461","5000","136","1"
11763,"2461","5000","136","1"
11764,"2461","5000","136","1"
11765,"2461","5000","136","1"
11766,"2461","5000","136","1"
11767,"2461","5000","136","1"
11768,"2461","5000","136","1"
11769,"2461","5000","136","1"
11770,"2461","5000","136","1"
11771,"2461","5000","136","1"
11772,"2461","5000","136","1"
11773,"2461","5000","136","1"
11774,"2461","5000","136","1"
11775,"2461","5000","136","1"
11776,"2461","5000","136","1"
11777,"2461","5000","136","1"
11778,"2461","5000","136","1"
11779,"2461","5000","136","1"
11780,"2461","5000","136","1"
11781,"2461","5000","136","1"
11782,"2461","5000","136","1"
11783,"2461","5000","136","1"
11784,"2461","5000","136","1"
11786,"2461","5000","136","1"
11787,"2461","5000","136","1"
11788,"2461","5000","136","1"
11789,"2461","5000","136","1"
11790,"2462","5000","137","1"
11791,"2463","5000","138","1"
11792,"2464","5000","139","1"
11793,"2465","5000","140","1"
11794,"2465","5000","140","1"
11795,"2465","5000","140","1"
11796,"2465","5000","140","1"
11797,"2465","5000","140","1"
11798,"2465","5000","140","1"
11799,"2465","5000","140","1"
11800,"2465","5000","140","1"
11801,"2465","5000","140","1"
11802,"2465","5000","140","1"
11803,"2465","5000","140","1"
11804,"2465","5000","140","1"
11805,"2465","5000","140","1"
11806,"2465","5000","140","1"
11807,"2465","5000","140","1"
11808,"2466","5000","141","1"
11809,"2467","5000","142","1"
11810,"2468","5000","143","1"
11811,"2469","5000","144","1"
11812,"2470","5000","145","1"
11813,"2471","5000","146","1"
11814,"2472","5000","147","1"
11815,"2473","5000","148","1"
11816,"2474","5000","149","1"
11817,"2475","5000","150","1"
11818,"2476","5000","151","1"
11819,"2477","5000","152","1"
11820,"2478","5000","153","1"
11821,"2478","5000","153","1"
11822,"2478","5000","153","1"
11823,"2478","5000","153","1"
11824,"2478","5000","153","1"
11825,"2478","5000","153","1"
11826,"2478","5000","153","1"
11827,"2478","5000","153","1"
11828,"2478","5000","153","1"
11829,"2478","5000","153","1"
11830,"2478","5000","153","1"
11831,"2478","5000","153","1"
11832,"2478","5000","153","1"
11833,"2478","5000","153","1"
11834,"2478","5000","153","1"
11835,"2478","5000","153","1"
11836,"2478","5000","153","1"
11837,"2478","5000","153","1"
11838,"2478","5000","153","1"
11839,"2478","5000","153","1"
11840,"2478","5000","153","1"
11841,"2478","5000","153","1"
11842,"2478","5000","153","1"
11843,"2478","5000","153","1"
11844,"2478","5000","153","1"
11845,"2478","5000","153","1"
11846,"2478","5000","153","1"
11847,"2478","5000","153","1"
11848,"2478","5000","153","1"
11849,"2478","5000","153","1"
11850,"2478","5000","153","1"
11851,"2478","5000","153","1"
11852,"2478","5000","153","1"
11853,"2478","5000","153","1"
11854,"2478","5000","153","1"
11855,"2478","5000","153","1"
11856,"2478","5000","153","1"
11857,"2478","5000","153","1"
11858,"2479","5000","154","1"
11859,"2480","5000","155","1"
11860,"2481","5000","156","1"
11861,"2482","5000","157","1"
11862,"2483","5000","158","1"
11863,"2484","5000","159","1"
11864,"2485","5000","160","1"
11865,"2486","5000","161","1"
11866,"2487","5000","162","1"
11867,"2488","5000","163","1"
11868,"2489","5000","164","1"
11869,"2490","5000","165","1"
11870,"2491","5000","166","1"
11871,"2492","5000","167","1"
11872,"2493","5000","168","1"
11873,"2494","5000","169","1"
11874,"2495","5000","170","1"
11875,"2496","5000","171","1"
11876,"2496","5000","171","1"
11877,"2497","5000","0","1"
11878,"2497","5000","0","1"
11879,"2497","5000","0","1"
11880,"2497","5000","0","1"
11881,"2497","5000","0","1"
11882,"2497","5000","0","1"
11883,"2497","5000","0","1"
11884,"2497","5000","0","1"
11885,"2497","5000","0","1"
11886,"2497","5000","0","1"
11887,"2497","5000","0","1"
11888,"2497","5000","0","1"
11889,"2497","5000","0","1"
11890,"2497","5000","0","1"
11891,"2497","5000","0","1"
11892,"2497","5000","0","1"
11893,"2497","5000","0","1"
11894,"2497","5000","0","1"
11895,"2497","5000","0","1"
11896,"2497","5000","0","1"
11897,"2497","5000","0","1"
11898,"2497","5000","0","1"
11899,"2497","5000","0","1"
11900,"2497","5000","0","1"
11901,"2497","5000","0","1"
11902,"2497","5000","0","1"
11903,"2497","5000","0","1"
11904,"2497","5000","0","1"
11905,"2497","5000","0","1"
11906,"2497","5000","0","1"
11907,"2497","5000","0","1"
11908,"2497","5000","0","1"
11909,"2497","5000","0","1"
11910,"2497","5000","0","1"
11911,"2497","5000","0","1"
11912,"2497","5000","0","1"
11913,"2497","5000","0","1"
11914,"2497","5000","0","1"
11915,"2497","5000","0","1"
11916,"2497","5000","0","1"
11917,"2497","5000","0","1"
11918,"2497","5000","0","1"
11919,"2497","5000","0","1"
11920,"2497","5000","0","1"
11921,"2497","5000","0","1"
11922,"2497","5000","0","1"
11923,"2497","5000","0","1"
11924,"2497","5000","0","1"
11925,"2497","5000","0","1"
11926,"2497","5000","0","1"
11927,"2497","5000","0","1"
11928,"2497","5000","0","1"
11929,"2497","5000","0","1"
11930,"2497","5000","0","1"
11931,"2497","5000","0","1"
11932,"2497","5000","0","1"
11933,"2497","5000","0","1"
11934,"2497","5000","0","1"
11935,"2497","5000","0","1"
11936,"2497","5000","0","1"
11937,"2498","5000","1","1"
11938,"2499","5000","2","1"
11939,"2500","5000","3","1"
11940,"2501","5000","4","1"
11941,"2501","5000","4","1"
11942,"2502","5000","5","1"
11943,"2503","5000","6","1"
11944,"2503","5000","6","1"
11945,"2504","5000","7","1"
11946,"2505","5000","8","1"
11947,"2506","5000","9","1"
11948,"2507","5000","10","1"
11949,"2508","5000","11","1"
11950,"2509","5000","12","1"
11951,"2510","5000","13","1"
11952,"2510","5000","13","1"
11953,"2510","5000","13","1"
11954,"2510","5000","13","1"
11955,"2511","5000","14","1"
11957,"2512","5000","15","1"
11958,"2513","5000","16","1"
11959,"2514","5000","17","1"
11960,"2515","5000","18","1"
11961,"2516","5000","19","1"
11962,"2517","5000","20","1"
11963,"2518","5000","21","1"
11964,"2519","5000","22","1"
11965,"2519","5000","22","1"
11966,"2519","5000","22","1"
11967,"2519","5000","22","1"
11968,"2519","5000","22","1"
11969,"2519","5000","22","1"
11970,"2519","5000","22","1"
11971,"2519","5000","22","1"
11972,"2519","5000","22","1"
11973,"2519","5000","22","1"
11974,"2519","5000","22","1"
11975,"2519","5000","22","1"
11976,"2519","5000","22","1"
11977,"2519","5000","22","1"
11978,"2519","5000","22","1"
11979,"2519","5000","22","1"
11980,"2519","5000","22","1"
11981,"2520","5000","23","1"
11982,"2521","5000","24","1"
11983,"2522","5000","25","1"
11984,"2523","5000","26","1"
11985,"2524","5000","27","1"
11986,"2525","5000","28","1"
11987,"2526","5000","29","1"
11988,"2527","5000","30","1"
11989,"2528","5000","31","1"
11990,"2529","5000","32","1"
11991,"2530","5000","33","1"
11992,"2531","5000","34","1"
11993,"2532","5000","35","1"
11994,"2533","5000","36","1"
11995,"2534","5000","37","1"
11996,"2535","5000","38","1"
11997,"2535","5000","38","1"
11998,"2535","5000","38","1"
11999,"2535","5000","38","1"
12000,"2535","5000","38","1"
12001,"2535","5000","38","1"
12002,"2535","5000","38","1"
12003,"2535","5000","38","1"
12004,"2535","5000","38","1"
12005,"2535","5000","38","1"
12006,"2535","5000","38","1"
12007,"2535","5000","38","1"
12008,"2536","5000","39","1"
12009,"2537","5000","40","1"
12010,"2538","5000","41","1"
12011,"2539","5000","42","1"
12012,"2540","5000","43","1"
12013,"2541","5000","44","1"
12014,"2542","5000","45","1"
12015,"2543","5000","46","1"
12016,"2544","5000","47","1"
12017,"2545","5000","48","1"
12018,"2546","5000","49","1"
12019,"2547","5000","50","1"
12020,"2548","5000","51","1"
12021,"2549","5000","52","1"
12022,"2550","5000","53","1"
12023,"2551","5000","54","1"
12024,"2552","5000","55","1"
12025,"2553","5000","56","1"
12026,"2554","5000","57","1"
12027,"2555","5000","58","1"
12028,"2556","5000","59","1"
12029,"2557","5000","0","1"
12030,"2557","5000","0","1"
12031,"2557","5000","0","1"
12032,"2558","5000","1","1"
12033,"2559","5000","2","1"
12034,"2560","5000","3","1"
12035,"2561","5000","4","1"
12036,"2562","5000","5","1"
12037,"2563","5000","6","1"
12038,"2564","5000","7","1"
12039,"2565","5000","8","1"
12040,"2566","5000","9","1"
12041,"2567","5000","10","1"
12042,"2567","5000","10","1"
12043,"2567","5000","10","1"
12044,"2568","5000","11","1"
12045,"2569","5000","12","1"
12046,"2570","5000","13","1"
12047,"2571","5000","14","1"
12048,"2572","5000","15","1"
12049,"2573","5000","16","1"
12050,"2574","5000","17","1"
12051,"2574","5000","17","1"
12052,"2574","5000","17","1"
12053,"2575","5000","18","1"
12054,"2576","5000","19","1"
12055,"2576","5000","19","1"
12056,"2576","5000","19","1"
12057,"2576","5000","19","1"
12058,"2576","5000","19","1"
12059,"2576","5000","19","1"
12060,"2576","5000","19","1"
12061,"2576","5000","19","1"
12062,"2576","5000","19","1"
12063,"2576","5000","19","1"
12064,"2576","5000","19","1"
12065,"2576","5000","19","1"
12066,"2576","5000","19","1"
12067,"2576","5000","19","1"
12068,"2576","5000","19","1"
12069,"2576","5000","19","1"
12070,"2576","5000","19","1"
12071,"2576","5000","19","1"
12072,"2576","5000","19","1"
12073,"2576","5000","19","1"
12074,"2576","5000","19","1"
12075,"2576","5000","19","1"
12076,"2576","5000","19","1"
12077,"2576","5000","19","1"
12078,"2576","5000","19","1"
12079,"2576","5000","19","1"
12080,"2576","5000","19","1"
12081,"2576","5000","19","1"
12082,"2576","5000","19","1"
12083,"2576","5000","19","1"
12084,"2576","5000","19","1"
12085,"2576","5000","19","1"
12086,"2576","5000","19","1"
12087,"2576","5000","19","1"
12088,"2576","5000","19","1"
12089,"2577","5000","20","1"
12090,"2578","5000","21","1"
12091,"2579","5000","22","1"
12092,"2580","5000","23","1"
12093,"2581","5000","24","1"
12094,"2582","5000","25","1"
12095,"2583","5000","26","1"
12096,"2584","5000","27","1"
12097,"2585","5000","28","1"
12098,"2586","5000","29","1"
12099,"2587","5000","30","1"
12100,"2588","5000","31","1"
12101,"2589","5000","32","1"
12102,"2590","5000","33","1"
12103,"2591","5000","34","1"
12104,"2592","5000","35","1"
12105,"2593","5000","36","1"
12106,"2594","5000","37","1"
12107,"2595","5000","38","1"
12108,"2596","5000","39","1"
12109,"2597","5000","40","1"
12110,"2598","5000","41","1"
12111,"2599","5000","42","1"
12112,"2600","5000","43","1"
12113,"2600","5000","43","1"
12114,"2600","5000","43","1"
12115,"2601","5000","44","1"
12116,"2602","5000","45","1"
12117,"2603","5000","46","1"
12118,"2604","5000","47","1"
12119,"2605","5000","48","1"
12120,"2606","5000","49","1"
12121,"2607","5000","50","1"
12122,"2608","5000","51","1"
12123,"2609","5000","52","1"
12124,"2610","5000","53","1"
12125,"2611","5000","54","1"
12126,"2611","5000","54","1"
12127,"2612","5000","55","1"
12128,"2613","5000","56","1"
12129,"2614","5000","57","1"
12130,"2615","5000","58","1"
12131,"2616","5000","59","1"
12132,"2617","5000","60","1"
12133,"2618","5000","61","1"
12134,"2618","5000","61","1"
12135,"2618","5000","61","1"
12136,"2618","5000","61","1"
12137,"2618","5000","61","1"
12138,"2618","5000","61","1"
12139,"2618","5000","61","1"
12140,"2619","5000","62","1"
12141,"2620","5000","63","1"
12142,"2621","5000","64","1"
12143,"2622","5000","65","1"
12144,"2623","5000","66","1"
12145,"2624","5000","67","1"
12146,"2625","5000","68","1"
12147,"2626","5000","69","1"
12148,"2627","5000","70","1"
12149,"2628","5000","71","1"
12150,"2628","5000","71","1"
12151,"2628","5000","71","1"
12152,"2629","5000","72","1"
12153,"2630","5000","73","1"
12154,"2631","5000","74","1"
12155,"2632","5000","75","1"
12156,"2633","5000","76","1"
12157,"2634","5000","77","1"
12158,"2635","5000","78","1"
12159,"2635","5000","78","1"
12160,"2635","5000","78","1"
12161,"2635","5000","78","1"
12162,"2635","5000","78","1"
12163,"2636","5000","79","1"
12164,"2637","5000","80","1"
12165,"2638","5000","81","1"
12166,"2638","5000","81","1"
12167,"2638","5000","81","1"
12168,"2638","5000","81","1"
12169,"2639","5000","82","1"
12170,"2640","5000","83","1"
12171,"2641","5000","84","1"
12172,"2642","5000","85","1"
12173,"2643","5000","86","1"
12174,"2644","5000","87","1"
12175,"2645","5000","88","1"
12176,"2646","5000","89","1"
12177,"2647","5000","90","1"
12178,"2648","5000","91","1"
12179,"2649","5000","92","1"
12180,"2650","5000","93","1"
12181,"2651","5000","94","1"
12182,"2652","5000","95","1"
12183,"2653","5000","96","1"
12184,"2654","5000","97","1"
12185,"2655","5000","98","1"
12186,"2656","5000","99","1"
12187,"2657","5000","100","1"
12188,"2657","5000","100","1"
12189,"2657","5000","100","1"
12190,"2657","5000","100","1"
12191,"2657","5000","100","1"
12192,"2657","5000","100","1"
12193,"2657","5000","100","1"
12194,"2657","5000","100","1"
12195,"2658","5000","101","1"
12196,"2659","5000","102","1"
12197,"2660","5000","103","1"
12198,"2661","5000","104","1"
12199,"2662","5000","105","1"
12200,"2663","5000","106","1"
12201,"2664","5000","107","1"
12202,"2665","5000","108","1"
12203,"2666","5000","109","1"
12204,"2666","5000","109","1"
12205,"2666","5000","109","1"
12206,"2667","5000","110","1"
12207,"2668","5000","111","1"
12208,"2669","5000","112","1"
12209,"2670","5000","113","1"
12210,"2671","5000","114","1"
12211,"2672","5000","115","1"
12212,"2673","5000","116","1"
12213,"2673","5000","116","1"
12214,"2673","5000","116","1"
12215,"2674","5000","117","1"
12216,"2675","5000","118","1"
12217,"2676","5000","119","1"
12218,"2677","5000","120","1"
12219,"2678","5000","121","1"
12220,"2679","5000","122","1"
12221,"2680","5000","123","1"
12222,"2681","5000","124","1"
12223,"2682","5000","125","1"
12224,"2683","5000","126","1"
12225,"2684","5000","127","1"
12226,"2685","5000","128","1"
12227,"2686","5000","129","1"
12228,"2687","5000","130","1"
12229,"2688","5000","131","1"
12230,"2689","5000","132","1"
12231,"2690","5000","133","1"
12232,"2691","5000","134","1"
12233,"2692","5000","135","1"
12234,"2693","5000","136","1"
12235,"2694","5000","137","1"
12236,"2695","5000","138","1"
12237,"2696","5000","139","1"
12238,"2697","5000","140","1"
12239,"2698","5000","141","1"
12240,"2699","5000","142","1"
12241,"2700","5000","143","1"
12242,"2701","5000","144","1"
12243,"2702","5000","145","1"
12244,"2702","5000","145","1"
12245,"2702","5000","145","1"
12246,"2702","5000","145","1"
12247,"2703","5000","146","1"
12248,"2704","5000","147","1"
12249,"2705","5000","148","1"
12250,"2706","5000","149","1"
12251,"2707","5000","150","1"
12252,"2708","5000","151","1"
12253,"2709","5000","152","1"
12254,"2710","5000","153","1"
12255,"2711","5000","154","1"
12256,"2712","5000","155","1"
12257,"2713","5000","156","1"
12258,"2714","5000","157","1"
12259,"2715","5000","158","1"
12260,"2716","5000","159","1"
12261,"2717","5000","160","1"
12262,"2718","5000","161","1"
12263,"2719","5000","162","1"
12264,"2720","5000","163","1"
12265,"2721","5000","164","1"
12266,"2722","5000","165","1"
12267,"2723","5000","166","1"
12268,"2724","5000","167","1"
12269,"2725","5000","168","1"
12270,"2726","5000","169","1"
12271,"2727","5000","170","1"
12272,"2728","5000","171","1"
12273,"2729","5000","172","1"
12274,"2730","5000","173","1"
12275,"2730","5000","173","1"
12276,"2730","5000","173","1"
12277,"2731","5000","174","1"
12278,"2732","5000","175","1"
12279,"2733","5000","176","1"
12280,"2734","5000","177","1"
12281,"2735","5000","178","1"
12282,"2736","5000","179","1"
12283,"2737","5000","180","1"
12284,"2738","5000","181","1"
12285,"2739","5000","182","1"
12286,"2740","5000","183","1"
12287,"2741","5000","184","1"
12288,"2742","5000","185","1"
12289,"2743","5000","186","1"
12290,"2744","5000","187","1"
12291,"2745","5000","188","1"
12292,"2746","5000","189","1"
12293,"2747","5000","190","1"
12294,"2748","5000","191","1"
12295,"2749","5000","192","1"
12296,"2750","5000","193","1"
12297,"2751","5000","194","1"
12298,"2752","5000","195","1"
12299,"2753","5000","196","1"
12300,"2754","5000","197","1"
12301,"2755","5000","198","1"
12302,"2756","5000","199","1"
12303,"2756","5000","199","1"
12304,"2756","5000","199","1"
12305,"2757","5000","200","1"
12306,"2758","5000","201","1"
12307,"2759","5000","202","1"
12308,"2760","5000","203","1"
12309,"2761","5000","204","1"
12310,"2761","5000","204","1"
12311,"2762","5000","205","1"
12312,"2763","5000","206","1"
12313,"2764","5000","207","1"
12314,"2765","5000","208","1"
12315,"2766","5000","209","1"
12316,"2767","5000","210","1"
12317,"2768","5000","211","1"
12318,"2769","5000","212","1"
12319,"2770","5000","213","1"
12320,"2771","5000","214","1"
12321,"2772","5000","215","1"
12322,"2773","5000","216","1"
12323,"2774","5000","217","1"
12324,"2775","5000","218","1"
12325,"2776","5000","219","1"
12326,"2777","5000","220","1"
12327,"2778","5000","221","1"
12328,"2779","5000","222","1"
12329,"2780","5000","223","1"
12330,"2781","5000","224","1"
12331,"2782","5000","225","1"
12332,"2782","5000","225","1"
12333,"2782","5000","225","1"
12334,"2782","5000","225","1"
12335,"2782","5000","225","1"
12336,"2782","5000","225","1"
12337,"2782","5000","225","1"
12338,"2782","5000","225","1"
12339,"2782","5000","225","1"
12340,"2782","5000","225","1"
12341,"2782","5000","225","1"
12342,"2782","5000","225","1"
12343,"2782","5000","225","1"
12344,"2782","5000","225","1"
12345,"2782","5000","225","1"
12346,"2782","5000","225","1"
12347,"2782","5000","225","1"
12348,"2782","5000","225","1"
12349,"2782","5000","225","1"
12350,"2782","5000","225","1"
12351,"2782","5000","225","1"
12352,"2782","5000","225","1"
12353,"2782","5000","225","1"
12354,"2782","5000","225","1"
12355,"2782","5000","225","1"
12356,"2782","5000","225","1"
12357,"2782","5000","225","1"
12358,"2782","5000","225","1"
12359,"2782","5000","225","1"
12360,"2782","5000","225","1"
12361,"2782","5000","225","1"
12362,"2782","5000","225","1"
12363,"2783","5000","226","1"
12364,"2783","5000","226","1"
12365,"2784","5000","227","1"
12366,"2785","5000","228","1"
12367,"2786","5000","229","1"
12368,"2787","5000","230","1"
12369,"2788","5000","231","1"
12370,"2789","5000","232","1"
12371,"2790","5000","233","1"
12372,"2791","5000","234","1"
12373,"2792","5000","235","1"
12374,"2793","5000","236","1"
12375,"2794","5000","237","1"
12376,"2795","5000","238","1"
12377,"2795","5000","238","1"
12378,"2795","5000","238","1"
12379,"2795","5000","238","1"
12380,"2795","5000","238","1"
12381,"2796","5000","239","1"
12382,"2797","5000","240","1"
12383,"2798","5000","241","1"
12384,"2798","5000","241","1"
12385,"2798","5000","241","1"
12386,"2798","5000","241","1"
12387,"2798","5000","241","1"
12388,"2798","5000","241","1"
12389,"2798","5000","241","1"
12390,"2798","5000","241","1"
12391,"2798","5000","241","1"
12392,"2798","5000","241","1"
12393,"2798","5000","241","1"
12394,"2798","5000","241","1"
12395,"2798","5000","241","1"
12396,"2798","5000","241","1"
12397,"2798","5000","241","1"
12398,"2798","5000","241","1"
12399,"2798","5000","241","1"
12400,"2798","5000","241","1"
12401,"2798","5000","241","1"
12402,"2798","5000","241","1"
12403,"2798","5000","241","1"
12404,"2798","5000","241","1"
12405,"2798","5000","241","1"
12406,"2798","5000","241","1"
12407,"2798","5000","241","1"
12408,"2798","5000","241","1"
12409,"2798","5000","241","1"
12410,"2798","5000","241","1"
12411,"2798","5000","241","1"
12412,"2798","5000","241","1"
12413,"2798","5000","241","1"
12414,"2798","5000","241","1"
12415,"2798","5000","241","1"
12416,"2798","5000","241","1"
12417,"2798","5000","241","1"
12418,"2798","5000","241","1"
12419,"2798","5000","241","1"
12420,"2798","5000","241","1"
12421,"2798","5000","241","1"
12422,"2798","5000","241","1"
12423,"2799","5000","242","1"
12424,"2800","5000","243","1"
12425,"2801","5000","244","1"
12426,"2801","5000","244","1"
12427,"2801","5000","244","1"
12428,"2802","5000","245","1"
12429,"2803","5000","246","1"
12430,"2804","5000","0","1"
12431,"2804","5000","0","1"
12432,"2804","5000","0","1"
12433,"2805","5000","1","1"
12434,"2806","5000","2","1"
12435,"2807","5000","3","1"
12436,"2808","5000","4","1"
12437,"2809","5000","5","1"
12438,"2810","5000","6","1"
12439,"2811","5000","7","1"
12440,"2812","5000","8","1"
12441,"2813","5000","9","1"
12442,"2813","5000","9","1"
12443,"2813","5000","9","1"
12444,"2813","5000","9","1"
12445,"2813","5000","9","1"
12446,"2813","5000","9","1"
12447,"2813","5000","9","1"
12448,"2813","5000","9","1"
12449,"2813","5000","9","1"
12450,"2813","5000","9","1"
12451,"2813","5000","9","1"
12452,"2813","5000","9","1"
12453,"2813","5000","9","1"
12454,"2813","5000","9","1"
12455,"2813","5000","9","1"
12456,"2813","5000","9","1"
12457,"2813","5000","9","1"
12458,"2813","5000","9","1"
12459,"2813","5000","9","1"
12460,"2813","5000","9","1"
12461,"2813","5000","9","1"
12462,"2813","5000","9","1"
12463,"2813","5000","9","1"
12464,"2813","5000","9","1"
12465,"2813","5000","9","1"
12466,"2813","5000","9","1"
12467,"2813","5000","9","1"
12468,"2813","5000","9","1"
12469,"2814","5000","10","1"
12470,"2814","5000","10","1"
12471,"2814","5000","10","1"
12472,"2815","5000","11","1"
12473,"2816","5000","12","1"
12474,"2817","5000","13","1"
12475,"2818","5000","14","1"
12476,"2819","5000","15","1"
12477,"2820","5000","16","1"
12478,"2820","5000","16","1"
12479,"2821","5000","17","1"
12480,"2822","5000","18","1"
12481,"2822","5000","18","1"
12482,"2822","5000","18","1"
12483,"2822","5000","18","1"
12484,"2822","5000","18","1"
12485,"2822","5000","18","1"
12486,"2822","5000","18","1"
12487,"2822","5000","18","1"
12488,"2822","5000","18","1"
12489,"2823","5000","19","1"
12490,"2823","5000","19","1"
12491,"2823","5000","19","1"
12492,"2823","5000","19","1"
12493,"2823","5000","19","1"
12494,"2823","5000","19","1"
12495,"2823","5000","19","1"
12496,"2823","5000","19","1"
12497,"2823","5000","19","1"
12498,"2823","5000","19","1"
12499,"2823","5000","19","1"
12500,"2824","5000","20","1"
12501,"2824","5000","20","1"
12502,"2824","5000","20","1"
12503,"2824","5000","20","1"
12504,"2825","5000","21","1"
12505,"2826","5000","22","1"
12506,"2827","5000","23","1"
12507,"2828","5000","24","1"
12508,"2829","5000","25","1"
12509,"2830","5000","26","1"
12510,"2831","5000","27","1"
12511,"2832","5000","28","1"
12512,"2833","5000","29","1"
12513,"2834","5000","30","1"
12514,"2835","5000","31","1"
12515,"2836","5000","32","1"
12516,"2837","5000","33","1"
12517,"2838","5000","34","1"
12518,"2839","5000","35","1"
12519,"2840","5000","36","1"
12520,"2841","5000","37","1"
12521,"2842","5000","38","1"
12522,"2843","5000","39","1"
12523,"2844","5000","40","1"
12524,"2844","5000","40","1"
12525,"2844","5000","40","1"
12526,"2844","5000","40","1"
12527,"2844","5000","40","1"
12528,"2844","5000","40","1"
12529,"2844","5000","40","1"
12530,"2844","5000","40","1"
12531,"2844","5000","40","1"
12532,"2844","5000","40","1"
12533,"2844","5000","40","1"
12534,"2844","5000","40","1"
12535,"2844","5000","40","1"
12536,"2844","5000","40","1"
12537,"2844","5000","40","1"
12538,"2844","5000","40","1"
12539,"2844","5000","40","1"
12540,"2844","5000","40","1"
12541,"2844","5000","40","1"
12542,"2844","5000","40","1"
12543,"2844","5000","40","1"
12544,"2844","5000","40","1"
12545,"2844","5000","40","1"
12546,"2845","5000","41","1"
12547,"2845","5000","41","1"
12548,"2846","5000","42","1"
12549,"2847","5000","43","1"
12550,"2848","5000","44","1"
12551,"2849","5000","45","1"
12552,"2850","5000","46","1"
12553,"2851","5000","47","1"
12554,"2852","5000","48","1"
12555,"2853","5000","49","1"
12556,"2854","5000","50","1"
12557,"2854","5000","50","1"
12558,"2854","5000","50","1"
12559,"2854","5000","50","1"
12560,"2854","5000","50","1"
12561,"2855","5000","51","1"
12562,"2856","5000","52","1"
12563,"2857","5000","53","1"
12564,"2858","5000","54","1"
12565,"2859","5000","55","1"
12566,"2860","5000","56","1"
12567,"2861","5000","57","1"
12568,"2861","5000","57","1"
12569,"2861","5000","57","1"
12570,"2861","5000","57","1"
12571,"2861","5000","57","1"
12572,"2861","5000","57","1"
12573,"2861","5000","57","1"
12574,"2861","5000","57","1"
12575,"2861","5000","57","1"
12576,"2861","5000","57","1"
12577,"2861","5000","57","1"
12578,"2861","5000","57","1"
12579,"2861","5000","57","1"
12580,"2861","5000","57","1"
12581,"2861","5000","57","1"
12582,"2861","5000","57","1"
12583,"2861","5000","57","1"
12584,"2861","5000","57","1"
12585,"2861","5000","57","1"
12586,"2861","5000","57","1"
12587,"2861","5000","57","1"
12588,"2861","5000","57","1"
12589,"2861","5000","57","1"
12590,"2861","5000","57","1"
12591,"2861","5000","57","1"
12592,"2861","5000","57","1"
12593,"2861","5000","57","1"
12594,"2861","5000","57","1"
12595,"2861","5000","57","1"
12596,"2861","5000","57","1"
12597,"2861","5000","57","1"
12598,"2861","5000","57","1"
12599,"2861","5000","57","1"
12600,"2861","5000","57","1"
12601,"2861","5000","57","1"
12602,"2861","5000","57","1"
12603,"2861","5000","57","1"
12604,"2861","5000","57","1"
12605,"2861","5000","57","1"
12606,"2861","5000","57","1"
12607,"2861","5000","57","1"
12608,"2861","5000","57","1"
12609,"2861","5000","57","1"
12610,"2861","5000","57","1"
12611,"2861","5000","57","1"
12612,"2861","5000","57","1"
12613,"2861","5000","57","1"
12614,"2861","5000","57","1"
12615,"2861","5000","57","1"
12616,"2861","5000","57","1"
12617,"2861","5000","57","1"
12618,"2861","5000","57","1"
12619,"2861","5000","57","1"
12620,"2861","5000","57","1"
12621,"2861","5000","57","1"
12622,"2861","5000","57","1"
12623,"2861","5000","57","1"
12624,"2861","5000","57","1"
12625,"2861","5000","57","1"
12626,"2861","5000","57","1"
12627,"2862","5000","58","1"
12628,"2863","5000","59","1"
12629,"2864","5000","60","1"
12630,"2865","5000","61","1"
12631,"2866","5000","62","1"
12632,"2867","5000","63","1"
12633,"2868","5000","64","1"
12634,"2869","5000","65","1"
12635,"2870","5000","66","1"
12636,"2871","5000","67","1"
12637,"2872","5000","68","1"
12638,"2873","5000","69","1"
12639,"2874","5000","70","1"
12640,"2875","5000","71","1"
12641,"2876","5000","72","1"
12642,"2877","5000","73","1"
12643,"2878","5000","74","1"
12644,"2879","5000","75","1"
12645,"2880","5000","76","1"
12646,"2881","5000","77","1"
12647,"2882","5000","78","1"
12648,"2883","5000","79","1"
12649,"2884","5000","80","1"
12650,"2885","5000","81","1"
12651,"2886","5000","82","1"
12652,"2887","5000","83","1"
12653,"2888","5000","84","1"
12654,"2889","5000","85","1"
12655,"2889","5000","85","1"
12656,"2889","5000","85","1"
12657,"2889","5000","85","1"
12658,"2889","5000","85","1"
12659,"2889","5000","0","1"
12660,"2889","5000","0","1"
12661,"2889","5000","0","1"
12663,"2890","5000","1","1"
12664,"2891","5000","2","1"
12665,"2892","5000","3","1"
12666,"2893","5000","4","1"
12667,"2893","5000","4","1"
12668,"2893","5000","4","1"
12669,"2893","5000","4","1"
12670,"2894","5000","5","1"
12671,"2895","5000","6","1"
12672,"2896","5000","7","1"
12673,"2896","5000","7","1"
12674,"2896","5000","7","1"
12675,"2896","5000","7","1"
12676,"2896","5000","7","1"
12677,"2896","5000","7","1"
12678,"2896","5000","7","1"
12679,"2897","5000","8","1"
12680,"2898","5000","9","1"
12681,"2899","5000","10","1"
12682,"2900","5000","11","1"
12683,"2901","5000","12","1"
12684,"2902","5000","13","1"
12685,"2903","5000","14","1"
12686,"2904","5000","15","1"
12687,"2905","5000","16","1"
12688,"2906","5000","17","1"
12689,"2907","5000","18","1"
12690,"2908","5000","19","1"
12691,"2909","5000","20","1"
12692,"2909","5000","20","1"
12693,"2909","5000","20","1"
12694,"2909","5000","20","1"
12695,"2909","5000","20","1"
12696,"2910","5000","21","1"
12697,"2911","5000","22","1"
12698,"2912","5000","23","1"
12699,"2913","5000","24","1"
12700,"2914","5000","25","1"
12701,"2915","5000","26","1"
12702,"2916","5000","27","1"
12703,"2917","5000","28","1"
12704,"2918","5000","29","1"
12705,"2919","5000","30","1"
12706,"2920","5000","31","1"
12707,"2921","5000","32","1"
12708,"2922","5000","33","1"
12709,"2923","5000","34","1"
12710,"2924","5000","35","1"
12711,"2925","5000","36","1"
12712,"2926","5000","37","1"
12713,"2927","5000","38","1"
12714,"2928","5000","39","1"
12715,"2929","5000","40","1"
12716,"2930","5000","41","1"
12717,"2931","5000","42","1"
12718,"2932","5000","43","1"
12719,"2933","5000","44","1"
12720,"2934","5000","45","1"
12721,"2935","5000","46","1"
12722,"2936","5000","47","1"
12723,"2936","5000","47","1"
12724,"2936","5000","47","1"
12725,"2937","5000","48","1"
12726,"2938","5000","49","1"
12727,"2939","5000","50","1"
12728,"2940","5000","51","1"
12729,"2941","5000","52","1"
12730,"2942","5000","53","1"
12731,"2943","5000","54","1"
12732,"2944","5000","55","1"
12733,"2945","5000","56","1"
12734,"2946","5000","57","1"
12735,"2947","5000","58","1"
12736,"2948","5000","59","1"
12737,"2949","5000","60","1"
12738,"2950","5000","61","1"
12739,"2951","5000","62","1"
12740,"2952","5000","63","1"
12741,"2953","5000","64","1"
12742,"2954","5000","65","1"
12743,"2955","5000","66","1"
12744,"2956","5000","67","1"
12745,"2956","5000","67","1"
12746,"2956","5000","67","1"
12747,"2956","5000","67","1"
12748,"2956","5000","67","1"
12749,"2957","5000","68","1"
12750,"2958","5000","69","1"
12751,"2959","5000","70","1"
12752,"2959","5000","70","1"
12753,"2960","5000","71","1"
12754,"2961","5000","72","1"
12755,"2962","5000","73","1"
12756,"2963","5000","74","1"
12757,"2964","5000","75","1"
12758,"2965","5000","76","1"
12759,"2966","5000","77","1"
12760,"2967","5000","78","1"
12761,"2968","5000","79","1"
12762,"2969","5000","80","1"
12763,"2969","5000","80","1"
12764,"2969","5000","80","1"
12765,"2970","5000","81","1"
12766,"2971","5000","82","1"
12767,"2972","5000","83","1"
12768,"2973","5000","84","1"
12769,"2974","5000","85","1"
12770,"2975","5000","86","1"
12771,"2976","5000","87","1"
12772,"2977","5000","88","1"
12773,"2978","5000","89","1"
12774,"2979","5000","90","1"
12775,"2980","5000","91","1"
12776,"2981","5000","92","1"
12777,"2982","5000","93","1"
12778,"2983","5000","94","1"
12779,"2983","5000","94","1"
12780,"2983","5000","94","1"
12781,"2983","5000","94","1"
12782,"2983","5000","94","1"
12783,"2983","5000","94","1"
12784,"2983","5000","94","1"
12785,"2983","5000","94","1"
12786,"2983","5000","94","1"
12787,"2983","5000","94","1"
12788,"2983","5000","94","1"
12789,"2983","5000","94","1"
12790,"2983","5000","94","1"
12791,"2983","5000","94","1"
12792,"2983","5000","94","1"
12793,"2984","5000","95","1"
12794,"2985","5000","96","1"
12795,"2986","5000","97","1"
12796,"2987","5000","98","1"
12797,"2988","5000","99","1"
12798,"2988","5000","99","1"
12799,"2989","5000","100","1"
12800,"2990","5000","101","1"
12801,"2991","5000","102","1"
12802,"2992","5000","103","1"
12803,"2993","5000","104","1"
12804,"2994","5000","105","1"
12805,"2995","5000","106","1"
12806,"2996","5000","107","1"
12807,"2997","5000","108","1"
12808,"2998","5000","109","1"
12809,"2999","5000","110","1"
12810,"3000","5000","111","1"
12811,"3001","5000","112","1"
12812,"3002","5000","113","1"
12813,"3003","5000","0","1"
12814,"3003","5000","0","1"
12815,"3003","5000","0","1"
12816,"3004","5000","1","1"
12817,"3004","5000","1","1"
12818,"3005","5000","2","1"
12819,"3006","5000","3","1"
12820,"3007","5000","4","1"
12821,"3008","5000","5","1"
12822,"3009","5000","6","1"
12823,"3009","5000","6","1"
12824,"3010","5000","7","1"
12825,"3011","5000","8","1"
12826,"3011","5000","8","1"
12827,"3011","5000","8","1"
12828,"3011","5000","8","1"
12829,"3011","5000","8","1"
12830,"3011","5000","8","1"
12831,"3012","5000","9","1"
12832,"3013","5000","10","1"
12834,"3013","5000","10","1"
12835,"3014","5000","11","1"
12836,"3015","5000","12","1"
12837,"3015","5000","12","1"
12838,"3015","5000","12","1"
12839,"3016","5000","13","1"
12840,"3017","5000","14","1"
12841,"3018","5000","15","1"
12842,"3018","5000","15","1"
12843,"3018","5000","15","1"
12844,"3019","5000","16","1"
12845,"3020","5000","17","1"
12846,"3021","5000","18","1"
12847,"3022","5000","19","1"
12848,"3022","5000","19","1"
12849,"3022","5000","19","1"
12850,"3022","5000","19","1"
12851,"3022","5000","19","1"
12852,"3022","5000","19","1"
12853,"3022","5000","19","1"
12854,"3022","5000","19","1"
12855,"3022","5000","19","1"
12856,"3022","5000","19","1"
12857,"3022","5000","19","1"
12858,"3022","5000","19","1"
12859,"3022","5000","19","1"
12860,"3022","5000","19","1"
12861,"3022","5000","19","1"
12862,"3022","5000","19","1"
12863,"3022","5000","19","1"
12864,"3022","5000","19","1"
12865,"3022","5000","19","1"
12866,"3022","5000","19","1"
12867,"3022","5000","19","1"
12868,"3022","5000","19","1"
12869,"3022","5000","19","1"
12870,"3022","5000","19","1"
12871,"3022","5000","19","1"
12872,"3022","5000","19","1"
12873,"3022","5000","19","1"
12874,"3022","5000","19","1"
12875,"3023","5000","20","1"
12876,"3024","5000","21","1"
12877,"3024","5000","21","1"
12878,"3024","5000","21","1"
12879,"3024","5000","21","1"
12880,"3024","5000","21","1"
12881,"3024","5000","21","1"
12882,"3024","5000","21","1"
12883,"3024","5000","21","1"
12884,"3024","5000","21","1"
12885,"3024","5000","21","1"
12886,"3025","5000","22","1"
12887,"3026","5000","23","1"
12888,"3026","5000","23","1"
12889,"3026","5000","23","1"
12890,"3027","5000","24","1"
12891,"3028","5000","25","1"
12892,"3029","5000","26","1"
12893,"3030","5000","27","1"
12894,"3031","5000","28","1"
12895,"3032","5000","29","1"
12896,"3033","5000","30","1"
12897,"3034","5000","31","1"
12898,"3035","5000","32","1"
12899,"3036","5000","33","1"
12900,"3037","5000","34","1"
12901,"3038","5000","35","1"
12902,"3039","5000","36","1"
12903,"3040","5000","37","1"
12904,"3041","5000","38","1"
12905,"3042","5000","39","1"
12906,"3043","5000","40","1"
12907,"3044","5000","41","1"
12908,"3045","5000","42","1"
12910,"3046","5000","43","1"
12911,"3047","5000","44","1"
12912,"3048","5000","45","1"
12913,"3049","5000","46","1"
12914,"3049","5000","46","1"
12915,"3049","5000","46","1"
12916,"3049","5000","46","1"
12917,"3049","5000","46","1"
12918,"3049","5000","46","1"
12919,"3049","5000","46","1"
12920,"3049","5000","46","1"
12921,"3049","5000","46","1"
12922,"3049","5000","46","1"
12923,"3049","5000","46","1"
12924,"3049","5000","46","1"
12925,"3049","5000","46","1"
12926,"3049","5000","46","1"
12927,"3049","5000","46","1"
12928,"3049","5000","46","1"
12929,"3049","5000","46","1"
12930,"3049","5000","46","1"
12931,"3050","5000","47","1"
12932,"3051","5000","48","1"
12933,"3052","5000","49","1"
12934,"3053","5000","50","1"
12935,"3054","5000","51","1"
12936,"3055","5000","52","1"
12937,"3056","5000","53","1"
12938,"3057","5000","54","1"
12939,"3058","5000","55","1"
12940,"3059","5000","56","1"
12941,"3060","5000","57","1"
12942,"3061","5000","58","1"
12943,"3062","5000","59","1"
12944,"3062","5000","59","1"
12945,"3062","5000","59","1"
12946,"3062","5000","59","1"
12947,"3062","5000","59","1"
12948,"3062","5000","59","1"
12949,"3062","5000","59","1"
12950,"3062","5000","59","1"
12951,"3062","5000","59","1"
12952,"3062","5000","59","1"
12953,"3062","5000","59","1"
12954,"3062","5000","59","1"
12955,"3062","5000","59","1"
12956,"3062","5000","59","1"
12957,"3062","5000","59","1"
12958,"3062","5000","59","1"
12959,"3062","5000","59","1"
12960,"3062","5000","59","1"
12961,"3062","5000","59","1"
12962,"3062","5000","59","1"
12963,"3062","5000","59","1"
12964,"3062","5000","59","1"
12965,"3062","5000","59","1"
12966,"3062","5000","59","1"
12967,"3062","5000","59","1"
12968,"3062","5000","59","1"
12969,"3062","5000","59","1"
12970,"3062","5000","59","1"
12971,"3062","5000","59","1"
12972,"3062","5000","59","1"
12973,"3062","5000","59","1"
12974,"3062","5000","59","1"
12975,"3062","5000","59","1"
12976,"3062","5000","59","1"
12977,"3062","5000","59","1"
12978,"3062","5000","59","1"
12979,"3062","5000","59","1"
12980,"3062","5000","59","1"
12981,"3062","5000","59","1"
12982,"3062","5000","59","1"
12983,"3062","5000","59","1"
12984,"3062","5000","59","1"
12985,"3062","5000","59","1"
12986,"3062","5000","59","1"
12987,"3062","5000","59","1"
12988,"3062","5000","59","1"
12989,"3062","5000","59","1"
12990,"3062","5000","59","1"
12991,"3062","5000","59","1"
12992,"3062","5000","59","1"
12993,"3062","5000","59","1"
12994,"3062","5000","59","1"
12995,"3062","5000","59","1"
12996,"3062","5000","59","1"
12997,"3062","5000","59","1"
12998,"3062","5000","59","1"
12999,"3062","5000","59","1"
13000,"3062","5000","59","1"
13001,"3062","5000","59","1"
13002,"3062","5000","59","1"
13003,"3062","5000","59","1"
13004,"3062","5000","59","1"
13005,"3062","5000","59","1"
13006,"3063","5000","60","1"
13007,"3064","5000","61","1"
13008,"3065","5000","62","1"
13009,"3066","5000","63","1"
13010,"3067","5000","64","1"
13011,"3068","5000","65","1"
13012,"3069","5000","66","1"
13013,"3070","5000","67","1"
13014,"3071","5000","68","1"
13015,"3072","5000","69","1"
13016,"3073","5000","70","1"
13017,"3074","5000","71","1"
13018,"3075","5000","72","1"
13019,"3076","5000","73","1"
13020,"3077","5000","74","1"
13021,"3078","5000","75","1"
13022,"3078","5000","75","1"
13023,"3078","5000","75","1"
13024,"3078","5000","75","1"
13025,"3078","5000","75","1"
13026,"3078","5000","75","1"
13027,"3078","5000","75","1"
13028,"3078","5000","75","1"
13029,"3078","5000","75","1"
13030,"3078","5000","75","1"
13031,"3078","5000","75","1"
13032,"3078","5000","75","1"
13033,"3078","5000","75","1"
13034,"3078","5000","75","1"
13035,"3078","5000","75","1"
13036,"3079","5000","76","1"
13037,"3079","5000","76","1"
13038,"3080","5000","77","1"
13039,"3081","5000","78","1"
13040,"3082","5000","79","1"
13041,"3083","5000","80","1"
13042,"3084","5000","81","1"
13043,"3084","5000","81","1"
13044,"3085","5000","82","1"
13045,"3086","5000","83","1"
13046,"3087","5000","84","1"
13047,"3088","5000","85","1"
13048,"3089","5000","86","1"
13049,"3090","5000","87","1"
13050,"3091","5000","88","1"
13051,"3092","5000","89","1"
13052,"3093","5000","90","1"
13053,"3094","5000","91","1"
13055,"3094","5000","91","1"
13056,"3094","5000","91","1"
13057,"3094","5000","91","1"
13058,"3094","5000","91","1"
13059,"3094","5000","91","1"
13060,"3094","5000","91","1"
13061,"3094","5000","91","1"
13062,"3094","5000","91","1"
13063,"3094","5000","91","1"
13064,"3094","5000","91","1"
13065,"3094","5000","91","1"
13066,"3094","5000","91","1"
13067,"3094","5000","91","1"
13068,"3094","5000","91","1"
13069,"3095","5000","92","1"
13070,"3096","5000","93","1"
13071,"3097","5000","94","1"
13072,"3098","5000","95","1"
13073,"3099","5000","96","1"
13074,"3100","5000","97","1"
13075,"3101","5000","98","1"
13076,"3102","5000","99","1"
13077,"3103","5000","100","1"
13078,"3104","5000","101","1"
13079,"3104","5000","101","1"
13080,"3105","5000","102","1"
13081,"3105","5000","102","1"
13082,"3106","5000","103","1"
13083,"3107","5000","104","1"
13084,"3107","5000","104","1"
13085,"3107","5000","104","1"
13086,"3107","5000","104","1"
13087,"3107","5000","104","1"
13088,"3108","5000","105","1"
13089,"3108","5000","105","1"
13090,"3108","5000","105","1"
13091,"3108","5000","105","1"
13092,"3109","5000","106","1"
13093,"3110","5000","107","1"
13094,"3110","5000","107","1"
13095,"3111","5000","108","1"
13096,"3112","5000","109","1"
13097,"3112","5000","109","1"
13098,"3112","5000","109","1"
13099,"3112","5000","109","1"
13100,"3112","5000","109","1"
13101,"3112","5000","109","1"
13102,"3112","5000","109","1"
13103,"3113","5000","110","1"
13104,"3114","5000","111","1"
13105,"3114","5000","111","1"
13106,"3114","5000","111","1"
13107,"3114","5000","111","1"
13108,"3114","5000","111","1"
13109,"3114","5000","111","1"
13110,"3114","5000","111","1"
13111,"3114","5000","111","1"
13112,"3114","5000","111","1"
13113,"3114","5000","111","1"
13114,"3114","5000","111","1"
13115,"3114","5000","111","1"
13116,"3114","5000","111","1"
13117,"3114","5000","111","1"
13118,"3114","5000","111","1"
13119,"3115","5000","112","1"
13120,"3115","5000","112","1"
13121,"3116","5000","113","1"
13122,"3117","5000","114","1"
13123,"3118","5000","115","1"
13124,"3119","5000","116","1"
13125,"3120","5000","117","1"
13126,"3121","5000","118","1"
13127,"3121","5000","118","1"
13128,"3121","5000","118","1"
13129,"3121","5000","118","1"
13130,"3121","5000","118","1"
13131,"3121","5000","118","1"
13132,"3122","5000","119","1"
13133,"3123","5000","120","1"
13134,"3124","5000","121","1"
13135,"3125","5000","122","1"
13136,"3126","5000","123","1"
13137,"3127","5000","124","1"
13138,"3128","5000","125","1"
13139,"3129","5000","126","1"
13140,"3130","5000","127","1"
13141,"3130","5000","127","1"
13142,"3131","5000","128","1"
13143,"3132","5000","129","1"
13144,"3133","5000","130","1"
13145,"3134","5000","131","1"
13146,"3135","5000","132","1"
13147,"3136","5000","133","1"
13148,"3137","5000","134","1"
13149,"3138","5000","135","1"
13150,"3139","5000","136","1"
13151,"3140","5000","137","1"
13152,"3141","5000","138","1"
13153,"3142","5000","139","1"
13154,"3143","5000","140","1"
13155,"3144","5000","141","1"
13156,"3145","5000","142","1"
13157,"3146","5000","143","1"
13158,"3147","5000","144","1"
13159,"3148","5000","145","1"
13160,"3148","5000","145","1"
13161,"3148","5000","145","1"
13162,"3148","5000","145","1"
13163,"3149","5000","146","1"
13164,"3150","5000","147","1"
13165,"3151","5000","148","1"
13166,"3152","5000","149","1"
13167,"3153","5000","150","1"
13168,"3154","5000","151","1"
13169,"3155","5000","152","1"
13170,"3156","5000","153","1"
13171,"3157","5000","154","1"
13172,"3158","5000","155","1"
13173,"3159","5000","156","1"
13174,"3160","5000","157","1"
13175,"3161","5000","158","1"
13176,"3162","5000","159","1"
13177,"3163","5000","160","1"
13178,"3163","5000","160","1"
13179,"3163","5000","160","1"
13180,"3163","5000","160","1"
13181,"3163","5000","160","1"
13182,"3163","5000","160","1"
13183,"3164","5000","161","1"
13184,"3165","5000","162","1"
13185,"3166","5000","163","1"
13186,"3167","5000","164","1"
13187,"3168","5000","165","1"
13188,"3169","5000","166","1"
13189,"3170","5000","167","1"
13190,"3171","5000","168","1"
13191,"3172","5000","169","1"
13192,"3172","5000","169","1"
13193,"3172","5000","169","1"
13194,"3172","5000","169","1"
13195,"3173","5000","170","1"
13196,"3174","5000","171","1"
13197,"3175","5000","172","1"
13198,"3176","5000","173","1"
13199,"3177","5000","174","1"
13200,"3178","5000","175","1"
13201,"3179","5000","176","1"
13202,"3180","5000","177","1"
13203,"3181","5000","178","1"
13204,"3182","5000","179","1"
13205,"3183","5000","180","1"
13206,"3184","5000","181","1"
13207,"3185","5000","182","1"
13208,"3186","5000","183","1"
13209,"3187","5000","184","1"
13210,"3188","5000","185","1"
13211,"3189","5000","186","1"
13212,"3189","5000","186","1"
13213,"3189","5000","186","1"
13214,"3189","5000","186","1"
13215,"3189","5000","186","1"
13216,"3189","5000","186","1"
13217,"3189","5000","186","1"
13218,"3189","5000","0","1"
13219,"3189","5000","0","1"
13220,"3189","5000","0","1"
13221,"3189","5000","0","1"
13222,"3189","5000","0","1"
13223,"3190","5000","1","1"
13224,"3191","5000","2","1"
13225,"3192","5000","3","1"
13226,"3193","5000","4","1"
13227,"3194","5000","5","1"
13228,"3195","5000","6","1"
13229,"3196","5000","7","1"
13230,"3196","5000","7","1"
13231,"3196","5000","7","1"
13232,"3196","5000","7","1"
13233,"3196","5000","7","1"
13234,"3196","5000","7","1"
13235,"3196","5000","7","1"
13236,"3197","5000","8","1"
13237,"3198","5000","9","1"
13238,"3199","5000","10","1"
13239,"3200","5000","11","1"
13240,"3201","5000","12","1"
13241,"3201","5000","12","1"
13242,"3201","5000","12","1"
13243,"3202","5000","13","1"
13244,"3203","5000","14","1"
13245,"3204","5000","15","1"
13246,"3205","5000","16","1"
13247,"3206","5000","17","1"
13248,"3207","5000","18","1"
13249,"3207","5000","18","1"
13250,"3207","5000","18","1"
13251,"3208","5000","19","1"
13252,"3209","5000","20","1"
13253,"3210","5000","21","1"
13254,"3211","5000","22","1"
13255,"3211","5000","22","1"
13256,"3211","5000","22","1"
13257,"3212","5000","23","1"
13258,"3213","5000","24","1"
13259,"3214","5000","25","1"
13260,"3215","5000","26","1"
13261,"3216","5000","27","1"
13262,"3217","5000","28","1"
13263,"3218","5000","29","1"
13264,"3219","5000","30","1"
13265,"3220","5000","31","1"
13266,"3221","5000","32","1"
13267,"3222","5000","33","1"
13268,"3223","5000","34","1"
13269,"3224","5000","35","1"
13270,"3225","5000","36","1"
13271,"3225","5000","36","1"
13272,"3225","5000","36","1"
13273,"3226","5000","37","1"
13274,"3227","5000","38","1"
13275,"3228","5000","39","1"
13276,"3229","5000","40","1"
13277,"3230","5000","41","1"
13278,"3231","5000","42","1"
13279,"3232","5000","43","1"
13280,"3233","5000","44","1"
13281,"3234","5000","45","1"
13282,"3235","5000","46","1"
13283,"3236","5000","47","1"
13284,"3237","5000","48","1"
13285,"3238","5000","49","1"
13286,"3239","5000","50","1"
13287,"3240","5000","51","1"
13288,"3241","5000","52","1"
13289,"3242","5000","53","1"
13290,"3243","5000","54","1"
13291,"3244","5000","55","1"
13292,"3245","5000","56","1"
13293,"3246","5000","57","1"
13294,"3247","5000","58","1"
13295,"3248","5000","59","1"
13296,"3249","5000","60","1"
13297,"3250","5000","61","1"
13298,"3251","5000","62","1"
13299,"3252","5000","63","1"
13300,"3253","5000","64","1"
13301,"3254","5000","65","1"
13302,"3255","5000","66","1"
13303,"3256","5000","67","1"
13304,"3256","5000","67","1"
13305,"3256","5000","67","1"
13306,"3257","5000","68","1"
13307,"3258","5000","69","1"
13308,"3259","5000","70","1"
13309,"3260","5000","71","1"
13310,"3261","5000","72","1"
13311,"3262","5000","73","1"
13312,"3263","5000","74","1"
13313,"3264","5000","75","1"
13314,"3265","5000","76","1"
13315,"3266","5000","77","1"
13316,"3267","5000","78","1"
13317,"3268","5000","79","1"
13318,"3269","5000","80","1"
13319,"3270","5000","81","1"
13320,"3271","5000","82","1"
13321,"3272","5000","83","1"
13322,"3273","5000","84","1"
13323,"3274","5000","85","1"
13324,"3275","5000","86","1"
13325,"3276","5000","87","1"
13326,"3277","5000","88","1"
13327,"3277","5000","88","1"
13328,"3277","5000","88","1"
13329,"3277","5000","88","1"
13330,"3277","5000","88","1"
13331,"3277","5000","88","1"
13332,"3277","5000","88","1"
13333,"3277","5000","88","1"
13334,"3277","5000","88","1"
13335,"3277","5000","88","1"
13336,"3277","5000","88","1"
13337,"3277","5000","88","1"
13338,"3278","5000","89","1"
13339,"3279","5000","90","1"
13340,"3280","5000","91","1"
13341,"3281","5000","92","1"
13342,"3282","5000","93","1"
13343,"3283","5000","94","1"
13344,"3284","5000","95","1"
13345,"3285","5000","96","1"
13346,"3286","5000","97","1"
13347,"3287","5000","98","1"
13348,"3288","5000","99","1"
13349,"3289","5000","100","1"
13350,"3290","5000","101","1"
13351,"3291","5000","102","1"
13352,"3292","5000","0","1"
13353,"3292","5000","0","1"
13354,"3292","5000","0","1"
13355,"3293","5000","1","1"
13356,"3294","5000","2","1"
13357,"3295","5000","3","1"
13358,"3296","5000","4","1"
13359,"3297","5000","5","1"
13360,"3298","5000","6","1"
13361,"3299","5000","7","1"
13362,"3300","5000","8","1"
13363,"3301","5000","9","1"
13364,"3302","5000","10","1"
13365,"3303","5000","11","1"
13366,"3304","5000","12","1"
13367,"3305","5000","13","1"
13368,"3306","5000","14","1"
13369,"3307","5000","15","1"
13370,"3308","5000","16","1"
13371,"3308","5000","16","1"
13372,"3309","5000","17","1"
13373,"3310","5000","18","1"
13374,"3311","5000","19","1"
13375,"3312","5000","20","1"
13376,"3313","5000","21","1"
13377,"3314","5000","22","1"
13378,"3315","5000","23","1"
13379,"3316","5000","24","1"
13380,"3317","5000","25","1"
13381,"3318","5000","26","1"
13382,"3319","5000","27","1"
13383,"3320","5000","28","1"
13384,"3321","5000","29","1"
13385,"3322","5000","30","1"
13386,"3323","5000","31","1"
13387,"3324","5000","32","1"
13388,"3325","5000","33","1"
13389,"3326","5000","34","1"
13390,"3327","5000","35","1"
13391,"3328","5000","36","1"
13392,"3329","5000","37","1"
13393,"3330","5000","38","1"
13394,"3331","5000","39","1"
13395,"3332","5000","40","1"
13396,"3332","5000","40","1"
13397,"3332","5000","40","1"
13398,"3332","5000","40","1"
13399,"3332","5000","40","1"
13400,"3333","5000","41","1"
13401,"3334","5000","42","1"
13402,"3335","5000","43","1"
13403,"3336","5000","44","1"
13404,"3337","5000","45","1"
13405,"3338","5000","46","1"
13406,"3339","5000","47","1"
13407,"3340","5000","48","1"
13408,"3341","5000","49","1"
13409,"3342","5000","50","1"
13410,"3343","5000","51","1"
13411,"3344","5000","52","1"
13412,"3345","5000","53","1"
13413,"3346","5000","54","1"
13414,"3347","5000","55","1"
13415,"3348","5000","56","1"
13416,"3349","5000","57","1"
13417,"3350","5000","58","1"
13418,"3351","5000","59","1"
13419,"3352","5000","60","1"
13420,"3353","5000","61","1"
13421,"3354","5000","62","1"
13422,"3355","5000","63","1"
13423,"3356","5000","64","1"
13424,"3357","5000","65","1"
13425,"3358","5000","66","1"
13426,"3359","5000","67","1"
13427,"3360","5000","68","1"
13428,"3361","5000","69","1"
13429,"3362","5000","70","1"
13430,"3363","5000","71","1"
13431,"3364","5000","72","1"
13432,"3365","5000","73","1"
13433,"3366","5000","74","1"
13434,"3367","5000","75","1"
13435,"3368","5000","76","1"
13436,"3369","5000","77","1"
13437,"3369","5000","77","1"
13438,"3369","5000","77","1"
13439,"3369","5000","77","1"
13440,"3370","5000","78","1"
13441,"3371","5000","79","1"
13442,"3372","5000","80","1"
13443,"3373","5000","81","1"
13444,"3374","5000","82","1"
13445,"3375","5000","83","1"
13446,"3376","5000","84","1"
13447,"3377","5000","85","1"
13448,"3378","5000","86","1"
13449,"3379","5000","87","1"
13450,"3380","5000","88","1"
13451,"3381","5000","89","1"
13452,"3382","5000","90","1"
13453,"3383","5000","91","1"
13454,"3384","5000","92","1"
13455,"3385","5000","93","1"
13456,"3386","5000","94","1"
13457,"3387","5000","95","1"
13458,"3388","5000","96","1"
13459,"3389","5000","97","1"
13460,"3390","5000","98","1"
13461,"3391","5000","99","1"
13462,"3392","5000","100","1"
13463,"3393","5000","101","1"
13464,"3394","5000","102","1"
13465,"3395","5000","103","1"
13466,"3396","5000","104","1"
13467,"3396","5000","104","1"
13468,"3396","5000","104","1"
13469,"3396","5000","104","1"
13470,"3396","5000","104","1"
13471,"3396","5000","104","1"
13472,"3396","5000","104","1"
13473,"3396","5000","104","1"
13474,"3396","5000","104","1"
13475,"3396","5000","104","1"
13476,"3396","5000","104","1"
13477,"3396","5000","104","1"
13478,"3396","5000","104","1"
13479,"3396","5000","104","1"
13480,"3396","5000","104","1"
13481,"3396","5000","104","1"
13482,"3396","5000","104","1"
13483,"3397","5000","105","1"
13484,"3398","5000","106","1"
13485,"3399","5000","107","1"
13486,"3400","5000","108","1"
13487,"3401","5000","109","1"
13488,"3402","5000","110","1"
13489,"3403","5000","111","1"
13490,"3404","5000","112","1"
13491,"3405","5000","113","1"
13492,"3406","5000","114","1"
13493,"3407","5000","115","1"
13494,"3408","5000","116","1"
13495,"3409","5000","117","1"
13496,"3410","5000","118","1"
13497,"3411","5000","119","1"
13498,"3412","5000","120","1"
13499,"3413","5000","121","1"
13500,"3414","5000","122","1"
13501,"3415","5000","123","1"
13502,"3416","5000","124","1"
13503,"3417","5000","125","1"
13504,"3418","5000","126","1"
13505,"3419","5000","127","1"
13506,"3420","5000","128","1"
13507,"3421","5000","129","1"
13508,"3422","5000","130","1"
13509,"3423","5000","131","1"
13510,"3424","5000","132","1"
13511,"3425","5000","133","1"
13512,"3426","5000","134","1"
13513,"3427","5000","135","1"
13514,"3428","5000","136","1"
13515,"3429","5000","137","1"
13516,"3430","5000","138","1"
13517,"3431","5000","139","1"
13518,"3432","5000","140","1"
13519,"3433","5000","141","1"
13520,"3434","5000","142","1"
13521,"3435","5000","143","1"
13522,"3436","5000","144","1"
13523,"3437","5000","0","1"
13524,"3437","5000","0","1"
13525,"3437","5000","0","1"
13526,"3437","5000","0","1"
13527,"3437","5000","0","1"
13528,"3437","5000","0","1"
13529,"3438","5000","1","1"
13530,"3439","5000","2","1"
13531,"3440","5000","3","1"
13532,"3441","5000","4","1"
13533,"3442","5000","5","1"
13534,"3443","5000","6","1"
13535,"3444","5000","7","1"
13536,"3445","5000","8","1"
13537,"3446","5000","9","1"
13538,"3446","5000","9","1"
13539,"3447","5000","10","1"
13540,"3448","5000","11","1"
13541,"3449","5000","12","1"
13542,"3450","5000","13","1"
13543,"3451","5000","14","1"
13544,"3452","5000","15","1"
13545,"3453","5000","16","1"
13546,"3454","5000","17","1"
13547,"3455","5000","18","1"
13548,"3455","5000","18","1"
13549,"3455","5000","18","1"
13550,"3455","5000","18","1"
13551,"3455","5000","18","1"
13552,"3455","5000","18","1"
13553,"3455","5000","18","1"
13554,"3455","5000","18","1"
13555,"3455","5000","18","1"
13556,"3455","5000","18","1"
13557,"3455","5000","18","1"
13558,"3455","5000","18","1"
13559,"3455","5000","18","1"
13560,"3455","5000","18","1"
13561,"3455","5000","18","1"
13562,"3455","5000","18","1"
13563,"3455","5000","18","1"
13564,"3455","5000","18","1"
13565,"3455","5000","18","1"
13566,"3455","5000","18","1"
13567,"3455","5000","18","1"
13568,"3455","5000","18","1"
13569,"3455","5000","18","1"
13570,"3455","5000","18","1"
13571,"3455","5000","18","1"
13572,"3455","5000","18","1"
13573,"3455","5000","18","1"
13574,"3455","5000","18","1"
13575,"3456","5000","19","1"
13576,"3457","5000","20","1"
13577,"3458","5000","21","1"
13578,"3459","5000","22","1"
13579,"3460","5000","23","1"
13580,"3461","5000","24","1"
13581,"3461","5000","24","1"
13582,"3462","5000","25","1"
13583,"3463","5000","26","1"
13584,"3464","5000","27","1"
13585,"3465","5000","28","1"
13586,"3466","5000","29","1"
13587,"3467","5000","30","1"
13588,"3468","5000","31","1"
13589,"3469","5000","32","1"
13590,"3470","5000","33","1"
13591,"3471","5000","0","1"
13592,"3471","5000","0","1"
13593,"3471","5000","0","1"
13594,"3471","5000","0","1"
13595,"3471","5000","0","1"
13596,"3471","5000","0","1"
13597,"3471","5000","0","1"
13598,"3471","5000","0","1"
13599,"3471","5000","0","1"
13600,"3471","5000","0","1"
13601,"3471","5000","0","1"
13602,"3471","5000","0","1"
13603,"3471","5000","0","1"
13604,"3471","5000","0","1"
13605,"3471","5000","0","1"
13606,"3471","5000","0","1"
13607,"3471","5000","0","1"
13608,"3471","5000","0","1"
13609,"3471","5000","0","1"
13610,"3471","5000","0","1"
13611,"3471","5000","0","1"
13612,"3471","5000","0","1"
13613,"3471","5000","0","1"
13614,"3471","5000","0","1"
13615,"3471","5000","0","1"
13616,"3471","5000","0","1"
13617,"3471","5000","0","1"
13618,"3471","5000","0","1"
13619,"3471","5000","0","1"
13620,"3471","5000","0","1"
13621,"3471","5000","0","1"
13622,"3471","5000","0","1"
13623,"3471","5000","0","1"
13624,"3471","5000","0","1"
13625,"3471","5000","0","1"
13626,"3471","5000","0","1"
13627,"3471","5000","0","1"
13628,"3471","5000","0","1"
13629,"3471","5000","0","1"
13630,"3471","5000","0","1"
13631,"3471","5000","0","1"
13632,"3471","5000","0","1"
13633,"3471","5000","0","1"
13634,"3471","5000","0","1"
13635,"3471","5000","0","1"
13636,"3471","5000","0","1"
13637,"3472","5000","1","1"
13638,"3473","5000","2","1"
13639,"3473","5000","2","1"
13640,"3473","5000","2","1"
13641,"3473","5000","2","1"
13642,"3473","5000","2","1"
13643,"3473","5000","2","1"
13644,"3473","5000","2","1"
13645,"3473","5000","2","1"
13646,"3473","5000","2","1"
13647,"3473","5000","2","1"
13648,"3473","5000","2","1"
13649,"3473","5000","2","1"
13650,"3473","5000","2","1"
13651,"3473","5000","2","1"
13652,"3473","5000","2","1"
13653,"3473","5000","2","1"
13654,"3473","5000","2","1"
13655,"3473","5000","2","1"
13656,"3473","5000","2","1"
13657,"3473","5000","2","1"
13658,"3473","5000","2","1"
13659,"3473","5000","2","1"
13660,"3473","5000","2","1"
13661,"3473","5000","2","1"
13662,"3473","5000","2","1"
13663,"3473","5000","2","1"
13664,"3473","5000","2","1"
13665,"3473","5000","2","1"
13666,"3473","5000","2","1"
13667,"3473","5000","2","1"
13668,"3473","5000","2","1"
13669,"3473","5000","2","1"
13670,"3473","5000","2","1"
13671,"3473","5000","2","1"
13672,"3473","5000","2","1"
13673,"3473","5000","2","1"
13674,"3473","5000","2","1"
13675,"3473","5000","2","1"
13676,"3473","5000","2","1"
13677,"3473","5000","2","1"
13678,"3473","5000","2","1"
13679,"3473","5000","2","1"
13680,"3473","5000","2","1"
13681,"3473","5000","2","1"
13682,"3473","5000","2","1"
13683,"3473","5000","2","1"
13684,"3473","5000","2","1"
13685,"3474","5000","3","1"
13686,"3475","5000","4","1"
13687,"3476","5000","5","1"
13688,"3477","5000","6","1"
13689,"3478","5000","7","1"
13690,"3479","5000","8","1"
13691,"3480","5000","9","1"
13692,"3481","5000","10","1"
13693,"3482","5000","11","1"
13694,"3483","5000","12","1"
13695,"3484","5000","13","1"
13696,"3485","5000","14","1"
13697,"3486","5000","15","1"
13698,"3487","5000","16","1"
13699,"3488","5000","17","1"
13700,"3489","5000","18","1"
13701,"3490","5000","19","1"
13702,"3491","5000","20","1"
13703,"3492","5000","21","1"
13704,"3492","5000","21","1"
13705,"3492","5000","21","1"
13706,"3492","5000","21","1"
13707,"3492","5000","21","1"
13708,"3492","5000","21","1"
13709,"3492","5000","21","1"
13710,"3492","5000","21","1"
13711,"3492","5000","21","1"
13712,"3492","5000","21","1"
13713,"3492","5000","21","1"
13714,"3492","5000","21","1"
13715,"3493","5000","22","1"
13716,"3494","5000","23","1"
13717,"3495","5000","24","1"
13718,"3496","5000","25","1"
13719,"3497","5000","0","1"
13720,"3497","5000","0","1"
13721,"3497","5000","0","1"
13722,"3498","5000","1","1"
13723,"3499","5000","2","1"
13724,"3499","5000","2","1"
13725,"3500","5000","3","1"
13726,"3501","5000","4","1"
13727,"3502","5000","5","1"
13728,"3503","5000","6","1"
13729,"3504","5000","7","1"
13730,"3505","5000","8","1"
13731,"3506","5000","9","1"
13732,"3507","5000","10","1"
13733,"3508","5000","11","1"
13734,"3509","5000","12","1"
13735,"3510","5000","13","1"
13736,"3511","5000","14","1"
13737,"3512","5000","15","1"
13738,"3513","5000","16","1"
13739,"3514","5000","17","1"
13740,"3515","5000","18","1"
13741,"3516","5000","19","1"
13742,"3517","5000","20","1"
13743,"3518","5000","21","1"
13744,"3519","5000","22","1"
13745,"3520","5000","23","1"
13746,"3521","5000","24","1"
13747,"3522","5000","25","1"
13748,"3523","5000","26","1"
13749,"3524","5000","27","1"
13750,"3525","5000","28","1"
13751,"3526","5000","29","1"
13752,"3527","5000","30","1"
13753,"3528","5000","31","1"
13754,"3529","5000","32","1"
13755,"3530","5000","33","1"
13756,"3531","5000","34","1"
13757,"3532","5000","35","1"
13758,"3533","5000","36","1"
13759,"3534","5000","37","1"
13760,"3535","5000","38","1"
13761,"3536","5000","39","1"
13762,"3537","5000","40","1"
13763,"3538","5000","41","1"
13764,"3539","5000","42","1"
13765,"3540","5000","43","1"
13766,"3540","5000","43","1"
13767,"3540","5000","43","1"
13768,"3540","5000","43","1"
13769,"3540","5000","43","1"
13770,"3540","5000","43","1"
13771,"3540","5000","43","1"
13772,"3540","5000","43","1"
13773,"3540","5000","43","1"
13774,"3540","5000","43","1"
13775,"3540","5000","43","1"
13776,"3540","5000","43","1"
13777,"3540","5000","43","1"
13778,"3540","5000","43","1"
13779,"3540","5000","43","1"
13780,"3540","5000","43","1"
13781,"3541","5000","44","1"
13782,"3542","5000","45","1"
13783,"3543","5000","46","1"
13784,"3544","5000","47","1"
13785,"3545","5000","48","1"
13786,"3546","5000","49","1"
13787,"3547","5000","50","1"
13788,"3548","5000","51","1"
13789,"3549","5000","52","1"
13790,"3550","5000","53","1"
13791,"3551","5000","54","1"
13792,"3552","5000","55","1"
13793,"3553","5000","56","1"
13794,"3554","5000","57","1"
13795,"3555","5000","58","1"
13806,"3556","5000","59","1"
13807,"3556","5000","59","1"
13808,"3557","5000","60","1"
13809,"3558","5000","61","1"
13810,"3559","5000","62","1"
13811,"3560","5000","63","1"
13812,"3561","5000","64","1"
13813,"3562","5000","65","1"
13814,"3562","5000","65","1"
13815,"3563","5000","66","1"
13816,"3564","5000","67","1"
13817,"3565","5000","68","1"
13818,"3565","5000","68","1"
13819,"3565","5000","68","1"
13820,"3566","5000","69","1"
13821,"3567","5000","70","1"
13822,"3568","5000","71","1"
13823,"3569","5000","72","1"
13824,"3570","5000","73","1"
13825,"3571","5000","74","1"
13826,"3572","5000","75","1"
13827,"3573","5000","76","1"
13828,"3574","5000","77","1"
13829,"3575","5000","78","1"
13830,"3576","5000","79","1"
13831,"3576","5000","79","1"
13832,"3576","5000","79","1"
13833,"3576","5000","79","1"
13834,"3576","5000","79","1"
13835,"3576","5000","79","1"
13836,"3576","5000","79","1"
13837,"3576","5000","79","1"
13838,"3576","5000","79","1"
13839,"3576","5000","79","1"
13840,"3576","5000","79","1"
13841,"3576","5000","79","1"
13842,"3576","5000","79","1"
13843,"3576","5000","79","1"
13844,"3576","5000","79","1"
13845,"3576","5000","79","1"
13846,"3576","5000","79","1"
13847,"3576","5000","79","1"
13848,"3576","5000","79","1"
13849,"3576","5000","79","1"
13850,"3577","5000","80","1"
13851,"3578","5000","81","1"
13852,"3579","5000","82","1"
13853,"3580","5000","83","1"
13854,"3581","5000","84","1"
13855,"3582","5000","85","1"
13856,"3583","5000","86","1"
13857,"3584","5000","87","1"
13858,"3585","5000","88","1"
13859,"3586","5000","89","1"
13860,"3586","5000","89","1"
13861,"3586","5000","89","1"
13862,"3587","5000","90","1"
13863,"3588","5000","91","1"
13864,"3589","5000","92","1"
13865,"3589","5000","0","1"
13866,"3590","5000","1","1"
13867,"3591","5000","2","1"
13868,"3592","5000","3","1"
13869,"3593","5000","4","1"
13870,"3594","5000","5","1"
13871,"3595","5000","6","1"
13872,"3595","5000","6","1"
13873,"3595","5000","6","1"
13874,"3595","5000","6","1"
13875,"3596","5000","7","1"
13876,"3597","5000","8","1"
13877,"3598","5000","9","1"
13878,"3599","5000","10","1"
13879,"3600","5000","11","1"
13880,"3601","5000","12","1"
13881,"3602","5000","13","1"
13882,"3603","5000","14","1"
13883,"3604","5000","15","1"
13884,"3605","5000","16","1"
13885,"3606","5000","17","1"
13886,"3607","5000","18","1"
13887,"3608","5000","19","1"
13888,"3609","5000","20","1"
13889,"3610","5000","21","1"
13890,"3611","5000","22","1"
13891,"3612","5000","23","1"
13892,"3613","5000","24","1"
13893,"3614","5000","25","1"
13894,"3615","5000","26","1"
13895,"3616","5000","27","1"
13896,"3617","5000","28","1"
13897,"3618","5000","29","1"
13898,"3619","5000","30","1"
13899,"3620","5000","31","1"
13900,"3620","5000","31","1"
13901,"3620","5000","31","1"
13902,"3621","5000","32","1"
13903,"3621","5000","32","1"
13904,"3622","5000","33","1"
13905,"3623","5000","34","1"
13906,"3624","5000","35","1"
13907,"3625","5000","36","1"
13908,"3626","5000","37","1"
13909,"3627","5000","38","1"
13910,"3628","5000","39","1"
13911,"3629","5000","40","1"
13912,"3630","5000","41","1"
13913,"3631","5000","42","1"
13914,"3632","5000","43","1"
13915,"3633","5000","44","1"
13916,"3634","5000","45","1"
13917,"3635","5000","46","1"
13918,"3636","5000","47","1"
13919,"3637","5000","48","1"
13920,"3637","5000","48","1"
13921,"3637","5000","48","1"
13922,"3637","5000","48","1"
13923,"3637","5000","48","1"
13924,"3637","5000","48","1"
13925,"3637","5000","48","1"
13926,"3637","5000","48","1"
13927,"3637","5000","48","1"
13928,"3637","5000","48","1"
13929,"3637","5000","48","1"
13930,"3637","5000","48","1"
13931,"3637","5000","48","1"
13932,"3637","5000","48","1"
13933,"3637","5000","48","1"
13934,"3637","5000","48","1"
13935,"3637","5000","48","1"
13936,"3637","5000","48","1"
13937,"3637","5000","48","1"
13938,"3637","5000","48","1"
13939,"3637","5000","48","1"
13940,"3637","5000","48","1"
13941,"3637","5000","48","1"
13942,"3637","5000","48","1"
13943,"3637","5000","48","1"
13944,"3637","5000","48","1"
13945,"3637","5000","48","1"
13946,"3637","5000","48","1"
13947,"3637","5000","48","1"
13948,"3637","5000","48","1"
13949,"3637","5000","48","1"
13950,"3637","5000","48","1"
13951,"3637","5000","48","1"
13952,"3637","5000","48","1"
13953,"3637","5000","48","1"
13954,"3637","5000","48","1"
13955,"3637","5000","48","1"
13956,"3637","5000","48","1"
13957,"3637","5000","48","1"
13958,"3637","5000","48","1"
13959,"3637","5000","48","1"
13960,"3637","5000","48","1"
13961,"3637","5000","48","1"
13962,"3638","5000","49","1"
13963,"3639","5000","50","1"
13964,"3640","5000","51","1"
13965,"3641","5000","52","1"
13966,"3642","5000","53","1"
13967,"3643","5000","54","1"
13968,"3644","5000","55","1"
13969,"3645","5000","56","1"
13970,"3646","5000","57","1"
13971,"3647","5000","58","1"
13972,"3648","5000","59","1"
13973,"3649","5000","60","1"
13974,"3650","5000","61","1"
13975,"3651","5000","0","1"
13976,"3651","5000","0","1"
13977,"3651","5000","0","1"
13978,"3651","5000","0","1"
13979,"3651","5000","0","1"
13980,"3651","5000","0","1"
13981,"3652","5000","1","1"
13982,"3653","5000","2","1"
13983,"3654","5000","3","1"
13984,"3654","5000","3","1"
13985,"3654","5000","3","1"
13986,"3655","5000","4","1"
13987,"3656","5000","5","1"
13988,"3657","5000","6","1"
13989,"3658","5000","7","1"
13990,"3659","5000","8","1"
13991,"3660","5000","9","1"
13992,"3661","5000","10","1"
13993,"3662","5000","11","1"
13994,"3663","5000","12","1"
13995,"3664","5000","13","1"
13996,"3665","5000","14","1"
13997,"3666","5000","15","1"
13998,"3667","5000","16","1"
13999,"3668","5000","17","1"
14000,"3669","5000","18","1"
14001,"3670","5000","19","1"
14002,"3671","5000","20","1"
14003,"3672","5000","21","1"
14004,"3672","5000","21","1"
14005,"3672","5000","21","1"
14006,"3673","5000","22","1"
14007,"3674","5000","23","1"
14008,"3675","5000","24","1"
14009,"3676","5000","25","1"
14010,"3677","5000","26","1"
14011,"3678","5000","27","1"
14012,"3679","5000","28","1"
14013,"3679","5000","28","1"
14014,"3679","5000","28","1"
14015,"3679","5000","28","1"
14016,"3680","5000","29","1"
14017,"3681","5000","30","1"
14018,"3682","5000","31","1"
14019,"3683","5000","0","1"
14020,"3683","5000","0","1"
14021,"3683","5000","0","1"
14022,"3683","5000","0","1"
14023,"3683","5000","0","1"
14024,"3683","5000","0","1"
14025,"3683","5000","0","1"
14026,"3683","5000","0","1"
14027,"3683","5000","0","1"
14028,"3683","5000","0","1"
14029,"3684","5000","1","1"
14030,"3685","5000","2","1"
14031,"3686","5000","3","1"
14032,"3687","5000","4","1"
14033,"3687","5000","4","1"
14034,"3687","5000","4","1"
14035,"3688","5000","5","1"
14036,"3688","5000","5","1"
14037,"3689","5000","6","1"
14038,"3690","5000","7","1"
14039,"3691","5000","8","1"
14040,"3692","5000","9","1"
14041,"3693","5000","10","1"
14042,"3694","5000","11","1"
14043,"3695","5000","12","1"
14044,"3695","5000","12","1"
14045,"3695","5000","12","1"
14046,"3695","5000","12","1"
14047,"3695","5000","12","1"
14048,"3695","5000","12","1"
14049,"3696","5000","13","1"
14050,"3696","5000","13","1"
14051,"3697","5000","14","1"
14052,"3698","5000","15","1"
14053,"3699","5000","16","1"
14054,"3700","5000","17","1"
14055,"3701","5000","18","1"
14056,"3702","5000","19","1"
14057,"3703","5000","20","1"
14058,"3704","5000","21","1"
14059,"3705","5000","22","1"
14060,"3706","5000","23","1"
14061,"3707","5000","24","1"
14062,"3708","5000","25","1"
14063,"3709","5000","26","1"
14064,"3710","5000","27","1"
14065,"3711","5000","28","1"
14066,"3712","5000","29","1"
14067,"3713","5000","30","1"
14068,"3714","5000","31","1"
14069,"3715","5000","32","1"
14070,"3715","5000","32","1"
14071,"3715","5000","32","1"
14072,"3715","5000","32","1"
14073,"3715","5000","0","1"
14074,"3715","5000","0","1"
14075,"3715","5000","0","1"
14076,"3715","5000","0","1"
14077,"3715","5000","0","1"
14078,"3715","5000","0","1"
14079,"3715","5000","0","1"
14080,"3715","5000","0","1"
14081,"3716","5000","1","1"
14082,"3717","5000","2","1"
14083,"3718","5000","3","1"
14084,"3719","5000","4","1"
14085,"3720","5000","5","1"
14086,"3721","5000","6","1"
14087,"3722","5000","7","1"
14088,"3723","5000","8","1"
14089,"3724","5000","9","1"
14090,"3725","5000","10","1"
14091,"3725","5000","10","1"
14092,"3725","5000","10","1"
14093,"3725","5000","10","1"
14094,"3725","5000","10","1"
14095,"3726","5000","11","1"
14096,"3727","5000","12","1"
14097,"3728","5000","13","1"
14098,"3729","5000","14","1"
14099,"3730","5000","15","1"
14100,"3731","5000","16","1"
14101,"3732","5000","17","1"
14102,"3732","5000","17","1"
14103,"3732","5000","17","1"
14104,"3732","5000","17","1"
14105,"3732","5000","17","1"
14106,"3732","5000","17","1"
14107,"3732","5000","17","1"
14108,"3732","5000","17","1"
14109,"3732","5000","17","1"
14110,"3732","5000","17","1"
14111,"3732","5000","17","1"
14112,"3733","5000","18","1"
14113,"3734","5000","19","1"
14114,"3735","5000","20","1"
14115,"3736","5000","21","1"
14116,"3737","5000","22","1"
14117,"3738","5000","23","1"
14118,"3739","5000","24","1"
14119,"3740","5000","25","1"
14120,"3741","5000","26","1"
14121,"3742","5000","27","1"
14122,"3743","5000","28","1"
14123,"3744","5000","29","1"
14124,"3744","5000","29","1"
14125,"3745","5000","30","1"
14126,"3746","5000","31","1"
14127,"3747","5000","32","1"
14128,"3748","5000","33","1"
14129,"3749","5000","34","1"
14130,"3750","5000","35","1"
14131,"3751","5000","0","1"
14132,"3751","5000","0","1"
14133,"3751","5000","0","1"
14134,"3751","5000","0","1"
14135,"3752","5000","1","1"
14136,"3753","5000","2","1"
14137,"3754","5000","3","1"
14138,"3754","5000","3","1"
14139,"3754","5000","3","1"
14140,"3754","5000","3","1"
14141,"3755","5000","4","1"
14142,"3756","5000","5","1"
14143,"3757","5000","6","1"
14144,"3758","5000","7","1"
14145,"3759","5000","8","1"
14146,"3760","5000","9","1"
14147,"3761","5000","10","1"
14148,"3762","5000","11","1"
14149,"3762","5000","11","1"
14150,"3762","5000","11","1"
14151,"3762","5000","11","1"
14152,"3762","5000","11","1"
14153,"3762","5000","11","1"
14154,"3763","5000","12","1"
14155,"3764","5000","13","1"
14156,"3765","5000","14","1"
14157,"3766","5000","15","1"
14158,"3767","5000","16","1"
14159,"3768","5000","17","1"
14160,"3769","5000","18","1"
14161,"3770","5000","19","1"
14162,"3771","5000","20","1"
14163,"3772","5000","21","1"
14164,"3773","5000","22","1"
14165,"3774","5000","23","1"
14166,"3775","5000","24","1"
14167,"3776","5000","25","1"
14168,"3777","5000","26","1"
14169,"3778","5000","27","1"
14170,"3778","5000","27","1"
14171,"3779","5000","28","1"
14172,"3780","5000","29","1"
14173,"3781","5000","30","1"
14174,"3782","5000","31","1"
14175,"3783","5000","32","1"
14176,"3784","5000","33","1"
14177,"3785","5000","34","1"
14178,"3786","5000","35","1"
14179,"3787","5000","36","1"
14180,"3788","5000","37","1"
14181,"3789","5000","38","1"
14182,"3790","5000","39","1"
14183,"3791","5000","40","1"
14184,"3792","5000","41","1"
14185,"3793","5000","42","1"
14186,"3794","5000","43","1"
14187,"3795","5000","44","1"
14188,"3796","5000","45","1"
14189,"3797","5000","46","1"
14190,"3798","5000","47","1"
14191,"3799","5000","48","1"
14192,"3800","5000","49","1"
14193,"3801","5000","50","1"
14194,"3802","5000","51","1"
14195,"3803","5000","52","1"
14196,"3804","5000","53","1"
14197,"3805","5000","54","1"
14198,"3805","5000","54","1"
14199,"3805","5000","0","1"
14200,"3805","5000","0","1"
14201,"3805","5000","0","1"
14202,"3805","5000","0","1"
14203,"3805","5000","0","1"
14204,"3805","5000","0","1"
14205,"3805","5000","0","1"
14206,"3805","5000","0","1"
14207,"3805","5000","0","1"
14208,"3806","5000","1","1"
14209,"3807","5000","2","1"
14210,"3808","5000","3","1"
14211,"3809","5000","4","1"
14212,"3810","5000","5","1"
14213,"3810","5000","5","1"
14214,"3811","5000","6","1"
14215,"3812","5000","7","1"
14216,"3813","5000","8","1"
14217,"3814","5000","9","1"
14218,"3815","5000","10","1"
14219,"3816","5000","11","1"
14220,"3817","5000","12","1"
14221,"3818","5000","13","1"
14222,"3819","5000","14","1"
14223,"3820","5000","15","1"
14224,"3821","5000","16","1"
14225,"3822","5000","17","1"
14226,"3823","5000","18","1"
14227,"3824","5000","19","1"
14228,"3825","5000","20","1"
14229,"3826","5000","21","1"
14230,"3827","5000","22","1"
14231,"3827","5000","22","1"
14232,"3827","5000","22","1"
14233,"3828","5000","23","1"
14234,"3829","5000","24","1"
14235,"3830","5000","25","1"
14236,"3831","5000","26","1"
14237,"3832","5000","27","1"
14238,"3833","5000","28","1"
14239,"3834","5000","29","1"
14240,"3835","5000","30","1"
14241,"3836","5000","31","1"
14242,"3837","5000","32","1"
14243,"3838","5000","33","1"
14244,"3839","5000","34","1"
14245,"3839","5000","34","1"
14246,"3839","5000","34","1"
14247,"3839","5000","34","1"
14248,"3839","5000","34","1"
14249,"3840","5000","35","1"
14250,"3841","5000","36","1"
14251,"3842","5000","37","1"
14252,"3843","5000","38","1"
14253,"3844","5000","39","1"
14254,"3845","5000","40","1"
14255,"3846","5000","41","1"
14256,"3847","5000","42","1"
14257,"3848","5000","43","1"
14258,"3848","5000","43","1"
14259,"3849","5000","44","1"
14260,"3850","5000","45","1"
14261,"3851","5000","46","1"
14262,"3852","5000","47","1"
14263,"3852","5000","47","1"
14264,"3852","5000","47","1"
14265,"3852","5000","47","1"
14266,"3852","5000","47","1"
14267,"3852","5000","47","1"
14268,"3852","5000","47","1"
14269,"3852","5000","47","1"
14270,"3853","5000","48","1"
14271,"3854","5000","49","1"
14272,"3855","5000","50","1"
14273,"3856","5000","51","1"
14274,"3857","5000","52","1"
14275,"3858","5000","53","1"
14276,"3859","5000","54","1"
14277,"3860","5000","55","1"
14278,"3861","5000","56","1"
14279,"3862","5000","57","1"
14280,"3863","5000","58","1"
14281,"3864","5000","59","1"
14282,"3865","5000","60","1"
14283,"3866","5000","61","1"
14284,"3866","5000","61","1"
14285,"3866","5000","61","1"
14286,"3866","5000","61","1"
14287,"3866","5000","61","1"
14288,"3866","5000","61","1"
14289,"3866","5000","61","1"
14290,"3866","5000","61","1"
14291,"3866","5000","61","1"
14292,"3866","5000","61","1"
14293,"3866","5000","61","1"
14294,"3866","5000","61","1"
14295,"3866","5000","61","1"
14296,"3866","5000","61","1"
14297,"3867","5000","62","1"
14298,"3868","5000","63","1"
14299,"3868","5000","63","1"
14300,"3869","5000","64","1"
14301,"3870","5000","65","1"
14302,"3871","5000","66","1"
14303,"3872","5000","67","1"
14304,"3873","5000","68","1"
14305,"3874","5000","69","1"
14306,"3875","5000","70","1"
14307,"3875","5000","70","1"
14308,"3875","5000","70","1"
14309,"3876","5000","71","1"
14310,"3877","5000","72","1"
14311,"3877","5000","72","1"
14312,"3877","5000","72","1"
14313,"3877","5000","72","1"
14314,"3877","5000","72","1"
14315,"3877","5000","72","1"
14316,"3878","5000","73","1"
14317,"3879","5000","74","1"
14318,"3880","5000","75","1"
14319,"3881","5000","76","1"
14320,"3882","5000","77","1"
14321,"3882","5000","77","1"
14322,"3882","5000","77","1"
14323,"3883","5000","78","1"
14324,"3884","5000","79","1"
14325,"3885","5000","80","1"
14326,"3886","5000","81","1"
14327,"3887","5000","82","1"
14328,"3888","5000","83","1"
14329,"3889","5000","84","1"
14330,"3890","5000","85","1"
14331,"3891","5000","86","1"
14332,"3892","5000","87","1"
14333,"3893","5000","88","1"
14334,"3894","5000","89","1"
14335,"3895","5000","90","1"
14336,"3896","5000","91","1"
14337,"3897","5000","92","1"
14338,"3898","5000","93","1"
14339,"3899","5000","94","1"
14340,"3900","5000","95","1"
14341,"3901","5000","96","1"
14342,"3902","5000","97","1"
14344,"3903","5000","98","1"
14345,"3903","5000","98","1"
14346,"3903","5000","98","1"
14347,"3903","5000","98","1"
14348,"3904","5000","99","1"
14349,"3905","5000","100","1"
14350,"3906","5000","101","1"
14351,"3907","5000","102","1"
14352,"3908","5000","103","1"
14353,"3909","5000","104","1"
14354,"3910","5000","105","1"
14355,"3911","5000","106","1"
14356,"3912","5000","107","1"
14357,"3913","5000","108","1"
14358,"3914","5000","109","1"
14359,"3915","5000","110","1"
14360,"3916","5000","111","1"
14361,"3917","5000","112","1"
14362,"3918","5000","113","1"
14363,"3919","5000","114","1"
14364,"3920","5000","115","1"
14365,"3921","5000","116","1"
14366,"3922","5000","117","1"
14367,"3923","5000","118","1"
14368,"3924","5000","119","1"
14369,"3925","5000","120","1"
14370,"3926","5000","121","1"
14371,"3927","5000","122","1"
14372,"3928","5000","123","1"
14375,"3929","5000","124","1"
14376,"3929","5000","124","1"
14377,"3929","5000","124","1"
14378,"3929","5000","124","1"
14379,"3929","5000","124","1"
14380,"3929","5000","124","1"
14381,"3929","5000","124","1"
14382,"3929","5000","124","1"
14383,"3929","5000","124","1"
14384,"3930","5000","125","1"
14385,"3931","5000","126","1"
14386,"3932","5000","127","1"
14387,"3933","5000","128","1"
14388,"3934","5000","129","1"
14389,"3935","5000","130","1"
14390,"3936","5000","131","1"
14391,"3937","5000","132","1"
14392,"3938","5000","133","1"
14393,"3939","5000","134","1"
14394,"3940","5000","135","1"
14395,"3941","5000","136","1"
14396,"3942","5000","137","1"
14397,"3943","5000","138","1"
14398,"3944","5000","139","1"
14399,"3944","5000","139","1"
14400,"3944","5000","139","1"
14401,"3944","5000","139","1"
14402,"3945","5000","140","1"
14403,"3946","5000","141","1"
14404,"3947","5000","142","1"
14405,"3948","5000","143","1"
14406,"3949","5000","144","1"
14407,"3950","5000","145","1"
14408,"3951","5000","146","1"
14409,"3952","5000","147","1"
14410,"3953","5000","148","1"
14411,"3953","5000","148","1"
14412,"3953","5000","148","1"
14413,"3954","5000","149","1"
14414,"3955","5000","150","1"
14415,"3956","5000","151","1"
14416,"3957","5000","152","1"
14417,"3958","5000","153","1"
14418,"3958","5000","153","1"
14419,"3958","5000","153","1"
14420,"3958","5000","153","1"
14421,"3959","5000","154","1"
14422,"3960","5000","155","1"
14423,"3961","5000","156","1"
14424,"3961","5000","156","1"
14425,"3961","5000","156","1"
14426,"3961","5000","156","1"
14427,"3962","5000","157","1"
14428,"3963","5000","158","1"
14429,"3963","5000","158","1"
14430,"3964","5000","159","1"
14431,"3965","5000","160","1"
14432,"3966","5000","161","1"
14433,"3967","5000","162","1"
14434,"3968","5000","163","1"
14435,"3969","5000","164","1"
14436,"3970","5000","165","1"
14437,"3971","5000","166","1"
14438,"3972","5000","167","1"
14439,"3973","5000","168","1"
14440,"3974","5000","169","1"
14441,"3974","5000","169","1"
14442,"3974","5000","169","1"
14443,"3974","5000","169","1"
14444,"3974","5000","169","1"
14445,"3974","5000","169","1"
14446,"3974","5000","169","1"
14447,"3974","5000","169","1"
14448,"3974","5000","169","1"
14449,"3974","5000","169","1"
14450,"3974","5000","169","1"
14451,"3974","5000","169","1"
14452,"3974","5000","169","1"
14453,"3974","5000","169","1"
14454,"3974","5000","169","1"
14455,"3974","5000","169","1"
14456,"3974","5000","169","1"
14457,"3974","5000","169","1"
14458,"3974","5000","169","1"
14459,"3974","5000","169","1"
14460,"3974","5000","169","1"
14461,"3974","5000","169","1"
14462,"3974","5000","169","1"
14463,"3975","5000","170","1"
14464,"3976","5000","171","1"
14465,"3977","5000","172","1"
14466,"3978","5000","173","1"
14467,"3979","5000","174","1"
14468,"3979","5000","174","1"
14469,"3980","5000","175","1"
14470,"3981","5000","176","1"
14471,"3982","5000","177","1"
14472,"3983","5000","178","1"
14473,"3984","5000","179","1"
14474,"3985","5000","180","1"
14475,"3986","5000","181","1"
14476,"3987","5000","182","1"
14477,"3987","5000","182","1"
14478,"3988","5000","183","1"
14479,"3989","5000","184","1"
14480,"3990","5000","185","1"
14481,"3991","5000","186","1"
14482,"3992","5000","187","1"
14483,"3993","5000","188","1"
14484,"3994","5000","189","1"
14485,"3994","5000","189","1"
14486,"3995","5000","190","1"
14487,"3996","5000","191","1"
14488,"3997","5000","192","1"
14489,"3998","5000","193","1"
14490,"3999","5000","194","1"
14491,"4000","5000","195","1"
14492,"4001","5000","196","1"
14493,"4002","5000","197","1"
14494,"4003","5000","198","1"
14495,"4004","5000","199","1"
14496,"4005","5000","200","1"
14497,"4006","5000","201","1"
14498,"4007","5000","202","1"
14499,"4008","5000","203","1"
14500,"4009","5000","204","1"
14501,"4009","5000","204","1"
14502,"4009","5000","204","1"
14503,"4009","5000","204","1"
14504,"4010","5000","205","1"
14505,"4010","5000","205","1"
14506,"4011","5000","206","1"
14507,"4011","5000","206","1"
14508,"4012","5000","207","1"
14509,"4012","5000","207","1"
14510,"4012","5000","207","1"
14511,"4012","5000","207","1"
14512,"4013","5000","208","1"
14513,"4014","5000","209","1"
14514,"4015","5000","210","1"
14515,"4016","5000","211","1"
14516,"4017","5000","212","1"
14517,"4017","5000","0","1"
14518,"4017","5000","0","1"
14519,"4017","5000","0","1"
14520,"4017","5000","0","1"
14521,"4018","5000","1","1"
14522,"4019","5000","2","1"
14523,"4020","5000","3","1"
14524,"4021","5000","4","1"
14525,"4022","5000","5","1"
14526,"4023","5000","6","1"
14527,"4024","5000","7","1"
14528,"4025","5000","8","1"
14529,"4026","5000","9","1"
14530,"4027","5000","10","1"
14531,"4028","5000","11","1"
14532,"4028","5000","11","1"
14533,"4029","5000","12","1"
14534,"4030","5000","13","1"
14535,"4031","5000","14","1"
14536,"4032","5000","15","1"
14537,"4032","5000","15","1"
14538,"4033","5000","16","1"
14539,"4034","5000","17","1"
14540,"4035","5000","18","1"
14541,"4036","5000","19","1"
14542,"4037","5000","20","1"
14543,"4038","5000","21","1"
14544,"4039","5000","22","1"
14545,"4040","5000","23","1"
14546,"4041","5000","24","1"
14547,"4041","5000","24","1"
14548,"4041","5000","24","1"
14549,"4042","5000","25","1"
14550,"4043","5000","26","1"
14551,"4044","5000","27","1"
14552,"4044","5000","27","1"
14553,"4045","5000","28","1"
14554,"4046","5000","29","1"
14555,"4047","5000","30","1"
14556,"4048","5000","31","1"
14557,"4049","5000","32","1"
14558,"4050","5000","33","1"
14559,"4051","5000","34","1"
14560,"4052","5000","35","1"
14561,"4053","5000","36","1"
14562,"4053","5000","36","1"
14563,"4053","5000","36","1"
14564,"4053","5000","36","1"
14565,"4053","5000","36","1"
14566,"4053","5000","36","1"
14567,"4053","5000","36","1"
14568,"4053","5000","36","1"
14569,"4053","5000","36","1"
14570,"4053","5000","36","1"
14571,"4053","5000","36","1"
14572,"4053","5000","36","1"
14573,"4053","5000","36","1"
14574,"4053","5000","36","1"
14575,"4053","5000","36","1"
14576,"4053","5000","36","1"
14577,"4053","5000","36","1"
14578,"4053","5000","36","1"
14579,"4053","5000","36","1"
14580,"4053","5000","36","1"
14581,"4054","5000","37","1"
14582,"4055","5000","38","1"
14583,"4056","5000","39","1"
14584,"4057","5000","40","1"
14585,"4058","5000","41","1"
14586,"4059","5000","42","1"
14587,"4060","5000","43","1"
14588,"4061","5000","44","1"
14589,"4062","5000","45","1"
14590,"4063","5000","46","1"
14591,"4064","5000","47","1"
14592,"4065","5000","48","1"
14593,"4066","5000","49","1"
14594,"4067","5000","50","1"
14595,"4068","5000","51","1"
14596,"4069","5000","52","1"
14597,"4070","5000","53","1"
14598,"4070","5000","53","1"
14599,"4070","5000","53","1"
14600,"4070","5000","53","1"
14601,"4070","5000","53","1"
14602,"4071","5000","54","1"
14603,"4072","5000","55","1"
14604,"4073","5000","56","1"
14605,"4074","5000","57","1"
14606,"4075","5000","58","1"
14607,"4076","5000","59","1"
14608,"4077","5000","60","1"
14609,"4078","5000","61","1"
14610,"4079","5000","62","1"
14611,"4080","5000","63","1"
14612,"4081","5000","64","1"
14613,"4082","5000","65","1"
14614,"4083","5000","66","1"
14615,"4084","5000","67","1"
14616,"4085","5000","68","1"
14617,"4086","5000","69","1"
14618,"4087","5000","70","1"
14619,"4088","5000","0","1"
14620,"4088","5000","0","1"
14621,"4088","5000","0","1"
14622,"4089","5000","1","1"
14623,"4090","5000","2","1"
14624,"4091","5000","3","1"
14625,"4092","5000","4","1"
14626,"4093","5000","5","1"
14627,"4094","5000","6","1"
14628,"4095","5000","7","1"
14629,"4096","5000","8","1"
14630,"4097","5000","9","1"
14631,"4098","5000","10","1"
14632,"4099","5000","11","1"
14633,"4100","5000","12","1"
14634,"4101","5000","13","1"
14635,"4102","5000","14","1"
14636,"4103","5000","15","1"
14637,"4104","5000","16","1"
14638,"4105","5000","17","1"
14639,"4105","5000","17","1"
14640,"4105","5000","17","1"
14641,"4105","5000","17","1"
14642,"4105","5000","17","1"
14643,"4106","5000","18","1"
14644,"4107","5000","19","1"
14645,"4108","5000","20","1"
14646,"4109","5000","21","1"
14647,"4110","5000","22","1"
14648,"4111","5000","23","1"
14649,"4112","5000","24","1"
14650,"4113","5000","25","1"
14651,"4114","5000","26","1"
14652,"4115","5000","27","1"
14653,"4116","5000","28","1"
14654,"4116","5000","28","1"
14655,"4116","5000","28","1"
14656,"4116","5000","28","1"
14657,"4117","5000","29","1"
14658,"4118","5000","30","1"
14659,"4119","5000","31","1"
14660,"4120","5000","32","1"
14661,"4121","5000","33","1"
14662,"4122","5000","34","1"
14663,"4123","5000","35","1"
14664,"4124","5000","36","1"
14665,"4125","5000","37","1"
14666,"4126","5000","38","1"
14667,"4127","5000","39","1"
14668,"4128","5000","40","1"
14669,"4129","5000","41","1"
14670,"4130","5000","42","1"
14671,"4131","5000","43","1"
14672,"4132","5000","44","1"
14673,"4133","5000","45","1"
14674,"4134","5000","46","1"
14675,"4135","5000","47","1"
14676,"4136","5000","48","1"
14677,"4137","5000","49","1"
14678,"4138","5000","50","1"
14679,"4139","5000","51","1"
14680,"4140","5000","52","1"
14681,"4141","5000","53","1"
14683,"4142","5000","54","1"
14684,"4142","5000","54","1"
14685,"4143","5000","55","1"
14686,"4144","5000","56","1"
14687,"4145","5000","57","1"
14688,"4146","5000","58","1"
14689,"4147","5000","59","1"
14690,"4148","5000","60","1"
14691,"4149","5000","61","1"
14692,"4150","5000","62","1"
14693,"4151","5000","63","1"
14694,"4152","5000","64","1"
14695,"4153","5000","65","1"
14696,"4153","5000","65","1"
14697,"4153","5000","65","1"
14698,"4153","5000","65","1"
14699,"4153","5000","65","1"
14700,"4153","5000","65","1"
14701,"4153","5000","65","1"
14702,"4154","5000","66","1"
14703,"4155","5000","67","1"
14704,"4156","5000","68","1"
14705,"4157","5000","69","1"
14706,"4158","5000","70","1"
14707,"4159","5000","71","1"
14708,"4160","5000","72","1"
14709,"4161","5000","73","1"
14710,"4162","5000","74","1"
14711,"4163","5000","75","1"
14712,"4164","5000","76","1"
14713,"4165","5000","77","1"
14714,"4166","5000","78","1"
14715,"4167","5000","79","1"
14716,"4168","5000","80","1"
14717,"4169","5000","81","1"
14718,"4170","5000","82","1"
14719,"4170","5000","82","1"
14720,"4170","5000","0","1"
14721,"4170","5000","0","1"
14722,"4170","5000","0","1"
14723,"4170","5000","0","1"
14724,"4170","5000","0","1"
14725,"4170","5000","0","1"
14726,"4170","5000","0","1"
14727,"4170","5000","0","1"
14728,"4170","5000","0","1"
14729,"4170","5000","0","1"
14730,"4170","5000","0","1"
14731,"4170","5000","0","1"
14732,"4170","5000","0","1"
14733,"4170","5000","0","1"
14734,"4170","5000","0","1"
14735,"4170","5000","0","1"
14736,"4170","5000","0","1"
14737,"4170","5000","0","1"
14738,"4170","5000","0","1"
14739,"4171","5000","1","1"
14740,"4172","5000","2","1"
14741,"4173","5000","3","1"
14742,"4174","5000","4","1"
14743,"4174","5000","4","1"
14744,"4175","5000","5","1"
14745,"4176","5000","6","1"
14746,"4176","5000","6","1"
14747,"4176","5000","6","1"
14748,"4176","5000","6","1"
14749,"4176","5000","6","1"
14750,"4176","5000","6","1"
14751,"4176","5000","6","1"
14752,"4176","5000","6","1"
14753,"4176","5000","6","1"
14754,"4176","5000","6","1"
14755,"4176","5000","6","1"
14756,"4176","5000","6","1"
14757,"4177","5000","7","1"
14758,"4178","5000","8","1"
14759,"4179","5000","9","1"
14760,"4180","5000","10","1"
14761,"4180","5000","10","1"
14762,"4181","5000","11","1"
14763,"4182","5000","12","1"
14764,"4183","5000","13","1"
14765,"4184","5000","14","1"
14766,"4185","5000","15","1"
14767,"4186","5000","16","1"
14768,"4187","5000","17","1"
14769,"4188","5000","18","1"
14770,"4189","5000","19","1"
14771,"4190","5000","20","1"
14772,"4191","5000","21","1"
14773,"4192","5000","22","1"
14774,"4192","5000","22","1"
14775,"4192","5000","22","1"
14776,"4192","5000","22","1"
14777,"4193","5000","23","1"
14778,"4194","5000","24","1"
14779,"4195","5000","25","1"
14780,"4196","5000","26","1"
14781,"4197","5000","27","1"
14782,"4198","5000","28","1"
14783,"4199","5000","29","1"
14784,"4200","5000","30","1"
14785,"4201","5000","31","1"
14786,"4201","5000","31","1"
14787,"4201","5000","31","1"
14788,"4201","5000","31","1"
14789,"4201","5000","31","1"
14790,"4202","5000","32","1"
14791,"4203","5000","33","1"
14792,"4204","5000","34","1"
14793,"4205","5000","35","1"
14794,"4206","5000","36","1"
14795,"4207","5000","37","1"
14796,"4208","5000","38","1"
14797,"4209","5000","39","1"
14798,"4210","5000","40","1"
14799,"4211","5000","41","1"
14800,"4212","5000","42","1"
14801,"4213","5000","43","1"
14802,"4214","5000","44","1"
14803,"4215","5000","45","1"
14804,"4216","5000","46","1"
14805,"4217","5000","47","1"
14806,"4218","5000","48","1"
14807,"4218","5000","48","1"
14808,"4218","5000","48","1"
14809,"4218","5000","48","1"
14810,"4218","5000","48","1"
14811,"4218","5000","48","1"
14812,"4218","5000","48","1"
14813,"4219","5000","49","1"
14814,"4220","5000","50","1"
14815,"4221","5000","51","1"
14816,"4222","5000","52","1"
14817,"4223","5000","53","1"
14818,"4224","5000","54","1"
14819,"4225","5000","55","1"
14820,"4226","5000","56","1"
14821,"4227","5000","57","1"
14822,"4228","5000","58","1"
14823,"4229","5000","59","1"
14824,"4230","5000","60","1"
14825,"4231","5000","61","1"
14826,"4232","5000","62","1"
14827,"4233","5000","63","1"
14828,"4234","5000","64","1"
14829,"4235","5000","65","1"
14830,"4236","5000","66","1"
14831,"4237","5000","67","1"
14832,"4238","5000","0","1"
14833,"4238","5000","0","1"
14834,"4238","5000","0","1"
14835,"4238","5000","0","1"
14836,"4238","5000","0","1"
14837,"4239","5000","1","1"
14838,"4240","5000","2","1"
14839,"4241","5000","3","1"
14840,"4242","5000","4","1"
14841,"4243","5000","5","1"
14842,"4244","5000","6","1"
14843,"4245","5000","7","1"
14844,"4245","5000","7","1"
14845,"4246","5000","8","1"
14846,"4246","5000","8","1"
14847,"4247","5000","9","1"
14848,"4248","5000","10","1"
14849,"4249","5000","11","1"
14850,"4250","5000","12","1"
14851,"4251","5000","13","1"
14852,"4251","5000","13","1"
14853,"4251","5000","13","1"
14854,"4252","5000","14","1"
14855,"4253","5000","15","1"
14856,"4254","5000","16","1"
14857,"4255","5000","17","1"
14858,"4256","5000","18","1"
14859,"4256","5000","18","1"
14860,"4256","5000","18","1"
14861,"4256","5000","18","1"
14862,"4256","5000","18","1"
14863,"4256","5000","18","1"
14864,"4257","5000","19","1"
14865,"4258","5000","20","1"
14866,"4259","5000","21","1"
14867,"4260","5000","22","1"
14868,"4261","5000","23","1"
14869,"4262","5000","24","1"
14870,"4262","5000","24","1"
14871,"4263","5000","25","1"
14872,"4264","5000","26","1"
14873,"4265","5000","27","1"
14874,"4266","5000","28","1"
14875,"4267","5000","29","1"
14876,"4268","5000","30","1"
14877,"4269","5000","31","1"
14878,"4270","5000","32","1"
14879,"4271","5000","33","1"
14880,"4272","5000","34","1"
14881,"4273","5000","35","1"
14882,"4274","5000","36","1"
14883,"4275","5000","37","1"
14884,"4276","5000","38","1"
14885,"4277","5000","39","1"
14886,"4278","5000","40","1"
14887,"4279","5000","41","1"
14888,"4280","5000","42","1"
14889,"4281","5000","43","1"
14890,"4282","5000","44","1"
14891,"4283","5000","45","1"
14892,"4284","5000","46","1"
14893,"4285","5000","47","1"
14894,"4286","5000","48","1"
14895,"4286","5000","48","1"
14896,"4286","5000","48","1"
14897,"4286","5000","48","1"
14898,"4287","5000","49","1"
14899,"4288","5000","50","1"
14900,"4289","5000","51","1"
14901,"4290","5000","52","1"
14902,"4290","5000","52","1"
14903,"4291","5000","53","1"
14904,"4292","5000","54","1"
14905,"4293","5000","55","1"
14906,"4294","5000","56","1"
14907,"4295","5000","57","1"
14908,"4296","5000","58","1"
14909,"4297","5000","59","1"
14910,"4298","5000","60","1"
14911,"4299","5000","61","1"
14912,"4299","5000","61","1"
14913,"4300","5000","62","1"
14914,"4301","5000","63","1"
14915,"4302","5000","64","1"
14916,"4302","5000","64","1"
14917,"4302","5000","64","1"
14918,"4303","5000","65","1"
14919,"4304","5000","66","1"
14920,"4305","5000","67","1"
14921,"4306","5000","68","1"
14922,"4307","5000","69","1"
14923,"4308","5000","70","1"
14924,"4309","5000","71","1"
14925,"4310","5000","72","1"
14926,"4310","5000","72","1"
14927,"4311","5000","73","1"
14928,"4312","5000","74","1"
14929,"4313","5000","75","1"
14930,"4314","5000","76","1"
14931,"4315","5000","77","1"
14932,"4316","5000","78","1"
14933,"4316","5000","78","1"
14934,"4317","5000","79","1"
14935,"4317","5000","79","1"
14936,"4317","5000","79","1"
14937,"4317","5000","79","1"
14938,"4317","5000","79","1"
14939,"4317","5000","79","1"
14940,"4317","5000","79","1"
14941,"4318","5000","80","1"
14942,"4319","5000","81","1"
14943,"4320","5000","82","1"
14944,"4321","5000","83","1"
14945,"4322","5000","84","1"
14946,"4323","5000","85","1"
14947,"4324","5000","86","1"
14948,"4325","5000","87","1"
14949,"4326","5000","88","1"
14950,"4327","5000","89","1"
14951,"4328","5000","90","1"
14952,"4329","5000","91","1"
14953,"4330","5000","92","1"
14954,"4331","5000","93","1"
14955,"4332","5000","94","1"
14956,"4333","5000","95","1"
14957,"4334","5000","96","1"
14958,"4335","5000","97","1"
14959,"4336","5000","98","1"
14960,"4337","5000","99","1"
14961,"4338","5000","100","1"
14962,"4339","5000","101","1"
14963,"4340","5000","102","1"
14964,"4341","5000","103","1"
14965,"4341","5000","103","1"
14966,"4341","5000","103","1"
14967,"4341","5000","103","1"
14968,"4341","5000","103","1"
14969,"4341","5000","103","1"
14970,"4341","5000","103","1"
14971,"4341","5000","103","1"
14972,"4341","5000","103","1"
14973,"4341","5000","103","1"
14974,"4341","5000","103","1"
14975,"4341","5000","103","1"
14976,"4341","5000","103","1"
14977,"4341","5000","103","1"
14978,"4341","5000","0","1"
14979,"4341","5000","0","1"
14980,"4341","5000","0","1"
14981,"4341","5000","0","1"
14982,"4341","5000","0","1"
14983,"4341","5000","0","1"
14984,"4341","5000","0","1"
14985,"4341","5000","0","1"
14986,"4341","5000","0","1"
14987,"4341","5000","0","1"
14988,"4341","5000","0","1"
14989,"4341","5000","0","1"
14990,"4341","5000","0","1"
14991,"4341","5000","0","1"
14992,"4341","5000","0","1"
14993,"4341","5000","0","1"
14994,"4341","5000","0","1"
14995,"4341","5000","0","1"
14996,"4341","5000","0","1"
14997,"4341","5000","0","1"
14998,"4341","5000","0","1"
14999,"4341","5000","0","1"
15000,"4341","5000","0","1"
15001,"4341","5000","0","1"
15002,"4342","5000","1","1"
15003,"4343","5000","2","1"
15004,"4344","5000","3","1"
15005,"4345","5000","4","1"
15006,"4346","5000","5","1"
15007,"4346","5000","5","1"
15008,"4346","5000","5","1"
15009,"4346","5000","5","1"
15010,"4346","5000","5","1"
15011,"4346","5000","5","1"
15012,"4347","5000","6","1"
15013,"4348","5000","7","1"
15014,"4349","5000","8","1"
15015,"4350","5000","9","1"
15016,"4351","5000","10","1"
15017,"4352","5000","11","1"
15018,"4353","5000","12","1"
15019,"4354","5000","13","1"
15020,"4355","5000","14","1"
15021,"4356","5000","15","1"
15022,"4357","5000","16","1"
15023,"4358","5000","17","1"
15024,"4359","5000","18","1"
15025,"4360","5000","19","1"
15026,"4361","5000","20","1"
15027,"4362","5000","21","1"
15028,"4363","5000","22","1"
15029,"4363","5000","22","1"
15030,"4363","5000","22","1"
15031,"4363","5000","22","1"
15032,"4363","5000","22","1"
15033,"4363","5000","22","1"
15034,"4363","5000","22","1"
15035,"4363","5000","22","1"
15036,"4364","5000","23","1"
15037,"4365","5000","24","1"
15038,"4366","5000","25","1"
15039,"4367","5000","26","1"
15040,"4368","5000","27","1"
15041,"4369","5000","28","1"
15042,"4370","5000","29","1"
15043,"4371","5000","30","1"
15044,"4372","5000","31","1"
15045,"4373","5000","32","1"
15046,"4374","5000","33","1"
15047,"4375","5000","34","1"
15048,"4376","5000","35","1"
15049,"4377","5000","36","1"
15050,"4378","5000","37","1"
15051,"4379","5000","38","1"
15052,"4380","5000","39","1"
15053,"4381","5000","40","1"
15054,"4382","5000","41","1"
15055,"4383","5000","42","1"
15056,"4384","5000","43","1"
15057,"4384","5000","43","1"
15058,"4384","5000","43","1"
15059,"4384","5000","43","1"
15060,"4384","5000","43","1"
15061,"4384","5000","43","1"
15062,"4384","5000","43","1"
15063,"4385","5000","44","1"
15064,"4386","5000","45","1"
15065,"4387","5000","46","1"
15066,"4388","5000","47","1"
15067,"4389","5000","48","1"
15068,"4390","5000","49","1"
15069,"4391","5000","50","1"
15070,"4392","5000","51","1"
15071,"4393","5000","52","1"
15072,"4394","5000","53","1"
15073,"4395","5000","54","1"
15074,"4396","5000","55","1"
15075,"4397","5000","56","1"
15076,"4398","5000","57","1"
15077,"4399","5000","58","1"
15078,"4400","5000","59","1"
15079,"4401","5000","60","1"
15080,"4402","5000","61","1"
15081,"4403","5000","62","1"
15082,"4404","5000","63","1"
15083,"4405","5000","64","1"
15084,"4406","5000","65","1"
15085,"4407","5000","66","1"
15086,"4408","5000","67","1"
15087,"4409","5000","68","1"
15088,"4410","5000","69","1"
15089,"4411","5000","70","1"
15091,"4412","5000","71","1"
15092,"4412","5000","71","1"
15093,"4412","5000","71","1"
15094,"4412","5000","71","1"
15095,"4412","5000","71","1"
15096,"4412","5000","71","1"
15097,"4412","5000","71","1"
15098,"4412","5000","71","1"
15099,"4412","5000","71","1"
15100,"4412","5000","71","1"
15101,"4412","5000","71","1"
15102,"4412","5000","71","1"
15103,"4413","5000","72","1"
15104,"4414","5000","73","1"
15105,"4415","5000","74","1"
15106,"4416","5000","75","1"
15107,"4417","5000","76","1"
15108,"4418","5000","77","1"
15109,"4419","5000","78","1"
15110,"4420","5000","79","1"
15111,"4421","5000","80","1"
15112,"4422","5000","81","1"
15113,"4423","5000","82","1"
15114,"4424","5000","83","1"
15115,"4425","5000","84","1"
15116,"4426","5000","85","1"
15117,"4427","5000","86","1"
15118,"4428","5000","87","1"
15119,"4429","5000","88","1"
15120,"4430","5000","89","1"
15121,"4431","5000","90","1"
15122,"4432","5000","91","1"
15123,"4433","5000","92","1"
15124,"4434","5000","93","1"
15125,"4435","5000","94","1"
15126,"4436","5000","95","1"
15127,"4437","5000","96","1"
15128,"4438","5000","97","1"
15129,"4439","5000","98","1"
15130,"4440","5000","99","1"
15131,"4441","5000","100","1"
15132,"4441","5000","100","1"
15133,"4441","5000","100","1"
15134,"4441","5000","100","1"
15135,"4441","5000","100","1"
15136,"4441","5000","100","1"
15137,"4441","5000","100","1"
15138,"4441","5000","100","1"
15139,"4441","5000","100","1"
15140,"4441","5000","100","1"
15141,"4442","5000","101","1"
15142,"4443","5000","102","1"
15143,"4444","5000","103","1"
15144,"4445","5000","104","1"
15145,"4446","5000","105","1"
15146,"4447","5000","106","1"
15147,"4448","5000","107","1"
15148,"4449","5000","108","1"
15149,"4450","5000","109","1"
15150,"4451","5000","110","1"
15151,"4452","5000","111","1"
15152,"4453","5000","112","1"
15153,"4454","5000","113","1"
15154,"4455","5000","114","1"
15155,"4456","5000","115","1"
15156,"4457","5000","116","1"
15157,"4458","5000","117","1"
15158,"4459","5000","118","1"
15159,"4459","5000","118","1"
15160,"4459","5000","118","1"
15161,"4460","5000","119","1"
15162,"4461","5000","120","1"
15163,"4462","5000","121","1"
15164,"4463","5000","122","1"
15165,"4464","5000","123","1"
15166,"4465","5000","124","1"
15167,"4466","5000","125","1"
15168,"4467","5000","126","1"
15169,"4468","5000","127","1"
15170,"4469","5000","128","1"
15171,"4470","5000","129","1"
15172,"4471","5000","130","1"
15173,"4472","5000","131","1"
15174,"4472","5000","131","1"
15175,"4472","5000","131","1"
15176,"4473","5000","132","1"
15177,"4474","5000","133","1"
15178,"4475","5000","134","1"
15179,"4476","5000","135","1"
15180,"4477","5000","136","1"
15181,"4478","5000","137","1"
15182,"4479","5000","138","1"
15183,"4479","5000","138","1"
15184,"4479","5000","0","1"
15185,"4480","5000","1","1"
15186,"4481","5000","2","1"
15187,"4482","5000","3","1"
15188,"4482","5000","3","1"
15189,"4482","5000","3","1"
15190,"4483","5000","4","1"
15191,"4484","0","5","1"
15192,"4484","0","5","1"
15193,"4484","0","5","1"
15195,"4485","1","6","1"
15196,"4486","2","7","1"
15197,"4487","3","8","1"
15198,"4488","4","9","1"
15199,"4489","5","10","1"
15200,"4490","6","11","1"
15201,"4491","7","12","1"
15202,"4491","7","12","1"
15203,"4492","8","13","1"
15204,"4493","9","14","1"
15205,"4494","10","15","1"
15206,"4495","11","16","1"
15208,"4495","11","16","1"
15209,"4495","11","16","1"
15210,"4495","11","16","1"
15211,"4495","11","16","1"
15212,"4495","11","16","1"
15213,"4495","11","16","1"
15214,"4495","11","16","1"
15215,"4496","12","17","1"
15216,"4497","13","18","1"
15217,"4498","14","19","1"
15218,"4499","15","20","1"
15219,"4499","15","20","1"
15220,"4500","16","21","1"
15221,"4501","17","22","1"
15222,"4502","18","23","1"
15223,"4503","19","24","1"
15224,"4504","20","25","1"
15225,"4505","21","26","1"
15226,"4506","22","27","1"
15227,"4507","23","28","1"
15228,"4508","24","29","1"
15229,"4509","25","30","1"
15230,"4510","26","31","1"
15231,"4511","27","32","1"
15232,"4512","28","33","1"
15233,"4512","28","33","1"
15234,"4512","28","33","1"
15235,"4512","28","33","1"
15236,"4512","0","0","1"
15237,"4512","0","0","1"
15238,"4512","0","0","1"
15239,"4513","1","1","1"
15240,"4514","2","2","1"
15241,"4515","3","3","1"
15242,"4516","4","4","1"
15243,"4517","5","5","1"
15244,"4518","6","6","1"
15245,"4519","7","7","1"
15246,"4520","8","8","1"
15247,"4521","9","9","1"
15248,"4522","10","10","1"
15249,"4523","11","11","1"
15250,"4524","12","12","1"
15251,"4525","13","13","1"
15252,"4526","14","14","1"
15253,"4527","15","15","1"
15254,"4528","16","16","1"
15255,"4529","17","17","1"
15256,"4530","18","18","1"
15257,"4530","18","18","1"
15258,"4530","18","18","1"
15259,"4530","18","18","1"
15260,"4530","18","18","1"
15261,"4530","18","18","1"
15262,"4530","18","18","1"
15263,"4530","18","18","1"
15264,"4530","18","18","1"
15265,"4530","18","18","1"
15266,"4530","18","18","1"
15267,"4530","18","18","1"
15268,"4530","18","18","1"
15269,"4530","18","18","1"
15270,"4530","18","18","1"
15271,"4530","18","18","1"
15272,"4530","18","18","1"
15273,"4530","18","18","1"
15274,"4530","18","18","1"
15275,"4530","18","18","1"
15276,"4530","18","18","1"
15277,"4530","18","18","1"
15278,"4531","19","19","1"
15279,"4532","20","20","1"
15280,"4533","21","21","1"
15281,"4534","22","22","1"
15282,"4535","23","23","1"
15283,"4535","23","23","1"
15284,"4535","23","23","1"
15285,"4535","23","23","1"
15286,"4535","23","23","1"
15287,"4535","23","23","1"
15288,"4535","23","23","1"
15289,"4535","23","23","1"
15290,"4535","23","23","1"
15291,"4535","23","23","1"
15292,"4535","23","23","1"
15293,"4535","23","23","1"
15294,"4535","23","23","1"
15295,"4535","23","23","1"
15296,"4535","23","23","1"
15297,"4535","23","23","1"
15298,"4535","23","23","1"
15299,"4535","23","23","1"
15300,"4535","23","23","1"
15301,"4535","23","23","1"
15302,"4535","23","23","1"
15303,"4535","23","23","1"
15304,"4535","23","23","1"
15305,"4535","23","23","1"
15306,"4535","23","23","1"
15307,"4535","23","23","1"
15308,"4535","23","23","1"
15309,"4535","23","23","1"
15310,"4535","23","23","1"
15311,"4535","23","23","1"
15312,"4535","23","23","1"
15313,"4535","23","23","1"
15314,"4535","23","23","1"
15315,"4535","23","23","1"
15316,"4535","23","23","1"
15317,"4535","23","23","1"
15318,"4535","23","23","1"
15319,"4535","23","23","1"
15320,"4535","23","23","1"
15321,"4535","23","23","1"
15322,"4535","23","23","1"
15323,"4535","23","23","1"
15324,"4535","23","23","1"
15325,"4535","23","23","1"
15326,"4535","23","23","1"
15327,"4535","23","23","1"
15328,"4535","23","23","1"
15329,"4535","23","23","1"
15330,"4535","23","23","1"
15331,"4535","23","23","1"
15332,"4535","23","23","1"
15333,"4535","23","23","1"
15334,"4535","23","23","1"
15335,"4535","23","23","1"
15336,"4535","23","23","1"
15337,"4535","23","23","1"
15338,"4535","23","23","1"
15339,"4535","23","23","1"
15340,"4535","23","23","1"
15341,"4535","23","23","1"
15342,"4535","23","23","1"
15343,"4535","23","23","1"
15344,"4535","23","23","1"
15345,"4535","23","23","1"
15346,"4535","23","23","1"
15347,"4535","23","23","1"
15348,"4535","23","23","1"
15349,"4535","23","23","1"
15350,"4535","23","23","1"
15351,"4535","23","23","1"
15352,"4535","23","23","1"
15353,"4535","23","23","1"
15354,"4535","23","23","1"
15355,"4535","23","23","1"
15356,"4535","23","23","1"
15357,"4535","23","23","1"
15358,"4535","23","23","1"
15359,"4535","23","23","1"
15360,"4535","23","23","1"
15361,"4535","23","23","1"
15362,"4535","23","23","1"
15363,"4535","23","23","1"
15364,"4535","23","23","1"
15365,"4535","23","23","1"
15366,"4535","23","23","1"
15367,"4535","23","23","1"
15368,"4535","23","23","1"
15369,"4535","23","23","1"
15370,"4535","23","23","1"
15371,"4535","23","23","1"
15372,"4535","23","23","1"
15373,"4535","23","23","1"
15374,"4535","23","23","1"
15375,"4535","23","23","1"
15376,"4535","23","23","1"
15377,"4535","23","23","1"
15378,"4535","23","23","1"
15379,"4535","23","23","1"
15380,"4535","23","23","1"
15381,"4535","23","23","1"
15382,"4535","23","23","1"
15383,"4535","23","23","1"
15384,"4535","23","23","1"
15385,"4535","23","23","1"
15386,"4535","23","23","1"
15387,"4535","23","23","1"
15388,"4535","23","23","1"
15389,"4535","23","23","1"
15390,"4535","23","23","1"
15391,"4535","23","23","1"
15392,"4535","23","23","1"
15393,"4535","23","23","1"
15394,"4535","23","23","1"
15395,"4535","23","23","1"
15396,"4535","23","23","1"
15397,"4535","23","23","1"
15398,"4535","23","23","1"
15399,"4535","23","23","1"
15400,"4535","23","23","1"
15401,"4535","23","23","1"
15402,"4535","23","23","1"
15403,"4535","23","23","1"
15404,"0","23","23","1"
15405,"0","23","23","1"
15406,"0","23","23","1"
15407,"0","23","23","1"
15408,"0","23","23","1"
15409,"0","23","23","1"
15410,"0","23","23","1"
15411,"0","23","23","1"
15412,"0","23","23","1"
15413,"0","23","23","1"
15414,"0","23","23","1"
15415,"0","23","23","1"
15416,"0","23","23","1"
15417,"0","23","23","1"
15418,"0","23","23","1"
15419,"0","23","23","1"
15420,"0","23","23","1"
15421,"0","23","23","1"
15422,"0","23","23","1"
15423,"0","23","23","1"
15424,"0","23","23","1"
15425,"0","23","23","1"
15426,"0","23","23","1"
15427,"0","23","23","1"
15428,"0","23","23","1"
15429,"0","23","23","1"
15430,"0","23","23","1"
15431,"0","23","23","1"
15432,"0","23","23","1"
15433,"0","23","23","1"
15434,"0","23","23","1"
15435,"0","23","23","1"
15436,"0","23","23","1"
15437,"0","23","23","1"
15438,"0","23","23","1"
15439,"0","23","23","1"
15440,"0","23","23","1"
15441,"0","23","23","1"
15442,"0","23","23","1"
15443,"0","23","23","1"
15444,"0","23","23","1"
15445,"0","23","23","1"
15446,"0","23","23","1"
15447,"0","23","23","1"
15448,"0","23","23","1"
15449,"1","24","24","1"
15450,"2","25","25","1"
15454,"3","26","26","1"
15455,"4","27","27","1"
15456,"5","28","28","1"
15457,"6","29","29","1"
15458,"7","30","30","1"
15459,"8","31","31","1"
15460,"9","32","32","1"
15461,"10","33","33","1"
15462,"11","34","34","1"
15463,"12","35","35","1"
15464,"13","36","36","1"
15465,"14","37","37","1"
15466,"15","38","38","1"
15467,"16","39","39","1"
15468,"17","40","40","1"
15469,"18","41","41","1"
15470,"19","42","42","1"
15471,"20","43","43","1"
15472,"21","44","44","1"
15473,"22","45","45","1"
15474,"23","46","46","1"
15475,"24","47","47","1"
15476,"25","48","48","1"
15477,"26","49","49","1"
15478,"27","50","50","1"
15479,"28","51","51","1"
15480,"29","52","52","1"
15481,"30","53","53","1"
15482,"31","54","54","1"
15483,"32","55","55","1"
15484,"33","56","56","1"
15485,"34","57","57","1"
15486,"35","58","58","1"
15487,"36","59","59","1"
15488,"37","60","60","1"
15489,"38","61","61","1"
15490,"39","62","62","1"
15491,"39","62","62","1"
15492,"39","62","62","1"
15493,"39","62","62","1"
15494,"39","62","62","1"
15495,"40","63","63","1"
15496,"41","64","64","1"
15497,"42","65","65","1"
15498,"43","66","66","1"
15499,"44","67","67","1"
15500,"45","68","68","1"
15501,"46","69","69","1"
15502,"47","70","70","1"
15503,"48","71","71","1"
15504,"49","72","72","1"
15505,"50","73","73","1"
15506,"51","74","74","1"
15507,"52","75","75","1"
15508,"53","76","76","1"
15509,"54","77","77","1"
15510,"55","78","78","1"
15511,"56","79","79","1"
15512,"57","80","80","1"
15513,"58","81","81","1"
15514,"59","82","82","1"
15515,"60","83","83","1"
15516,"61","84","84","1"
15517,"62","85","85","1"
15518,"63","86","86","1"
15519,"64","87","87","1"
15520,"65","88","88","1"
15521,"66","89","89","1"
15522,"67","90","90","1"
15523,"68","91","91","1"
15524,"69","92","92","1"
15525,"70","93","93","1"
15526,"71","94","94","1"
15527,"72","95","95","1"
15528,"73","96","96","1"
15529,"74","97","97","1"
15530,"75","98","98","1"
15531,"76","99","99","1"
15532,"77","100","100","1"
15533,"78","101","101","1"
15534,"79","102","102","1"
15535,"80","103","103","1"
15536,"81","104","104","1"
15537,"82","105","105","1"
15538,"82","105","105","1"
15539,"82","105","105","1"
15540,"82","105","105","1"
15541,"82","105","105","1"
15542,"82","105","105","1"
15543,"83","106","106","1"
15544,"84","107","107","1"
15545,"85","108","108","1"
15546,"86","109","109","1"
15547,"87","110","110","1"
15548,"88","111","111","1"
15549,"89","112","112","1"
15550,"90","113","113","1"
15551,"91","114","114","1"
15552,"92","115","115","1"
15553,"93","116","116","1"
15554,"94","117","117","1"
15555,"95","118","118","1"
15556,"96","119","119","1"
15557,"97","120","120","1"
15558,"98","121","121","1"
15559,"99","122","122","1"
15560,"100","123","123","1"
15561,"101","124","124","1"
15562,"102","125","125","1"
15563,"103","126","126","1"
15564,"104","127","127","1"
15565,"105","128","128","1"
15566,"106","129","129","1"
15567,"107","130","130","1"
15568,"108","131","131","1"
15569,"109","132","132","1"
15570,"110","133","133","1"
15571,"111","134","134","1"
15572,"112","135","135","1"
15573,"113","136","136","1"
15574,"114","137","137","1"
15575,"115","138","138","1"
15576,"116","139","139","1"
15577,"117","140","140","1"
15578,"118","141","141","1"
15579,"119","142","142","1"
15580,"120","143","143","1"
15581,"121","144","144","1"
15582,"121","144","144","1"
15583,"121","144","144","1"
15584,"122","145","145","1"
15585,"122","145","145","1"
15586,"123","146","146","1"
15587,"124","147","147","1"
15588,"125","148","148","1"
15589,"126","149","149","1"
15590,"127","150","150","1"
15591,"128","151","151","1"
15592,"129","152","152","1"
15593,"130","153","153","1"
15594,"131","154","154","1"
15595,"132","155","155","1"
15596,"133","156","156","1"
15597,"134","157","157","1"
15598,"135","158","158","1"
15599,"136","159","159","1"
15600,"137","160","160","1"
15601,"138","161","161","1"
15602,"138","161","161","1"
15603,"139","162","162","1"
15604,"140","163","163","1"
15605,"140","163","163","1"
15606,"141","164","164","1"
15607,"142","165","165","1"
15608,"143","166","166","1"
15609,"144","167","167","1"
15610,"145","168","168","1"
15611,"146","169","169","1"
15612,"147","170","170","1"
15613,"148","171","171","1"
15614,"148","171","171","1"
15615,"148","171","171","1"
15616,"148","171","171","1"
15617,"148","171","171","1"
15618,"149","172","172","1"
15619,"149","172","172","1"
15620,"149","172","172","1"
15621,"150","173","173","1"
15622,"151","174","174","1"
15623,"152","175","175","1"
15624,"153","176","176","1"
15625,"154","177","177","1"
15626,"155","178","178","1"
15627,"156","179","179","1"
15628,"156","179","179","1"
15629,"157","180","180","1"
15630,"157","180","180","1"
15631,"158","181","181","1"
15632,"158","181","181","1"
15633,"158","181","181","1"
15634,"158","181","181","1"
15635,"158","181","181","1"
15636,"158","181","181","1"
15637,"158","181","181","1"
15638,"159","182","182","1"
15639,"160","183","183","1"
15640,"161","184","184","1"
15641,"162","185","185","1"
15642,"163","186","186","1"
15643,"164","187","187","1"
15644,"165","188","188","1"
15645,"166","189","189","1"
15646,"167","190","190","1"
15647,"168","191","191","1"
15648,"169","192","192","1"
15649,"170","193","193","1"
15650,"171","194","194","1"
15651,"172","195","195","1"
15652,"173","196","196","1"
15653,"174","197","197","1"
15654,"175","198","198","1"
15655,"176","199","199","1"
15656,"176","199","199","1"
15657,"176","199","199","1"
15658,"177","200","200","1"
15659,"178","201","201","1"
15660,"179","202","202","1"
15661,"180","203","203","1"
15662,"181","204","204","1"
15663,"182","205","205","1"
15664,"183","206","206","1"
15665,"183","206","206","1"
15666,"184","207","207","1"
15667,"185","208","208","1"
15668,"186","209","209","1"
15669,"187","210","210","1"
15670,"188","211","211","1"
15671,"189","212","212","1"
15672,"190","213","213","1"
15673,"191","214","214","1"
15674,"192","215","215","1"
15675,"193","216","216","1"
15676,"194","217","217","1"
15677,"195","218","218","1"
15678,"196","219","219","1"
15679,"197","220","220","1"
15680,"198","221","221","1"
15681,"199","222","222","1"
15682,"200","223","223","1"
15683,"201","224","224","1"
15684,"202","225","225","1"
15685,"203","226","226","1"
15686,"204","227","227","1"
15687,"205","228","228","1"
15688,"206","229","229","1"
15689,"207","230","230","1"
15690,"207","230","230","1"
15691,"207","230","230","1"
15692,"208","231","231","1"
15693,"209","232","232","1"
15694,"210","233","233","1"
15695,"211","234","234","1"
15696,"212","235","235","1"
15697,"213","236","236","1"
15698,"214","237","237","1"
15699,"215","238","238","1"
15700,"216","239","239","1"
15701,"217","240","240","1"
15702,"218","241","241","1"
15703,"219","242","242","1"
15704,"220","243","243","1"
15705,"221","244","244","1"
15706,"222","245","245","1"
15707,"223","246","246","1"
15708,"224","247","247","1"
15709,"225","248","248","1"
15710,"226","249","249","1"
15711,"227","250","250","1"
15712,"228","251","251","1"
15713,"229","252","252","1"
15714,"230","253","253","1"
15715,"231","254","254","1"
15716,"232","255","255","1"
15717,"233","256","256","1"
15718,"234","257","257","1"
15719,"235","258","258","1"
15720,"236","259","259","1"
15721,"237","260","260","1"
15722,"238","261","261","1"
15723,"239","262","262","1"
15724,"240","263","263","1"
15725,"241","264","264","1"
15726,"242","265","265","1"
15727,"243","266","266","1"
15728,"244","267","267","1"
15729,"245","268","268","1"
15730,"246","269","269","1"
15731,"247","270","270","1"
15732,"248","271","271","1"
15733,"249","272","272","1"
15734,"250","273","273","1"
15735,"251","274","274","1"
15736,"252","275","275","1"
15737,"252","275","275","1"
15738,"252","275","275","1"
15739,"253","276","276","1"
15740,"254","277","277","1"
15741,"255","278","278","1"
15742,"256","279","279","1"
15743,"257","280","280","1"
15744,"258","281","281","1"
15745,"259","282","282","1"
15746,"260","283","283","1"
15747,"261","284","284","1"
15748,"262","285","285","1"
15749,"263","286","286","1"
15750,"264","287","287","1"
15751,"265","288","288","1"
15752,"266","289","289","1"
15753,"267","290","290","1"
15754,"268","291","291","1"
15755,"269","292","292","1"
15756,"270","293","293","1"
15757,"271","294","294","1"
15758,"272","295","295","1"
15759,"273","296","296","1"
15760,"274","297","297","1"
15761,"275","298","298","1"
15762,"276","299","299","1"
15763,"277","300","300","1"
15764,"278","301","301","1"
15765,"279","302","302","1"
15766,"280","303","303","1"
15767,"281","304","304","1"
15768,"282","305","305","1"
15769,"283","306","306","1"
15770,"284","307","307","1"
15771,"285","308","308","1"
15772,"286","309","309","1"
15773,"287","310","310","1"
15774,"288","311","311","1"
15775,"289","312","312","1"
15776,"290","313","313","1"
15777,"290","313","313","1"
15778,"290","313","313","1"
15779,"291","314","314","1"
15780,"292","315","315","1"
15781,"293","316","316","1"
15782,"294","317","317","1"
15783,"295","318","318","1"
15784,"296","319","319","1"
15785,"297","320","320","1"
15786,"298","321","321","1"
15787,"299","322","322","1"
15788,"300","323","323","1"
15789,"301","324","324","1"
15790,"302","325","325","1"
15791,"303","326","326","1"
15792,"304","327","327","1"
15793,"305","328","328","1"
15794,"306","329","329","1"
15795,"307","330","330","1"
15796,"308","331","331","1"
15797,"309","332","332","1"
15798,"310","333","333","1"
15799,"311","334","334","1"
15800,"312","335","335","1"
15801,"313","336","336","1"
15802,"314","337","337","1"
15803,"315","338","338","1"
15804,"316","339","339","1"
15805,"317","340","340","1"
15806,"318","341","341","1"
15807,"319","342","342","1"
15808,"320","343","343","1"
15809,"321","344","344","1"
15810,"322","345","345","1"
15811,"323","346","346","1"
15812,"324","347","347","1"
15813,"325","348","348","1"
15814,"326","349","349","1"
15815,"327","350","350","1"
15816,"328","351","351","1"
15817,"329","352","352","1"
15818,"330","353","353","1"
15819,"331","354","354","1"
15820,"331","354","354","1"
15821,"331","354","354","1"
15822,"331","354","354","1"
15823,"331","354","354","1"
15824,"332","355","355","1"
15825,"333","356","356","1"
15826,"334","357","357","1"
15827,"335","358","358","1"
15828,"336","359","359","1"
15829,"337","360","360","1"
15830,"338","361","361","1"
15831,"339","362","362","1"
15832,"340","363","363","1"
15833,"341","364","364","1"
15834,"342","365","365","1"
15835,"343","366","366","1"
15836,"344","367","367","1"
15837,"345","368","368","1"
15838,"346","369","369","1"
15839,"347","370","370","1"
15840,"348","371","371","1"
15841,"349","372","372","1"
15842,"350","373","373","1"
15843,"351","374","374","1"
15844,"352","375","375","1"
15845,"353","376","376","1"
15846,"354","377","377","1"
15847,"355","378","378","1"
15848,"356","379","379","1"
15849,"357","380","380","1"
15850,"358","381","381","1"
15851,"359","382","382","1"
15852,"359","382","382","1"
15853,"359","382","382","1"
15854,"360","383","383","1"
15855,"361","384","384","1"
15856,"362","385","385","1"
15857,"363","386","386","1"
15858,"364","387","387","1"
15859,"365","388","388","1"
15860,"366","389","389","1"
15861,"366","389","389","1"
15862,"367","390","390","1"
15863,"368","391","391","1"
15864,"369","392","392","1"
15865,"369","392","392","1"
15866,"369","392","392","1"
15867,"369","392","392","1"
15868,"369","392","392","1"
15869,"369","392","392","1"
15870,"369","392","392","1"
15871,"369","392","392","1"
15872,"370","393","393","1"
15873,"371","394","394","1"
15874,"372","395","395","1"
15875,"373","396","396","1"
15876,"374","397","397","1"
15877,"375","398","398","1"
15878,"376","399","399","1"
15879,"377","400","400","1"
15880,"377","400","400","1"
15881,"378","401","401","1"
15882,"379","402","402","1"
15883,"380","403","403","1"
15884,"381","404","404","1"
15885,"381","404","404","1"
15886,"381","404","404","1"
15887,"382","405","405","1"
15888,"383","406","406","1"
15889,"384","407","407","1"
15890,"385","408","408","1"
15891,"386","409","409","1"
15892,"387","410","410","1"
15893,"388","411","411","1"
15894,"389","412","412","1"
15895,"390","413","413","1"
15896,"391","414","414","1"
15897,"392","415","415","1"
15898,"393","416","416","1"
15899,"394","417","417","1"
15900,"395","418","418","1"
15901,"396","419","419","1"
15902,"397","420","420","1"
15903,"398","421","421","1"
15904,"399","422","422","1"
15905,"400","423","423","1"
15906,"401","424","424","1"
15907,"402","425","425","1"
15908,"403","426","426","1"
15909,"404","427","427","1"
15910,"405","428","428","1"
15911,"406","429","429","1"
15912,"406","429","429","1"
15913,"406","429","429","1"
15914,"406","429","429","1"
15915,"406","429","429","1"
15916,"406","429","429","1"
15917,"406","429","429","1"
15918,"406","429","429","1"
15919,"406","429","429","1"
15920,"406","429","429","1"
15921,"406","429","429","1"
15922,"406","429","429","1"
15923,"406","429","429","1"
15924,"406","429","429","1"
15925,"406","429","429","1"
15926,"406","429","429","1"
15927,"406","429","429","1"
15928,"406","429","429","1"
15929,"406","429","429","1"
15930,"406","429","429","1"
15931,"406","429","429","1"
15932,"406","429","429","1"
15933,"406","429","429","1"
15934,"406","429","429","1"
15935,"406","429","429","1"
15936,"406","429","429","1"
15937,"406","429","429","1"
15938,"406","429","429","1"
15939,"406","429","429","1"
15940,"407","430","430","1"
15941,"408","431","431","1"
15942,"409","432","432","1"
15943,"410","433","433","1"
15944,"411","434","434","1"
15945,"412","435","435","1"
15946,"413","436","436","1"
15947,"413","436","436","1"
15948,"414","437","437","1"
15949,"415","438","438","1"
15950,"416","439","439","1"
15951,"417","440","440","1"
15952,"418","441","441","1"
15953,"419","442","442","1"
15954,"420","443","443","1"
15955,"421","444","444","1"
15956,"422","445","445","1"
15957,"423","446","446","1"
15958,"424","447","447","1"
15959,"425","448","448","1"
15960,"426","449","449","1"
15961,"427","450","450","1"
15962,"428","451","451","1"
15963,"429","452","452","1"
15964,"429","452","452","1"
15965,"429","452","452","1"
15966,"429","452","452","1"
15967,"430","453","453","1"
15968,"431","454","454","1"
15969,"432","455","455","1"
15970,"433","456","456","1"
15971,"434","457","457","1"
15972,"435","458","458","1"
15973,"436","459","459","1"
15974,"437","460","460","1"
15975,"438","461","461","1"
15976,"438","461","461","1"
15977,"438","461","461","1"
15978,"438","461","461","1"
15983,"438","461","461","1"
15984,"438","461","461","1"
15985,"438","461","461","1"
15986,"438","461","461","1"
15987,"439","462","462","1"
15988,"440","463","463","1"
15989,"441","464","464","1"
15990,"442","465","465","1"
15991,"443","466","466","1"
15992,"444","467","467","1"
15993,"445","468","468","1"
15994,"446","469","469","1"
15995,"447","470","470","1"
15996,"448","471","471","1"
15997,"449","472","472","1"
15998,"450","473","473","1"
15999,"451","474","474","1"
16000,"452","475","475","1"
16001,"453","476","476","1"
16002,"453","476","476","1"
16003,"453","476","476","1"
16004,"453","476","476","1"
16005,"453","476","476","1"
16006,"453","476","476","1"
16007,"453","476","476","1"
16008,"453","476","476","1"
16009,"453","476","476","1"
16010,"453","476","476","1"
16011,"453","476","476","1"
16012,"453","476","476","1"
16013,"453","476","476","1"
16014,"453","476","476","1"
16015,"453","476","476","1"
16016,"453","476","476","1"
16017,"453","476","476","1"
16018,"453","476","476","1"
16019,"453","476","476","1"
16020,"453","476","476","1"
16021,"453","476","476","1"
16022,"453","476","476","1"
16023,"453","476","476","1"
16024,"453","476","476","1"
16025,"453","476","476","1"
16026,"453","476","476","1"
16027,"453","476","476","1"
16028,"453","476","476","1"
16029,"453","476","476","1"
16030,"453","476","476","1"
16031,"453","476","476","1"
16032,"453","476","476","1"
16033,"454","477","477","1"
16034,"455","478","478","1"
16035,"456","479","479","1"
16036,"457","480","480","1"
16037,"458","481","481","1"
16038,"459","482","482","1"
16039,"460","483","483","1"
16040,"461","484","484","1"
16041,"462","485","485","1"
16042,"463","486","486","1"
16043,"463","486","486","1"
16044,"463","486","486","1"
16045,"463","486","486","1"
16046,"463","486","486","1"
16047,"463","486","486","1"
16048,"463","486","486","1"
16049,"463","486","486","1"
16050,"463","486","486","1"
16051,"463","486","486","1"
16052,"463","486","486","1"
16053,"463","486","486","1"
16054,"463","486","486","1"
16055,"463","486","486","1"
16056,"463","486","486","1"
16057,"463","486","486","1"
16058,"463","486","486","1"
16059,"463","486","486","1"
16060,"463","486","486","1"
16061,"463","486","486","1"
16062,"463","486","486","1"
16063,"463","486","486","1"
16064,"463","486","486","1"
16065,"463","486","486","1"
16066,"463","486","486","1"
16067,"463","486","486","1"
16068,"463","486","486","1"
16069,"463","486","486","1"
16070,"463","486","486","1"
16071,"463","486","486","1"
16072,"463","486","486","1"
16073,"463","486","486","1"
16074,"464","487","487","1"
16075,"465","488","488","1"
16076,"466","489","489","1"
16077,"467","490","490","1"
16078,"468","491","491","1"
16079,"469","492","492","1"
16080,"470","493","493","1"
16081,"471","494","494","1"
16082,"472","495","495","1"
16083,"473","496","496","1"
16084,"474","497","497","1"
16085,"475","498","498","1"
16086,"476","499","499","1"
16087,"477","500","500","1"
16088,"478","501","501","1"
16089,"479","502","502","1"
16090,"480","503","503","1"
16091,"481","504","504","1"
16092,"482","505","505","1"
16093,"483","506","506","1"
16094,"484","507","507","1"
16095,"484","507","507","1"
16096,"484","507","507","1"
16097,"484","507","507","1"
16098,"484","507","507","1"
16099,"484","507","507","1"
16100,"484","507","507","1"
16101,"484","507","507","1"
16102,"484","507","507","1"
16103,"484","507","507","1"
16104,"484","507","507","1"
16105,"484","507","507","1"
16106,"484","507","507","1"
16107,"484","507","507","1"
16108,"484","507","507","1"
16109,"484","507","507","1"
16110,"484","507","507","1"
16111,"484","507","507","1"
16112,"484","507","507","1"
16113,"484","507","507","1"
16114,"484","507","507","1"
16115,"484","507","507","1"
16116,"484","507","507","1"
16117,"484","507","507","1"
16118,"484","507","507","1"
16119,"484","507","507","1"
16120,"484","507","507","1"
16121,"484","507","507","1"
16122,"484","507","507","1"
16123,"484","507","507","1"
16124,"484","507","507","1"
16125,"485","508","508","1"
16126,"486","509","509","1"
16127,"487","510","510","1"
16128,"488","511","511","1"
16129,"489","512","512","1"
16130,"490","513","513","1"
16131,"491","514","514","1"
16132,"492","515","515","1"
16133,"493","516","516","1"
16134,"494","517","517","1"
16135,"495","518","518","1"
16136,"496","519","519","1"
16137,"497","520","520","1"
16138,"498","521","521","1"
16139,"499","522","522","1"
16140,"500","523","523","1"
16141,"501","524","524","1"
16142,"502","525","525","1"
16143,"503","526","526","1"
16144,"504","527","527","1"
16145,"505","528","528","1"
16146,"506","529","529","1"
16147,"507","530","530","1"
16148,"508","531","531","1"
16149,"509","532","532","1"
16150,"510","533","533","1"
16151,"511","534","534","1"
16152,"512","535","535","1"
16153,"513","536","536","1"
16154,"514","537","537","1"
16155,"515","538","538","1"
16156,"516","539","539","1"
16157,"517","540","540","1"
16158,"517","540","540","1"
16159,"517","540","540","1"
16160,"517","540","540","1"
16161,"517","540","540","1"
16162,"517","540","540","1"
16163,"517","540","540","1"
16164,"517","540","540","1"
16165,"517","540","540","1"
16166,"518","541","541","1"
16167,"519","542","542","1"
16168,"520","543","543","1"
16169,"521","544","544","1"
16170,"522","545","545","1"
16171,"523","546","546","1"
16172,"524","547","547","1"
16173,"525","548","548","1"
16174,"526","549","549","1"
16175,"527","550","550","1"
16176,"528","551","551","1"
16177,"528","551","551","1"
16178,"529","552","552","1"
16179,"529","552","552","1"
16180,"529","552","552","1"
16181,"529","552","552","1"
16182,"529","552","552","1"
16183,"529","552","552","1"
16184,"529","552","552","1"
16185,"529","552","552","1"
16187,"529","552","552","1"
16188,"529","552","552","1"
16189,"529","552","552","1"
16190,"529","552","552","1"
16191,"529","552","552","1"
16192,"529","552","552","1"
16193,"529","552","552","1"
16194,"529","552","552","1"
16199,"529","552","552","1"
16200,"529","552","552","1"
16201,"529","552","552","1"
16202,"529","552","552","1"
16206,"529","552","552","1"
16207,"529","552","552","1"
16208,"529","552","552","1"
16209,"529","552","552","1"
16210,"529","552","552","1"
16211,"529","552","552","1"
16212,"529","552","552","1"
16213,"529","552","552","1"
16214,"529","552","552","1"
16215,"529","552","552","1"
16216,"529","552","552","1"
16217,"529","552","552","1"
16218,"529","552","552","1"
16219,"529","552","552","1"
16220,"530","553","553","1"
16221,"531","554","554","1"
16222,"532","555","555","1"
16223,"533","556","556","1"
16224,"533","556","556","1"
16225,"533","556","556","1"
16226,"533","556","556","1"
16227,"534","557","557","1"
16228,"535","558","558","1"
16229,"536","559","559","1"
16230,"537","560","560","1"
16231,"537","560","560","1"
16232,"538","561","561","1"
16233,"539","562","562","1"
16234,"540","563","563","1"
16235,"541","564","564","1"
16236,"542","565","565","1"
16237,"543","566","566","1"
16238,"544","567","567","1"
16239,"545","568","568","1"
16240,"545","568","568","1"
16241,"546","569","569","1"
16242,"547","570","570","1"
16243,"548","571","571","1"
16244,"549","572","572","1"
16245,"550","573","573","1"
16246,"551","574","574","1"
16247,"552","575","575","1"
16248,"553","576","576","1"
16249,"554","577","577","1"
16250,"554","577","577","1"
16251,"555","578","578","1"
16252,"556","579","579","1"
16253,"557","580","580","1"
16254,"558","581","581","1"
16255,"559","582","582","1"
16256,"560","583","583","1"
16257,"561","584","584","1"
16258,"562","585","585","1"
16259,"563","586","586","1"
16260,"564","587","587","1"
16261,"564","587","587","1"
16262,"564","587","587","1"
16263,"564","587","587","1"
16264,"564","587","587","1"
16265,"564","587","587","1"
16266,"564","587","587","1"
16267,"564","587","587","1"
16268,"565","588","588","1"
16269,"566","589","589","1"
16270,"567","590","590","1"
16271,"568","591","591","1"
16272,"569","592","592","1"
16273,"570","593","593","1"
16274,"571","594","594","1"
16275,"572","595","595","1"
16276,"572","595","595","1"
16277,"572","595","595","1"
16278,"572","595","595","1"
16279,"572","595","595","1"
16280,"572","595","595","1"
16281,"572","595","595","1"
16282,"573","596","596","1"
16283,"574","597","597","1"
16284,"575","598","598","1"
16285,"576","599","599","1"
16286,"577","600","600","1"
16287,"578","601","601","1"
16288,"579","602","602","1"
16289,"580","603","603","1"
16290,"581","604","604","1"
16291,"582","605","605","1"
16292,"583","606","606","1"
16293,"584","607","607","1"
16294,"585","608","608","1"
16295,"586","609","609","1"
16296,"587","610","610","1"
16297,"588","611","611","1"
16298,"589","612","612","1"
16299,"590","613","613","1"
16300,"591","614","614","1"
16301,"592","615","615","1"
16302,"593","616","616","1"
16303,"594","617","617","1"
16304,"595","618","618","1"
16305,"595","618","618","1"
16306,"596","619","619","1"
16307,"596","619","619","1"
16308,"596","619","619","1"
16309,"596","619","619","1"
16310,"596","619","619","1"
16311,"596","619","619","1"
16312,"597","620","620","1"
16313,"598","621","621","1"
16314,"599","622","622","1"
16315,"600","623","623","1"
16316,"601","624","624","1"
16317,"602","625","625","1"
16318,"603","626","626","1"
16319,"604","627","627","1"
16320,"605","628","628","1"
16321,"606","629","629","1"
16322,"607","630","630","1"
16323,"608","631","631","1"
16324,"609","632","632","1"
16325,"610","633","633","1"
16326,"611","634","634","1"
16327,"612","635","635","1"
16328,"613","636","636","1"
16329,"614","637","637","1"
16330,"615","638","638","1"
16331,"616","639","639","1"
16332,"617","640","640","1"
16333,"618","641","641","1"
16334,"619","642","642","1"
16335,"620","643","643","1"
16336,"621","644","644","1"
16337,"622","645","645","1"
16338,"623","646","646","1"
16339,"624","647","647","1"
16340,"625","648","648","1"
16341,"625","648","648","1"
16342,"625","648","648","1"
16343,"626","649","649","1"
16344,"627","650","650","1"
16345,"628","651","651","1"
16346,"629","652","652","1"
16347,"630","653","653","1"
16348,"631","654","654","1"
16349,"632","655","655","1"
16350,"633","656","656","1"
16351,"634","657","657","1"
16352,"635","658","658","1"
16353,"636","659","659","1"
16354,"637","660","660","1"
16355,"638","661","661","1"
16356,"639","662","662","1"
16357,"640","663","663","1"
16358,"641","664","664","1"
16359,"642","665","665","1"
16360,"642","665","665","1"
16361,"642","665","665","1"
16362,"642","665","665","1"
16363,"642","665","665","1"
16364,"642","665","665","1"
16365,"642","665","665","1"
16366,"643","666","666","1"
16367,"644","667","667","1"
16368,"645","668","668","1"
16369,"646","669","669","1"
16370,"647","670","670","1"
16371,"648","671","671","1"
16372,"649","672","672","1"
16373,"650","673","673","1"
16374,"651","674","674","1"
16375,"652","675","675","1"
16376,"653","676","676","1"
16377,"654","677","677","1"
16378,"655","678","678","1"
16379,"656","679","679","1"
16380,"657","680","680","1"
16381,"658","681","681","1"
16382,"659","682","682","1"
16383,"660","683","683","1"
16384,"660","683","683","1"
16385,"660","683","683","1"
16386,"660","683","0","1"
16387,"660","683","0","1"
16388,"660","683","0","1"
16389,"661","684","1","1"
16390,"662","685","2","1"
16391,"663","686","3","1"
16392,"664","687","4","1"
16393,"665","688","5","1"
16394,"666","689","6","1"
16395,"667","690","7","1"
16396,"668","691","8","1"
16397,"669","692","9","1"
16398,"670","693","10","1"
16399,"671","694","11","1"
16400,"672","695","12","1"
16401,"673","696","13","1"
16402,"674","697","14","1"
16403,"675","698","15","1"
16404,"676","699","16","1"
16405,"677","700","17","1"
16406,"678","701","18","1"
16407,"678","701","18","1"
16408,"678","701","18","1"
16409,"678","701","18","1"
16410,"678","701","18","1"
16411,"678","701","18","1"
16412,"678","701","18","1"
16413,"679","702","19","1"
16414,"680","703","20","1"
16415,"681","704","21","1"
16416,"682","705","22","1"
16417,"683","706","23","1"
16418,"684","707","24","1"
16419,"685","708","25","1"
16420,"686","709","26","1"
16421,"687","710","27","1"
16422,"688","711","28","1"
16423,"689","712","29","1"
16424,"690","713","30","1"
16425,"691","714","31","1"
16426,"692","715","32","1"
16427,"693","716","33","1"
16428,"694","717","34","1"
16429,"694","717","34","1"
16430,"694","717","34","1"
16431,"694","717","34","1"
16432,"694","717","34","1"
16433,"694","717","34","1"
16434,"694","717","34","1"
16435,"694","717","34","1"
16436,"694","717","34","1"
16437,"694","717","34","1"
16438,"694","717","34","1"
16439,"694","717","34","1"
16440,"694","717","34","1"
16441,"694","717","34","1"
16442,"695","718","35","1"
16443,"696","719","36","1"
16444,"697","720","37","1"
16445,"697","720","37","1"
16446,"697","720","37","1"
16447,"698","721","38","1"
16448,"699","722","39","1"
16449,"700","723","40","1"
16450,"701","724","41","1"
16451,"702","725","42","1"
16452,"703","726","43","1"
16453,"704","727","44","1"
16454,"705","728","45","1"
16455,"706","729","46","1"
16456,"707","730","47","1"
16457,"708","731","48","1"
16458,"709","732","49","1"
16459,"710","733","50","1"
16460,"711","734","51","1"
16461,"712","735","52","1"
16462,"713","736","53","1"
16463,"714","737","54","1"
16464,"715","738","55","1"
16465,"715","738","55","1"
16466,"715","738","55","1"
16467,"715","738","55","1"
16468,"715","738","55","1"
16469,"716","739","56","1"
16471,"717","740","57","1"
16472,"718","741","58","1"
16473,"719","742","59","1"
16474,"720","743","60","1"
16475,"721","744","61","1"
16476,"722","745","62","1"
16477,"723","746","63","1"
16478,"724","747","64","1"
16479,"725","748","65","1"
16480,"726","749","66","1"
16481,"727","750","67","1"
16482,"728","751","68","1"
16483,"729","752","69","1"
16484,"730","753","70","1"
16485,"731","754","71","1"
16486,"732","755","0","1"
16487,"732","755","0","1"
16488,"732","755","0","1"
16489,"732","755","0","1"
16490,"732","755","0","1"
16491,"733","756","1","1"
16492,"734","757","2","1"
16493,"735","758","3","1"
16494,"736","759","4","1"
16495,"737","760","5","1"
16496,"738","761","6","1"
16497,"738","761","6","1"
16498,"739","762","7","1"
16499,"740","763","8","1"
16500,"741","764","9","1"
16501,"742","765","10","1"
16502,"743","766","11","1"
16503,"744","767","12","1"
16504,"745","768","13","1"
16505,"746","769","14","1"
16506,"746","769","14","1"
16507,"747","770","15","1"
16508,"748","771","16","1"
16509,"749","772","17","1"
16510,"750","773","18","1"
16511,"751","774","19","1"
16512,"752","775","20","1"
16513,"753","776","21","1"
16514,"754","777","22","1"
16515,"755","778","23","1"
16516,"756","779","24","1"
16517,"757","780","25","1"
16518,"757","780","25","1"
16519,"757","780","25","1"
16520,"757","780","25","1"
16521,"757","780","25","1"
16522,"757","780","25","1"
16523,"757","780","25","1"
16524,"757","780","25","1"
16525,"757","780","25","1"
16526,"758","781","26","1"
16527,"759","782","27","1"
16528,"760","783","28","1"
16529,"761","784","29","1"
16530,"762","785","30","1"
16531,"763","786","31","1"
16532,"764","787","32","1"
16533,"765","788","33","1"
16534,"765","788","33","1"
16535,"765","788","33","1"
16536,"766","789","34","1"
16537,"767","790","35","1"
16538,"768","791","36","1"
16539,"769","792","37","1"
16540,"770","793","38","1"
16541,"771","794","39","1"
16542,"772","795","40","1"
16543,"773","796","41","1"
16544,"774","797","42","1"
16545,"775","798","43","1"
16546,"776","799","44","1"
16547,"777","800","45","1"
16548,"778","801","46","1"
16549,"779","802","47","1"
16550,"780","803","48","1"
16551,"781","804","0","1"
16552,"781","804","0","1"
16553,"781","804","0","1"
16554,"782","805","1","1"
16555,"783","806","2","1"
16556,"784","807","3","1"
16557,"785","808","4","1"
16558,"786","809","5","1"
16559,"787","810","6","1"
16560,"788","811","7","1"
16561,"789","812","8","1"
16562,"790","813","9","1"
16563,"791","814","10","1"
16564,"791","814","10","1"
16565,"791","814","10","1"
16566,"791","814","10","1"
16567,"791","814","10","1"
16568,"791","814","10","1"
16569,"791","814","10","1"
16570,"791","814","10","1"
16571,"791","814","10","1"
16572,"791","814","10","1"
16573,"791","814","10","1"
16574,"791","814","10","1"
16575,"791","814","10","1"
16576,"792","815","11","1"
16577,"793","816","12","1"
16578,"794","817","13","1"
16579,"795","818","14","1"
16580,"796","819","15","1"
16581,"797","820","16","1"
16582,"798","821","17","1"
16583,"799","822","18","1"
16584,"800","823","19","1"
16585,"801","824","20","1"
16586,"801","824","20","1"
16587,"802","825","21","1"
16588,"803","826","22","1"
16589,"804","827","23","1"
16590,"805","828","24","1"
16591,"806","829","25","1"
16592,"807","830","26","1"
16593,"808","831","0","1"
16595,"808","831","0","1"
16596,"808","831","0","1"
16597,"808","831","0","1"
16598,"809","832","1","1"
16599,"810","833","2","1"
16600,"811","834","3","1"
16601,"812","835","4","1"
16602,"813","836","5","1"
16603,"814","837","6","1"
16604,"815","838","7","1"
16605,"816","839","8","1"
16606,"817","840","9","1"
16607,"818","841","10","1"
16608,"819","842","11","1"
16609,"820","843","12","1"
16610,"821","844","13","1"
16611,"822","845","14","1"
16612,"823","846","15","1"
16613,"824","847","16","1"
16614,"825","848","17","1"
16615,"825","848","17","1"
16616,"825","848","17","1"
16617,"825","848","17","1"
16618,"825","848","17","1"
16619,"825","848","17","1"
16620,"825","848","17","1"
16621,"826","849","18","1"
16622,"827","850","19","1"
16623,"828","851","20","1"
16624,"829","852","21","1"
16625,"830","853","22","1"
16626,"831","854","23","1"
16627,"832","855","24","1"
16628,"833","856","25","1"
16629,"834","857","26","1"
16630,"835","858","27","1"
16631,"836","859","28","1"
16632,"837","860","29","1"
16633,"838","861","30","1"
16634,"839","862","31","1"
16635,"839","862","31","1"
16636,"839","862","31","1"
16637,"839","862","31","1"
16638,"839","862","31","1"
16639,"839","862","31","1"
16640,"839","862","31","1"
16641,"839","862","31","1"
16642,"839","862","31","1"
16643,"839","862","31","1"
16644,"839","862","31","1"
16645,"839","862","31","1"
16646,"839","862","0","1"
16647,"839","862","0","1"
16648,"839","862","0","1"
16649,"839","862","0","1"
16650,"839","862","0","1"
16651,"839","862","0","1"
16652,"840","863","1","1"
16653,"841","864","2","1"
16654,"841","864","2","1"
16655,"841","864","2","1"
16656,"841","864","2","1"
16657,"841","864","2","1"
16658,"842","865","3","1"
16659,"843","866","4","1"
16660,"844","867","5","1"
16661,"845","868","6","1"
16662,"846","869","7","1"
16663,"847","870","8","1"
16664,"848","871","9","1"
16665,"849","872","10","1"
16666,"850","873","11","1"
16667,"851","874","12","1"
16668,"851","874","12","1"
16669,"851","874","12","1"
16670,"851","874","12","1"
16671,"851","874","12","1"
16672,"851","874","12","1"
16673,"851","874","12","1"
16674,"851","874","12","1"
16675,"851","874","12","1"
16676,"851","874","12","1"
16677,"851","874","12","1"
16678,"851","874","12","1"
16679,"851","874","12","1"
16680,"851","874","12","1"
16681,"851","874","12","1"
16682,"851","874","12","1"
16683,"851","874","12","1"
16684,"851","874","12","1"
16685,"851","874","12","1"
16686,"852","875","13","1"
16687,"853","876","14","1"
16688,"854","877","15","1"
16689,"855","878","16","1"
16690,"856","879","17","1"
16691,"857","880","18","1"
16692,"858","881","19","1"
16693,"859","882","20","1"
16694,"860","883","21","1"
16695,"861","884","22","1"
16696,"862","885","23","1"
16697,"862","885","23","1"
16698,"863","886","24","1"
16699,"864","887","25","1"
16700,"865","888","26","1"
16701,"866","889","0","1"
16702,"866","889","0","1"
16703,"866","889","0","1"
16704,"867","890","1","1"
16705,"867","890","1","1"
16706,"868","891","2","1"
16707,"869","892","3","1"
16708,"869","892","3","1"
16709,"869","892","3","1"
16710,"869","892","3","1"
16711,"869","892","3","1"
16712,"869","892","3","1"
16713,"869","892","3","1"
16714,"869","892","3","1"
16715,"869","892","3","1"
16716,"870","893","4","1"
16717,"871","894","5","1"
16718,"872","895","6","1"
16719,"873","896","7","1"
16720,"874","897","8","1"
16721,"875","898","9","1"
16722,"876","899","10","1"
16723,"876","899","10","1"
16724,"876","899","10","1"
16725,"876","899","10","1"
16726,"876","899","10","1"
16727,"876","899","10","1"
16728,"876","899","10","1"
16729,"876","899","10","1"
16730,"876","899","10","1"
16731,"876","899","10","1"
16732,"876","899","10","1"
16733,"876","899","10","1"
16734,"876","899","10","1"
16735,"876","899","10","1"
16736,"876","899","10","1"
16737,"876","899","10","1"
16738,"877","900","11","1"
16739,"878","901","12","1"
16740,"879","902","13","1"
16741,"880","903","14","1"
16742,"881","904","15","1"
16743,"881","904","15","1"
16744,"882","905","16","1"
16745,"883","906","17","1"
16746,"884","907","18","1"
16747,"885","908","19","1"
16748,"886","909","20","1"
16749,"887","910","21","1"
16750,"888","911","22","1"
16751,"889","912","23","1"
16752,"890","913","24","1"
16753,"891","914","25","1"
16754,"892","915","26","1"
16755,"892","915","26","1"
16756,"892","915","26","1"
16757,"892","915","26","1"
16758,"892","915","26","1"
16759,"892","915","0","1"
16760,"892","915","0","1"
16761,"892","915","0","1"
16762,"893","916","1","1"
16763,"894","917","2","1"
16764,"895","918","3","1"
16765,"896","919","4","1"
16766,"897","920","5","1"
16767,"898","921","6","1"
16768,"898","921","6","1"
16769,"899","922","7","1"
16770,"900","923","8","1"
16771,"901","924","9","1"
16772,"902","925","10","1"
16773,"903","926","11","1"
16774,"904","927","12","1"
16775,"905","928","13","1"
16776,"906","929","14","1"
16777,"907","930","15","1"
16778,"907","930","15","1"
16779,"908","931","16","1"
16780,"909","932","17","1"
16781,"910","933","18","1"
16782,"910","933","18","1"
16783,"911","934","19","1"
16784,"912","935","20","1"
16785,"913","936","21","1"
16786,"913","936","21","1"
16787,"913","936","21","1"
16788,"914","937","22","1"
16789,"915","938","23","1"
16790,"916","939","24","1"
16791,"917","940","25","1"
16792,"918","941","26","1"
16793,"919","942","27","1"
16794,"920","943","28","1"
16795,"921","944","29","1"
16796,"922","945","30","1"
16797,"923","946","31","1"
16798,"924","947","32","1"
16799,"925","948","33","1"
16800,"926","949","34","1"
16801,"927","950","35","1"
16802,"928","951","36","1"
16803,"928","951","36","1"
16804,"928","951","36","1"
16805,"929","952","37","1"
16806,"929","952","37","1"
16807,"929","952","37","1"
16808,"930","953","38","1"
16809,"931","954","39","1"
16810,"932","955","40","1"
16811,"933","956","41","1"
16812,"933","956","41","1"
16813,"933","956","41","1"
16814,"933","956","41","1"
16815,"933","956","41","1"
16816,"933","956","41","1"
16817,"933","956","41","1"
16818,"933","956","41","1"
16819,"933","956","41","1"
16820,"933","956","41","1"
16821,"933","956","41","1"
16822,"933","956","41","1"
16823,"933","956","41","1"
16824,"933","956","41","1"
16825,"933","956","41","1"
16826,"934","957","42","1"
16827,"935","958","43","1"
16828,"936","959","44","1"
16829,"937","960","45","1"
16830,"938","961","46","1"
16831,"939","962","47","1"
16832,"940","963","48","1"
16833,"940","963","48","1"
16834,"940","963","48","1"
16835,"940","963","48","1"
16836,"940","963","48","1"
16837,"940","963","48","1"
16838,"940","963","48","1"
16839,"940","963","48","1"
16840,"940","963","48","1"
16841,"940","963","48","1"
16842,"940","963","48","1"
16843,"940","963","0","1"
16844,"940","963","0","1"
16845,"940","963","0","1"
16846,"940","963","0","1"
16847,"940","963","0","1"
16848,"940","963","0","1"
16849,"940","963","0","1"
16850,"940","963","0","1"
16851,"940","963","0","1"
16852,"940","963","0","1"
16853,"940","963","0","1"
16854,"940","963","0","1"
16855,"940","963","0","1"
16856,"940","963","0","1"
16857,"940","963","0","1"
16858,"940","963","0","1"
16859,"940","963","0","1"
16860,"940","963","0","1"
16861,"940","963","0","1"
16862,"940","963","0","1"
16863,"940","963","0","1"
16864,"941","964","1","1"
16865,"942","965","2","1"
16866,"943","966","3","1"
16867,"943","966","3","1"
16868,"944","967","4","1"
16869,"944","967","4","1"
16870,"944","967","4","1"
16871,"944","967","4","1"
16872,"944","967","4","1"
16873,"944","967","4","1"
16874,"944","967","4","1"
16875,"944","967","4","1"
16876,"944","967","4","1"
16877,"944","967","4","1"
16878,"944","967","4","1"
16879,"944","967","4","1"
16880,"944","967","4","1"
16881,"944","967","4","1"
16882,"944","967","4","1"
16883,"944","967","4","1"
16884,"944","967","4","1"
16885,"944","967","4","1"
16886,"944","967","4","1"
16887,"944","967","4","1"
16888,"944","967","4","1"
16889,"944","967","4","1"
16890,"944","967","4","1"
16891,"945","968","5","1"
16892,"946","969","6","1"
16893,"947","970","7","1"
16894,"948","971","8","1"
16895,"949","972","9","1"
16896,"950","973","10","1"
16897,"951","974","11","1"
16898,"952","975","12","1"
16899,"953","976","13","1"
16900,"954","977","14","1"
16901,"955","978","15","1"
16902,"956","979","16","1"
16903,"957","980","17","1"
16904,"958","981","18","1"
16905,"959","982","19","1"
16906,"959","982","19","1"
16907,"959","982","19","1"
16908,"959","982","19","1"
16909,"959","982","19","1"
16910,"959","982","19","1"
16911,"959","982","19","1"
16912,"959","982","19","1"
16913,"959","982","19","1"
16914,"959","982","19","1"
16915,"959","982","19","1"
16916,"959","982","19","1"
16917,"959","982","19","1"
16919,"959","982","19","1"
16920,"959","982","19","1"
16921,"959","982","19","1"
16922,"960","983","20","1"
16923,"961","984","21","1"
16924,"962","985","22","1"
16925,"963","986","23","1"
16926,"964","987","24","1"
16927,"965","988","25","1"
16928,"966","989","26","1"
16929,"967","990","27","1"
16930,"968","991","28","1"
16931,"969","992","29","1"
16932,"970","993","30","1"
16933,"971","994","31","1"
16934,"972","995","32","1"
16935,"973","996","33","1"
16936,"974","997","34","1"
16937,"975","998","35","1"
16938,"976","999","36","1"
16939,"977","1000","37","1"
16940,"978","1001","38","1"
16941,"979","1002","39","1"
16943,"980","1003","40","1"
16944,"980","1003","40","1"
16945,"980","1003","40","1"
16946,"980","1003","40","1"
16947,"980","1003","40","1"
16948,"980","1003","40","1"
16949,"980","1003","40","1"
16950,"980","1003","40","1"
16951,"980","1003","40","1"
16952,"980","1003","40","1"
16953,"980","1003","40","1"
16954,"980","1003","40","1"
16955,"980","1003","40","1"
16956,"980","1003","40","1"
16957,"981","1004","41","1"
16958,"982","1005","42","1"
16959,"983","1006","43","1"
16960,"984","1007","44","1"
16961,"985","1008","45","1"
16962,"985","1008","45","1"
16963,"985","1008","45","1"
16964,"985","1008","45","1"
16965,"985","1008","45","1"
16966,"985","1008","45","1"
16967,"985","1008","45","1"
16968,"985","1008","45","1"
16969,"986","1009","46","1"
16970,"987","1010","47","1"
16971,"988","1011","48","1"
16972,"989","1012","49","1"
16973,"990","1013","50","1"
16974,"990","1013","50","1"
16975,"991","1014","51","1"
16976,"992","1015","52","1"
16977,"993","1016","53","1"
16978,"994","1017","54","1"
16979,"995","1018","55","1"
16980,"996","1019","56","1"
16981,"997","1020","57","1"
16982,"998","1021","58","1"
16983,"999","1022","59","1"
16984,"1000","1023","60","1"
16985,"1001","1024","61","1"
16986,"1002","1025","62","1"
16987,"1003","1026","63","1"
16988,"1003","1026","63","1"
16989,"1003","1026","63","1"
16990,"1004","1027","64","1"
16991,"1005","1028","0","1"
16992,"1005","1028","0","1"
16993,"1005","1028","0","1"
16994,"1005","1028","0","1"
16995,"1005","1028","0","1"
16996,"1005","1028","0","1"
16997,"1005","1028","0","1"
16998,"1005","1028","0","1"
16999,"1005","1028","0","1"
17000,"1005","1028","0","1"
17001,"1005","1028","0","1"
17002,"1006","1029","1","1"
17003,"1007","1030","2","1"
17004,"1008","1031","3","1"
17005,"1008","1031","3","1"
17006,"1008","1031","3","1"
17007,"1008","1031","3","1"
17008,"1008","1031","3","1"
17009,"1008","1031","3","1"
17010,"1008","1031","3","1"
17011,"1008","1031","3","1"
17012,"1008","1031","3","1"
17013,"1008","1031","3","1"
17014,"1009","1032","4","1"
17015,"1010","1033","5","1"
17016,"1011","1034","6","1"
17017,"1012","1035","7","1"
17018,"1013","1036","8","1"
17019,"1014","1037","9","1"
17020,"1015","1038","10","1"
17021,"1016","1039","11","1"
17022,"1017","1040","12","1"
17023,"1018","1041","13","1"
17024,"1019","1042","14","1"
17025,"1020","1043","15","1"
17026,"1021","1044","16","1"
17027,"1022","1045","17","1"
17028,"1023","1046","18","1"
17029,"1023","1046","18","1"
17030,"1023","1046","18","1"
17031,"1024","1047","19","1"
17032,"1025","1048","20","1"
17033,"1026","1049","21","1"
17034,"1027","1050","22","1"
17035,"1028","1051","23","1"
17036,"1029","1052","24","1"
17037,"1030","1053","25","1"
17038,"1031","1054","26","1"
17039,"1032","1055","27","1"
17040,"1033","1056","28","1"
17041,"1034","1057","29","1"
17042,"1035","1058","30","1"
17043,"1036","1059","31","1"
17044,"1037","1060","32","1"
17045,"1038","1061","33","1"
17046,"1039","1062","34","1"
17047,"1040","1063","35","1"
17048,"1041","1064","36","1"
17049,"1042","1065","37","1"
17050,"1043","1066","38","1"
17051,"1044","1067","39","1"
17052,"1045","1068","40","1"
17053,"1046","1069","41","1"
17054,"1046","1069","41","1"
17055,"1046","1069","41","1"
17056,"1046","1069","41","1"
17057,"1046","1069","41","1"
17058,"1046","1069","41","1"
17059,"1047","1070","42","1"
17060,"1048","1071","43","1"
17061,"1049","1072","44","1"
17062,"1050","1073","45","1"
17063,"1050","1073","45","1"
17064,"1050","1073","45","1"
17065,"1050","1073","45","1"
17066,"1050","1073","45","1"
17067,"1050","1073","45","1"
17068,"1050","1073","45","1"
17069,"1050","1073","45","1"
17070,"1050","1073","45","1"
17071,"1050","1073","45","1"
17072,"1051","1074","46","1"
17073,"1052","1075","47","1"
17074,"1053","1076","48","1"
17075,"1054","1077","49","1"
17076,"1054","1077","49","1"
17077,"1054","1077","0","1"
17078,"1054","1077","0","1"
17079,"1054","1077","0","1"
17080,"1055","1078","1","1"
17081,"1056","1079","2","1"
17082,"1057","1080","3","1"
17083,"1058","1081","4","1"
17084,"1058","1081","4","1"
17085,"1058","1081","4","1"
17086,"1058","1081","4","1"
17087,"1058","1081","4","1"
17088,"1058","1081","4","1"
17089,"1058","1081","4","1"
17090,"1058","1081","4","1"
17091,"1058","1081","4","1"
17092,"1058","1081","4","1"
17093,"1059","1082","5","1"
17094,"1060","1083","6","1"
17095,"1061","1084","7","1"
17096,"1062","1085","8","1"
17097,"1063","1086","9","1"
17098,"1064","1087","10","1"
17099,"1065","1088","11","1"
17100,"1066","1089","12","1"
17101,"1067","1090","13","1"
17102,"1067","1090","13","1"
17103,"1068","1091","14","1"
17104,"1069","1092","15","1"
17105,"1070","1093","16","1"
17106,"1071","1094","17","1"
17107,"1072","1095","18","1"
17108,"1073","1096","19","1"
17109,"1073","1096","19","1"
17110,"1073","1096","19","1"
17111,"1074","1097","20","1"
17112,"1075","1098","21","1"
17113,"1076","1099","22","1"
17114,"1077","1100","23","1"
17115,"1078","1101","24","1"
17116,"1079","1102","25","1"
17117,"1080","1103","26","1"
17118,"1081","1104","27","1"
17119,"1082","1105","28","1"
17120,"1083","1106","29","1"
17121,"1084","1107","30","1"
17122,"1085","1108","31","1"
17123,"1086","1109","32","1"
17124,"1087","1110","0","1"
17125,"1087","1110","0","1"
17126,"1087","1110","0","1"
17127,"1088","1111","1","1"
17128,"1089","1112","2","1"
17129,"1089","1112","2","1"
17130,"1090","1113","3","1"
17131,"1091","1114","4","1"
17132,"1092","1115","5","1"
17133,"1093","1116","6","1"
17134,"1094","1117","7","1"
17135,"1095","1118","8","1"
17136,"1096","1119","9","1"
17137,"1097","1120","10","1"
17138,"1098","1121","11","1"
17139,"1099","1122","12","1"
17140,"1100","1123","13","1"
17141,"1100","1123","13","1"
17142,"1100","1123","13","1"
17143,"1101","1124","14","1"
17144,"1102","1125","15","1"
17145,"1103","1126","16","1"
17146,"1104","1127","17","1"
17147,"1105","1128","18","1"
17148,"1106","1129","19","1"
17149,"1107","1130","20","1"
17150,"1108","1131","21","1"
17151,"1109","1132","22","1"
17152,"1110","1133","23","1"
17153,"1111","1134","24","1"
17154,"1112","1135","25","1"
17155,"1113","1136","26","1"
17156,"1114","1137","27","1"
17157,"1115","1138","28","1"
17158,"1116","1139","29","1"
17159,"1117","1140","30","1"
17160,"1118","1141","31","1"
17161,"1118","1141","31","1"
17162,"1118","1141","31","1"
17163,"1119","1142","32","1"
17164,"1120","1143","33","1"
17165,"1120","1143","33","1"
17166,"1120","1143","33","1"
17167,"1121","1144","34","1"
17168,"1122","1145","35","1"
17169,"1123","1146","36","1"
17170,"1124","1147","37","1"
17171,"1125","1148","38","1"
17172,"1126","1149","39","1"
17173,"1127","1150","40","1"
17174,"1128","1151","41","1"
17175,"1129","1152","42","1"
17176,"1130","1153","43","1"
17177,"1131","1154","44","1"
17178,"1132","1155","45","1"
17179,"1133","1156","46","1"
17180,"1134","1157","47","1"
17181,"1135","1158","48","1"
17182,"1136","1159","49","1"
17183,"1137","1160","50","1"
17184,"1138","1161","51","1"
17185,"1139","1162","52","1"
17186,"1140","1163","53","1"
17187,"1141","1164","54","1"
17188,"1141","1164","54","1"
17189,"1142","1165","55","1"
17190,"1143","1166","56","1"
17191,"1144","1167","57","1"
17192,"1145","1168","58","1"
17193,"1146","1169","59","1"
17194,"1147","1170","60","1"
17195,"1148","1171","0","1"
17196,"1148","1171","0","1"
17197,"1148","1171","0","1"
17198,"1149","1172","1","1"
17199,"1150","1173","2","1"
17200,"1151","1174","3","1"
17201,"1152","1175","4","1"
17202,"1153","1176","5","1"
17203,"1154","1177","6","1"
17204,"1155","1178","7","1"
17205,"1156","1179","8","1"
17206,"1157","1180","9","1"
17207,"1158","1181","10","1"
17208,"1159","1182","11","1"
17209,"1160","1183","12","1"
17210,"1161","1184","13","1"
17211,"1162","1185","14","1"
17212,"1163","1186","15","1"
17213,"1164","1187","16","1"
17214,"1164","1187","16","1"
17215,"1165","1188","17","1"
17216,"1166","1189","18","1"
17217,"1167","1190","19","1"
17218,"1168","1191","20","1"
17219,"1169","1192","21","1"
17220,"1170","1193","22","1"
17221,"1171","1194","23","1"
17222,"1172","1195","24","1"
17223,"1173","1196","25","1"
17224,"1174","1197","26","1"
17225,"1175","1198","27","1"
17226,"1176","1199","28","1"
17227,"1177","1200","29","1"
17228,"1178","1201","30","1"
17229,"1179","1202","31","1"
17230,"1180","1203","32","1"
17231,"1181","1204","0","1"
17232,"1181","1204","0","1"
17233,"1181","1204","0","1"
17234,"1182","1205","1","1"
17235,"1183","1206","2","1"
17236,"1184","1207","3","1"
17237,"1185","1208","4","1"
17238,"1186","1209","5","1"
17239,"1187","1210","6","1"
17240,"1188","1211","7","1"
17241,"1189","1212","8","1"
17242,"1190","1213","9","1"
17243,"1191","1214","10","1"
17244,"1192","1215","11","1"
17245,"1193","1216","12","1"
17246,"1194","1217","13","1"
17247,"1195","1218","14","1"
17248,"1196","1219","15","1"
17249,"1196","1219","15","1"
17250,"1196","1219","15","1"
17251,"1197","1220","16","1"
17252,"1198","1221","17","1"
17253,"1199","1222","18","1"
17254,"1200","1223","19","1"
17255,"1201","1224","20","1"
17256,"1202","1225","21","1"
17257,"1203","1226","22","1"
17258,"1204","1227","23","1"
17259,"1205","1228","24","1"
17260,"1206","1229","25","1"
17261,"1207","1230","26","1"
17262,"1208","1231","27","1"
17263,"1209","1232","28","1"
17264,"1210","1233","29","1"
17265,"1211","1234","30","1"
17266,"1211","1234","30","1"
17267,"1211","1234","30","1"
17268,"1212","1235","31","1"
17269,"1213","1236","32","1"
17270,"1214","1237","33","1"
17271,"1215","1238","34","1"
17272,"1216","1239","35","1"
17273,"1216","1239","35","1"
17274,"1216","1239","35","1"
17275,"1216","1239","35","1"
17276,"1217","1240","36","1"
17277,"1218","1241","37","1"
17278,"1219","1242","38","1"
17279,"1220","1243","39","1"
17280,"1221","1244","40","1"
17281,"1222","1245","41","1"
17282,"1223","1246","42","1"
17283,"1224","1247","43","1"
17284,"1225","1248","44","1"
17285,"1226","1249","45","1"
17286,"1227","1250","46","1"
17287,"1227","1250","46","1"
17288,"1227","1250","46","1"
17289,"1227","1250","46","1"
17290,"1227","1250","46","1"
17291,"1227","1250","46","1"
17292,"1227","1250","46","1"
17293,"1227","1250","46","1"
17294,"1227","1250","46","1"
17295,"1227","1250","46","1"
17296,"1227","1250","46","1"
17297,"1227","1250","46","1"
17298,"1227","1250","46","1"
17299,"1227","1250","46","1"
17300,"1227","1250","46","1"
17301,"1227","1250","46","1"
17302,"1228","1251","47","1"
17303,"1229","1252","48","1"
17304,"1230","1253","49","1"
17305,"1231","1254","50","1"
17306,"1232","1255","51","1"
17307,"1233","1256","52","1"
17308,"1234","1257","53","1"
17309,"1235","1258","54","1"
17310,"1236","1259","0","1"
17311,"1236","1259","0","1"
17312,"1236","1259","0","1"
17313,"1236","1259","0","1"
17314,"1236","1259","0","1"
17315,"1236","1259","0","1"
17316,"1236","1259","0","1"
17317,"1236","1259","0","1"
17318,"1236","1259","0","1"
17319,"1236","1259","0","1"
17320,"1236","1259","0","1"
17321,"1236","1259","0","1"
17322,"1236","1259","0","1"
17323,"1236","1259","0","1"
17324,"1236","1259","0","1"
17325,"1237","1260","1","1"
17326,"1238","1261","2","1"
17327,"1239","1262","3","1"
17328,"1239","1262","3","1"
17329,"1239","1262","3","1"
17330,"1239","1262","3","1"
17331,"1240","1263","4","1"
17332,"1241","1264","5","1"
17333,"1242","1265","6","1"
17334,"1243","1266","7","1"
17335,"1244","1267","8","1"
17336,"1245","1268","9","1"
17337,"1246","1269","10","1"
17338,"1247","1270","11","1"
17339,"1248","1271","12","1"
17340,"1249","1272","13","1"
17341,"1249","1272","13","1"
17342,"1250","1273","14","1"
17343,"1250","1273","14","1"
17344,"1250","1273","14","1"
17345,"1251","1274","15","1"
17346,"1252","1275","16","1"
17347,"1253","1276","17","1"
17348,"1253","1276","17","1"
17349,"1253","1276","17","1"
17350,"1253","1276","17","1"
17351,"1254","1277","18","1"
17352,"1255","1278","19","1"
17353,"1256","1279","20","1"
17354,"1257","1280","21","1"
17355,"1258","1281","22","1"
17356,"1259","1282","23","1"
17357,"1260","1283","24","1"
17358,"1261","1284","25","1"
17359,"1262","1285","26","1"
17360,"1263","1286","0","1"
17361,"1263","1286","0","1"
17362,"1263","1286","0","1"
17363,"1263","1286","0","1"
17364,"1264","1287","1","1"
17365,"1265","1288","2","1"
17366,"1266","1289","3","1"
17367,"1267","1290","4","1"
17368,"1268","1291","5","1"
17369,"1269","1292","6","1"
17370,"1270","1293","7","1"
17371,"1271","1294","8","1"
17372,"1272","1295","9","1"
17373,"1273","1296","10","1"
17374,"1274","1297","11","1"
17375,"1275","1298","12","1"
17376,"1276","1299","13","1"
17377,"1277","1300","14","1"
17378,"1278","1301","15","1"
17379,"1279","1302","16","1"
17380,"1280","1303","17","1"
17381,"1281","1304","18","1"
17382,"1281","1304","18","1"
17383,"1281","1304","18","1"
17384,"1281","1304","18","1"
17385,"1281","1304","18","1"
17386,"1281","1304","18","1"
17387,"1282","1305","19","1"
17388,"1283","1306","20","1"
17389,"1284","1307","21","1"
17390,"1285","1308","22","1"
17391,"1286","1309","23","1"
17392,"1287","1310","24","1"
17393,"1288","1311","25","1"
17394,"1289","1312","26","1"
17395,"1289","1312","26","1"
17396,"1289","1312","26","1"
17397,"1290","1313","27","1"
17398,"1291","1314","28","1"
17399,"1292","1315","29","1"
17400,"1293","1316","30","1"
17401,"1294","1317","31","1"
17402,"1295","1318","32","1"
17403,"1296","1319","33","1"
17404,"1296","1319","33","1"
17405,"1296","1319","33","1"
17406,"1297","1320","34","1"
17407,"1298","1321","35","1"
17408,"1299","1322","36","1"
17409,"1300","1323","37","1"
17410,"1301","1324","38","1"
17411,"1302","1325","39","1"
17412,"1303","1326","40","1"
17413,"1304","1327","41","1"
17414,"1305","1328","42","1"
17415,"1306","1329","43","1"
17416,"1307","1330","44","1"
17417,"1308","1331","45","1"
17418,"1308","1331","45","1"
17419,"1309","1332","46","1"
17420,"1310","1333","47","1"
17421,"1311","1334","48","1"
17422,"1312","1335","49","1"
17423,"1313","1336","50","1"
17424,"1314","1337","51","1"
17425,"1315","1338","52","1"
17426,"1315","1338","52","1"
17427,"1315","1338","52","1"
17428,"1316","1339","53","1"
17429,"1317","1340","54","1"
17430,"1318","1341","55","1"
17431,"1319","1342","56","1"
17432,"1320","1343","57","1"
17433,"1321","1344","58","1"
17434,"1322","1345","59","1"
17435,"1322","1345","59","1"
17436,"1322","1345","59","1"
17437,"1323","1346","60","1"
17438,"1324","1347","61","1"
17439,"1325","1348","62","1"
17440,"1326","1349","63","1"
17441,"1327","1350","64","1"
17442,"1328","1351","65","1"
17443,"1329","1352","66","1"
17444,"1330","1353","67","1"
17445,"1331","1354","68","1"
17446,"1332","1355","69","1"
17447,"1333","1356","70","1"
17448,"1334","1357","71","1"
17449,"1335","1358","72","1"
17450,"1336","1359","0","1"
17451,"1336","1359","0","1"
17452,"1336","1359","0","1"
17454,"1336","1359","0","1"
17455,"1336","1359","0","1"
17456,"1336","1359","0","1"
17457,"1337","1360","1","1"
17458,"1338","1361","2","1"
17459,"1339","1362","3","1"
17460,"1340","1363","4","1"
17461,"1340","1363","4","1"
17462,"1340","1363","4","1"
17463,"1340","1363","4","1"
17464,"1340","1363","4","1"
17465,"1340","1363","4","1"
17466,"1340","1363","4","1"
17467,"1340","1363","4","1"
17468,"1340","1363","4","1"
17469,"1340","1363","4","1"
17470,"1341","1364","5","1"
17471,"1342","1365","6","1"
17472,"1343","1366","7","1"
17473,"1344","1367","8","1"
17474,"1345","1368","9","1"
17475,"1346","1369","10","1"
17476,"1347","1370","11","1"
17477,"1348","1371","12","1"
17478,"1349","1372","13","1"
17479,"1350","1373","14","1"
17480,"1351","1374","15","1"
17481,"1352","1375","16","1"
17482,"1352","1375","16","1"
17483,"1352","1375","16","1"
17484,"1352","1375","16","1"
17485,"1353","1376","17","1"
17486,"1354","1377","18","1"
17487,"1355","1378","19","1"
17488,"1356","1379","20","1"
17489,"1357","1380","21","1"
17490,"1358","1381","22","1"
17491,"1359","1382","23","1"
17492,"1360","1383","24","1"
17493,"1361","1384","25","1"
17494,"1362","1385","26","1"
17495,"1363","1386","27","1"
17496,"1364","1387","28","1"
17497,"1365","1388","29","1"
17498,"1365","1388","29","1"
17499,"1365","1388","29","1"
17500,"1365","1388","29","1"
17501,"1365","1388","29","1"
17502,"1365","1388","29","1"
17503,"1365","1388","29","1"
17504,"1365","1388","29","1"
17505,"1365","1388","29","1"
17506,"1365","1388","29","1"
17507,"1365","1388","29","1"
17508,"1365","1388","29","1"
17509,"1365","1388","29","1"
17510,"1365","1388","29","1"
17511,"1365","1388","29","1"
17512,"1365","1388","29","1"
17513,"1365","1388","29","1"
17514,"1365","1388","29","1"
17515,"1365","1388","29","1"
17516,"1365","1388","29","1"
17517,"1365","1388","29","1"
17518,"1365","1388","29","1"
17519,"1365","1388","29","1"
17520,"1365","1388","29","1"
17521,"1365","1388","29","1"
17522,"1365","1388","29","1"
17523,"1365","1388","29","1"
17524,"1365","1388","29","1"
17525,"1365","1388","0","1"
17526,"1365","1388","0","1"
17527,"1365","1388","0","1"
17528,"1365","1388","0","1"
17529,"1365","1388","0","1"
17530,"1366","1389","1","1"
17531,"1367","1390","2","1"
17532,"1368","1391","3","1"
17533,"1369","1392","4","1"
17534,"1370","1393","5","1"
17535,"1371","1394","6","1"
17536,"1372","1395","7","1"
17537,"1373","1396","8","1"
17538,"1374","1397","9","1"
17539,"1375","1398","10","1"
17540,"1376","1399","11","1"
17541,"1376","1399","11","1"
17542,"1376","1399","11","1"
17543,"1376","1399","11","1"
17544,"1376","1399","11","1"
17545,"1376","1399","11","1"
17546,"1376","1399","11","1"
17547,"1376","1399","11","1"
17548,"1376","1399","11","1"
17549,"1376","1399","11","1"
17550,"1376","1399","11","1"
17551,"1376","1399","11","1"
17552,"1376","1399","11","1"
17553,"1376","1399","11","1"
17554,"1376","1399","11","1"
17555,"1376","1399","11","1"
17556,"1376","1399","11","1"
17557,"1376","1399","11","1"
17558,"1376","1399","11","1"
17559,"1376","1399","11","1"
17560,"1376","1399","11","1"
17561,"1376","1399","11","1"
17562,"1376","1399","11","1"
17563,"1376","1399","11","1"
17564,"1376","1399","11","1"
17565,"1376","1399","11","1"
17566,"1376","1399","11","1"
17567,"1376","1399","11","1"
17568,"1376","1399","11","1"
17569,"1376","1399","11","1"
17570,"1376","1399","11","1"
17571,"1376","1399","11","1"
17572,"1376","1399","11","1"
17573,"1376","1399","11","1"
17574,"1376","1399","11","1"
17575,"1376","1399","11","1"
17576,"1376","1399","11","1"
17577,"1376","1399","11","1"
17578,"1377","1400","12","1"
17579,"1378","1401","13","1"
17580,"1379","1402","14","1"
17581,"1380","1403","15","1"
17582,"1381","1404","16","1"
17583,"1382","1405","17","1"
17584,"1383","1406","18","1"
17585,"1384","1407","19","1"
17586,"1385","1408","20","1"
17587,"1386","1409","21","1"
17588,"1387","1410","22","1"
17589,"1388","1411","23","1"
17590,"1389","1412","24","1"
17591,"1389","1412","24","1"
17592,"1389","1412","24","1"
17593,"1389","1412","24","1"
17594,"1389","1412","24","1"
17595,"1389","1412","24","1"
17596,"1389","1412","24","1"
17597,"1389","1412","24","1"
17598,"1389","1412","24","1"
17599,"1389","1412","24","1"
17600,"1389","1412","24","1"
17601,"1389","1412","24","1"
17602,"1389","1412","24","1"
17603,"1389","1412","24","1"
17604,"1389","1412","24","1"
17605,"1390","1413","25","1"
17606,"1391","1414","26","1"
17607,"1392","1415","27","1"
17608,"1393","1416","28","1"
17609,"1394","1417","29","1"
17610,"1395","1418","30","1"
17611,"1395","1418","30","1"
17612,"1395","1418","30","1"
17613,"1395","1418","30","1"
17614,"1395","1418","30","1"
17615,"1395","1418","30","1"
17616,"1395","1418","30","1"
17617,"1396","1419","31","1"
17618,"1397","1420","32","1"
17619,"1397","1420","32","1"
17620,"1397","1420","32","1"
17621,"1397","1420","32","1"
17622,"1398","1421","33","1"
17623,"1398","1421","33","1"
17624,"1398","1421","33","1"
17625,"1398","1421","33","1"
17626,"1399","1422","34","1"
17627,"1400","1423","35","1"
17628,"1401","1424","36","1"
17629,"1402","1425","37","1"
17630,"1403","1426","38","1"
17631,"1404","1427","39","1"
17632,"1405","1428","40","1"
17633,"1406","1429","41","1"
17634,"1407","1430","42","1"
17635,"1408","1431","43","1"
17636,"1409","1432","44","1"
17637,"1410","1433","45","1"
17638,"1411","1434","46","1"
17639,"1412","1435","47","1"
17640,"1413","1436","48","1"
17641,"1414","1437","49","1"
17642,"1415","1438","50","1"
17643,"1416","1439","51","1"
17644,"1417","1440","52","1"
17645,"1417","1440","52","1"
17646,"1417","1440","52","1"
17647,"1417","1440","52","1"
17648,"1418","1441","53","1"
17649,"1419","1442","54","1"
17650,"1420","1443","55","1"
17651,"1420","1443","55","1"
17652,"1420","1443","55","1"
17653,"1420","1443","55","1"
17654,"1420","1443","55","1"
17655,"1420","1443","55","1"
17656,"1420","1443","0","1"
17657,"1420","1443","0","1"
17658,"1420","1443","0","1"
17659,"1421","1444","1","1"
17660,"1422","1445","2","1"
17661,"1423","1446","3","1"
17662,"1424","1447","4","1"
17663,"1425","1448","5","1"
17664,"1426","1449","6","1"
17665,"1426","1449","6","1"
17666,"1426","1449","6","1"
17667,"1426","1449","6","1"
17668,"1426","1449","6","1"
17669,"1426","1449","6","1"
17670,"1426","1449","6","1"
17671,"1426","1449","6","1"
17672,"1426","1449","6","1"
17673,"1426","1449","6","1"
17674,"1427","1450","7","1"
17675,"1428","1451","8","1"
17676,"1429","1452","9","1"
17677,"1430","1453","10","1"
17678,"1431","1454","11","1"
17679,"1432","1455","12","1"
17680,"1433","1456","13","1"
17681,"1434","1457","14","1"
17682,"1435","1458","15","1"
17683,"1435","1458","15","1"
17684,"1436","1459","16","1"
17685,"1436","1459","16","1"
17686,"1436","1459","16","1"
17687,"1437","1460","17","1"
17688,"1438","1461","18","1"
17689,"1439","1462","19","1"
17690,"1440","1463","20","1"
17691,"1440","1463","20","1"
17692,"1440","1463","20","1"
17693,"1440","1463","20","1"
17694,"1440","1463","20","1"
17695,"1440","1463","20","1"
17696,"1440","1463","20","1"
17697,"1440","1463","20","1"
17698,"1440","1463","20","1"
17699,"1440","1463","20","1"
17700,"1441","1464","21","1"
17701,"1442","1465","22","1"
17702,"1443","1466","23","1"
17703,"1444","1467","24","1"
17704,"1444","1467","24","1"
17705,"1444","1467","24","1"
17706,"1444","1467","24","1"
17707,"1444","1467","24","1"
17708,"1444","1467","0","1"
17709,"1444","1467","0","1"
17710,"1444","1467","0","1"
17711,"1444","1467","0","1"
17712,"1444","1467","0","1"
17713,"1444","1467","0","1"
17714,"1445","1468","1","1"
17715,"1446","1469","2","1"
17716,"1447","1470","3","1"
17717,"1448","1471","4","1"
17718,"1449","1472","5","1"
17719,"1450","1473","6","1"
17720,"1451","1474","7","1"
17721,"1452","1475","8","1"
17722,"1453","1476","9","1"
17723,"1454","1477","10","1"
17724,"1455","1478","11","1"
17725,"1456","1479","12","1"
17726,"1456","1479","12","1"
17727,"1456","1479","12","1"
17728,"1457","1480","13","1"
17729,"1458","1481","14","1"
17730,"1459","1482","15","1"
17731,"1460","1483","16","1"
17732,"1461","1484","17","1"
17733,"1462","1485","18","1"
17734,"1463","1486","19","1"
17735,"1464","1487","0","1"
17736,"1464","1487","0","1"
17737,"1464","1487","0","1"
17738,"1464","1487","0","1"
17739,"1465","1488","1","1"
17740,"1466","1489","2","1"
17741,"1467","1490","3","1"
17742,"1468","1491","4","1"
17743,"1469","1492","5","1"
17744,"1470","1493","6","1"
17745,"1471","1494","7","1"
17746,"1472","1495","8","1"
17747,"1472","1495","8","1"
17748,"1472","1495","8","1"
17749,"1472","1495","8","1"
17750,"1472","1495","8","1"
17751,"1472","1495","8","1"
17752,"1473","1496","9","1"
17753,"1474","1497","10","1"
17754,"1475","1498","11","1"
17755,"1476","1499","12","1"
17756,"1477","1500","13","1"
17757,"1478","0","14","1"
17758,"1478","0","14","1"
17759,"1478","0","14","1"
17760,"1478","0","14","1"
17761,"1478","0","14","1"
17762,"1478","0","14","1"
17763,"1478","0","14","1"
17764,"1478","0","0","1"
17765,"1479","1","1","1"
17766,"1480","2","2","1"
17767,"1481","3","3","1"
17768,"1482","4","4","1"
17769,"1483","5","5","1"
17770,"1483","5","5","1"
17771,"1483","5","5","1"
17772,"1484","6","6","1"
17773,"1484","6","6","1"
17774,"1485","7","7","1"
17775,"1486","8","8","1"
17776,"1487","9","9","1"
17777,"1488","10","10","1"
17778,"1489","11","11","1"
17779,"1490","12","12","1"
17780,"1491","13","13","1"
17781,"1492","14","14","1"
17782,"1493","15","15","1"
17783,"1494","16","16","1"
17784,"1495","17","17","1"
17785,"1496","18","18","1"
17786,"1497","19","19","1"
17787,"1498","20","20","1"
17788,"1498","20","20","1"
17789,"1498","20","20","1"
17790,"1499","21","21","1"
17791,"1500","22","22","1"
17792,"1501","23","23","1"
17793,"1502","24","24","1"
17794,"1503","25","25","1"
17795,"1504","26","26","1"
17796,"1505","27","27","1"
17797,"1506","28","28","1"
17798,"1507","29","29","1"
17799,"1508","30","30","1"
17800,"1509","31","31","1"
17801,"1510","32","32","1"
17802,"1511","33","33","1"
17803,"1512","34","34","1"
17804,"1512","34","34","1"
17805,"1512","34","34","1"
17806,"1512","34","34","1"
17807,"1513","35","35","1"
17808,"1514","36","36","1"
17809,"1515","37","37","1"
17810,"1516","38","38","1"
17811,"1517","39","39","1"
17812,"1518","40","40","1"
17813,"1519","41","41","1"
17814,"1520","42","42","1"
17815,"1521","43","43","1"
17816,"1522","44","44","1"
17817,"1523","45","45","1"
17818,"1524","46","46","1"
17819,"1525","47","47","1"
17820,"1526","48","48","1"
17821,"1527","49","49","1"
17822,"1528","50","50","1"
17823,"1529","51","51","1"
17824,"1530","52","52","1"
17825,"1531","53","53","1"
17826,"1532","54","54","1"
17827,"1533","55","55","1"
17828,"1534","56","56","1"
17829,"1535","57","57","1"
17830,"1536","58","58","1"
17831,"1537","59","59","1"
17832,"1538","60","60","1"
17833,"1539","61","61","1"
17834,"1540","62","62","1"
17835,"1541","63","63","1"
17836,"1542","64","64","1"
17837,"1543","0","65","1"
17838,"1543","0","65","1"
17839,"1543","0","65","1"
17840,"1543","0","0","1"
17841,"1543","0","0","1"
17842,"1543","0","0","1"
17843,"1543","0","0","1"
17844,"1543","0","0","1"
17845,"1543","0","0","1"
17846,"1543","0","0","1"
17847,"1543","0","0","1"
17848,"1543","0","0","1"
17849,"1543","0","0","1"
17850,"1543","0","0","1"
17851,"1543","0","0","1"
17852,"1543","0","0","1"
17853,"1543","0","0","1"
17854,"1543","0","0","1"
17855,"1543","0","0","1"
17856,"1544","1","1","1"
17857,"1545","2","2","1"
17858,"1546","3","3","1"
17859,"1547","4","4","1"
17860,"1548","5","5","1"
17861,"1549","6","6","1"
17862,"1550","7","7","1"
17863,"1551","8","8","1"
17864,"1552","9","9","1"
17865,"1553","10","10","1"
17866,"1553","10","10","1"
17867,"1553","10","10","1"
17868,"1553","10","10","1"
17869,"1553","10","10","1"
17870,"1553","10","10","1"
17871,"1553","10","10","1"
17872,"1554","11","11","1"
17873,"1554","11","11","1"
17874,"1554","11","11","1"
17875,"1555","12","12","1"
17876,"1556","13","13","1"
17877,"1557","14","14","1"
17878,"1558","15","15","1"
17879,"1559","16","16","1"
17880,"1560","17","17","1"
17881,"1561","18","18","1"
17882,"1562","19","19","1"
17883,"1563","20","20","1"
17884,"1564","21","21","1"
17885,"1565","22","22","1"
17886,"1566","23","23","1"
17887,"1567","24","24","1"
17888,"1568","25","25","1"
17889,"1569","26","26","1"
17890,"1570","27","0","1"
17891,"1570","27","0","1"
17892,"1570","27","0","1"
17893,"1570","27","0","1"
17894,"1570","27","0","1"
17895,"1570","27","0","1"
17896,"1570","27","0","1"
17897,"1570","27","0","1"
17898,"1570","27","0","1"
17899,"1570","27","0","1"
17900,"1570","27","0","1"
17901,"1570","27","0","1"
17902,"1570","27","0","1"
17903,"1571","28","1","1"
17904,"1572","29","2","1"
17905,"1573","30","3","1"
17906,"1574","31","4","1"
17907,"1575","32","5","1"
17908,"1575","32","5","1"
17909,"1575","32","5","1"
17910,"1576","33","6","1"
17911,"1577","34","7","1"
17912,"1577","34","7","1"
17913,"1577","34","7","1"
17914,"1577","34","7","1"
17915,"1577","34","7","1"
17916,"1577","34","7","1"
17917,"1577","34","7","1"
17918,"1577","34","7","1"
17919,"1577","34","7","1"
17920,"1577","34","7","1"
17921,"1577","34","7","1"
17922,"1577","34","7","1"
17923,"1577","34","7","1"
17924,"1577","34","7","1"
17925,"1577","34","7","1"
17926,"1577","34","7","1"
17927,"1577","34","7","1"
17928,"1577","34","7","1"
17929,"1577","34","7","1"
17930,"1577","34","7","1"
17931,"1577","34","7","1"
17932,"1577","34","7","1"
17933,"1577","34","7","1"
17934,"1577","34","7","1"
17935,"1577","34","7","1"
17936,"1577","34","7","1"
17937,"1577","34","7","1"
17938,"1577","34","7","1"
17939,"1577","34","7","1"
17940,"1577","34","7","1"
17941,"1577","34","7","1"
17942,"1577","34","7","1"
17943,"1577","34","7","1"
17944,"1577","34","7","1"
17945,"1577","34","7","1"
17946,"1577","34","7","1"
17947,"1577","34","7","1"
17948,"1577","34","7","1"
17949,"1577","34","7","1"
17950,"1577","34","7","1"
17951,"1577","34","7","1"
17952,"1577","34","7","1"
17953,"1577","34","7","1"
17954,"1577","34","7","1"
17955,"1577","34","7","1"
17956,"1577","34","7","1"
17957,"1577","34","7","1"
17958,"1577","34","7","1"
17959,"1577","34","7","1"
17960,"1577","34","7","1"
17961,"1577","34","7","1"
17962,"1577","34","7","1"
17963,"1578","35","8","1"
17964,"1579","36","9","1"
17965,"1580","37","10","1"
17966,"1581","38","11","1"
17967,"1582","39","12","1"
17968,"1583","40","13","1"
17969,"1584","41","14","1"
17970,"1585","42","15","1"
17971,"1586","43","16","1"
17972,"1587","44","17","1"
17973,"1588","45","18","1"
17974,"1589","46","19","1"
17975,"1590","47","20","1"
17976,"1591","48","21","1"
17977,"1592","49","22","1"
17978,"1592","49","22","1"
17979,"1592","49","22","1"
17980,"1592","49","22","1"
17981,"1592","49","22","1"
17982,"1592","49","22","1"
17983,"1592","49","22","1"
17984,"1592","49","22","1"
17985,"1592","49","22","1"
17986,"1592","49","22","1"
17987,"1592","49","22","1"
17988,"1592","49","22","1"
17989,"1592","49","22","1"
17990,"1592","49","22","1"
17991,"1592","49","22","1"
17992,"1593","50","23","1"
17993,"1594","51","24","1"
17994,"1595","52","25","1"
17995,"1596","53","26","1"
17996,"1597","54","27","1"
17997,"1598","55","28","1"
17998,"1599","56","29","1"
17999,"1600","57","30","1"
18000,"1601","58","31","1"
18001,"1602","59","32","1"
18002,"1603","60","33","1"
18003,"1604","61","34","1"
18004,"1605","62","35","1"
18005,"1606","63","36","1"
18006,"1607","64","37","1"
18007,"1608","65","38","1"
18008,"1609","66","39","1"
18009,"1610","67","40","1"
18010,"1611","68","41","1"
18011,"1612","0","42","1"
18012,"1612","0","0","1"
18013,"1612","0","0","1"
18014,"1612","0","0","1"
18015,"1613","1","1","1"
18016,"1614","2","2","1"
18017,"1615","3","3","1"
18018,"1616","4","4","1"
18019,"1617","5","5","1"
18020,"1618","6","6","1"
18021,"1618","6","6","1"
18022,"1618","6","6","1"
18023,"1619","7","7","1"
18024,"1620","8","8","1"
18025,"1621","9","9","1"
18026,"1622","10","10","1"
18027,"1623","11","11","1"
18028,"1624","12","12","1"
18029,"1625","13","13","1"
18030,"1625","13","13","1"
18031,"1625","13","13","1"
18032,"1626","14","14","1"
18033,"1627","15","15","1"
18034,"1628","16","16","1"
18035,"1628","16","16","1"
18036,"1628","16","16","1"
18037,"1628","16","16","1"
18038,"1628","16","16","1"
18039,"1628","16","16","1"
18040,"1628","16","16","1"
18041,"1628","16","16","1"
18042,"1628","16","16","1"
18043,"1628","16","16","1"
18044,"1628","16","16","1"
18045,"1629","17","17","1"
18046,"1630","18","18","1"
18047,"1630","18","18","1"
18048,"1631","19","19","1"
18049,"1632","20","20","1"
18050,"1633","21","21","1"
18051,"1634","22","22","1"
18052,"1634","22","22","1"
18053,"1634","22","22","1"
18054,"1634","22","22","1"
18055,"1634","22","22","1"
18056,"1634","22","22","1"
18057,"1634","22","22","1"
18058,"1634","22","22","1"
18059,"1634","22","22","1"
18060,"1634","22","22","1"
18061,"1634","22","22","1"
18062,"1634","22","22","1"
18063,"1635","23","23","1"
18064,"1636","24","24","1"
18065,"1637","25","25","1"
18066,"1638","26","26","1"
18067,"1638","26","26","1"
18068,"1638","26","26","1"
18069,"1638","26","26","1"
18070,"1638","26","26","1"
18071,"1638","26","26","1"
18072,"1638","26","26","1"
18073,"1638","26","26","1"
18074,"1638","26","26","1"
18075,"1638","26","26","1"
18076,"1638","26","26","1"
18077,"1638","26","26","1"
18078,"1638","26","26","1"
18079,"1639","27","27","1"
18080,"1640","28","28","1"
18081,"1641","29","29","1"
18082,"1642","30","30","1"
18083,"1643","31","31","1"
18084,"1644","32","32","1"
18085,"1644","32","32","1"
18086,"1644","32","32","1"
18087,"1644","32","32","1"
18088,"1644","32","32","1"
18089,"1644","32","32","1"
18090,"1644","32","32","1"
18091,"1644","32","32","1"
18092,"1644","32","32","1"
18093,"1644","32","32","1"
18094,"1644","32","32","1"
18095,"1644","32","32","1"
18096,"1644","32","32","1"
18097,"1644","32","32","1"
18098,"1644","32","32","1"
18099,"1644","32","32","1"
18100,"1644","32","32","1"
18101,"1644","32","32","1"
18102,"1644","32","32","1"
18103,"1644","32","32","1"
18104,"1644","32","32","1"
18105,"1644","32","32","1"
18106,"1644","32","32","1"
18107,"1644","32","32","1"
18108,"1644","32","32","1"
18109,"1644","32","32","1"
18110,"1644","32","32","1"
18111,"1644","32","32","1"
18112,"1644","32","32","1"
18113,"1644","32","32","1"
18114,"1644","32","32","1"
18115,"1644","32","32","1"
18116,"1644","32","32","1"
18117,"1645","33","33","1"
18118,"1645","33","33","1"
18119,"1645","33","33","1"
18120,"1646","34","34","1"
18121,"1647","35","35","1"
18122,"1648","36","36","1"
18123,"1649","37","37","1"
18124,"1650","38","38","1"
18125,"1651","39","39","1"
18126,"1652","40","40","1"
18127,"1652","40","40","1"
18128,"1653","41","41","1"
18129,"1654","42","42","1"
18130,"1654","42","42","1"
18131,"1654","42","42","1"
18132,"1655","43","43","1"
18133,"1656","44","44","1"
18134,"1657","45","45","1"
18135,"1658","46","46","1"
18136,"1659","47","47","1"
18137,"1660","48","48","1"
18138,"0","49","49","1"
18139,"0","49","49","1"
18140,"0","0","49","1"
18141,"0","0","49","1"
18142,"0","0","49","1"
18143,"0","0","49","1"
18144,"0","0","0","1"
18145,"0","0","0","1"
18146,"0","0","0","1"
18147,"1","1","1","1"
18148,"2","2","2","1"
18149,"3","3","3","1"
18150,"4","4","4","1"
18151,"5","5","5","1"
18152,"6","6","6","1"
18153,"7","7","7","1"
18154,"8","8","8","1"
18155,"8","8","8","1"
18156,"8","8","8","1"
18157,"9","9","9","1"
18158,"9","9","9","1"
18159,"10","10","10","1"
18160,"11","11","11","1"
18161,"12","12","12","1"
18162,"13","13","13","1"
18163,"14","14","14","1"
18164,"15","15","15","1"
18165,"16","16","16","1"
18166,"17","17","17","1"
18167,"18","18","18","1"
18168,"19","19","19","1"
18169,"20","20","20","1"
18170,"20","20","20","1"
18171,"20","20","20","1"
18172,"21","21","21","1"
18173,"22","22","22","1"
18174,"23","23","23","1"
18175,"24","24","24","1"
18176,"25","25","25","1"
18177,"25","25","25","1"
18178,"25","25","25","1"
18179,"26","26","26","1"
18180,"27","27","27","1"
18181,"28","28","28","1"
18182,"29","29","29","1"
18183,"30","30","30","1"
18184,"30","30","30","1"
18185,"30","30","30","1"
18186,"31","31","31","1"
18187,"32","32","32","1"
18188,"33","33","33","1"
18189,"34","34","34","1"
18190,"35","35","35","1"
18191,"36","36","36","1"
18192,"37","37","37","1"
18193,"38","38","38","1"
18194,"39","39","39","1"
18195,"39","39","39","1"
18196,"39","39","39","1"
18197,"40","40","40","1"
18198,"41","41","41","1"
18199,"42","42","42","1"
18200,"43","43","43","1"
18201,"44","44","44","1"
18202,"45","45","45","1"
18203,"46","46","46","1"
18204,"47","47","47","1"
18205,"48","48","48","1"
18206,"49","49","49","1"
18207,"50","50","50","1"
18208,"51","51","51","1"
18209,"52","52","52","1"
18210,"53","53","53","1"
18211,"54","54","54","1"
18212,"55","55","55","1"
18213,"56","56","56","1"
18214,"57","57","57","1"
18215,"58","58","58","1"
18216,"58","58","58","1"
18217,"58","58","58","1"
18218,"59","59","59","1"
18219,"60","60","60","1"
18220,"61","61","61","1"
18221,"62","62","62","1"
18222,"63","63","63","1"
18223,"64","64","64","1"
18224,"64","64","64","1"
18225,"64","64","64","1"
18226,"64","64","64","1"
18227,"64","64","64","1"
18228,"64","64","64","1"
18229,"64","64","64","1"
18230,"64","64","64","1"
18231,"64","64","64","1"
18232,"64","64","64","1"
18233,"65","65","65","1"
18234,"65","65","65","1"
18235,"66","66","66","1"
18236,"67","67","67","1"
18237,"68","68","68","1"
18238,"69","69","69","1"
18239,"70","70","70","1"
18240,"71","71","71","1"
18241,"72","72","72","1"
18242,"73","73","73","1"
18243,"74","74","74","1"
18244,"75","75","75","1"
18245,"76","76","76","1"
18246,"77","77","77","1"
18247,"77","77","77","1"
18248,"77","77","77","1"
18249,"77","77","77","1"
18250,"77","77","77","1"
18251,"77","77","77","1"
18252,"77","77","77","1"
18253,"77","77","77","1"
18254,"77","77","77","1"
18255,"77","77","77","1"
18256,"78","78","78","1"
18257,"79","79","79","1"
18258,"80","80","80","1"
18259,"81","81","81","1"
18260,"82","82","82","1"
18261,"83","83","83","1"
18262,"84","84","84","1"
18263,"85","85","85","1"
18264,"86","86","86","1"
18265,"87","87","87","1"
18266,"88","88","88","1"
18267,"89","89","89","1"
18268,"89","89","89","1"
18269,"89","89","89","1"
18270,"90","90","90","1"
18271,"91","91","91","1"
18272,"92","92","92","1"
18273,"93","93","93","1"
18274,"94","94","94","1"
18275,"95","95","95","1"
18276,"96","96","96","1"
18277,"97","97","97","1"
18278,"98","98","98","1"
18279,"99","99","99","1"
18280,"100","100","100","1"
18281,"101","101","101","1"
18282,"102","102","102","1"
18283,"103","103","103","1"
18284,"104","104","104","1"
18285,"104","104","104","1"
18286,"104","104","104","1"
18287,"104","104","104","1"
18288,"104","104","104","1"
18289,"105","105","105","1"
18290,"106","106","106","1"
18291,"107","107","107","1"
18292,"108","108","108","1"
18293,"109","109","109","1"
18294,"110","110","110","1"
18295,"111","111","111","1"
18296,"111","111","111","1"
18297,"111","111","111","1"
18298,"111","111","111","1"
18299,"111","111","111","1"
18300,"112","112","112","1"
18301,"113","113","113","1"
18302,"114","114","114","1"
18303,"115","115","115","1"
18304,"116","116","116","1"
18305,"117","117","117","1"
18306,"118","118","118","1"
18307,"119","119","119","1"
18308,"120","120","120","1"
18309,"120","120","120","1"
18310,"120","120","120","1"
18311,"120","120","120","1"
18312,"121","121","121","1"
18313,"122","122","122","1"
18314,"123","123","123","1"
18315,"124","124","124","1"
18316,"125","125","125","1"
18317,"126","126","126","1"
18318,"127","127","127","1"
18319,"127","127","127","1"
18320,"127","127","127","1"
18321,"127","127","127","1"
18322,"127","127","127","1"
18323,"127","127","127","1"
18324,"127","127","127","1"
18325,"127","127","127","1"
18326,"127","127","127","1"
18327,"127","127","127","1"
18328,"127","127","127","1"
18329,"127","127","127","1"
18330,"127","127","127","1"
18331,"127","127","127","1"
18332,"127","127","127","1"
18333,"127","127","127","1"
18334,"127","127","127","1"
18335,"127","127","127","1"
18336,"127","127","127","1"
18337,"127","127","127","1"
18338,"127","127","127","1"
18339,"127","127","127","1"
18340,"127","127","127","1"
18341,"127","127","127","1"
18342,"127","127","127","1"
18343,"127","127","127","1"
18344,"127","127","127","1"
18345,"127","127","127","1"
18346,"127","127","127","1"
18347,"127","127","127","1"
18348,"127","127","127","1"
18349,"127","127","127","1"
18350,"127","127","127","1"
18351,"127","127","127","1"
18352,"127","127","127","1"
18353,"127","127","127","1"
18354,"127","127","127","1"
18355,"127","127","127","1"
18356,"127","127","127","1"
18357,"127","127","127","1"
18358,"127","127","127","1"
18359,"128","128","128","1"
18360,"129","129","129","1"
18361,"130","130","130","1"
18362,"131","131","131","1"
18363,"132","132","132","1"
18364,"133","133","133","1"
18365,"134","134","134","1"
18366,"135","135","135","1"
18367,"136","136","136","1"
18368,"137","137","137","1"
18369,"138","138","138","1"
18370,"139","139","139","1"
18371,"140","140","140","1"
18372,"141","141","141","1"
18373,"142","142","142","1"
18374,"143","143","143","1"
18375,"144","0","0","1"
18376,"144","0","0","1"
18377,"144","0","0","1"
18378,"144","0","0","1"
18379,"145","1","1","1"
18380,"145","1","1","1"
18381,"146","2","2","1"
18382,"146","2","2","1"
18383,"147","3","3","1"
18384,"147","3","3","1"
18385,"148","4","4","1"
18386,"148","4","4","1"
18387,"149","5","5","1"
18388,"149","5","5","1"
18389,"149","5","5","1"
18390,"150","6","6","1"
18391,"151","7","7","1"
18392,"151","7","7","1"
18393,"152","8","8","1"
18394,"152","8","8","1"
18395,"153","9","9","1"
18396,"153","9","9","1"
18397,"154","10","10","1"
18398,"154","10","10","1"
18399,"155","11","11","1"
18400,"155","11","11","1"
18401,"155","11","11","1"
18402,"155","11","11","1"
18403,"155","11","11","1"
18404,"156","12","12","1"
18405,"156","12","12","1"
18406,"157","13","13","1"
18407,"157","13","13","1"
18408,"158","14","14","1"
18409,"158","14","14","1"
18410,"159","15","15","1"
18411,"159","15","15","1"
18412,"160","16","16","1"
18413,"160","16","16","1"
18414,"161","0","0","1"
18415,"161","0","0","1"
18416,"161","0","0","1"
18417,"161","0","0","1"
18418,"162","1","1","1"
18419,"163","2","2","1"
18420,"163","2","2","1"
18421,"163","2","2","1"
18422,"163","2","2","1"
18423,"163","2","2","1"
18424,"163","2","2","1"
18425,"163","2","2","1"
18426,"164","3","3","1"
18427,"164","3","3","1"
18428,"164","3","3","1"
18429,"165","4","4","1"
18430,"165","4","4","1"
18431,"165","4","4","1"
18432,"166","5","5","1"
18433,"166","5","5","1"
18434,"167","6","6","1"
18435,"168","7","7","1"
18436,"169","8","8","1"
18437,"170","9","9","1"
18438,"171","10","10","1"
18439,"172","11","11","1"
18440,"172","11","11","1"
18441,"172","11","11","1"
18442,"172","11","11","1"
18443,"172","11","11","1"
18444,"173","12","12","1"
18445,"173","12","12","1"
18446,"174","13","13","1"
18447,"174","13","13","1"
18448,"175","14","14","1"
18449,"175","14","14","1"
18450,"176","15","15","1"
18451,"176","15","15","1"
18452,"177","16","16","1"
18453,"178","17","17","1"
18454,"178","17","17","1"
18455,"178","17","17","1"
18456,"178","17","17","1"
18457,"179","18","18","1"
18458,"179","18","18","1"
18459,"179","18","18","1"
18460,"180","19","19","1"
18461,"180","19","19","1"
18462,"181","20","20","1"
18463,"181","20","20","1"
18464,"181","20","20","1"
18465,"182","21","21","1"
18466,"182","21","21","1"
18467,"183","22","22","1"
18468,"183","22","22","1"
18469,"184","23","23","1"
18470,"184","23","23","1"
18471,"185","24","24","1"
18472,"185","24","24","1"
18473,"185","24","24","1"
18474,"185","24","24","1"
18475,"185","24","24","1"
18476,"185","24","24","1"
18477,"185","24","24","1"
18478,"185","24","24","1"
18479,"186","25","25","1"
18480,"187","26","26","1"
18481,"188","27","27","1"
18482,"189","28","28","1"
18483,"189","28","28","1"
18484,"190","29","29","1"
18485,"190","29","29","1"
18486,"190","0","0","1"
18487,"190","0","0","1"
18488,"190","0","0","1"
18489,"190","0","0","1"
18490,"190","0","0","1"
18491,"190","0","0","1"
18492,"190","0","0","1"
18493,"191","1","1","1"
18494,"191","1","1","1"
18495,"192","2","2","1"
18496,"192","2","2","1"
18497,"192","2","2","1"
18498,"193","3","3","1"
18499,"193","3","3","1"
18500,"193","3","3","1"
18501,"194","4","4","1"
18502,"194","4","4","1"
18503,"194","4","4","1"
18504,"195","5","5","1"
18505,"195","5","5","1"
18506,"195","5","5","1"
18507,"195","5","5","1"
18508,"196","6","6","1"
18509,"197","7","7","1"
18510,"197","7","7","1"
18511,"198","8","8","1"
18512,"198","8","8","1"
18513,"199","9","9","1"
18514,"199","9","9","1"
18515,"199","9","9","1"
18516,"199","9","9","1"
18517,"199","0","0","1"
18518,"199","0","0","1"
18519,"199","0","0","1"
18520,"199","0","0","1"
18521,"199","0","0","1"
18522,"199","0","0","1"
18523,"199","0","0","1"
18524,"200","1","1","1"
18525,"200","1","1","1"
18526,"200","1","1","1"
18527,"200","1","1","1"
18528,"200","1","1","1"
18529,"200","1","1","1"
18530,"200","1","1","1"
18531,"200","1","1","1"
18532,"201","2","2","1"
18533,"202","3","3","1"
18534,"202","3","3","1"
18535,"202","3","3","1"
18536,"203","4","4","1"
18537,"204","5","5","1"
18538,"205","6","6","1"
18539,"206","7","7","1"
18540,"207","8","8","1"
18541,"208","9","9","1"
18542,"208","9","9","1"
18543,"208","9","9","1"
18544,"208","9","9","1"
18545,"208","9","9","1"
18546,"208","9","9","1"
18547,"208","9","9","1"
18548,"209","10","10","1"
18549,"210","11","11","1"
18550,"211","12","12","1"
18551,"211","12","12","1"
18552,"211","12","12","1"
18553,"212","13","13","1"
18554,"213","14","14","1"
18555,"214","15","15","1"
18556,"215","16","16","1"
18557,"216","17","17","1"
18558,"217","18","18","1"
18559,"217","18","18","1"
18560,"218","19","19","1"
18561,"219","20","20","1"
18562,"220","21","21","1"
18563,"220","21","21","1"
18564,"220","21","21","1"
18565,"221","22","22","1"
18566,"222","23","23","1"
18567,"223","24","24","1"
18568,"224","25","25","1"
18569,"225","26","26","1"
18570,"226","27","27","1"
18571,"227","28","28","1"
18572,"228","29","29","1"
18573,"229","30","30","1"
18574,"229","30","30","1"
18575,"230","31","31","1"
18576,"231","32","32","1"
18577,"232","33","33","1"
18578,"233","34","34","1"
18579,"234","35","35","1"
18580,"235","36","36","1"
18581,"236","0","0","1"
18582,"236","0","0","1"
18583,"236","0","0","1"
18584,"236","0","0","1"
18585,"237","1","1","1"
18586,"238","2","2","1"
18587,"239","3","3","1"
18588,"239","3","3","1"
18589,"239","3","3","1"
18590,"239","3","3","1"
18591,"239","3","3","1"
18592,"239","3","3","1"
18593,"239","3","3","1"
18594,"240","4","4","1"
18595,"241","5","5","1"
18596,"242","6","6","1"
18597,"243","7","7","1"
18598,"243","7","7","1"
18599,"243","7","7","1"
18600,"244","8","8","1"
18601,"245","9","9","1"
18602,"246","10","10","1"
18603,"246","10","10","1"
18604,"246","10","10","1"
18605,"247","11","11","1"
18606,"248","12","12","1"
18607,"249","13","13","1"
18608,"250","14","14","1"
18609,"251","15","15","1"
18610,"252","16","16","1"
18611,"253","17","17","1"
18612,"254","18","18","1"
18613,"255","19","19","1"
18614,"256","20","20","1"
18615,"256","20","20","1"
18616,"256","20","20","1"
18617,"256","20","20","1"
18618,"257","21","21","1"
18619,"258","22","22","1"
18620,"259","23","23","1"
18621,"259","23","23","1"
18622,"259","23","23","1"
18623,"259","23","23","1"
18624,"260","24","24","1"
18625,"261","25","25","1"
18626,"262","26","26","1"
18627,"262","26","26","1"
18628,"262","26","26","1"
18629,"262","26","26","1"
18630,"262","26","26","1"
18631,"262","26","26","1"
18632,"262","26","26","1"
18633,"262","26","26","1"
18634,"262","26","26","1"
18635,"262","26","26","1"
18636,"262","26","26","1"
18637,"262","26","26","1"
18638,"262","26","26","1"
18639,"262","26","26","1"
18640,"262","26","26","1"
18641,"262","26","26","1"
18642,"262","26","26","1"
18643,"262","0","0","1"
18644,"262","0","0","1"
18645,"262","0","0","1"
18646,"262","0","0","1"
18647,"262","0","0","1"
18648,"262","0","0","1"
18649,"262","0","0","1"
18650,"262","0","0","1"
18651,"262","0","0","1"
18652,"262","0","0","1"
18653,"262","0","0","1"
18654,"262","0","0","1"
18655,"262","0","0","1"
18656,"262","0","0","1"
18657,"262","0","0","1"
18658,"262","0","0","1"
18659,"263","1","1","1"
18660,"263","1","1","1"
18661,"264","2","2","1"
18662,"264","2","2","1"
18663,"265","3","3","1"
18664,"266","4","4","1"
18665,"267","5","5","1"
18666,"268","6","6","1"
18667,"269","7","7","1"
18668,"270","8","8","1"
18669,"271","9","9","1"
18670,"272","10","10","1"
18671,"272","0","0","1"
18672,"272","0","0","1"
18673,"272","0","0","1"
18674,"272","0","0","1"
18675,"272","0","0","1"
18676,"272","0","0","1"
18677,"272","0","0","1"
18678,"272","0","0","1"
18679,"272","0","0","1"
18680,"272","0","0","1"
18681,"273","1","1","1"
18682,"274","2","2","1"
18683,"275","3","3","1"
18684,"276","4","4","1"
18685,"277","5","5","1"
18686,"278","6","6","1"
18687,"279","7","7","1"
18714,"280","8","8","1"
18715,"280","8","8","1"
18716,"280","8","8","1"
18717,"280","8","8","1"
18718,"280","8","8","1"
18719,"280","8","8","1"
18720,"280","8","8","1"
18721,"280","8","8","1"
18722,"280","8","8","1"
18723,"280","8","8","1"
18724,"280","8","8","1"
18725,"280","8","8","1"
18726,"280","8","8","1"
18727,"280","8","8","1"
18728,"280","8","8","1"
18729,"280","8","8","1"
18730,"280","8","8","1"
18731,"280","8","8","1"
18732,"280","8","8","1"
18733,"280","8","8","1"
18734,"280","8","8","1"
18735,"280","8","8","1"
18736,"280","8","8","1"
18737,"280","8","8","1"
18738,"280","8","8","1"
18739,"280","8","8","1"
18740,"280","8","8","1"
18741,"280","8","8","1"
18743,"280","8","8","1"
18744,"280","8","8","1"
18745,"280","8","8","1"
18746,"280","8","8","1"
18747,"280","8","8","1"
18748,"280","8","8","1"
18749,"280","8","8","1"
18750,"280","8","8","1"
18751,"280","8","8","1"
18752,"280","8","8","1"
18753,"280","8","8","1"
18754,"280","8","8","1"
18755,"280","8","8","1"
18756,"280","8","8","1"
18757,"280","8","8","1"
18758,"280","8","8","1"
18759,"280","8","8","1"
18760,"280","8","8","1"
18761,"281","9","9","1"
18762,"282","10","10","1"
18763,"283","11","11","1"
18764,"283","11","11","1"
18765,"283","11","11","1"
18766,"283","11","11","1"
18767,"283","11","11","1"
18768,"283","11","11","1"
18769,"283","11","11","1"
18770,"283","11","11","1"
18771,"283","11","11","1"
18772,"283","11","11","1"
18773,"283","11","11","1"
18774,"283","11","11","1"
18775,"283","11","11","1"
18776,"283","11","11","1"
18777,"283","11","11","1"
18778,"283","11","11","1"
18779,"283","11","11","1"
18780,"283","11","11","1"
18781,"283","11","11","1"
18782,"283","11","11","1"
18783,"283","11","11","1"
18784,"283","11","11","1"
18785,"283","11","11","1"
18786,"283","11","11","1"
18787,"283","11","11","1"
18788,"283","11","11","1"
18789,"283","11","11","1"
18790,"283","11","11","1"
18791,"283","11","11","1"
18792,"283","11","11","1"
18793,"283","11","11","1"
18794,"283","11","11","1"
18795,"283","11","11","1"
18796,"283","11","11","1"
18797,"283","11","11","1"
18798,"283","11","11","1"
18799,"283","11","11","1"
18800,"283","11","11","1"
18801,"283","11","11","1"
18802,"283","11","11","1"
18803,"283","11","11","1"
18804,"283","11","11","1"
18805,"283","11","11","1"
18806,"283","11","11","1"
18807,"283","11","11","1"
18808,"283","11","11","1"
18809,"283","11","11","1"
18810,"283","11","11","1"
18811,"283","11","11","1"
18812,"283","11","11","1"
18813,"283","11","11","1"
18814,"283","11","11","1"
18815,"283","11","11","1"
18816,"283","11","11","1"
18817,"283","11","11","1"
18818,"283","11","11","1"
18819,"283","11","11","1"
18820,"283","11","11","1"
18821,"283","11","11","1"
18822,"283","11","11","1"
18823,"283","11","11","1"
18824,"284","12","12","1"
18825,"285","13","13","1"
18826,"285","13","13","1"
18827,"286","14","14","1"
18828,"286","14","14","1"
18829,"286","14","14","1"
18830,"287","15","15","1"
18831,"288","16","16","1"
18832,"288","16","16","1"
18833,"288","16","16","1"
18834,"288","16","16","1"
18835,"288","16","16","1"
18836,"288","16","16","1"
18837,"288","16","16","1"
18838,"288","16","16","1"
18839,"289","17","17","1"
18840,"290","18","18","1"
18841,"290","18","18","1"
18842,"290","18","18","1"
18843,"291","19","19","1"
18844,"292","20","20","1"
18845,"293","21","21","1"
18846,"294","22","22","1"
18847,"294","22","22","1"
18848,"294","22","22","1"
18849,"295","23","23","1"
18850,"296","24","24","1"
18851,"296","24","24","1"
18852,"296","24","24","1"
18853,"296","24","24","1"
18854,"297","25","25","1"
18855,"298","26","26","1"
18856,"298","26","26","1"
18857,"298","26","26","1"
18858,"299","27","27","1"
18859,"300","28","28","1"
18860,"301","29","29","1"
18861,"302","30","30","1"
18862,"302","30","30","1"
18863,"302","30","30","1"
18864,"302","30","30","1"
18865,"303","31","31","1"
18866,"304","32","32","1"
18867,"305","33","33","1"
18868,"306","34","34","1"
18869,"307","35","35","1"
18870,"308","36","36","1"
18871,"308","36","36","1"
18872,"308","36","36","1"
18873,"309","37","37","1"
18874,"310","38","38","1"
18875,"311","39","39","1"
18876,"312","40","40","1"
18877,"312","40","40","1"
18878,"312","40","40","1"
18879,"313","41","41","1"
18880,"314","42","42","1"
18881,"315","43","43","1"
18882,"316","44","44","1"
18883,"317","45","45","1"
18884,"318","46","46","1"
18885,"318","46","46","1"
18886,"318","46","46","1"
18887,"318","46","46","1"
18888,"319","47","47","1"
18889,"320","48","48","1"
18890,"321","49","49","1"
18891,"321","49","49","1"
18892,"321","49","49","1"
18893,"321","49","49","1"
18894,"321","49","49","1"
18895,"321","49","49","1"
18896,"321","49","49","1"
18897,"321","49","49","1"
18898,"321","49","49","1"
18899,"321","49","49","1"
18900,"321","49","49","1"
18901,"321","49","49","1"
18902,"321","49","49","1"
18903,"321","49","49","1"
18904,"321","49","49","1"
18905,"321","49","49","1"
18906,"322","50","50","1"
18907,"323","51","51","1"
18908,"324","52","52","1"
18909,"325","53","53","1"
18910,"326","54","54","1"
18911,"327","55","55","1"
18912,"328","56","56","1"
18913,"328","56","56","1"
18914,"328","56","56","1"
18915,"329","57","57","1"
18916,"329","57","57","1"
18917,"330","58","58","1"
18918,"331","59","59","1"
18919,"332","60","60","1"
18920,"333","61","61","1"
18921,"334","62","62","1"
18922,"335","63","63","1"
18923,"336","64","64","1"
18924,"337","65","65","1"
18925,"338","66","66","1"
18926,"339","67","67","1"
18927,"339","67","67","1"
18928,"339","67","67","1"
18929,"340","68","68","1"
18930,"341","69","69","1"
18931,"342","70","70","1"
18932,"343","71","71","1"
18933,"343","71","71","1"
18934,"343","71","71","1"
18935,"343","71","71","1"
18936,"343","71","71","1"
18937,"344","72","72","1"
18938,"345","73","73","1"
18939,"345","73","73","1"
18940,"346","74","74","1"
18941,"347","75","75","1"
18942,"347","75","75","1"
18943,"347","75","75","1"
18944,"347","75","75","1"
18945,"348","76","76","1"
18946,"349","77","77","1"
18947,"350","78","78","1"
18948,"351","79","79","1"
18949,"352","80","80","1"
18951,"353","81","81","1"
18952,"354","82","82","1"
18953,"355","83","83","1"
18954,"356","84","84","1"
18955,"357","85","85","1"
18956,"357","85","85","1"
18957,"357","85","85","1"
18958,"357","85","85","1"
18959,"358","86","86","1"
18960,"359","87","87","1"
18961,"360","88","88","1"
18962,"361","89","89","1"
18963,"361","89","89","1"
18964,"361","89","89","1"
18965,"361","89","89","1"
18966,"361","89","89","1"
18967,"361","89","89","1"
18968,"361","89","89","1"
18969,"361","89","89","1"
18970,"361","89","89","1"
18971,"362","90","90","1"
18972,"363","91","91","1"
18973,"364","92","92","1"
18974,"365","93","93","1"
18975,"366","94","94","1"
18976,"367","95","95","1"
18977,"367","95","95","1"
18978,"367","95","95","1"
18979,"368","96","96","1"
18980,"369","97","97","1"
18981,"370","98","98","1"
18982,"370","98","98","1"
18983,"371","99","99","1"
18985,"372","100","100","1"
18986,"372","100","100","1"
18987,"372","100","100","1"
18988,"372","100","100","1"
18989,"373","101","101","1"
18990,"374","102","102","1"
18991,"375","103","103","1"
18992,"376","104","104","1"
18993,"377","105","105","1"
18994,"378","106","106","1"
18995,"378","106","106","1"
18996,"378","106","106","1"
18997,"378","106","106","1"
18998,"379","107","107","1"
18999,"380","108","108","1"
19000,"381","109","109","1"
19001,"382","110","110","1"
19002,"383","111","111","1"
19003,"384","112","112","1"
19004,"385","113","113","1"
19005,"385","113","113","1"
19006,"385","113","113","1"
19007,"385","113","113","1"
19008,"385","113","113","1"
19009,"385","113","113","1"
19010,"385","113","113","1"
19011,"385","113","113","1"
19012,"385","113","113","1"
19013,"385","113","113","1"
19014,"385","113","113","1"
19015,"385","113","113","1"
19016,"385","113","113","1"
19017,"385","113","113","1"
19018,"386","114","114","1"
19019,"386","114","114","1"
19020,"386","114","114","1"
19021,"387","115","115","1"
19022,"388","116","116","1"
19023,"389","117","117","1"
19024,"389","117","117","1"
19025,"389","117","117","1"
19026,"389","117","117","1"
19027,"389","117","117","1"
19028,"389","117","117","1"
19029,"390","118","118","1"
19030,"391","119","119","1"
19031,"391","119","119","1"
19032,"391","119","119","1"
19033,"392","120","120","1"
19034,"393","121","121","1"
19035,"394","122","122","1"
19036,"395","123","123","1"
19037,"395","123","123","1"
19038,"395","123","123","1"
19039,"395","123","123","1"
19040,"395","123","123","1"
19041,"395","123","123","1"
19042,"395","123","123","1"
19043,"396","124","124","1"
19044,"397","125","125","1"
19045,"398","126","126","1"
19046,"399","127","127","1"
19047,"400","128","128","1"
19048,"400","128","128","1"
19049,"400","128","128","1"
19050,"400","128","128","1"
19051,"400","128","128","1"
19052,"400","128","128","1"
19053,"400","128","128","1"
19054,"400","128","128","1"
19055,"400","128","128","1"
19056,"400","128","128","1"
19057,"400","128","128","1"
19058,"400","128","128","1"
19059,"400","128","128","1"
19060,"400","128","128","1"
19061,"400","128","128","1"
19062,"400","128","128","1"
19063,"400","128","128","1"
19064,"400","128","128","1"
19065,"400","128","128","1"
19066,"400","128","128","1"
19067,"400","128","128","1"
19068,"400","128","128","1"
19069,"400","128","128","1"
19070,"400","128","128","1"
19071,"400","128","128","1"
19072,"400","128","128","1"
19073,"400","128","128","1"
19074,"400","128","128","1"
19075,"401","129","129","1"
19076,"402","130","130","1"
19077,"403","131","131","1"
19078,"404","132","132","1"
19079,"405","133","133","1"
19080,"406","134","134","1"
19081,"407","135","135","1"
19082,"408","136","136","1"
19083,"409","137","137","1"
19084,"409","137","137","1"
19085,"409","137","137","1"
19086,"410","138","138","1"
19087,"411","139","139","1"
19088,"412","140","140","1"
19089,"413","141","141","1"
19090,"414","142","142","1"
19091,"415","143","143","1"
19092,"416","144","144","1"
19093,"417","145","145","1"
19094,"418","146","146","1"
19095,"419","147","147","1"
19096,"420","148","148","1"
19097,"420","148","148","1"
19098,"420","148","148","1"
19099,"420","148","148","1"
19100,"420","0","0","1"
19101,"420","0","0","1"
19102,"420","0","0","1"
19103,"421","1","1","1"
19104,"422","2","2","1"
19105,"423","3","3","1"
19106,"424","4","4","1"
19107,"424","4","4","1"
19108,"424","4","4","1"
19109,"425","5","5","1"
19110,"426","6","6","1"
19111,"427","7","7","1"
19112,"428","8","8","1"
19113,"429","9","9","1"
19114,"430","10","10","1"
19115,"430","10","10","1"
19116,"430","10","10","1"
19117,"430","10","10","1"
19118,"431","11","11","1"
19119,"432","12","12","1"
19120,"433","13","13","1"
19121,"434","14","14","1"
19122,"435","15","15","1"
19123,"436","16","16","1"
19124,"437","17","17","1"
19125,"438","18","18","1"
19126,"439","19","19","1"
19127,"440","20","20","1"
19128,"440","20","20","1"
19129,"440","20","20","1"
19130,"440","20","20","1"
19131,"440","20","20","1"
19132,"440","20","20","1"
19133,"440","20","20","1"
19134,"440","20","20","1"
19135,"440","20","20","1"
19136,"440","20","20","1"
19137,"440","20","20","1"
19138,"440","20","20","1"
19139,"440","20","20","1"
19140,"440","20","20","1"
19141,"440","20","20","1"
19142,"440","20","20","1"
19143,"440","20","20","1"
19144,"440","20","20","1"
19145,"440","20","20","1"
19146,"440","20","20","1"
19147,"440","20","20","1"
19148,"440","20","20","1"
19149,"440","20","20","1"
19150,"440","20","20","1"
19151,"440","20","20","1"
19152,"440","20","20","1"
19153,"440","20","20","1"
19154,"440","20","20","1"
19155,"440","20","20","1"
19156,"440","20","20","1"
19157,"440","20","20","1"
19158,"440","20","20","1"
19159,"440","20","20","1"
19160,"440","20","20","1"
19161,"440","20","20","1"
19162,"440","20","20","1"
19163,"440","20","20","1"
19164,"440","20","20","1"
19165,"440","20","20","1"
19166,"440","20","20","1"
19167,"440","20","20","1"
19168,"440","20","20","1"
19169,"440","20","20","1"
19170,"440","20","20","1"
19171,"440","20","20","1"
19172,"440","20","20","1"
19173,"440","20","20","1"
19174,"440","20","20","1"
19175,"440","20","20","1"
19176,"440","20","20","1"
19177,"441","21","21","1"
19178,"441","21","21","1"
19179,"441","21","21","1"
19180,"441","21","21","1"
19181,"442","22","22","1"
19182,"442","22","22","1"
19183,"442","22","22","1"
19184,"442","22","22","1"
19185,"442","22","22","1"
19186,"443","23","23","1"
19187,"444","24","24","1"
19188,"445","25","25","1"
19189,"445","25","25","1"
19190,"445","25","25","1"
19191,"445","25","25","1"
19192,"446","26","26","1"
19193,"446","26","26","1"
19194,"447","27","27","1"
19195,"448","28","28","1"
19196,"449","29","29","1"
19197,"450","30","30","1"
19198,"451","31","31","1"
19199,"452","32","32","1"
19200,"453","33","33","1"
19201,"454","34","34","1"
19202,"455","35","35","1"
19203,"456","36","36","1"
19204,"457","37","37","1"
19205,"458","38","38","1"
19206,"459","39","39","1"
19207,"460","40","40","1"
19208,"461","41","41","1"
19209,"461","41","41","1"
19210,"462","42","42","1"
19211,"463","43","43","1"
19212,"464","44","44","1"
19213,"465","45","45","1"
19214,"466","46","46","1"
19215,"467","47","47","1"
19216,"468","48","48","1"
19217,"469","49","49","1"
19218,"470","50","50","1"
19219,"471","51","51","1"
19220,"472","52","52","1"
19221,"473","53","53","1"
19222,"474","54","54","1"
19223,"475","55","55","1"
19224,"476","56","56","1"
19225,"476","56","56","1"
19226,"477","57","57","1"
19227,"478","58","58","1"
19228,"479","59","59","1"
19229,"479","59","59","1"
19230,"479","59","59","1"
19231,"479","59","59","1"
19232,"480","60","60","1"
19233,"480","60","60","1"
19234,"480","60","60","1"
19235,"480","60","60","1"
19236,"481","61","61","1"
19237,"481","61","61","1"
19238,"481","61","61","1"
19239,"481","61","61","1"
19240,"482","62","62","1"
19241,"482","62","62","1"
19242,"482","62","62","1"
19243,"482","62","62","1"
19244,"482","62","62","1"
19245,"482","62","62","1"
19246,"482","62","62","1"
19247,"482","62","62","1"
19248,"482","62","62","1"
19249,"482","62","62","1"
19250,"482","62","62","1"
19251,"482","62","62","1"
19252,"482","62","62","1"
19253,"482","62","62","1"
19254,"482","62","62","1"
19255,"482","62","62","1"
19256,"482","62","62","1"
19257,"482","62","62","1"
19258,"482","62","62","1"
19259,"482","62","62","1"
19260,"482","62","62","1"
19261,"482","62","62","1"
19262,"482","62","62","1"
19263,"482","62","62","1"
19264,"482","62","62","1"
19265,"482","62","62","1"
19266,"482","62","62","1"
19267,"482","62","62","1"
19268,"482","62","62","1"
19269,"482","62","62","1"
19270,"482","62","62","1"
19271,"482","62","62","1"
19272,"482","62","62","1"
19273,"482","62","62","1"
19274,"482","62","62","1"
19275,"482","62","62","1"
19276,"482","62","62","1"
19277,"482","62","62","1"
19278,"482","62","62","1"
19279,"482","62","62","1"
19280,"482","62","62","1"
19281,"482","62","62","1"
19282,"482","62","62","1"
19284,"482","62","62","1"
19285,"482","62","62","1"
19286,"482","62","62","1"
19287,"482","62","62","1"
19288,"482","62","62","1"
19289,"482","62","62","1"
19290,"482","62","62","1"
19291,"482","62","62","1"
19292,"482","62","62","1"
19293,"482","62","62","1"
19294,"482","62","62","1"
19295,"482","62","62","1"
19296,"482","62","62","1"
19297,"483","63","63","1"
19298,"484","64","64","1"
19299,"485","65","65","1"
19300,"486","66","66","1"
19301,"486","66","66","1"
19302,"487","67","67","1"
19303,"488","68","68","1"
19304,"489","69","69","1"
19305,"490","70","70","1"
19306,"491","71","71","1"
19307,"491","71","71","1"
19308,"492","72","72","1"
19309,"493","73","73","1"
19310,"493","73","73","1"
19311,"493","73","73","1"
19312,"493","73","73","1"
19313,"493","73","73","1"
19314,"494","74","74","1"
19315,"495","75","75","1"
19316,"495","75","75","1"
19317,"495","75","75","1"
19318,"496","76","76","1"
19319,"496","76","76","1"
19320,"497","77","77","1"
19321,"498","78","78","1"
19322,"499","79","79","1"
19323,"500","80","80","1"
19324,"501","81","81","1"
19325,"502","82","82","1"
19326,"503","83","83","1"
19327,"504","84","84","1"
19328,"505","85","85","1"
19329,"506","86","86","1"
19330,"507","87","87","1"
19331,"508","88","88","1"
19332,"509","89","89","1"
19333,"510","90","90","1"
19334,"511","91","91","1"
19335,"512","92","92","1"
19336,"513","93","93","1"
19337,"514","94","94","1"
19338,"515","95","95","1"
19339,"515","95","95","1"
19340,"515","95","95","1"
19341,"515","95","95","1"
19342,"516","96","96","1"
19343,"517","97","97","1"
19344,"518","98","98","1"
19345,"519","99","99","1"
19346,"520","100","100","1"
19347,"521","101","101","1"
19348,"522","102","102","1"
19349,"523","103","103","1"
19350,"523","103","103","1"
19351,"523","103","103","1"
19352,"523","103","103","1"
19353,"523","103","103","1"
19354,"523","103","103","1"
19355,"523","103","103","1"
19356,"523","103","103","1"
19357,"523","103","103","1"
19358,"523","103","103","1"
19359,"523","103","103","1"
19360,"523","103","103","1"
19361,"523","103","103","1"
19362,"523","103","103","1"
19363,"523","103","103","1"
19365,"523","103","103","1"
19366,"523","103","103","1"
19367,"523","103","103","1"
19368,"523","103","103","1"
19369,"523","103","103","1"
19370,"523","103","103","1"
19371,"523","103","103","1"
19372,"523","103","103","1"
19373,"523","103","103","1"
19374,"524","104","104","1"
19375,"525","105","105","1"
19376,"526","106","106","1"
19377,"527","107","107","1"
19378,"528","108","108","1"
19379,"529","109","109","1"
19380,"530","110","110","1"
19381,"531","111","111","1"
19382,"532","112","112","1"
19383,"533","113","113","1"
19384,"534","114","114","1"
19385,"535","115","115","1"
19386,"536","116","116","1"
19387,"537","117","117","1"
19388,"538","118","118","1"
19389,"539","119","119","1"
19390,"540","120","120","1"
19391,"541","121","121","1"
19392,"542","122","122","1"
19393,"543","123","123","1"
19394,"544","124","124","1"
19395,"545","125","125","1"
19396,"546","126","126","1"
19397,"547","127","127","1"
19398,"548","128","128","1"
19399,"549","129","129","1"
19400,"550","130","130","1"
19401,"550","130","130","1"
19402,"550","130","130","1"
19403,"550","130","130","1"
19404,"550","130","130","1"
19405,"550","130","130","1"
19406,"550","130","130","1"
19407,"550","130","130","1"
19408,"551","131","131","1"
19409,"552","132","132","1"
19410,"553","133","133","1"
19411,"554","134","134","1"
19412,"555","135","135","1"
19413,"556","136","136","1"
19414,"557","137","137","1"
19415,"558","138","138","1"
19416,"559","139","139","1"
19417,"560","140","140","1"
19418,"561","141","141","1"
19419,"562","142","142","1"
19420,"563","143","143","1"
19421,"564","144","144","1"
19422,"565","145","145","1"
19423,"566","146","146","1"
19424,"567","147","147","1"
19425,"568","148","148","1"
19426,"569","149","149","1"
19427,"570","150","150","1"
19428,"571","151","151","1"
19429,"572","152","152","1"
19430,"573","153","153","1"
19431,"574","154","154","1"
19432,"574","154","154","1"
19433,"574","154","154","1"
19434,"575","155","155","1"
19435,"575","155","155","1"
19436,"576","156","156","1"
19437,"576","156","156","1"
19438,"576","156","156","1"
19439,"576","156","156","1"
19440,"576","156","156","1"
19441,"576","156","156","1"
19442,"576","156","156","1"
19443,"576","156","156","1"
19444,"577","157","157","1"
19445,"578","158","158","1"
19446,"579","159","159","1"
19447,"580","160","160","1"
19448,"580","160","160","1"
19449,"580","160","160","1"
19450,"580","160","160","1"
19451,"581","161","161","1"
19452,"582","162","162","1"
19453,"583","163","163","1"
19454,"584","164","164","1"
19455,"585","165","165","1"
19456,"586","166","166","1"
19457,"586","166","166","1"
19458,"587","167","167","1"
19459,"587","167","167","1"
19460,"588","168","168","1"
19461,"588","168","168","1"
19462,"588","168","168","1"
19463,"589","169","169","1"
19464,"590","170","170","1"
19465,"591","171","171","1"
19466,"592","172","172","1"
19467,"593","173","173","1"
19468,"594","174","174","1"
19469,"594","174","174","1"
19470,"594","174","174","1"
19471,"595","175","175","1"
19472,"596","176","176","1"
19473,"597","177","177","1"
19474,"598","178","178","1"
19475,"599","179","179","1"
19476,"600","180","180","1"
19477,"601","181","181","1"
19478,"602","182","182","1"
19479,"603","183","183","1"
19480,"604","184","184","1"
19481,"605","185","185","1"
19482,"606","186","186","1"
19483,"606","186","186","1"
19484,"606","186","186","1"
19485,"606","186","186","1"
19486,"606","186","186","1"
19487,"606","186","186","1"
19488,"607","187","187","1"
19489,"608","188","188","1"
19490,"609","189","189","1"
19491,"610","190","190","1"
19492,"611","191","191","1"
19493,"612","192","192","1"
19494,"613","193","193","1"
19495,"614","194","194","1"
19496,"615","195","195","1"
19497,"616","196","196","1"
19498,"617","197","197","1"
19499,"618","198","198","1"
19500,"619","199","199","1"
19501,"619","199","199","1"
19502,"619","199","199","1"
19503,"620","200","200","1"
19504,"621","201","201","1"
19505,"622","202","202","1"
19506,"623","203","203","1"
19507,"624","204","204","1"
19508,"625","205","205","1"
19509,"626","206","206","1"
19510,"627","207","207","1"
19511,"628","208","208","1"
19512,"629","209","209","1"
19513,"630","210","210","1"
19514,"631","211","211","1"
19515,"632","212","212","1"
19516,"633","213","213","1"
19517,"634","214","214","1"
19518,"635","215","215","1"
19519,"636","216","216","1"
19520,"637","217","217","1"
19521,"638","218","218","1"
19522,"639","219","219","1"
19523,"640","220","220","1"
19524,"640","220","220","1"
19525,"641","221","221","1"
19526,"642","222","222","1"
19527,"643","223","223","1"
19528,"643","223","223","1"
19529,"643","223","223","1"
19530,"643","223","223","1"
19531,"643","223","223","1"
19532,"643","223","223","1"
19533,"643","223","223","1"
19534,"643","223","223","1"
19535,"643","223","223","1"
19536,"643","223","223","1"
19537,"643","223","223","1"
19538,"643","223","223","1"
19539,"643","223","223","1"
19540,"643","223","223","1"
19541,"643","223","223","1"
19542,"643","0","0","1"
19543,"643","0","0","1"
19544,"643","0","0","1"
19545,"644","1","1","1"
19546,"645","2","2","1"
19547,"646","3","3","1"
19548,"647","4","4","1"
19549,"648","5","5","1"
19550,"649","6","6","1"
19551,"650","7","7","1"
19552,"651","8","8","1"
19553,"652","9","9","1"
19554,"653","10","10","1"
19555,"654","11","11","1"
19556,"655","12","12","1"
19557,"656","13","13","1"
19558,"657","14","14","1"
19559,"658","15","15","1"
19560,"659","16","16","1"
19561,"660","17","17","1"
19562,"660","17","17","1"
19563,"660","17","17","1"
19564,"660","17","17","1"
19565,"661","18","18","1"
19566,"662","19","19","1"
19567,"663","20","20","1"
19568,"664","21","21","1"
19569,"665","22","22","1"
19570,"666","23","23","1"
19571,"667","24","24","1"
19572,"668","25","25","1"
19573,"669","26","26","1"
19574,"670","27","27","1"
19575,"671","28","28","1"
19576,"672","29","29","1"
19577,"673","30","30","1"
19578,"674","31","31","1"
19579,"675","32","32","1"
19580,"676","33","33","1"
19581,"677","34","34","1"
19582,"678","35","35","1"
19583,"679","36","36","1"
19584,"680","37","37","1"
19585,"681","38","38","1"
19586,"682","39","39","1"
19587,"683","40","40","1"
19588,"683","40","40","1"
19589,"683","40","40","1"
19590,"683","40","40","1"
19591,"684","41","41","1"
19593,"684","41","41","1"
19594,"684","41","41","1"
19595,"684","41","41","1"
19596,"684","41","41","1"
19597,"685","42","42","1"
19598,"686","43","43","1"
19599,"687","44","44","1"
19600,"688","45","45","1"
19601,"689","46","46","1"
19602,"690","47","47","1"
19603,"691","48","48","1"
19604,"692","49","49","1"
19605,"693","50","50","1"
19606,"694","51","51","1"
19607,"695","52","52","1"
19608,"696","53","53","1"
19609,"697","54","54","1"
19610,"698","55","55","1"
19611,"698","55","55","1"
19612,"698","55","55","1"
19613,"699","56","56","1"
19614,"700","57","57","1"
19615,"701","58","58","1"
19616,"702","59","59","1"
19617,"703","60","60","1"
19618,"704","61","61","1"
19619,"705","62","62","1"
19620,"706","63","63","1"
19621,"707","64","64","1"
19622,"708","65","65","1"
19623,"709","66","66","1"
19624,"710","67","67","1"
19625,"711","68","68","1"
19626,"712","69","69","1"
19627,"713","70","70","1"
19628,"714","71","71","1"
19629,"715","72","72","1"
19630,"716","73","73","1"
19631,"717","74","74","1"
19632,"717","74","74","1"
19633,"717","74","74","1"
19634,"717","74","74","1"
19635,"717","74","74","1"
19636,"717","74","74","1"
19637,"717","74","74","1"
19638,"717","74","74","1"
19639,"717","74","74","1"
19640,"717","74","74","1"
19641,"717","74","74","1"
19642,"717","74","74","1"
19643,"717","74","74","1"
19644,"717","74","74","1"
19645,"717","74","74","1"
19646,"717","74","74","1"
19647,"717","74","74","1"
19648,"717","74","74","1"
19649,"717","74","74","1"
19650,"717","74","74","1"
19651,"717","74","74","1"
19652,"717","74","74","1"
19653,"717","74","74","1"
19654,"717","74","74","1"
19655,"717","74","74","1"
19656,"717","74","74","1"
19657,"717","74","74","1"
19658,"717","74","74","1"
19659,"717","74","74","1"
19660,"717","74","74","1"
19661,"717","74","74","1"
19662,"717","74","74","1"
19663,"717","74","74","1"
19664,"717","74","74","1"
19665,"717","74","74","1"
19666,"717","74","74","1"
19667,"717","74","74","1"
19668,"718","75","75","1"
19669,"719","76","76","1"
19670,"720","77","77","1"
19671,"721","78","78","1"
19672,"721","78","78","1"
19673,"721","78","78","1"
19674,"721","78","78","1"
19675,"721","78","78","1"
19676,"721","78","78","1"
19677,"721","78","78","1"
19678,"721","78","78","1"
19679,"721","78","78","1"
19680,"721","78","78","1"
19681,"721","78","78","1"
19682,"721","78","78","1"
19683,"721","78","78","1"
19684,"721","78","78","1"
19685,"721","78","78","1"
19686,"721","78","78","1"
19687,"721","78","78","1"
19688,"721","78","78","1"
19689,"721","78","78","1"
19690,"721","78","78","1"
19691,"721","78","78","1"
19692,"721","78","78","1"
19693,"721","78","78","1"
19694,"721","78","78","1"
19695,"721","78","78","1"
19696,"721","78","78","1"
19697,"721","78","78","1"
19698,"721","78","78","1"
19699,"721","78","78","1"
19700,"721","78","78","1"
19701,"721","78","78","1"
19702,"721","78","78","1"
19703,"721","78","78","1"
19704,"721","78","78","1"
19705,"721","78","78","1"
19706,"721","78","78","1"
19707,"721","78","78","1"
19708,"722","79","79","1"
19709,"723","80","80","1"
19710,"724","81","81","1"
19711,"725","82","82","1"
19712,"726","83","83","1"
19713,"727","84","84","1"
19714,"728","85","85","1"
19715,"729","86","86","1"
19716,"729","86","86","1"
19717,"729","86","86","1"
19718,"730","87","87","1"
19719,"730","87","87","1"
19720,"730","87","87","1"
19721,"730","87","87","1"
19722,"730","87","87","1"
19723,"730","87","87","1"
19724,"730","87","87","1"
19725,"730","87","87","1"
19726,"730","87","87","1"
19727,"731","88","88","1"
19728,"732","89","89","1"
19729,"733","90","90","1"
19730,"734","91","91","1"
19731,"735","92","92","1"
19732,"736","93","93","1"
19733,"737","94","94","1"
19734,"738","95","95","1"
19735,"739","96","96","1"
19736,"740","97","97","1"
19737,"740","97","97","1"
19738,"740","97","97","1"
19739,"740","97","97","1"
19740,"740","97","97","1"
19741,"740","97","97","1"
19742,"740","97","97","1"
19743,"740","97","97","1"
19744,"740","97","97","1"
19745,"740","97","97","1"
19746,"740","97","97","1"
19747,"740","97","97","1"
19748,"740","97","97","1"
19749,"740","97","97","1"
19750,"741","98","98","1"
19751,"742","99","99","1"
19752,"743","100","100","1"
19753,"744","101","101","1"
19754,"745","102","102","1"
19755,"746","103","103","1"
19756,"747","104","104","1"
19757,"748","105","105","1"
19758,"749","106","106","1"
19759,"750","107","107","1"
19760,"751","108","108","1"
19761,"752","109","109","1"
19762,"753","110","110","1"
19763,"754","111","111","1"
19764,"755","112","112","1"
19765,"756","113","113","1"
19766,"757","114","114","1"
19767,"757","114","114","1"
19768,"757","114","114","1"
19769,"757","114","114","1"
19770,"757","114","114","1"
19771,"757","114","114","1"
19772,"757","114","114","1"
19773,"757","114","114","1"
19774,"757","114","114","1"
19775,"758","115","115","1"
19776,"759","116","116","1"
19777,"760","117","117","1"
19778,"760","117","117","1"
19779,"761","118","118","1"
19780,"761","118","118","1"
19781,"762","119","119","1"
19782,"763","120","120","1"
19783,"764","121","121","1"
19784,"765","122","122","1"
19785,"765","122","122","1"
19786,"765","122","122","1"
19787,"766","123","123","1"
19788,"766","123","123","1"
19789,"767","124","124","1"
19790,"767","124","124","1"
19791,"768","125","125","1"
19792,"769","126","126","1"
19793,"770","127","127","1"
19794,"771","128","128","1"
19795,"771","128","128","1"
19796,"771","128","128","1"
19797,"771","128","128","1"
19798,"771","128","128","1"
19799,"771","128","128","1"
19800,"771","128","128","1"
19801,"771","128","128","1"
19802,"771","128","128","1"
19803,"771","128","128","1"
19804,"771","128","128","1"
19805,"772","129","129","1"
19806,"773","130","130","1"
19807,"773","130","130","1"
19808,"774","131","131","1"
19809,"775","132","132","1"
19810,"776","133","133","1"
19811,"777","134","134","1"
19812,"778","135","135","1"
19813,"779","136","136","1"
19814,"780","137","137","1"
19815,"780","137","137","1"
19816,"780","137","137","1"
19817,"780","137","137","1"
19818,"780","137","137","1"
19819,"780","137","137","1"
19820,"780","137","137","1"
19821,"780","137","137","1"
19822,"780","137","137","1"
19823,"780","137","137","1"
19824,"780","137","137","1"
19825,"781","138","138","1"
19826,"782","139","139","1"
19827,"783","140","140","1"
19828,"784","141","141","1"
19829,"785","142","142","1"
19830,"786","143","143","1"
19831,"787","144","144","1"
19832,"788","145","145","1"
19833,"789","146","146","1"
19834,"790","147","147","1"
19835,"791","148","148","1"
19836,"792","149","149","1"
19837,"793","150","150","1"
19838,"794","151","151","1"
19839,"795","152","152","1"
19840,"796","153","153","1"
19841,"797","154","154","1"
19842,"798","155","155","1"
19843,"799","156","156","1"
19844,"799","156","156","1"
19845,"799","156","156","1"
19846,"799","156","156","1"
19847,"799","156","156","1"
19848,"799","156","156","1"
19849,"800","157","157","1"
19850,"801","158","158","1"
19851,"802","159","159","1"
19852,"803","160","160","1"
19853,"804","161","161","1"
19854,"805","162","162","1"
19855,"806","163","163","1"
19856,"807","164","164","1"
19857,"808","165","165","1"
19858,"809","166","166","1"
19859,"809","166","166","1"
19860,"809","166","166","1"
19861,"810","167","167","1"
19862,"811","168","168","1"
19863,"812","169","169","1"
19864,"813","170","170","1"
19865,"814","171","171","1"
19866,"815","172","172","1"
19867,"816","173","173","1"
19868,"817","174","174","1"
19869,"818","175","175","1"
19870,"819","176","176","1"
19871,"820","177","177","1"
19872,"821","178","178","1"
19873,"822","179","179","1"
19874,"823","180","180","1"
19875,"823","180","180","1"
19876,"823","180","180","1"
19877,"823","180","180","1"
19878,"823","180","180","1"
19879,"823","180","180","1"
19880,"823","180","180","1"
19881,"823","180","180","1"
19882,"823","180","180","1"
19883,"823","180","180","1"
19884,"823","180","180","1"
19885,"823","180","180","1"
19886,"823","180","180","1"
19887,"823","180","180","1"
19888,"823","180","180","1"
19889,"823","180","180","1"
19890,"823","180","180","1"
19891,"823","180","180","1"
19892,"823","180","180","1"
19893,"823","180","180","1"
19894,"823","180","180","1"
19895,"823","180","180","1"
19896,"823","180","180","1"
19897,"823","180","180","1"
19898,"823","180","180","1"
19899,"823","180","180","1"
19900,"823","180","180","1"
19901,"823","180","180","1"
19902,"823","0","0","1"
19903,"823","0","0","1"
19904,"823","0","0","1"
19905,"823","0","0","1"
19906,"823","0","0","1"
19907,"824","1","1","1"
19908,"825","2","2","1"
19909,"826","3","3","1"
19910,"827","4","4","1"
19911,"828","5","5","1"
19912,"829","6","6","1"
19913,"829","6","6","1"
19914,"829","6","6","1"
19915,"830","7","7","1"
19916,"831","8","8","1"
19917,"832","9","9","1"
19918,"833","10","10","1"
19919,"834","11","11","1"
19920,"835","12","12","1"
19921,"836","13","13","1"
19922,"837","14","14","1"
19923,"838","15","15","1"
19924,"839","16","16","1"
19925,"840","17","17","1"
19926,"841","18","18","1"
19927,"842","19","19","1"
19928,"843","20","20","1"
19929,"844","21","21","1"
19930,"845","22","22","1"
19931,"846","23","23","1"
19932,"847","24","24","1"
19933,"848","25","25","1"
19934,"849","26","26","1"
19935,"850","27","27","1"
19936,"851","28","28","1"
19937,"852","29","29","1"
19938,"852","29","29","1"
19939,"853","30","30","1"
19940,"854","31","31","1"
19941,"854","31","31","1"
19942,"854","31","31","1"
19943,"854","31","31","1"
19944,"855","32","32","1"
19945,"856","33","33","1"
19946,"857","34","34","1"
19947,"858","35","35","1"
19948,"859","36","36","1"
19949,"860","37","37","1"
19950,"861","38","38","1"
19951,"862","39","39","1"
19952,"863","40","40","1"
19953,"864","41","41","1"
19954,"865","42","42","1"
19955,"866","43","43","1"
19956,"867","44","44","1"
19957,"868","45","45","1"
19958,"869","46","46","1"
19959,"869","46","46","1"
19960,"869","46","46","1"
19961,"869","46","46","1"
19962,"869","46","46","1"
19963,"869","46","46","1"
19964,"869","46","46","1"
19965,"869","46","46","1"
19966,"870","47","47","1"
19967,"871","48","48","1"
19968,"872","49","49","1"
19969,"873","50","50","1"
19970,"874","51","51","1"
19971,"875","52","52","1"
19972,"876","53","53","1"
19973,"876","53","53","1"
19974,"876","53","53","1"
19975,"876","53","53","1"
19976,"876","53","53","1"
19977,"877","54","54","1"
19978,"878","55","55","1"
19979,"879","56","56","1"
19980,"880","57","57","1"
19981,"881","58","58","1"
19982,"882","59","59","1"
19983,"883","60","60","1"
19984,"884","61","61","1"
19985,"885","62","62","1"
19986,"885","62","62","1"
19987,"886","63","63","1"
19988,"887","64","64","1"
19989,"888","65","65","1"
19990,"889","66","66","1"
19991,"890","67","67","1"
19992,"890","67","67","1"
19993,"891","68","68","1"
19994,"892","69","69","1"
19995,"892","69","69","1"
19996,"893","70","70","1"
19997,"894","71","71","1"
19998,"895","72","72","1"
19999,"896","73","73","1"
20000,"897","74","74","1"
20001,"898","75","75","1"
20002,"899","76","76","1"
20003,"900","77","77","1"
20004,"901","78","78","1"
20005,"902","79","79","1"
20006,"903","80","80","1"
20007,"903","80","80","1"
20008,"903","80","80","1"
20009,"903","80","80","1"
20010,"904","81","81","1"
20011,"905","82","82","1"
20012,"906","83","83","1"
20013,"907","84","84","1"
20014,"908","85","85","1"
20015,"909","86","86","1"
20016,"910","87","87","1"
20017,"911","88","88","1"
20018,"912","89","89","1"
20019,"913","90","90","1"
20020,"914","91","91","1"
20021,"915","92","92","1"
20022,"916","93","93","1"
20023,"917","94","94","1"
20024,"918","95","95","1"
20025,"919","96","96","1"
20026,"920","97","97","1"
20027,"921","98","98","1"
20028,"921","98","98","1"
20029,"922","99","99","1"
20030,"923","100","100","1"
20031,"923","100","100","1"
20032,"923","100","100","1"
20033,"924","101","101","1"
20034,"925","102","102","1"
20035,"926","103","103","1"
20036,"926","103","103","1"
20037,"926","103","103","1"
20038,"926","103","103","1"
20039,"927","104","104","1"
20040,"928","105","105","1"
20041,"929","106","106","1"
20042,"930","107","107","1"
20043,"931","108","108","1"
20044,"932","109","109","1"
20045,"933","110","110","1"
20046,"934","111","111","1"
20047,"935","112","112","1"
20048,"936","113","113","1"
20049,"937","114","114","1"
20050,"938","115","115","1"
20051,"939","116","116","1"
20052,"940","117","117","1"
20053,"941","118","118","1"
20054,"942","119","119","1"
20055,"943","120","120","1"
20056,"944","121","121","1"
20057,"945","122","122","1"
20058,"946","123","123","1"
20059,"947","124","124","1"
20060,"948","125","125","1"
20061,"949","126","126","1"
20062,"950","127","127","1"
20063,"951","128","128","1"
20064,"952","129","129","1"
20065,"953","130","130","1"
20066,"953","130","130","1"
20067,"953","130","130","1"
20068,"953","0","0","1"
20069,"953","0","0","1"
20070,"953","0","0","1"
20071,"953","0","0","1"
20072,"953","0","0","1"
20073,"953","0","0","1"
20074,"953","0","0","1"
20075,"953","0","0","1"
20076,"953","0","0","1"
20077,"953","0","0","1"
20078,"953","0","0","1"
20079,"953","0","0","1"
20080,"953","0","0","1"
20081,"954","1","1","1"
20082,"955","2","2","1"
20083,"955","2","2","1"
20084,"956","3","3","1"
20085,"957","4","4","1"
20086,"958","5","5","1"
20087,"958","5","5","1"
20088,"958","5","5","1"
20089,"958","5","5","1"
20090,"958","5","5","1"
20091,"958","5","5","1"
20092,"958","5","5","1"
20093,"958","5","5","1"
20094,"958","5","5","1"
20095,"958","5","5","1"
20096,"958","5","5","1"
20097,"958","5","5","1"
20098,"958","5","5","1"
20099,"958","5","5","1"
20100,"958","5","5","1"
20101,"959","6","6","1"
20102,"960","7","7","1"
20103,"960","7","7","1"
20104,"960","7","7","1"
20105,"960","7","7","1"
20106,"960","7","7","1"
20107,"960","7","7","1"
20108,"961","8","8","1"
20109,"962","9","9","1"
20110,"963","10","10","1"
20111,"964","11","11","1"
20112,"965","12","12","1"
20113,"965","12","12","1"
20114,"966","13","13","1"
20115,"967","14","14","1"
20116,"968","15","15","1"
20117,"969","16","16","1"
20118,"969","16","16","1"
20119,"969","16","16","1"
20120,"969","16","16","1"
20121,"969","16","16","1"
20122,"969","16","16","1"
20123,"969","16","16","1"
20124,"969","16","16","1"
20125,"970","17","17","1"
20126,"971","18","18","1"
20127,"972","19","19","1"
20128,"972","19","19","1"
20129,"973","20","20","1"
20130,"974","21","21","1"
20131,"975","22","22","1"
20132,"975","22","22","1"
20133,"975","22","22","1"
20134,"976","23","23","1"
20135,"977","24","24","1"
20136,"978","25","25","1"
20137,"979","26","26","1"
20138,"980","27","27","1"
20139,"981","28","28","1"
20140,"982","29","29","1"
20141,"983","30","30","1"
20142,"984","31","31","1"
20143,"985","32","32","1"
20144,"986","33","33","1"
20145,"987","34","34","1"
20146,"988","35","35","1"
20147,"989","36","36","1"
20148,"990","37","37","1"
20149,"991","38","38","1"
20150,"992","39","39","1"
20151,"992","39","39","1"
20152,"992","39","39","1"
20153,"992","39","39","1"
20154,"992","39","39","1"
20155,"992","39","39","1"
20156,"992","39","39","1"
20157,"992","39","39","1"
20158,"993","40","40","1"
20159,"994","41","41","1"
20160,"995","42","42","1"
20161,"996","43","43","1"
20162,"997","44","44","1"
20163,"998","45","45","1"
20164,"998","45","45","1"
20165,"999","46","46","1"
20166,"1000","47","47","1"
20167,"1001","48","48","1"
20168,"1001","48","48","1"
20169,"1001","48","48","1"
20170,"1001","48","48","1"
20171,"1002","49","49","1"
20172,"1003","50","50","1"
20173,"1004","51","51","1"
20174,"1005","52","52","1"
20175,"1006","53","53","1"
20176,"1007","54","54","1"
20177,"1008","55","55","1"
20178,"1009","56","56","1"
20179,"1010","57","57","1"
20180,"1011","58","58","1"
20181,"1012","59","59","1"
20182,"1013","60","60","1"
20183,"1014","61","61","1"
20184,"1015","62","62","1"
20185,"1015","62","62","1"
20186,"1015","62","62","1"
20187,"1016","63","63","1"
20188,"1017","64","64","1"
20189,"1018","65","65","1"
20190,"1018","65","65","1"
20191,"1019","66","66","1"
20192,"1020","67","67","1"
20193,"1021","68","68","1"
20194,"1022","69","69","1"
20195,"1023","70","70","1"
20196,"1024","71","71","1"
20197,"1025","72","72","1"
20198,"1026","73","73","1"
20199,"1027","74","74","1"
20200,"1028","75","75","1"
20201,"1028","75","75","1"
20202,"1029","76","76","1"
20203,"1030","77","77","1"
20204,"1031","78","78","1"
20205,"1032","79","79","1"
20210,"1032","79","79","1"
20211,"1032","79","79","1"
20212,"1033","80","80","1"
20213,"1034","81","81","1"
20214,"1035","82","82","1"
20215,"1036","83","83","1"
20216,"1036","83","83","1"
20217,"1037","84","84","1"
20218,"1038","85","85","1"
20219,"1038","85","85","1"
20220,"1039","86","86","1"
20221,"1040","87","87","1"
20222,"1041","88","88","1"
20223,"1042","89","89","1"
20224,"1043","90","90","1"
20225,"1044","91","91","1"
20226,"1045","92","92","1"
20227,"1046","93","93","1"
20228,"1047","94","94","1"
20229,"1048","95","95","1"
20230,"1049","96","96","1"
20231,"1050","97","97","1"
20232,"1051","98","98","1"
20233,"1052","99","99","1"
20234,"1052","99","99","1"
20235,"1053","100","100","1"
20236,"1054","101","101","1"
20237,"1055","102","102","1"
20238,"1056","103","103","1"
20239,"1057","104","104","1"
20240,"1058","105","105","1"
20241,"1059","106","106","1"
20242,"1060","107","107","1"
20243,"1061","108","108","1"
20244,"1062","109","109","1"
20245,"1063","110","110","1"
20246,"1064","111","111","1"
20247,"1065","112","112","1"
20248,"1066","113","113","1"
20249,"1067","114","114","1"
20250,"1068","115","115","1"
20251,"1069","116","116","1"
20252,"1070","117","117","1"
20253,"1070","117","117","1"
20254,"1070","117","117","1"
20255,"1070","117","117","1"
20256,"1070","117","117","1"
20257,"1070","117","117","1"
20258,"1070","117","117","1"
20259,"1070","117","117","1"
20260,"1070","117","117","1"
20261,"1070","117","117","1"
20262,"1070","117","117","1"
20263,"1070","117","117","1"
20264,"1070","117","117","1"
20265,"1070","117","117","1"
20266,"1070","117","117","1"
20267,"1070","117","117","1"
20268,"1070","117","117","1"
20269,"1070","117","117","1"
20270,"1071","118","118","1"
20271,"1072","119","119","1"
20272,"1073","120","120","1"
20273,"1074","121","121","1"
20274,"1075","122","122","1"
20275,"1075","122","122","1"
20276,"1076","123","123","1"
20277,"1077","124","124","1"
20278,"1078","125","125","1"
20279,"1079","126","126","1"
20280,"1080","127","127","1"
20281,"1081","128","128","1"
20282,"1082","129","129","1"
20283,"1083","130","130","1"
20284,"1083","130","130","1"
20285,"1083","130","130","1"
20286,"1083","130","130","1"
20287,"1083","130","130","1"
20288,"1083","130","130","1"
20289,"1083","130","130","1"
20290,"1083","130","130","1"
20291,"1083","130","130","1"
20292,"1083","130","130","1"
20293,"1083","130","130","1"
20294,"1083","130","130","1"
20295,"1084","131","131","1"
20296,"1085","132","132","1"
20297,"1086","0","0","1"
20298,"1087","1","1","1"
20299,"1088","2","2","1"
20300,"1089","3","3","1"
20301,"1090","4","4","1"
20302,"1091","5","5","1"
20303,"1092","6","6","1"
20304,"1092","6","6","1"
20305,"1092","6","6","1"
20312,"1093","7","7","1"
20313,"1093","7","7","1"
20314,"1093","7","7","1"
20315,"1093","7","7","1"
20316,"1093","7","7","1"
20317,"1093","7","7","1"
20318,"1094","8","8","1"
20319,"1094","8","8","1"
20320,"1094","8","8","1"
20321,"1094","8","8","1"
20322,"1094","8","8","1"
20323,"1095","9","9","1"
20324,"1096","10","10","1"
20325,"1097","11","11","1"
20326,"1098","12","12","1"
20327,"1099","13","13","1"
20328,"1100","14","14","1"
20329,"1101","15","15","1"
20330,"1102","16","16","1"
20331,"1103","17","17","1"
20332,"1103","0","0","1"
20333,"1103","0","0","1"
20334,"1104","1","1","1"
20335,"1105","2","2","1"
20336,"1106","3","3","1"
20337,"1107","4","4","1"
20338,"1108","5","5","1"
20339,"1109","6","6","1"
20340,"1110","7","7","1"
20341,"1111","8","8","1"
20342,"1112","9","9","1"
20343,"1113","10","10","1"
20344,"1114","11","11","1"
20345,"1115","12","12","1"
20346,"1116","13","13","1"
20347,"1117","14","14","1"
20348,"1117","14","14","1"
20349,"1117","14","14","1"
20350,"1117","14","14","1"
20351,"1117","14","14","1"
20352,"1118","15","15","1"
20353,"1119","16","16","1"
20354,"1120","17","17","1"
20355,"1121","18","18","1"
20356,"1122","19","19","1"
20357,"1123","20","20","1"
20358,"1124","21","21","1"
20359,"1124","21","21","1"
20360,"1124","21","21","1"
20361,"1125","22","22","1"
20362,"1125","22","22","1"
20363,"1125","22","22","1"
20364,"1125","22","22","1"
20365,"1125","22","22","1"
20366,"1125","22","22","1"
20367,"1125","22","22","1"
20368,"1125","22","22","1"
20369,"1125","22","22","1"
20370,"1125","22","22","1"
20371,"1125","22","22","1"
20372,"1125","22","22","1"
20373,"1125","22","22","1"
20374,"1126","23","23","1"
20375,"1127","24","24","1"
20376,"1128","25","25","1"
20377,"1129","26","26","1"
20378,"1129","26","26","1"
20379,"1129","26","26","1"
20380,"1129","26","26","1"
20381,"1129","26","26","1"
20382,"1130","27","27","1"
20383,"1130","27","27","1"
20384,"1131","28","28","1"
20385,"1132","29","29","1"
20386,"1133","30","30","1"
20387,"1134","31","31","1"
20388,"1135","32","32","1"
20389,"1136","33","33","1"
20390,"1137","34","34","1"
20391,"1137","34","34","1"
20392,"1137","34","34","1"
20393,"1137","34","34","1"
20394,"1137","34","34","1"
20395,"1137","34","34","1"
20396,"1137","34","34","1"
20397,"1137","34","34","1"
20398,"1137","34","34","1"
20399,"1137","34","34","1"
20400,"1137","34","34","1"
20401,"1137","34","34","1"
20402,"1137","34","34","1"
20403,"1137","34","34","1"
20404,"1137","34","34","1"
20405,"1137","34","34","1"
20406,"1137","34","34","1"
20407,"1137","34","34","1"
20408,"1137","34","34","1"
20409,"1137","34","34","1"
20410,"1137","34","34","1"
20411,"1137","34","34","1"
20412,"1137","34","34","1"
20413,"1137","34","34","1"
20414,"1137","34","34","1"
20415,"1137","0","0","1"
20416,"1137","0","0","1"
20417,"1137","0","0","1"
20418,"1137","0","0","1"
20419,"1137","0","0","1"
20420,"1138","1","1","1"
20421,"1139","2","2","1"
20422,"1140","3","3","1"
20423,"1141","4","4","1"
20424,"1142","5","5","1"
20425,"1143","6","6","1"
20426,"1144","7","7","1"
20427,"1145","8","8","1"
20428,"1146","9","9","1"
20429,"1147","10","10","1"
20430,"1147","10","10","1"
20431,"1147","10","10","1"
20432,"1147","10","10","1"
20433,"1147","10","10","1"
20434,"1147","10","10","1"
20435,"1147","10","10","1"
20436,"1147","10","10","1"
20437,"1148","11","11","1"
20438,"1149","12","12","1"
20439,"1150","13","13","1"
20440,"1151","14","14","1"
20441,"1152","15","15","1"
20442,"1153","16","16","1"
20443,"1154","17","17","1"
20444,"1155","18","18","1"
20445,"1156","19","19","1"
20446,"1156","19","19","1"
20447,"1156","19","19","1"
20448,"1156","19","19","1"
20449,"1156","19","19","1"
20450,"1156","19","19","1"
20451,"1156","19","19","1"
20452,"1156","19","19","1"
20453,"1156","19","19","1"
20454,"1157","20","20","1"
20455,"1157","20","20","1"
20456,"1157","20","20","1"
20457,"1157","20","20","1"
20458,"1158","21","21","1"
20463,"1158","21","21","1"
20464,"1158","21","21","1"
20465,"1158","21","21","1"
20466,"1158","21","21","1"
20467,"1158","21","21","1"
20468,"1158","21","21","1"
20469,"1158","21","21","1"
20470,"1158","21","21","1"
20471,"1158","21","21","1"
20472,"1158","21","21","1"
20473,"1158","21","21","1"
20474,"1158","21","21","1"
20475,"1158","21","21","1"
20476,"1158","21","21","1"
20477,"1158","21","21","1"
20478,"1158","21","21","1"
20479,"1158","21","21","1"
20480,"1158","21","21","1"
20481,"1158","0","0","1"
20482,"1159","1","1","1"
20483,"1160","2","2","1"
20484,"1161","3","3","1"
20485,"1162","4","4","1"
20486,"1163","5","5","1"
20487,"1164","6","6","1"
20488,"1165","7","7","1"
20489,"1166","8","8","1"
20490,"1167","9","9","1"
20491,"1168","10","10","1"
20492,"1169","11","11","1"
20495,"1170","12","12","1"
20496,"1170","12","12","1"
20497,"1170","12","12","1"
20498,"1170","12","12","1"
20499,"1171","13","13","1"
20500,"1172","14","14","1"
20501,"1173","15","15","1"
20502,"1174","16","16","1"
20503,"1174","16","16","1"
20504,"1175","17","17","1"
20505,"1176","18","18","1"
20506,"1177","19","19","1"
20507,"1178","20","20","1"
20508,"1179","21","21","1"
20509,"1180","22","22","1"
20510,"1181","23","23","1"
20511,"1182","24","24","1"
20512,"1183","25","25","1"
20513,"1184","26","26","1"
20514,"1185","27","27","1"
20515,"1186","28","28","1"
20516,"1187","29","29","1"
20517,"1187","29","29","1"
20518,"1187","29","29","1"
20519,"1187","29","29","1"
20520,"1187","29","29","1"
20521,"1187","29","29","1"
20522,"1188","30","30","1"
20523,"1189","31","31","1"
20524,"1189","31","31","1"
20525,"1190","32","32","1"
20526,"1191","33","33","1"
20527,"1192","34","34","1"
20528,"1193","35","35","1"
20529,"1194","36","36","1"
20530,"1195","37","37","1"
20531,"1196","38","38","1"
20532,"1197","39","39","1"
20533,"1197","39","39","1"
20534,"1197","39","39","1"
20535,"1197","39","39","1"
20536,"1197","39","39","1"
20537,"1197","39","39","1"
20538,"1197","39","39","1"
20539,"1198","40","40","1"
20540,"1199","41","41","1"
20541,"1200","42","42","1"
20542,"1201","43","43","1"
20543,"1202","44","44","1"
20544,"1203","45","45","1"
20545,"1204","46","46","1"
20546,"1205","47","47","1"
20547,"1206","48","48","1"
20548,"1207","49","49","1"
20549,"1208","50","50","1"
20550,"1209","51","51","1"
20551,"1210","52","52","1"
20552,"1210","52","52","1"
20553,"1211","53","53","1"
20554,"1212","54","54","1"
20555,"1212","54","54","1"
20556,"1212","54","54","1"
20557,"1212","54","54","1"
20558,"1212","54","54","1"
20559,"1212","54","54","1"
20560,"1212","54","54","1"
20561,"1212","54","54","1"
20562,"1212","54","54","1"
20563,"1212","54","54","1"
20564,"1212","54","54","1"
20565,"1212","54","54","1"
20566,"1212","54","54","1"
20567,"1212","54","54","1"
20568,"1212","54","54","1"
20569,"1212","54","54","1"
20570,"1212","54","54","1"
20571,"1212","54","54","1"
20572,"1212","54","54","1"
20573,"1212","0","0","1"
20574,"1212","0","0","1"
20575,"1212","0","0","1"
20576,"1213","1","1","1"
20577,"1214","2","2","1"
20578,"1215","3","3","1"
20579,"1216","4","4","1"
20580,"1217","5","5","1"
20581,"1218","6","6","1"
20582,"1219","7","7","1"
20583,"1220","8","8","1"
20584,"1221","9","9","1"
20585,"1222","10","10","1"
20586,"1222","10","10","1"
20587,"1222","10","10","1"
20588,"1223","11","11","1"
20589,"1223","11","11","1"
20590,"1223","11","11","1"
20591,"1224","12","12","1"
20592,"1225","13","13","1"
20593,"1226","14","14","1"
20594,"1227","15","15","1"
20595,"1228","16","16","1"
20596,"1229","17","17","1"
20597,"1229","17","17","1"
20598,"1229","17","17","1"
20599,"1229","17","17","1"
20600,"1229","17","17","1"
20601,"1229","17","17","1"
20602,"1229","17","17","1"
20603,"1229","17","17","1"
20604,"1229","17","17","1"
20605,"1230","18","18","1"
20606,"1231","19","19","1"
20607,"1232","20","20","1"
20608,"1233","21","21","1"
20609,"1234","22","22","1"
20610,"1235","23","23","1"
20611,"1236","24","24","1"
20612,"1237","25","25","1"
20613,"1238","26","26","1"
20614,"1238","26","26","1"
20615,"1238","26","26","1"
20616,"1238","26","26","1"
20617,"1238","26","26","1"
20618,"1238","26","26","1"
20619,"1239","27","27","1"
20620,"1240","28","28","1"
20621,"1241","29","29","1"
20622,"1242","30","30","1"
20623,"1243","31","31","1"
20624,"1244","32","32","1"
20625,"1245","33","33","1"
20626,"1246","34","34","1"
20627,"1247","35","35","1"
20628,"1248","36","36","1"
20629,"1249","37","37","1"
20630,"1250","38","38","1"
20631,"1251","39","39","1"
20632,"1252","40","40","1"
20633,"1252","40","40","1"
20634,"1252","40","40","1"
20635,"1252","40","40","1"
20636,"1252","40","40","1"
20637,"1253","41","41","1"
20638,"1254","42","42","1"
20639,"1255","43","43","1"
20640,"1255","43","43","1"
20641,"1256","44","44","1"
20642,"1257","45","45","1"
20643,"1258","46","46","1"
20644,"1259","47","47","1"
20645,"1260","48","48","1"
20646,"1261","49","49","1"
20647,"1261","49","49","1"
20648,"1262","50","50","1"
20649,"1263","51","51","1"
20650,"1264","52","52","1"
20651,"1265","53","53","1"
20652,"1266","54","54","1"
20653,"1266","54","54","1"
20654,"1266","0","0","1"
20655,"1266","0","0","1"
20656,"1266","0","0","1"
20657,"1266","0","0","1"
20658,"1266","0","0","1"
20659,"1267","1","1","1"
20660,"1268","2","2","1"
20661,"1269","3","3","1"
20662,"1269","3","3","1"
20663,"1270","4","4","1"
20664,"1271","5","5","1"
20665,"1272","6","6","1"
20666,"1273","7","7","1"
20667,"1274","8","8","1"
20668,"1275","9","9","1"
20669,"1276","10","10","1"
20670,"1277","11","11","1"
20671,"1278","12","12","1"
20672,"1279","13","13","1"
20673,"1280","14","14","1"
20674,"1281","15","15","1"
20675,"1282","16","16","1"
20676,"1283","17","17","1"
20677,"1284","18","18","1"
20678,"1285","19","19","1"
20679,"1286","20","20","1"
20680,"1286","20","20","1"
20681,"1286","20","20","1"
20682,"1287","21","21","1"
20683,"1288","22","22","1"
20684,"1289","23","23","1"
20685,"1290","24","24","1"
20686,"1291","25","25","1"
20687,"1292","26","26","1"
20688,"1292","26","26","1"
20689,"1292","26","26","1"
20690,"1292","26","26","1"
20691,"1292","26","26","1"
20692,"1292","26","26","1"
20693,"1292","26","26","1"
20694,"1293","27","27","1"
20695,"1294","28","28","1"
20696,"1295","29","29","1"
20697,"1296","30","30","1"
20698,"1297","31","31","1"
20699,"1298","32","32","1"
20700,"1298","32","32","1"
20701,"1299","33","33","1"
20702,"1299","33","33","1"
20703,"1299","33","33","1"
20704,"1300","34","34","1"
20705,"1301","35","35","1"
20706,"1302","36","36","1"
20707,"1303","37","37","1"
20708,"1304","38","38","1"
20709,"1305","39","39","1"
20710,"1306","40","40","1"
20711,"1307","41","41","1"
20712,"1307","41","41","1"
20713,"1307","41","41","1"
20714,"1307","41","41","1"
20715,"1307","41","41","1"
20716,"1308","42","42","1"
20717,"1309","43","43","1"
20718,"1310","44","44","1"
20719,"1311","45","45","1"
20720,"1312","46","46","1"
20721,"1313","47","47","1"
20722,"1314","48","48","1"
20723,"1315","49","49","1"
20724,"1316","50","50","1"
20725,"1317","51","51","1"
20726,"1318","52","52","1"
20727,"1319","53","53","1"
20728,"1320","54","54","1"
20729,"1321","55","55","1"
20730,"1322","56","56","1"
20731,"1323","57","57","1"
20732,"1323","57","57","1"
20733,"1323","57","57","1"
20734,"1323","57","57","1"
20735,"1324","58","58","1"
20736,"1325","59","59","1"
20737,"1326","60","60","1"
20738,"1327","61","61","1"
20739,"1328","62","62","1"
20740,"1329","63","63","1"
20741,"1330","64","64","1"
20742,"1330","64","64","1"
20743,"1331","65","65","1"
20744,"1332","66","66","1"
20745,"1333","67","67","1"
20746,"1334","68","68","1"
20747,"1335","69","69","1"
20748,"1336","70","70","1"
20749,"1337","71","71","1"
20750,"1338","72","72","1"
20751,"1339","73","73","1"
20752,"1340","74","74","1"
20753,"1341","75","75","1"
20754,"1341","75","75","1"
20755,"1341","75","75","1"
20756,"1342","76","76","1"
20757,"1343","77","77","1"
20758,"1344","78","78","1"
20759,"1345","79","79","1"
20760,"1346","80","80","1"
20761,"1347","81","81","1"
20762,"1348","82","82","1"
20763,"1349","83","83","1"
20764,"1350","84","84","1"
20765,"1351","85","85","1"
20766,"1352","86","86","1"
20767,"1353","87","87","1"
20768,"1354","88","88","1"
20769,"1355","89","89","1"
20770,"1356","90","90","1"
20771,"1357","91","91","1"
20772,"1358","92","92","1"
20773,"1358","92","92","1"
20774,"1358","92","92","1"
20775,"1359","93","93","1"
20776,"1360","94","94","1"
20777,"1361","95","95","1"
20778,"1362","96","96","1"
20779,"1363","97","97","1"
20780,"1364","98","98","1"
20781,"1365","99","99","1"
20782,"1366","100","100","1"
20783,"1367","101","101","1"
20784,"1368","102","102","1"
20785,"1369","103","103","1"
20786,"1370","104","104","1"
20787,"1371","105","105","1"
20788,"1372","106","106","1"
20789,"1373","107","107","1"
20790,"1374","108","108","1"
20791,"1374","108","108","1"
20792,"1374","108","108","1"
20793,"1374","108","108","1"
20794,"1374","108","108","1"
20795,"1374","108","108","1"
20796,"1374","108","108","1"
20797,"1374","108","108","1"
20798,"1374","108","108","1"
20799,"1374","108","108","1"
20800,"1374","108","108","1"
20801,"1374","108","108","1"
20802,"1374","108","108","1"
20803,"1375","109","109","1"
20804,"1376","110","110","1"
20805,"1377","111","111","1"
20806,"1378","112","112","1"
20807,"1379","113","113","1"
20808,"1380","114","114","1"
20809,"1381","115","115","1"
20810,"1382","116","116","1"
20811,"1383","117","117","1"
20812,"1384","118","118","1"
20813,"1385","119","119","1"
20814,"1386","120","120","1"
20815,"1387","121","121","1"
20816,"1388","122","122","1"
20817,"1389","123","123","1"
20818,"1390","124","124","1"
20819,"1390","124","124","1"
20820,"1390","124","124","1"
20821,"1390","124","124","1"
20822,"1391","125","125","1"
20823,"1391","125","125","1"
20824,"1392","126","126","1"
20825,"1392","126","126","1"
20826,"1393","127","127","1"
20827,"1394","128","128","1"
20828,"1395","129","129","1"
20829,"1396","130","130","1"
20830,"1397","131","131","1"
20831,"1398","132","132","1"
20832,"1399","133","133","1"
20833,"1400","134","134","1"
20834,"1401","135","135","1"
20835,"1402","136","136","1"
20836,"1403","137","137","1"
20837,"1404","138","138","1"
20838,"1405","139","139","1"
20839,"1406","140","140","1"
20840,"1407","141","141","1"
20841,"1408","142","142","1"
20842,"1408","142","142","1"
20843,"1408","142","142","1"
20844,"1408","142","142","1"
20845,"1408","142","142","1"
20846,"1408","142","142","1"
20847,"1408","142","142","1"
20848,"1409","143","143","1"
20849,"1410","144","144","1"
20850,"1411","145","145","1"
20851,"1411","145","145","1"
20852,"1411","145","145","1"
20853,"1411","145","145","1"
20854,"1411","145","145","1"
20855,"1411","145","145","1"
20856,"1412","146","146","1"
20857,"1413","147","147","1"
20858,"1414","148","148","1"
20859,"1414","148","148","1"
20860,"1414","148","148","1"
20861,"1414","148","148","1"
20862,"1414","148","148","1"
20863,"1415","149","149","1"
20864,"1416","150","150","1"
20865,"1417","151","151","1"
20866,"1418","152","152","1"
20867,"1418","152","152","1"
20868,"1419","153","153","1"
20869,"1420","154","154","1"
20870,"1421","155","155","1"
20871,"1422","156","156","1"
20872,"1423","157","157","1"
20873,"1424","158","158","1"
20874,"1425","159","159","1"
20875,"1426","160","160","1"
20876,"1427","161","161","1"
20877,"1427","161","161","1"
20878,"1427","161","161","1"
20879,"1427","161","161","1"
20880,"1427","161","161","1"
20881,"1427","161","161","1"
20882,"1427","161","161","1"
20883,"1428","162","162","1"
20884,"1429","163","163","1"
20885,"1430","164","164","1"
20886,"1431","165","165","1"
20887,"1432","166","166","1"
20888,"1433","167","167","1"
20889,"1434","168","168","1"
20890,"1435","169","169","1"
20891,"1436","170","170","1"
20892,"1437","171","171","1"
20893,"1438","172","172","1"
20894,"1439","173","173","1"
20895,"1440","174","174","1"
20896,"1440","174","174","1"
20897,"1440","174","174","1"
20898,"1440","174","174","1"
20899,"1441","175","175","1"
20900,"1442","176","176","1"
20901,"1443","177","177","1"
20902,"1444","178","178","1"
20903,"1445","179","179","1"
20904,"1446","180","180","1"
20905,"1447","181","181","1"
20906,"1448","182","182","1"
20907,"1449","183","183","1"
20908,"1450","184","184","1"
20909,"1451","185","185","1"
20910,"1452","186","186","1"
20911,"1452","186","186","1"
20912,"1452","186","186","1"
20913,"1452","186","186","1"
20914,"1452","186","186","1"
20915,"1452","186","186","1"
20916,"1452","186","186","1"
20917,"1452","186","186","1"
20918,"1452","186","186","1"
20919,"1452","186","186","1"
20920,"1452","186","186","1"
20921,"1452","186","186","1"
20922,"1452","186","186","1"
20923,"1452","186","186","1"
20924,"1452","186","186","1"
20925,"1452","186","186","1"
20926,"1452","186","186","1"
20927,"1452","186","186","1"
20928,"1452","186","186","1"
20929,"1453","187","187","1"
20930,"1454","188","188","1"
20931,"1455","189","189","1"
20932,"1456","190","190","1"
20933,"1457","191","191","1"
20934,"1458","192","192","1"
20935,"1459","193","193","1"
20936,"1460","194","194","1"
20937,"1461","195","195","1"
20938,"1462","196","196","1"
20939,"1463","197","197","1"
20940,"1463","197","197","1"
20941,"1463","197","197","1"
20942,"1463","197","197","1"
20943,"1463","197","197","1"
20944,"1463","197","197","1"
20945,"1463","197","197","1"
20946,"1463","197","0","1"
20947,"1463","197","0","1"
20948,"1463","197","0","1"
20949,"1463","197","0","1"
20950,"1463","197","0","1"
20951,"1464","198","1","1"
20952,"1465","199","2","1"
20953,"1466","200","3","1"
20954,"1466","200","3","1"
20955,"1467","201","4","1"
20956,"1468","202","5","1"
20957,"1469","203","6","1"
20958,"1470","204","7","1"
20959,"1471","205","8","1"
20960,"1472","206","9","1"
20961,"1473","207","10","1"
20962,"1473","207","10","1"
20963,"1473","207","10","1"
20964,"1474","208","11","1"
20965,"1475","209","12","1"
20966,"1476","210","13","1"
20967,"1477","211","14","1"
20968,"1478","212","15","1"
20969,"1479","213","16","1"
20970,"1479","213","16","1"
20971,"1479","213","16","1"
20972,"1479","213","16","1"
20973,"1479","213","16","1"
20974,"1479","213","16","1"
20975,"1479","213","16","1"
20976,"1479","213","16","1"
20977,"1479","213","16","1"
20978,"1479","213","16","1"
20979,"1479","213","16","1"
20980,"1479","213","16","1"
20981,"1479","213","16","1"
20982,"1480","214","17","1"
20983,"1481","215","18","1"
20984,"1482","216","19","1"
20985,"1482","216","19","1"
20986,"1482","216","19","1"
20987,"1482","216","19","1"
20988,"1482","216","19","1"
20989,"1482","216","19","1"
20990,"1482","216","19","1"
20991,"1482","216","19","1"
20992,"1482","216","19","1"
20993,"1482","216","19","1"
20994,"1482","216","19","1"
20995,"1482","216","19","1"
20996,"1482","216","19","1"
20997,"1482","216","19","1"
20998,"1482","216","19","1"
20999,"1482","216","19","1"
21000,"1482","216","19","1"
21001,"1482","216","19","1"
21002,"1482","216","19","1"
21003,"1482","216","19","1"
21004,"1482","216","19","1"
21005,"1482","216","19","1"
21006,"1482","216","19","1"
21007,"1482","216","19","1"
21008,"1482","216","19","1"
21009,"1482","216","19","1"
21010,"1482","216","19","1"
21011,"1482","216","19","1"
21012,"1482","216","19","1"
21013,"1482","216","19","1"
21014,"1482","216","19","1"
21015,"1482","216","19","1"
21016,"1482","216","19","1"
21017,"1482","216","19","1"
21018,"1482","216","19","1"
21019,"1482","216","19","1"
21020,"1482","216","19","1"
21021,"1482","216","19","1"
21022,"1482","216","0","1"
21023,"1482","216","0","1"
21024,"1482","216","0","1"
21025,"1482","216","0","1"
21026,"1482","216","0","1"
21027,"1482","216","0","1"
21028,"1482","216","0","1"
21029,"1482","216","0","1"
21030,"1482","216","0","1"
21031,"1482","216","0","1"
21032,"1482","216","0","1"
21033,"1482","216","0","1"
21034,"1482","216","0","1"
21035,"1482","216","0","1"
21036,"1482","216","0","1"
21037,"1482","216","0","1"
21038,"1482","216","0","1"
21039,"1482","216","0","1"
21040,"1482","216","0","1"
21041,"1482","216","0","1"
21042,"1482","216","0","1"
21043,"1482","216","0","1"
21044,"1482","216","0","1"
21045,"1482","216","0","1"
21046,"1482","216","0","1"
21047,"1482","216","0","1"
21048,"1482","216","0","1"
21049,"1482","216","0","1"
21050,"1482","216","0","1"
21051,"1482","216","0","1"
21052,"1482","216","0","1"
21053,"1482","216","0","1"
21054,"1482","216","0","1"
21055,"1482","216","0","1"
21056,"1482","216","0","1"
21057,"1482","216","0","1"
21058,"1482","216","0","1"
21059,"1482","216","0","1"
21060,"1482","216","0","1"
21061,"1482","216","0","1"
21062,"1482","216","0","1"
21063,"1482","216","0","1"
21064,"1482","216","0","1"
21065,"1482","216","0","1"
21066,"1482","216","0","1"
21067,"1482","216","0","1"
21068,"1482","216","0","1"
21069,"1482","216","0","1"
21070,"1482","216","0","1"
21071,"1482","216","0","1"
21072,"1482","216","0","1"
21073,"1482","216","0","1"
21074,"1482","216","0","1"
21075,"1482","216","0","1"
21076,"1482","216","0","1"
21077,"1482","216","0","1"
21078,"1482","216","0","1"
21079,"1482","216","0","1"
21080,"1482","216","0","1"
21081,"1482","216","0","1"
21082,"1482","216","0","1"
21083,"1482","216","0","1"
21084,"1482","216","0","1"
21085,"1482","216","0","1"
21086,"1482","216","0","1"
21087,"1483","217","1","1"
21088,"1484","218","2","1"
21089,"1485","219","3","1"
21090,"1486","220","4","1"
21091,"1487","221","5","1"
21092,"1488","222","6","1"
21093,"1489","223","7","1"
21094,"1489","223","7","1"
21095,"1489","223","7","1"
21096,"1490","224","8","1"
21097,"1491","225","9","1"
21098,"1492","226","10","1"
21099,"1493","227","11","1"
21100,"1494","228","12","1"
21101,"1495","229","13","1"
21102,"1496","230","14","1"
21103,"1497","231","15","1"
21104,"1498","232","16","1"
21105,"1499","233","17","1"
21106,"1500","234","18","1"
21107,"1501","235","19","1"
21108,"1502","236","20","1"
21109,"1503","237","21","1"
21110,"1503","237","21","1"
21111,"1503","237","21","1"
21112,"1504","238","22","1"
21113,"1505","239","23","1"
21114,"1506","240","24","1"
21115,"1507","241","25","1"
21116,"1508","242","26","1"
21117,"1509","243","27","1"
21118,"1510","244","28","1"
21119,"1511","245","29","1"
21120,"1512","246","0","1"
21121,"1512","246","0","1"
21122,"1512","246","0","1"
21123,"1512","246","0","1"
21124,"1513","247","1","1"
21125,"1514","248","2","1"
21126,"1515","249","3","1"
21127,"1516","250","4","1"
21128,"1517","251","5","1"
21129,"1518","252","6","1"
21130,"1519","253","7","1"
21131,"1520","254","8","1"
21132,"1521","255","9","1"
21133,"1522","256","10","1"
21134,"1523","257","11","1"
21135,"1524","258","12","1"
21136,"1525","259","13","1"
21137,"1526","260","14","1"
21138,"1527","261","15","1"
21139,"1527","261","15","1"
21140,"1527","261","15","1"
21141,"1527","261","15","1"
21142,"1527","261","15","1"
21143,"1527","261","15","1"
21144,"1527","261","15","1"
21145,"1527","261","15","1"
21146,"1527","261","15","1"
21147,"1527","261","15","1"
21148,"1527","261","15","1"
21149,"1528","262","16","1"
21150,"1529","263","17","1"
21151,"1530","264","18","1"
21152,"1531","265","19","1"
21153,"1532","266","20","1"
21154,"1533","267","21","1"
21155,"1534","268","22","1"
21156,"1535","269","23","1"
21157,"1536","270","24","1"
21158,"1537","271","25","1"
21159,"1538","272","26","1"
21160,"1538","272","26","1"
21161,"1538","272","26","1"
21162,"1538","272","26","1"
21163,"1539","273","27","1"
21164,"1540","274","28","1"
21165,"1541","275","29","1"
21166,"1542","276","30","1"
21167,"1543","277","31","1"
21168,"1544","278","32","1"
21169,"1545","279","33","1"
21170,"1546","280","34","1"
21171,"1547","281","35","1"
21172,"1548","282","36","1"
21173,"1549","283","37","1"
21174,"1550","284","38","1"
21175,"1551","285","39","1"
21176,"1552","286","40","1"
21177,"1553","287","41","1"
21178,"1554","288","42","1"
21179,"1555","289","43","1"
21180,"1556","290","44","1"
21181,"1557","291","45","1"
21182,"1558","292","46","1"
21183,"1559","293","47","1"
21184,"1560","294","48","1"
21185,"1560","294","48","1"
21186,"1560","294","48","1"
21187,"1561","295","49","1"
21188,"1562","296","50","1"
21189,"1563","297","51","1"
21190,"1564","298","52","1"
21191,"1565","299","53","1"
21192,"1566","300","54","1"
21193,"1567","301","55","1"
21194,"1568","302","56","1"
21195,"1569","303","57","1"
21196,"1570","304","58","1"
21197,"1571","305","59","1"
21198,"1572","306","60","1"
21199,"1573","307","61","1"
21200,"1574","308","62","1"
21201,"1574","308","62","1"
21202,"1574","308","62","1"
21203,"1574","308","62","1"
21204,"1575","309","63","1"
21205,"1576","310","64","1"
21206,"1577","311","65","1"
21207,"1578","312","66","1"
21208,"1579","313","67","1"
21209,"1580","314","68","1"
21210,"1581","315","69","1"
21211,"1582","316","70","1"
21212,"1583","317","71","1"
21213,"1583","317","71","1"
21214,"1583","317","71","1"
21215,"1583","317","71","1"
21216,"1583","317","71","1"
21217,"1583","317","71","1"
21218,"1583","317","71","1"
21219,"1584","318","72","1"
21220,"1585","319","73","1"
21221,"1586","320","74","1"
21222,"1587","321","75","1"
21223,"1588","322","76","1"
21224,"1589","323","77","1"
21225,"1590","324","78","1"
21226,"1591","325","79","1"
21227,"1592","326","80","1"
21228,"1593","327","81","1"
21229,"1594","328","82","1"
21230,"1595","329","83","1"
21231,"1596","330","84","1"
21232,"1597","331","85","1"
21233,"1598","332","86","1"
21234,"1599","333","87","1"
21235,"1600","334","88","1"
21236,"1601","335","89","1"
21237,"1602","336","90","1"
21238,"1602","336","90","1"
21239,"1602","336","90","1"
21240,"1603","337","91","1"
21241,"1604","338","92","1"
21242,"1605","339","93","1"
21243,"1606","340","94","1"
21244,"1607","341","95","1"
21245,"1608","342","96","1"
21246,"1609","343","97","1"
21247,"1610","344","98","1"
21248,"1611","345","99","1"
21249,"1612","346","100","1"
21250,"1613","347","101","1"
21251,"1614","348","102","1"
21252,"1615","349","103","1"
21253,"1616","350","104","1"
21254,"1617","351","105","1"
21255,"1618","352","106","1"
21256,"1619","353","107","1"
21257,"1620","354","108","1"
21258,"1621","355","109","1"
21259,"1621","355","109","1"
21260,"1621","355","109","1"
21261,"1621","355","109","1"
21262,"1622","356","110","1"
21263,"1623","357","111","1"
21264,"1624","358","112","1"
21265,"1625","359","113","1"
21266,"1626","360","114","1"
21267,"1627","361","115","1"
21268,"1628","362","116","1"
21269,"1629","363","117","1"
21270,"1630","364","118","1"
21271,"1631","365","119","1"
21272,"1632","366","120","1"
21273,"1633","367","121","1"
21274,"1634","368","122","1"
21275,"1635","369","0","1"
21276,"1635","369","0","1"
21277,"1635","369","0","1"
21278,"1635","369","0","1"
21279,"1635","369","0","1"
21280,"1635","369","0","1"
21281,"1635","369","0","1"
21282,"1635","369","0","1"
21283,"1636","370","1","1"
21284,"1637","371","2","1"
21285,"1638","372","3","1"
21286,"1639","373","4","1"
21287,"1640","374","5","1"
21288,"1641","375","6","1"
21289,"1642","376","7","1"
21290,"1643","377","8","1"
21291,"1644","378","9","1"
21292,"1645","379","10","1"
21293,"1645","379","10","1"
21294,"1645","379","10","1"
21295,"1645","379","10","1"
21296,"1646","380","11","1"
21297,"1647","381","12","1"
21298,"1648","382","13","1"
21299,"1648","382","13","1"
21300,"1649","383","14","1"
21301,"1650","384","15","1"
21302,"1651","385","16","1"
21303,"1652","386","17","1"
21304,"1653","387","18","1"
21305,"1653","387","18","1"
21306,"1653","387","18","1"
21307,"1653","387","18","1"
21308,"1653","387","0","1"
21309,"1653","387","0","1"
21310,"1654","388","1","1"
21311,"1655","389","2","1"
21312,"1656","390","3","1"
21313,"1657","391","4","1"
21314,"1658","392","5","1"
21315,"1659","393","6","1"
21316,"1660","394","7","1"
21317,"1661","395","8","1"
21318,"1662","396","9","1"
21319,"1663","397","0","1"
21320,"1663","397","0","1"
21321,"1663","397","0","1"
21322,"1664","398","1","1"
21323,"1665","399","2","1"
21324,"1666","400","3","1"
21325,"1667","401","4","1"
21326,"1668","402","5","1"
21327,"1669","403","6","1"
21328,"1670","404","7","1"
21329,"1671","405","8","1"
21330,"1672","406","9","1"
21331,"1673","407","10","1"
21332,"1674","408","0","1"
21333,"1674","408","0","1"
21334,"1674","408","0","1"
21335,"1674","408","0","1"
21336,"1674","408","0","1"
21337,"1675","409","1","1"
21338,"1675","409","1","1"
21339,"1676","410","2","1"
21340,"1677","411","3","1"
21341,"1678","412","4","1"
21342,"1679","413","5","1"
21343,"1680","414","6","1"
21344,"1681","415","7","1"
21345,"1682","416","8","1"
21346,"1683","417","9","1"
21347,"1684","418","10","1"
21348,"1685","419","11","1"
21349,"1685","419","11","1"
21350,"1685","419","11","1"
21351,"1685","419","11","1"
21352,"1685","419","11","1"
21353,"1685","419","11","1"
21354,"1685","419","11","1"
21355,"1686","420","12","1"
21356,"1687","421","13","1"
21357,"1688","422","14","1"
21358,"1688","422","14","1"
21359,"1688","422","14","1"
21360,"1689","423","15","1"
21361,"1690","424","16","1"
21362,"1691","425","17","1"
21363,"1692","426","18","1"
21364,"1692","426","18","1"
21365,"1692","426","18","1"
21366,"1692","426","18","1"
21367,"1692","426","18","1"
21368,"1693","427","19","1"
21369,"1694","428","20","1"
21370,"1695","429","21","1"
21371,"1696","430","22","1"
21372,"1697","431","23","1"
21373,"1698","432","24","1"
21374,"1699","433","25","1"
21375,"1700","434","26","1"
21376,"1701","435","27","1"
21377,"1702","436","28","1"
21378,"1703","437","29","1"
21379,"1704","438","30","1"
21380,"1705","439","31","1"
21381,"1706","440","32","1"
21382,"1707","441","33","1"
21383,"1708","442","34","1"
21384,"1709","443","35","1"
21385,"1709","443","35","1"
21386,"1709","443","35","1"
21387,"1709","443","35","1"
21388,"1709","443","35","1"
21390,"1709","443","35","1"
21391,"1709","443","35","1"
21392,"1709","443","35","1"
21393,"1710","444","36","1"
21394,"1711","445","37","1"
21395,"1712","446","38","1"
21396,"1713","447","39","1"
21397,"1714","448","40","1"
21398,"1715","449","41","1"
21399,"1716","450","42","1"
21400,"1717","451","43","1"
21401,"1718","452","44","1"
21402,"1718","452","44","1"
21403,"1718","452","44","1"
21404,"1718","452","44","1"
21405,"1718","452","44","1"
21406,"1718","452","44","1"
21407,"1718","452","44","1"
21408,"1718","452","44","1"
21409,"1718","452","44","1"
21410,"1718","452","44","1"
21411,"1718","452","44","1"
21412,"1718","452","44","1"
21413,"1718","452","44","1"
21414,"1718","452","44","1"
21415,"1718","452","44","1"
21416,"1718","452","44","1"
21417,"1718","452","44","1"
21418,"1718","452","44","1"
21419,"1719","453","45","1"
21420,"1720","454","46","1"
21421,"1721","455","47","1"
21422,"1722","456","48","1"
21423,"1723","457","49","1"
21424,"1724","458","50","1"
21425,"1725","459","51","1"
21426,"1726","460","52","1"
21427,"1727","461","53","1"
21428,"1728","462","54","1"
21429,"1729","463","55","1"
21430,"1730","464","56","1"
21431,"1730","464","56","1"
21432,"1730","464","56","1"
21433,"1731","465","57","1"
21434,"1731","465","57","1"
21435,"1732","466","58","1"
21436,"1733","467","59","1"
21437,"1734","468","60","1"
21438,"1735","469","61","1"
21439,"1735","469","61","1"
21440,"1735","469","61","1"
21441,"1736","470","62","1"
21442,"1737","471","63","1"
21443,"1738","472","64","1"
21444,"1738","472","64","1"
21445,"1738","472","64","1"
21446,"1739","473","65","1"
21447,"1740","474","66","1"
21448,"1741","475","67","1"
21449,"1742","476","68","1"
21450,"1743","477","69","1"
21451,"1744","478","70","1"
21452,"1745","479","71","1"
21453,"1746","480","72","1"
21454,"1747","481","73","1"
21455,"1748","482","74","1"
21456,"1749","483","75","1"
21457,"1750","484","76","1"
21458,"1751","485","77","1"
21460,"1752","486","78","1"
21461,"1753","487","79","1"
21462,"1754","488","80","1"
21463,"1755","489","81","1"
21464,"1756","490","82","1"
21465,"1756","490","82","1"
21466,"1756","490","82","1"
21467,"1756","490","82","1"
21468,"1756","490","82","1"
21469,"1756","490","82","1"
21470,"1756","490","82","1"
21471,"1756","490","82","1"
21472,"1756","490","82","1"
21473,"1756","490","82","1"
21474,"1756","490","82","1"
21475,"1756","490","82","1"
21476,"1756","490","82","1"
21478,"1756","490","82","1"
21479,"1757","491","83","1"
21480,"1758","492","84","1"
21481,"1758","492","84","1"
21482,"1758","492","84","1"
21483,"1758","492","84","1"
21484,"1758","492","84","1"
21485,"1758","492","84","1"
21486,"1758","492","84","1"
21487,"1759","493","85","1"
21488,"1760","494","86","1"
21489,"1761","495","87","1"
21490,"1762","496","88","1"
21491,"1763","497","89","1"
21492,"1764","498","90","1"
21493,"1765","499","91","1"
21494,"1766","500","92","1"
21495,"1767","501","93","1"
21496,"1768","502","94","1"
21497,"1769","503","95","1"
21498,"1770","504","96","1"
21499,"1771","505","97","1"
21500,"1772","506","98","1"
21501,"1773","507","99","1"
21502,"1773","507","99","1"
21503,"1773","507","99","1"
21504,"1773","507","99","1"
21505,"1774","508","100","1"
21506,"1775","509","101","1"
21507,"1776","510","102","1"
21508,"1777","511","103","1"
21509,"1778","512","104","1"
21510,"1779","513","105","1"
21511,"1780","514","106","1"
21512,"1781","515","107","1"
21513,"1782","516","108","1"
21514,"1783","517","109","1"
21515,"1784","518","110","1"
21516,"1785","519","111","1"
21517,"1786","520","112","1"
21518,"1787","521","113","1"
21519,"1788","522","114","1"
21520,"1789","523","115","1"
21521,"1790","524","116","1"
21522,"1791","525","117","1"
21523,"1792","526","118","1"
21524,"1792","526","118","1"
21525,"1792","526","118","1"
21526,"1792","526","118","1"
21527,"1793","527","119","1"
21528,"1794","528","120","1"
21529,"1795","529","121","1"
21530,"1796","530","122","1"
21531,"1797","531","123","1"
21532,"1798","532","124","1"
21533,"1799","533","125","1"
21534,"1800","534","126","1"
21535,"1801","535","127","1"
21536,"1802","536","128","1"
21537,"1803","537","129","1"
21538,"1804","538","130","1"
21539,"1805","539","131","1"
21540,"1806","540","132","1"
21541,"1807","541","133","1"
21542,"1808","542","134","1"
21543,"1809","543","135","1"
21544,"1810","544","136","1"
21545,"1811","545","137","1"
21546,"1812","546","138","1"
21547,"1813","547","139","1"
21548,"1814","548","140","1"
21549,"1815","549","141","1"
21550,"1816","550","142","1"
21551,"1817","551","143","1"
21552,"1818","552","144","1"
21553,"1818","552","144","1"
21554,"1818","552","144","1"
21555,"1818","552","144","1"
21556,"1818","552","144","1"
21557,"1818","552","144","1"
21558,"1818","552","144","1"
21559,"1818","552","144","1"
21560,"1818","552","144","1"
21561,"1818","552","144","1"
21562,"1818","552","144","1"
21563,"1818","552","144","1"
21564,"1818","552","144","1"
21565,"1819","553","145","1"
21566,"1820","554","146","1"
21567,"1820","554","146","1"
21568,"1820","554","146","1"
21569,"1821","555","147","1"
21570,"1822","556","148","1"
21571,"1823","557","149","1"
21572,"1824","558","150","1"
21573,"1825","559","151","1"
21574,"1826","560","152","1"
21575,"1827","561","153","1"
21576,"1828","562","154","1"
21577,"1829","563","155","1"
21578,"1830","564","156","1"
21579,"1831","565","157","1"
21580,"1832","566","158","1"
21581,"1833","567","159","1"
21582,"1834","568","160","1"
21583,"1835","569","161","1"
21584,"1836","570","162","1"
21585,"1837","571","163","1"
21586,"1837","571","163","1"
21587,"1837","571","163","1"
21588,"1838","572","164","1"
21589,"1839","573","165","1"
21590,"1840","574","166","1"
21591,"1841","575","167","1"
21592,"1842","576","168","1"
21593,"1843","577","169","1"
21594,"1844","578","170","1"
21595,"1845","579","171","1"
21596,"1846","580","172","1"
21597,"1847","581","173","1"
21598,"1848","582","174","1"
21599,"1848","582","174","1"
21600,"1848","582","174","1"
21601,"1848","582","174","1"
21602,"1848","582","174","1"
21603,"1848","582","174","1"
21604,"1848","582","174","1"
21605,"1848","582","174","1"
21606,"1848","582","174","1"
21607,"1848","582","174","1"
21608,"1848","582","174","1"
21609,"1848","582","174","1"
21610,"1848","582","174","1"
21611,"1848","582","174","1"
21612,"1848","582","174","1"
21613,"1848","582","174","1"
21614,"1848","582","174","1"
21615,"1848","582","174","1"
21616,"1848","582","174","1"
21617,"1848","582","174","1"
21618,"1848","582","174","1"
21619,"1849","583","175","1"
21620,"1850","584","176","1"
21621,"1851","585","177","1"
21622,"1852","586","178","1"
21623,"1853","587","179","1"
21624,"1854","588","180","1"
21625,"1855","589","181","1"
21626,"1856","590","182","1"
21627,"1857","591","183","1"
21628,"1858","592","184","1"
21629,"1859","593","185","1"
21630,"1859","593","185","1"
21631,"1859","593","185","1"
21632,"1860","594","186","1"
21633,"1861","595","187","1"
21634,"1862","596","188","1"
21635,"1863","597","189","1"
21636,"1864","598","190","1"
21637,"1865","599","191","1"
21638,"1866","600","192","1"
21639,"1867","601","193","1"
21640,"1868","602","194","1"
21641,"1869","603","195","1"
21642,"1870","604","196","1"
21643,"1871","605","197","1"
21644,"1872","606","198","1"
21645,"1873","607","199","1"
21646,"1874","608","200","1"
21647,"1875","609","201","1"
21648,"1876","610","202","1"
21649,"1877","611","203","1"
21650,"1878","612","204","1"
21651,"1879","613","205","1"
21652,"1880","614","206","1"
21653,"1881","615","207","1"
21654,"1882","616","208","1"
21655,"1883","617","209","1"
21656,"1884","618","210","1"
21657,"1885","619","211","1"
21658,"1886","620","212","1"
21659,"1887","621","213","1"
21660,"1888","622","214","1"
21661,"1889","623","215","1"
21662,"1890","624","216","1"
21663,"1891","625","217","1"
21664,"1891","625","217","1"
21665,"1891","625","217","1"
21666,"1891","625","217","1"
21667,"1891","625","217","1"
21668,"1891","625","217","1"
21669,"1891","625","217","1"
21670,"1892","626","218","1"
21671,"1893","627","219","1"
21672,"1894","628","220","1"
21673,"1895","629","221","1"
21674,"1896","630","222","1"
21675,"1897","631","223","1"
21676,"1898","632","224","1"
21677,"1899","633","225","1"
21678,"1900","634","226","1"
21679,"1901","635","227","1"
21680,"1902","636","228","1"
21681,"1903","637","229","1"
21682,"1904","638","230","1"
21683,"1905","639","231","1"
21684,"1906","640","232","1"
21685,"1907","641","233","1"
21686,"1908","642","234","1"
21687,"1909","643","235","1"
21688,"1910","644","236","1"
21689,"1911","645","237","1"
21690,"1912","646","238","1"
21691,"1913","647","239","1"
21692,"1914","648","240","1"
21693,"1915","649","241","1"
21694,"1916","650","242","1"
21695,"1917","651","243","1"
21696,"1918","652","244","1"
21697,"1919","653","245","1"
21698,"1920","654","246","1"
21699,"1921","655","247","1"
21700,"1922","656","248","1"
21701,"1922","656","248","1"
21702,"1922","656","248","1"
21703,"1923","657","249","1"
21704,"1924","658","250","1"
21705,"1925","659","251","1"
21706,"1926","660","252","1"
21707,"1927","661","253","1"
21708,"1928","662","254","1"
21709,"1929","663","255","1"
21710,"1930","664","256","1"
21711,"1931","665","257","1"
21712,"1932","666","258","1"
21713,"1933","667","259","1"
21714,"1934","668","260","1"
21715,"1935","669","261","1"
21716,"1936","670","262","1"
21717,"1937","671","263","1"
21718,"1938","672","264","1"
21719,"1939","673","265","1"
21720,"1940","674","266","1"
21721,"1941","675","267","1"
21722,"1942","676","268","1"
21723,"1943","677","269","1"
21724,"1944","678","270","1"
21725,"1945","679","271","1"
21726,"1946","680","272","1"
21727,"1947","681","273","1"
21728,"1948","682","274","1"
21729,"1949","683","275","1"
21730,"1950","684","276","1"
21731,"1951","685","277","1"
21732,"1952","686","278","1"
21733,"1952","686","278","1"
21734,"1952","686","278","1"
21735,"1952","686","278","1"
21736,"1952","686","278","1"
21737,"1953","687","279","1"
21738,"1954","688","280","1"
21739,"1955","689","281","1"
21740,"1956","690","282","1"
21741,"1957","691","283","1"
21742,"1958","692","284","1"
21743,"1959","693","285","1"
21744,"1960","694","286","1"
21745,"1961","695","287","1"
21746,"1962","696","288","1"
21747,"1963","697","289","1"
21748,"1964","698","290","1"
21749,"1964","698","290","1"
21750,"1964","698","290","1"
21751,"1965","699","291","1"
21752,"1966","700","292","1"
21753,"1967","701","293","1"
21754,"1968","702","294","1"
21755,"1969","703","295","1"
21756,"1970","704","296","1"
21757,"1971","705","297","1"
21758,"1972","706","298","1"
21759,"1973","707","299","1"
21760,"1974","708","300","1"
21761,"1975","709","301","1"
21762,"1976","710","302","1"
21763,"1977","711","303","1"
21764,"1978","712","304","1"
21765,"1979","713","305","1"
21766,"1980","714","306","1"
21767,"1981","715","307","1"
21768,"1982","716","308","1"
21769,"1983","717","309","1"
21770,"1984","718","310","1"
21771,"1985","719","311","1"
21772,"1986","720","312","1"
21773,"1987","721","313","1"
21774,"1988","722","314","1"
21775,"1989","723","315","1"
21776,"1990","724","316","1"
21777,"1991","725","317","1"
21778,"1992","726","318","1"
21779,"1993","727","319","1"
21780,"1994","728","320","1"
21781,"1995","729","321","1"
21782,"1996","730","322","1"
21783,"1997","731","323","1"
21784,"1998","732","324","1"
21785,"1999","733","325","1"
21786,"2000","734","326","1"
21787,"2000","734","326","1"
21788,"2000","734","326","1"
21789,"2000","734","326","1"
21790,"2000","734","326","1"
21791,"2001","735","327","1"
21792,"2002","736","328","1"
21793,"2003","737","329","1"
21794,"2004","738","330","1"
21795,"2005","739","331","1"
21796,"2006","740","332","1"
21797,"2007","741","333","1"
21798,"2008","742","334","1"
21799,"2009","743","335","1"
21800,"2010","744","336","1"
21801,"2011","745","337","1"
21802,"2012","746","338","1"
21803,"2013","747","339","1"
21804,"2014","748","340","1"
21805,"2015","749","341","1"
21806,"2016","750","342","1"
21807,"2017","751","343","1"
21808,"2018","752","344","1"
21809,"2018","752","344","1"
21810,"2018","752","344","1"
21811,"2018","752","344","1"
21812,"2018","752","344","1"
21813,"2018","752","344","1"
21814,"2018","752","344","1"
21815,"2018","752","344","1"
21816,"2018","752","344","1"
21817,"2018","752","344","1"
21818,"2018","752","344","1"
21819,"2018","752","344","1"
21820,"2018","752","344","1"
21821,"2018","752","344","1"
21822,"2018","752","344","1"
21823,"2018","752","344","1"
21824,"2018","752","344","1"
21825,"2018","752","344","1"
21826,"2018","752","344","1"
21827,"2018","752","344","1"
21828,"2018","752","344","1"
21829,"2018","752","344","1"
21830,"2018","752","344","1"
21831,"2018","752","344","1"
21832,"2018","752","344","1"
21833,"2018","752","344","1"
21834,"2018","752","344","1"
21835,"2018","752","344","1"
21836,"2018","752","344","1"
21837,"2018","752","344","1"
21838,"2018","752","344","1"
21839,"2018","752","344","1"
21840,"2018","752","344","1"
21841,"2018","752","344","1"
21842,"2018","752","344","1"
21843,"2018","752","344","1"
21844,"2018","752","344","1"
21845,"2018","752","344","1"
21846,"2018","752","344","1"
21847,"2018","752","344","1"
21848,"2018","752","344","1"
21849,"2018","752","344","1"
21850,"2018","752","344","1"
21851,"2018","752","344","1"
21852,"2018","752","344","1"
21853,"2019","753","345","1"
21854,"2020","754","346","1"
21855,"2021","755","347","1"
21856,"2022","756","348","1"
21857,"2023","757","349","1"
21858,"2024","758","350","1"
21859,"2025","759","351","1"
21860,"2026","760","352","1"
21861,"2027","761","353","1"
21862,"2028","762","354","1"
21863,"2029","763","355","1"
21864,"2030","764","356","1"
21865,"2030","764","356","1"
21866,"2030","764","356","1"
21867,"2031","765","357","1"
21868,"2032","766","358","1"
21869,"2033","767","359","1"
21870,"2034","768","360","1"
21871,"2035","769","361","1"
21872,"2036","770","362","1"
21873,"2037","771","363","1"
21874,"2038","772","364","1"
21875,"2039","773","365","1"
21876,"2040","774","366","1"
21877,"2041","775","367","1"
21878,"2042","776","368","1"
21879,"2043","777","369","1"
21880,"2044","778","370","1"
21881,"2045","779","371","1"
21882,"2046","780","372","1"
21883,"2047","781","373","1"
21884,"2048","782","374","1"
21885,"2049","783","375","1"
21886,"2050","784","376","1"
21887,"2051","785","377","1"
21888,"2052","786","378","1"
21889,"2053","787","379","1"
21890,"2054","788","380","1"
21891,"2055","789","381","1"
21892,"2056","790","382","1"
21893,"2057","791","383","1"
21894,"2058","792","384","1"
21895,"2059","793","385","1"
21896,"2060","794","386","1"
21897,"2061","795","387","1"
21898,"2062","796","388","1"
21899,"2063","797","389","1"
21900,"2064","798","390","1"
21901,"2065","799","391","1"
21902,"2066","800","392","1"
21903,"2067","801","393","1"
21904,"2068","802","394","1"
21905,"2069","803","395","1"
21906,"2070","804","396","1"
21907,"2070","804","396","1"
21908,"2070","804","396","1"
21909,"2071","805","397","1"
21910,"2072","806","398","1"
21911,"2073","807","399","1"
21912,"2074","808","400","1"
21913,"2075","809","401","1"
21914,"2076","810","402","1"
21915,"2077","811","403","1"
21916,"2078","812","404","1"
21917,"2079","813","405","1"
21918,"2080","814","406","1"
21919,"2081","815","407","1"
21920,"2082","816","408","1"
21921,"2083","817","409","1"
21922,"2084","818","410","1"
21923,"2085","819","411","1"
21924,"2086","820","412","1"
21925,"2087","821","413","1"
21926,"2088","822","414","1"
21927,"2089","823","415","1"
21928,"2090","824","416","1"
21929,"2091","825","417","1"
21930,"2092","826","418","1"
21931,"2093","827","419","1"
21932,"2094","828","420","1"
21933,"2095","829","421","1"
21934,"2096","830","422","1"
21935,"2097","831","423","1"
21936,"2098","832","424","1"
21937,"2099","833","425","1"
21938,"2100","834","426","1"
21939,"2101","835","427","1"
21940,"2102","836","428","1"
21941,"2103","837","429","1"
21942,"2104","838","430","1"
21943,"2105","839","431","1"
21944,"2106","840","432","1"
21945,"2106","840","432","1"
21946,"2106","840","432","1"
21947,"2107","841","433","1"
21948,"2108","842","434","1"
21949,"2109","843","435","1"
21950,"2110","844","436","1"
21951,"2111","845","437","1"
21952,"2112","846","438","1"
21953,"2113","847","439","1"
21954,"2114","848","440","1"
21955,"2115","849","441","1"
21956,"2116","850","442","1"
21957,"2117","851","443","1"
21958,"2118","852","444","1"
21959,"2119","853","445","1"
21960,"2120","854","446","1"
21961,"2121","855","447","1"
21962,"2122","856","448","1"
21963,"2123","857","449","1"
21964,"2124","858","450","1"
21965,"2125","859","451","1"
21966,"2126","860","452","1"
21967,"2127","861","453","1"
21968,"2128","862","454","1"
21969,"2129","863","455","1"
21970,"2130","864","456","1"
21971,"2131","865","457","1"
21972,"2132","866","458","1"
21973,"2133","867","459","1"
21974,"2134","868","460","1"
21975,"2135","869","461","1"
21976,"2136","870","462","1"
21977,"2137","871","463","1"
21978,"2138","872","464","1"
21979,"2139","873","465","1"
21980,"2140","874","466","1"
21981,"2141","875","467","1"
21982,"2142","876","468","1"
21983,"2143","877","469","1"
21984,"2144","878","470","1"
21985,"2145","879","471","1"
21986,"2146","880","472","1"
21987,"2146","880","472","1"
21988,"2146","880","472","1"
21989,"2146","880","472","1"
21990,"2146","880","472","1"
21991,"2146","880","472","1"
21992,"2146","880","472","1"
21993,"2146","880","472","1"
21994,"2146","880","472","1"
21995,"2146","880","472","1"
21996,"2146","880","472","1"
21997,"2146","880","472","1"
21998,"2146","880","472","1"
21999,"2146","880","472","1"
22000,"2146","880","472","1"
22001,"2146","880","472","1"
22002,"2146","880","472","1"
22003,"2146","880","472","1"
22004,"2146","880","472","1"
22005,"2146","880","472","1"
22006,"2146","880","472","1"
22007,"2146","880","472","1"
22008,"2146","880","472","1"
22009,"2146","880","472","1"
22010,"2146","880","472","1"
22011,"2146","880","472","1"
22012,"2146","880","472","1"
22013,"2146","880","472","1"
22014,"2146","880","472","1"
22015,"2146","880","472","1"
22016,"2146","880","472","1"
22017,"2146","880","472","1"
22018,"2146","880","472","1"
22019,"2146","880","472","1"
22020,"2146","880","472","1"
22021,"2146","880","472","1"
22022,"2146","880","472","1"
22023,"2146","880","472","1"
22024,"2146","880","472","1"
22025,"2146","880","472","1"
22026,"2146","880","472","1"
22027,"2146","880","472","1"
22028,"2146","880","472","1"
22029,"2146","880","472","1"
22030,"2146","880","472","1"
22031,"2146","880","472","1"
22032,"2146","880","472","1"
22033,"2146","880","472","1"
22034,"2146","880","472","1"
22035,"2146","880","472","1"
22036,"2146","880","472","1"
22037,"2146","880","472","1"
22038,"2146","880","472","1"
22039,"2146","880","472","1"
22040,"2146","880","472","1"
22041,"2146","880","472","1"
22042,"2146","880","472","1"
22043,"2146","880","472","1"
22044,"2146","880","472","1"
22045,"2146","880","472","1"
22046,"2146","880","472","1"
22047,"2146","880","472","1"
22048,"2146","880","472","1"
22049,"2146","880","472","1"
22050,"2146","880","472","1"
22051,"2147","881","473","1"
22052,"2148","882","474","1"
22053,"2149","883","475","1"
22054,"2150","884","476","1"
22055,"2151","885","477","1"
22056,"2152","886","478","1"
22057,"2153","887","479","1"
22058,"2154","888","480","1"
22059,"2155","889","481","1"
22060,"2156","890","482","1"
22061,"2157","891","483","1"
22062,"2158","892","484","1"
22063,"2159","893","485","1"
22064,"2160","894","486","1"
22065,"2161","895","487","1"
22066,"2162","896","488","1"
22067,"2163","897","489","1"
22068,"2164","898","490","1"
22069,"2165","899","491","1"
22070,"2166","900","492","1"
22071,"2167","901","493","1"
22072,"2168","902","494","1"
22073,"2169","903","495","1"
22074,"2170","904","496","1"
22075,"2171","905","497","1"
22076,"2172","906","498","1"
22077,"2173","907","499","1"
22078,"2174","908","500","1"
22079,"2174","908","500","1"
22080,"2174","908","500","1"
22081,"2174","908","500","1"
22082,"2175","909","501","1"
22083,"2176","910","502","1"
22084,"2177","911","503","1"
22085,"2178","912","504","1"
22086,"2179","913","505","1"
22087,"2180","914","506","1"
22088,"2181","915","507","1"
22090,"2182","916","508","1"
22091,"2183","917","509","1"
22092,"2184","918","510","1"
22093,"2185","919","511","1"
22094,"2186","920","512","1"
22095,"2187","921","513","1"
22096,"2188","922","514","1"
22097,"2189","923","515","1"
22098,"2190","924","516","1"
22099,"2191","925","517","1"
22100,"2192","926","518","1"
22101,"2193","927","519","1"
22102,"2194","928","520","1"
22103,"2195","929","521","1"
22104,"2196","930","522","1"
22105,"2197","931","523","1"
22106,"2198","932","524","1"
22107,"2199","933","525","1"
22108,"2200","934","526","1"
22109,"2201","935","527","1"
22110,"2202","936","528","1"
22111,"2203","937","529","1"
22112,"2203","937","529","1"
22113,"2203","937","529","1"
22114,"2204","938","530","1"
22115,"2205","939","531","1"
22116,"2206","940","532","1"
22117,"2207","941","533","1"
22118,"2208","942","534","1"
22119,"2209","943","535","1"
22120,"2210","944","536","1"
22121,"2211","945","537","1"
22122,"2212","946","538","1"
22123,"2213","947","539","1"
22124,"2214","948","540","1"
22125,"2215","949","541","1"
22126,"2216","950","542","1"
22127,"2217","951","543","1"
22128,"2218","952","544","1"
22129,"2219","953","545","1"
22130,"2220","954","546","1"
22131,"2221","955","547","1"
22132,"2222","956","548","1"
22133,"2223","957","549","1"
22134,"2224","958","550","1"
22135,"2225","959","551","1"
22136,"2226","960","552","1"
22137,"2227","961","553","1"
22138,"2228","962","554","1"
22139,"2229","963","555","1"
22140,"2230","964","556","1"
22141,"2231","965","557","1"
22142,"2232","966","558","1"
22143,"2233","967","0","1"
22144,"2233","967","0","1"
22145,"2233","967","0","1"
22146,"2233","967","0","1"
22147,"2234","968","1","1"
22148,"2234","968","1","1"
22149,"2234","968","1","1"
22150,"2234","968","1","1"
22151,"2234","968","1","1"
22152,"2234","968","1","1"
22153,"2235","969","2","1"
22154,"2236","970","3","1"
22155,"2237","971","4","1"
22156,"2238","972","5","1"
22157,"2239","973","6","1"
22158,"2240","974","7","1"
22159,"2241","975","8","1"
22160,"2242","976","9","1"
22161,"2243","977","10","1"
22162,"2244","978","11","1"
22163,"2245","979","12","1"
22164,"2246","980","13","1"
22165,"2246","980","13","1"
22166,"2246","980","13","1"
22167,"2246","980","13","1"
22168,"2246","980","13","1"
22169,"2246","980","13","1"
22170,"2247","981","14","1"
22171,"2248","982","15","1"
22172,"2249","983","16","1"
22173,"2250","984","17","1"
22174,"2251","985","18","1"
22175,"2252","986","19","1"
22176,"2253","987","20","1"
22177,"2254","988","21","1"
22178,"2255","989","22","1"
22179,"2256","990","23","1"
22180,"2257","991","24","1"
22181,"2258","992","25","1"
22182,"2259","993","26","1"
22183,"2260","994","27","1"
22184,"2261","995","28","1"
22185,"2262","996","29","1"
22186,"2262","996","29","1"
22187,"2262","996","29","1"
22188,"2262","996","29","1"
22189,"2262","996","29","1"
22190,"2262","996","29","1"
22191,"2262","996","29","1"
22192,"2262","996","29","1"
22193,"2262","996","29","1"
22194,"2262","996","29","1"
22195,"2262","996","29","1"
22196,"2262","996","29","1"
22197,"2262","996","29","1"
22198,"2262","996","29","1"
22199,"2262","996","29","1"
22200,"2262","996","29","1"
22201,"2262","996","29","1"
22202,"2262","996","29","1"
22203,"2263","997","30","1"
22204,"2264","998","31","1"
22205,"2265","999","32","1"
22206,"2266","1000","33","1"
22207,"2267","1001","34","1"
22208,"2268","1002","35","1"
22209,"2269","1003","36","1"
22210,"2270","1004","37","1"
22211,"2271","1005","38","1"
22212,"2272","1006","39","1"
22213,"2273","1007","40","1"
22214,"2274","1008","41","1"
22215,"2275","1009","42","1"
22216,"2276","1010","43","1"
22217,"2277","1011","44","1"
22218,"2278","1012","45","1"
22219,"2279","1013","46","1"
22220,"2280","1014","47","1"
22221,"2281","1015","48","1"
22222,"2282","1016","49","1"
22223,"2283","1017","50","1"
22224,"2283","1017","0","1"
22225,"2283","1017","0","1"
22226,"2284","1018","1","1"
22227,"2285","1019","2","1"
22228,"2286","1020","3","1"
22229,"2287","1021","4","1"
22230,"2288","1022","5","1"
22231,"2289","1023","6","1"
22232,"2290","1024","7","1"
22233,"2291","1025","8","1"
22234,"2292","1026","9","1"
22235,"2293","1027","10","1"
22236,"2294","1028","11","1"
22237,"2295","1029","12","1"
22238,"2296","1030","13","1"
22239,"2297","1031","14","1"
22240,"2298","1032","15","1"
22241,"2299","1033","16","1"
22242,"2300","1034","17","1"
22243,"2300","1034","17","1"
22244,"2300","1034","17","1"
22245,"2301","1035","18","1"
22246,"2302","1036","19","1"
22247,"2303","1037","20","1"
22248,"2304","1038","21","1"
22249,"2305","1039","22","1"
22250,"2306","1040","23","1"
22251,"2307","1041","24","1"
22252,"2308","1042","25","1"
22253,"2309","1043","26","1"
22254,"2310","1044","27","1"
22255,"2311","1045","28","1"
22256,"2312","1046","29","1"
22257,"2313","1047","30","1"
22258,"2313","1047","30","1"
22259,"2313","1047","30","1"
22260,"2313","1047","30","1"
22261,"2313","1047","30","1"
22262,"2313","1047","30","1"
22263,"2313","1047","30","1"
22264,"2313","1047","30","1"
22265,"2313","1047","30","1"
22266,"2314","1048","31","1"
22267,"2315","1049","32","1"
22268,"2316","1050","33","1"
22269,"2317","1051","34","1"
22270,"2318","1052","35","1"
22271,"2319","1053","36","1"
22272,"2320","1054","37","1"
22273,"2321","1055","38","1"
22274,"2322","1056","39","1"
22275,"2323","1057","40","1"
22276,"2324","1058","41","1"
22277,"2325","1059","42","1"
22278,"2326","1060","43","1"
22279,"2326","1060","43","1"
22280,"2327","1061","44","1"
22281,"2328","1062","45","1"
22282,"2329","1063","46","1"
22283,"2330","1064","47","1"
22284,"2330","1064","0","1"
22285,"2330","1064","0","1"
22286,"2331","1065","1","1"
22287,"2332","1066","2","1"
22288,"2333","1067","3","1"
22289,"2334","1068","4","1"
22290,"2335","1069","5","1"
22291,"2336","1070","6","1"
22292,"2337","1071","7","1"
22293,"2338","1072","8","1"
22294,"2339","1073","9","1"
22295,"2340","1074","10","1"
22296,"2341","1075","11","1"
22297,"2342","1076","12","1"
22298,"2343","1077","13","1"
22299,"2344","1078","14","1"
22300,"2345","1079","15","1"
22301,"2346","1080","16","1"
22302,"2346","1080","16","1"
22303,"2346","1080","16","1"
22304,"2347","1081","17","1"
22305,"2348","1082","18","1"
22306,"2349","1083","19","1"
22307,"2350","1084","20","1"
22308,"2351","1085","21","1"
22309,"2352","1086","22","1"
22310,"2353","1087","23","1"
22311,"2353","1087","23","1"
22312,"2353","1087","23","1"
22313,"2353","1087","23","1"
22314,"2353","1087","23","1"
22315,"2353","1087","23","1"
22316,"2353","1087","23","1"
22317,"2353","1087","23","1"
22318,"2353","1087","23","1"
22319,"2353","1087","23","1"
22320,"2353","1087","23","1"
22321,"2353","1087","23","1"
22322,"2353","1087","23","1"
22323,"2353","1087","23","1"
22324,"2353","1087","23","1"
22325,"2353","1087","23","1"
22326,"2353","1087","23","1"
22327,"2353","1087","23","1"
22328,"2353","1087","23","1"
22329,"2354","1088","24","1"
22330,"2355","1089","25","1"
22331,"2355","1089","25","1"
22332,"2356","1090","26","1"
22333,"2357","1091","27","1"
22334,"2358","1092","28","1"
22335,"2359","1093","29","1"
22336,"2360","1094","30","1"
22337,"2361","1095","31","1"
22338,"2362","1096","32","1"
22339,"2363","1097","33","1"
22340,"2364","1098","34","1"
22341,"2365","1099","35","1"
22342,"2366","1100","36","1"
22343,"2366","1100","36","1"
22344,"2366","1100","36","1"
22345,"2366","1100","36","1"
22346,"2366","1100","36","1"
22347,"2366","1100","36","1"
22348,"2366","1100","36","1"
22349,"2366","1100","36","1"
22350,"2366","1100","36","1"
22351,"2366","1100","36","1"
22352,"2367","1101","37","1"
22353,"2368","1102","38","1"
22354,"2369","1103","39","1"
22355,"2369","1103","39","1"
22356,"2370","1104","40","1"
22357,"2371","1105","41","1"
22358,"2372","1106","42","1"
22359,"2373","1107","43","1"
22360,"2374","1108","44","1"
22361,"2374","1108","44","1"
22362,"2374","1108","44","1"
22363,"2374","1108","44","1"
22364,"2374","1108","44","1"
22365,"2374","1108","44","1"
22366,"2374","1108","44","1"
22367,"2374","1108","44","1"
22368,"2374","1108","44","1"
22369,"2374","1108","44","1"
22370,"2374","1108","44","1"
22371,"2374","1108","44","1"
22372,"2374","1108","44","1"
22373,"2374","1108","44","1"
22374,"2375","1109","45","1"
22375,"2376","1110","46","1"
22376,"2377","1111","47","1"
22377,"2378","1112","48","1"
22378,"2379","1113","49","1"
22379,"2379","1113","49","1"
22380,"2379","1113","49","1"
22381,"2380","1114","50","1"
22382,"2381","1115","51","1"
22383,"2382","1116","52","1"
22385,"2382","1116","52","1"
22386,"2382","1116","52","1"
22387,"2382","1116","52","1"
22388,"2383","1117","53","1"
22389,"2384","1118","54","1"
22390,"2385","1119","55","1"
22391,"2386","1120","56","1"
22392,"2387","1121","57","1"
22393,"2388","1122","58","1"
22394,"2389","1123","59","1"
22395,"2390","1124","60","1"
22396,"2391","1125","61","1"
22397,"2392","1126","62","1"
22398,"2393","1127","63","1"
22399,"2394","1128","64","1"
22400,"2395","1129","65","1"
22401,"2396","1130","66","1"
22402,"2397","1131","67","1"
22403,"2398","1132","68","1"
22404,"2399","1133","69","1"
22405,"2400","1134","70","1"
22406,"2401","1135","71","1"
22407,"2402","1136","72","1"
22408,"2403","1137","73","1"
22409,"2404","1138","74","1"
22410,"2405","1139","75","1"
22411,"2405","1139","75","1"
22412,"2405","1139","75","1"
22413,"2406","1140","76","1"
22414,"2407","1141","77","1"
22415,"2408","1142","78","1"
22416,"2409","1143","79","1"
22417,"2410","1144","80","1"
22418,"2411","1145","81","1"
22419,"2411","1145","81","1"
22420,"2412","1146","82","1"
22421,"2413","1147","83","1"
22422,"2414","1148","84","1"
22423,"2415","1149","85","1"
22424,"2416","1150","86","1"
22425,"2416","1150","86","1"
22426,"2416","1150","86","1"
22427,"2416","1150","86","1"
22428,"2416","1150","86","1"
22429,"2416","1150","86","1"
22430,"2416","1150","86","1"
22431,"2417","1151","87","1"
22432,"2418","1152","88","1"
22433,"2419","1153","89","1"
22434,"2419","1153","89","1"
22435,"2420","1154","90","1"
22436,"2421","1155","91","1"
22437,"2422","1156","92","1"
22438,"2423","1157","93","1"
22439,"2424","1158","94","1"
22440,"2425","1159","95","1"
22441,"2426","1160","96","1"
22442,"2426","1160","96","1"
22443,"2426","1160","96","1"
22444,"2426","1160","96","1"
22445,"2426","1160","96","1"
22446,"2426","1160","96","1"
22447,"2426","1160","96","1"
22448,"2426","1160","96","1"
22449,"2426","1160","96","1"
22450,"2426","1160","96","1"
22451,"2426","1160","96","1"
22452,"2427","1161","97","1"
22453,"2428","1162","98","1"
22454,"2429","1163","99","1"
22455,"2430","1164","100","1"
22456,"2431","1165","101","1"
22457,"2432","1166","102","1"
22458,"2433","1167","103","1"
22459,"2434","1168","104","1"
22460,"2435","1169","105","1"
22461,"2436","1170","106","1"
22462,"2437","1171","107","1"
22463,"2438","1172","108","1"
22464,"2439","1173","109","1"
22465,"2439","1173","109","1"
22466,"2439","1173","109","1"
22467,"2439","1173","109","1"
22468,"2439","1173","109","1"
22469,"2439","1173","109","1"
22470,"2439","1173","109","1"
22471,"2440","1174","110","1"
22472,"2441","1175","111","1"
22473,"2442","1176","112","1"
22474,"2443","1177","113","1"
22475,"2444","1178","114","1"
22476,"2445","1179","115","1"
22477,"2446","1180","116","1"
22478,"2447","1181","117","1"
22479,"2448","1182","118","1"
22480,"2449","1183","119","1"
22481,"2450","1184","120","1"
22482,"2451","1185","121","1"
22483,"2452","1186","122","1"
22484,"2452","1186","122","1"
22485,"2452","1186","122","1"
22486,"2453","1187","123","1"
22487,"2454","1188","124","1"
22488,"2455","1189","125","1"
22489,"2456","1190","126","1"
22490,"2457","1191","127","1"
22491,"2458","1192","128","1"
22492,"2459","1193","129","1"
22493,"2460","1194","130","1"
22494,"2461","1195","131","1"
22495,"2462","1196","132","1"
22496,"2463","1197","133","1"
22497,"2464","1198","134","1"
22498,"2465","1199","135","1"
22499,"2466","1200","136","1"
22500,"2467","1201","137","1"
22501,"2468","1202","138","1"
22502,"2469","1203","139","1"
22503,"2469","1203","139","1"
22504,"2469","1203","139","1"
22505,"2469","1203","139","1"
22506,"2470","1204","140","1"
22507,"2471","1205","141","1"
22508,"2472","1206","142","1"
22509,"2473","1207","143","1"
22510,"2473","1207","143","1"
22511,"2473","1207","143","1"
22512,"2474","1208","144","1"
22513,"2475","1209","145","1"
22514,"2476","1210","146","1"
22515,"2477","1211","147","1"
22516,"2478","1212","148","1"
22517,"2479","1213","149","1"
22518,"2480","1214","150","1"
22519,"2480","1214","150","1"
22520,"2481","1215","151","1"
22521,"2482","1216","152","1"
22522,"2483","1217","153","1"
22523,"2484","1218","154","1"
22524,"2485","1219","155","1"
22525,"2486","1220","156","1"
22526,"2487","1221","157","1"
22527,"2488","1222","158","1"
22528,"2489","1223","159","1"
22529,"2489","1223","159","1"
22530,"2489","1223","159","1"
22531,"2489","1223","159","1"
22532,"2490","1224","160","1"
22533,"2490","1224","160","1"
22534,"2490","1224","160","1"
22535,"2491","1225","161","1"
22536,"2492","1226","162","1"
22537,"2493","1227","163","1"
22538,"2494","1228","164","1"
22539,"2495","1229","165","1"
22540,"2496","1230","166","1"
22541,"2497","1231","167","1"
22542,"2498","1232","168","1"
22543,"2499","1233","169","1"
22544,"2500","1234","170","1"
22545,"2500","1234","170","1"
22546,"2500","1234","170","1"
22547,"2501","1235","171","1"
22548,"2502","1236","172","1"
22549,"2503","1237","173","1"
22550,"2503","1237","173","1"
22551,"2504","1238","174","1"
22552,"2505","1239","175","1"
22553,"2506","1240","176","1"
22554,"2507","1241","177","1"
22555,"2508","1242","178","1"
22556,"2509","1243","179","1"
22557,"2510","1244","180","1"
22558,"2511","1245","181","1"
22559,"2512","1246","182","1"
22560,"2512","1246","182","1"
22561,"2512","1246","182","1"
22562,"2512","1246","182","1"
22563,"2512","1246","182","1"
22564,"2513","1247","183","1"
22565,"2514","1248","184","1"
22566,"2515","1249","185","1"
22567,"2516","1250","186","1"
22568,"2517","1251","187","1"
22569,"2518","1252","188","1"
22570,"2519","1253","189","1"
22571,"2520","1254","190","1"
22572,"2521","1255","191","1"
22573,"2522","1256","192","1"
22574,"2523","1257","193","1"
22575,"2523","1257","0","1"
22576,"2523","1257","0","1"
22577,"2524","1258","1","1"
22578,"2525","1259","2","1"
22579,"2526","1260","3","1"
22580,"2527","1261","4","1"
22581,"2528","1262","5","1"
22582,"2529","1263","6","1"
22583,"2530","1264","7","1"
22584,"2531","1265","8","1"
22585,"2531","0","8","1"
22586,"2531","0","8","1"
22588,"2531","0","8","1"
22589,"2531","0","8","1"
22590,"2531","0","8","1"
22591,"2531","0","8","1"
22592,"2532","1","9","1"
22593,"2533","2","10","1"
22594,"2534","3","11","1"
22595,"2535","4","12","1"
22596,"2536","5","13","1"
22597,"2537","6","14","1"
22598,"2538","7","15","1"
22599,"2539","8","16","1"
22600,"2540","9","17","1"
22601,"2541","10","18","1"
22602,"2542","11","19","1"
22603,"2543","12","20","1"
22604,"2544","13","21","1"
22605,"2545","14","22","1"
22606,"2546","15","23","1"
22607,"2546","15","23","1"
22608,"2546","15","23","1"
22609,"2546","15","23","1"
22610,"2546","15","23","1"
22611,"2546","15","23","1"
22612,"2546","15","23","1"
22613,"2546","15","23","1"
22614,"2546","15","23","1"
22615,"2546","15","23","1"
22616,"2546","15","23","1"
22617,"2546","15","23","1"
22618,"2546","0","0","1"
22619,"2546","0","0","1"
22620,"2546","0","0","1"
22621,"2547","1","1","1"
22622,"2548","2","2","1"
22623,"2549","3","3","1"
22624,"2549","3","3","1"
22625,"2550","4","4","1"
22626,"2551","5","5","1"
22627,"2552","6","6","1"
22628,"2553","7","7","1"
22629,"2554","8","8","1"
22630,"2555","9","9","1"
22631,"2556","10","10","1"
22632,"2557","11","11","1"
22633,"2558","12","12","1"
22634,"2559","13","13","1"
22635,"2560","14","14","1"
22636,"2560","14","14","1"
22637,"2561","15","15","1"
22638,"2562","16","16","1"
22639,"2562","16","16","1"
22640,"2562","16","16","1"
22641,"2563","17","17","1"
22642,"2564","18","18","1"
22643,"2565","19","19","1"
22644,"2566","20","20","1"
22645,"2567","21","21","1"
22646,"2568","22","22","1"
22647,"2569","23","23","1"
22648,"2569","23","23","1"
22649,"2570","24","24","1"
22650,"2571","25","25","1"
22651,"2572","26","26","1"
22652,"2573","27","27","1"
22653,"2574","28","28","1"
22654,"2574","28","28","1"
22655,"2574","28","28","1"
22656,"2575","29","29","1"
22657,"2576","30","30","1"
22658,"2577","31","31","1"
22659,"2578","32","32","1"
22660,"2579","33","33","1"
22661,"2580","34","34","1"
22662,"2581","35","35","1"
22663,"2582","36","36","1"
22664,"2583","37","37","1"
22665,"2584","38","38","1"
22666,"2585","39","39","1"
22667,"2586","40","40","1"
22668,"2587","41","41","1"
22669,"2588","42","42","1"
22670,"2589","43","43","1"
22671,"2590","44","44","1"
22672,"2591","45","45","1"
22673,"2592","46","46","1"
22674,"2593","0","0","1"
22675,"2593","0","0","1"
22676,"2593","0","0","1"
22677,"2594","1","1","1"
22678,"2595","2","2","1"
22679,"2596","3","3","1"
22680,"2597","4","4","1"
22681,"2598","5","5","1"
22682,"2599","6","6","1"
22683,"2600","7","7","1"
22684,"2601","8","8","1"
22685,"2602","9","9","1"
22686,"2603","10","10","1"
22687,"2604","11","11","1"
22688,"2605","12","12","1"
22689,"2606","13","13","1"
22690,"2607","14","14","1"
22691,"2608","15","15","1"
22692,"2609","16","16","1"
22694,"2610","17","17","1"
22695,"2611","18","18","1"
22696,"2612","19","19","1"
22697,"2613","20","20","1"
22698,"2614","21","21","1"
22699,"2615","22","22","1"
22700,"2616","23","23","1"
22701,"2617","24","24","1"
22702,"2618","25","25","1"
22703,"2619","26","26","1"
22704,"2620","27","27","1"
22705,"2621","28","28","1"
22706,"2622","29","29","1"
22707,"2623","30","30","1"
22708,"2623","30","30","1"
22709,"2624","31","31","1"
22710,"2625","32","32","1"
22711,"2626","33","33","1"
22712,"2626","33","33","1"
22713,"2627","34","34","1"
22714,"2628","35","35","1"
22715,"2629","36","36","1"
22716,"2630","37","37","1"
22717,"2631","38","38","1"
22718,"2632","39","39","1"
22719,"2633","40","40","1"
22720,"2634","41","41","1"
22721,"2635","42","42","1"
22722,"2636","43","0","1"
22723,"2637","44","1","1"
22724,"2638","45","2","1"
22725,"2639","46","3","1"
22726,"2639","46","3","1"
22727,"2640","47","4","1"
22728,"2641","48","5","1"
22729,"2642","49","6","1"
22730,"2643","50","7","1"
22731,"2644","51","8","1"
22732,"2645","52","9","1"
22733,"2646","53","10","1"
22734,"2647","54","11","1"
22735,"2648","55","12","1"
22736,"2649","56","13","1"
22737,"2650","57","14","1"
22738,"2651","58","15","1"
22739,"2652","59","16","1"
22740,"2653","60","17","1"
22741,"2654","61","18","1"
22742,"2654","61","18","1"
22743,"2655","62","19","1"
22744,"2656","63","20","1"
22745,"2657","64","21","1"
22746,"2658","65","22","1"
22747,"2659","66","23","1"
22748,"2660","67","24","1"
22749,"2661","68","25","1"
22750,"2661","68","25","1"
22751,"2662","69","26","1"
22752,"2663","70","27","1"
22753,"2664","71","28","1"
22754,"2665","72","29","1"
22755,"2666","73","30","1"
22756,"2667","74","31","1"
22757,"2668","75","32","1"
22758,"2668","75","32","1"
22759,"2668","75","32","1"
22760,"2668","75","32","1"
22761,"2668","75","32","1"
22762,"2668","75","32","1"
22763,"2668","75","32","1"
22764,"2668","75","32","1"
22765,"2668","75","32","1"
22766,"2668","75","32","1"
22767,"2668","75","32","1"
22768,"2668","75","32","1"
22769,"2669","76","33","1"
22770,"2670","77","34","1"
22771,"2671","78","35","1"
22772,"2672","79","36","1"
22773,"2673","80","37","1"
22774,"2674","81","38","1"
22775,"2675","82","39","1"
22776,"2676","83","40","1"
22777,"2677","84","41","1"
22778,"2677","84","41","1"
22779,"2678","85","42","1"
22780,"2679","86","43","1"
22781,"2680","87","44","1"
22782,"2681","88","45","1"
22783,"2682","89","46","1"
22784,"2683","90","47","1"
22785,"2684","91","48","1"
22786,"2685","92","49","1"
22787,"2686","93","50","1"
22788,"2687","94","51","1"
22789,"2688","95","52","1"
22790,"2689","96","53","1"
22791,"2690","97","54","1"
22792,"2691","98","55","1"
22793,"2692","99","56","1"
22794,"2693","100","57","1"
22795,"2694","101","58","1"
22796,"2695","102","59","1"
22797,"2696","103","60","1"
22798,"2697","104","61","1"
22799,"2697","0","0","1"
22800,"2697","0","0","1"
22801,"2698","1","1","1"
22802,"2699","2","2","1"
22803,"2700","3","3","1"
22804,"2701","4","4","1"
22805,"2702","5","5","1"
22806,"2703","6","6","1"
22807,"2704","7","7","1"
22808,"2705","8","8","1"
22809,"2706","9","9","1"
22810,"2707","10","10","1"
22811,"2707","10","10","1"
22812,"2708","11","11","1"
22813,"2709","12","12","1"
22814,"2710","13","13","1"
22815,"2711","14","14","1"
22816,"2711","14","14","1"
22817,"2711","14","14","1"
22818,"2712","15","15","1"
22819,"2713","16","16","1"
22820,"2714","17","17","1"
22821,"2715","18","18","1"
22822,"2716","19","19","1"
22823,"2717","20","20","1"
22824,"2718","21","21","1"
22825,"2719","22","22","1"
22826,"2720","23","23","1"
22827,"2721","24","24","1"
22828,"2722","25","25","1"
22829,"2723","26","26","1"
22830,"2724","27","27","1"
22831,"2724","27","27","1"
22832,"2724","27","27","1"
22833,"2725","28","28","1"
22834,"2726","29","29","1"
22835,"2727","30","30","1"
22836,"2728","31","31","1"
22837,"2728","31","31","1"
22838,"2729","32","32","1"
22839,"2730","33","33","1"
22840,"2731","34","34","1"
22841,"2732","35","35","1"
22842,"2733","36","36","1"
22843,"2734","37","37","1"
22844,"2735","38","38","1"
22845,"2736","39","39","1"
22846,"2736","39","39","1"
22847,"2737","40","40","1"
22848,"2738","41","41","1"
22849,"2739","42","42","1"
22850,"2740","43","43","1"
22851,"2741","44","44","1"
22852,"2742","45","45","1"
22853,"2743","46","46","1"
22855,"2743","0","0","1"
22856,"2743","0","0","1"
22857,"2743","0","0","1"
22858,"2744","1","1","1"
22859,"2745","2","2","1"
22860,"2746","3","3","1"
22861,"2747","4","4","1"
22862,"2748","5","5","1"
22863,"2749","6","6","1"
22864,"2750","7","7","1"
22865,"2751","8","8","1"
22866,"2752","9","9","1"
22867,"2752","9","9","1"
22868,"2752","9","9","1"
22869,"2753","10","10","1"
22870,"2754","11","11","1"
22871,"2755","12","12","1"
22872,"2756","13","13","1"
22873,"2757","14","14","1"
22874,"2758","15","15","1"
22875,"2759","16","16","1"
22876,"2759","16","16","1"
22877,"2759","16","16","1"
22878,"2760","17","17","1"
22879,"2761","18","18","1"
22880,"2762","19","19","1"
22881,"2763","20","20","1"
22882,"2764","21","21","1"
22883,"2765","22","22","1"
22884,"2766","23","23","1"
22885,"2767","24","24","1"
22886,"2768","25","25","1"
22887,"2769","26","26","1"
22888,"2770","27","27","1"
22889,"2771","28","28","1"
22890,"2772","29","29","1"
22891,"2773","30","30","1"
22892,"2774","31","31","1"
22893,"2775","32","32","1"
22894,"2776","33","33","1"
22895,"2777","34","34","1"
22896,"2777","34","34","1"
22897,"2777","34","34","1"
22898,"2778","35","35","1"
22899,"2779","36","36","1"
22900,"2780","37","37","1"
22901,"2781","38","38","1"
22902,"2782","39","39","1"
22903,"2783","40","40","1"
22904,"2784","41","41","1"
22905,"2785","42","42","1"
22906,"2786","43","43","1"
22907,"2787","44","44","1"
22908,"2788","45","45","1"
22909,"2789","46","46","1"
22910,"2790","47","47","1"
22911,"2791","48","48","1"
22912,"2792","0","0","1"
22913,"2793","1","1","1"
22914,"2794","2","2","1"
22915,"2794","2","2","1"
22916,"2795","3","3","1"
22917,"2796","4","4","1"
22918,"2797","5","5","1"
22919,"2798","6","6","1"
22920,"2799","7","7","1"
22921,"2800","8","8","1"
22922,"2801","9","9","1"
22923,"2802","10","10","1"
22924,"2803","11","11","1"
22925,"2804","12","12","1"
22926,"2805","13","13","1"
22927,"2806","14","14","1"
22928,"2807","15","15","1"
22929,"2808","16","16","1"
22930,"2809","17","17","1"
22931,"2810","18","18","1"
22932,"2811","19","19","1"
22933,"2811","19","19","1"
22934,"2812","20","20","1"
22935,"2813","21","21","1"
22936,"2814","22","22","1"
22938,"2814","22","22","1"
22939,"2815","23","23","1"
22940,"2815","23","23","1"
22941,"2816","24","24","1"
22942,"2817","25","25","1"
22943,"2818","26","26","1"
22944,"2819","27","27","1"
22945,"2820","28","28","1"
22946,"2820","28","28","1"
22947,"2821","29","29","1"
22948,"2822","30","30","1"
22949,"2822","30","30","1"
22950,"2823","31","31","1"
22951,"2823","31","31","1"
22952,"2824","32","32","1"
22953,"2825","33","33","1"
22954,"2826","34","34","1"
22955,"2827","35","35","1"
22956,"2828","36","36","1"
22957,"2829","37","37","1"
22958,"2830","38","38","1"
22960,"2831","39","39","1"
22961,"2832","40","40","1"
22962,"2833","41","41","1"
22963,"2834","42","42","1"
22964,"2835","43","43","1"
22965,"2836","44","44","1"
22966,"2837","45","45","1"
22967,"2838","46","46","1"
22968,"2839","47","47","1"
22969,"2840","0","0","1"
22970,"2841","1","1","1"
22971,"2842","2","2","1"
22972,"2843","3","3","1"
22973,"2844","4","4","1"
22974,"2845","5","5","1"
22975,"2846","6","6","1"
22976,"2846","6","6","1"
22977,"2847","7","7","1"
22978,"2848","8","8","1"
22979,"2849","9","9","1"
22980,"2850","10","10","1"
22982,"2850","10","10","1"
22983,"2851","11","11","1"
22984,"2852","12","12","1"
22986,"2853","13","13","1"
22988,"2854","14","14","1"
22990,"2855","15","15","1"
22992,"2856","16","16","1"
22994,"2857","17","17","1"
22996,"2858","18","18","1"
22998,"2859","19","19","1"
22999,"2860","20","20","1"
23000,"2861","21","21","1"
23001,"2861","21","21","1"
23002,"2861","21","21","1"
23003,"2861","21","21","1"
23005,"2862","22","22","1"
23008,"2863","23","23","1"
23010,"2864","24","24","1"
23012,"2865","25","25","1"
23014,"2866","26","26","1"
23016,"2867","27","27","1"
23018,"2867","27","27","1"
23019,"2868","28","28","1"
23020,"2869","29","29","1"
23021,"2870","30","30","1"
23022,"2871","31","31","1"
23023,"2872","32","32","1"
23024,"2873","33","33","1"
23025,"2874","34","34","1"
23026,"2875","35","35","1"
23027,"2876","36","36","1"
23028,"2877","37","37","1"
23029,"2878","38","38","1"
23030,"2879","39","39","1"
23031,"2880","40","40","1"
23032,"2881","41","41","1"
23033,"2882","42","42","1"
23034,"2882","42","42","1"
23035,"2883","43","43","1"
23036,"2883","43","43","1"
23037,"2883","43","43","1"
23038,"2883","43","43","1"
23039,"2883","43","43","1"
23040,"2883","43","43","1"
23041,"2884","44","44","1"
23042,"2885","45","45","1"
23043,"2886","46","46","1"
23044,"2887","47","47","1"
23045,"2888","48","48","1"
23046,"2888","48","48","1"
23047,"2889","49","49","1"
23048,"2889","49","49","1"
23049,"2890","50","50","1"
23050,"2890","50","50","1"
23051,"2890","50","50","1"
23052,"2890","50","50","1"
23053,"2891","51","51","1"
23054,"2892","52","52","1"
23055,"2892","52","52","1"
23056,"2892","52","52","1"
23057,"2893","53","53","1"
23058,"2894","54","54","1"
23059,"2894","54","54","1"
23060,"2894","54","54","1"
23061,"2894","54","54","1"
23062,"2894","54","54","1"
23063,"2894","54","54","1"
23064,"2894","54","54","1"
