Shot,Timestamp (POSIX),Timestamp (UNIX),Delta T (s),Time Since Shot (s),Time Since Shot (min),First Shot,Time Since Li Coating (s),Time Since Li Coating (min)
17656,2022-06-15 18:15:52,1655316952.0,86785.0,3469.0,57.81666666666667,False,0.0,0.0
17657,2022-06-15 18:22:27,1655317347.0,395.0,3864.0,64.4,False,395.0,6.583333333333333
17658,2022-06-15 18:31:38,1655317898.0,551.0,4415.0,73.58333333333333,False,946.0,15.766666666666667
17659,2022-06-15 18:52:03,1655319123.0,1225.0,1225.0,20.416666666666668,False,2171.0,36.18333333333333
17660,2022-06-15 19:11:45,1655320305.0,1182.0,1182.0,19.7,False,3353.0,55.88333333333333
17661,2022-06-15 19:27:57,1655321277.0,972.0,972.0,16.2,False,4325.0,72.08333333333333
17662,2022-06-15 19:44:22,1655322262.0,985.0,985.0,16.416666666666668,False,5310.0,88.5
17663,2022-06-15 19:56:21,1655322981.0,719.0,719.0,11.983333333333333,False,6029.0,100.48333333333333
17664,2022-06-16 10:33:43,1655375623.0,52642.0,52642.0,877.3666666666667,False,58671.0,977.85
17665,2022-06-16 10:39:19,1655375959.0,336.0,52978.0,882.9666666666667,False,59007.0,983.45
17666,2022-06-16 10:43:29,1655376209.0,250.0,53228.0,887.1333333333333,False,59257.0,987.6166666666667
17667,2022-06-16 10:47:35,1655376455.0,246.0,53474.0,891.2333333333333,False,59503.0,991.7166666666667
17668,2022-06-16 10:53:06,1655376786.0,331.0,53805.0,896.75,False,59834.0,997.2333333333333
17669,2022-06-16 10:56:31,1655376991.0,205.0,54010.0,900.1666666666666,False,60039.0,1000.65
17670,2022-06-16 11:05:39,1655377539.0,548.0,54558.0,909.3,False,60587.0,1009.7833333333333
17671,2022-06-16 13:02:41,1655384561.0,7022.0,61580.0,1026.3333333333333,False,67609.0,1126.8166666666666
17672,2022-06-16 13:20:28,1655385628.0,1067.0,62647.0,1044.1166666666666,False,68676.0,1144.6
17673,2022-06-16 13:41:18,1655386878.0,1250.0,63897.0,1064.95,True,69926.0,1165.4333333333334
17674,2022-06-16 13:57:23,1655387843.0,965.0,965.0,16.083333333333332,False,70891.0,1181.5166666666667
17675,2022-06-16 15:21:46,1655392906.0,5063.0,5063.0,84.38333333333334,False,75954.0,1265.9
17676,2022-06-16 15:44:30,1655394270.0,1364.0,1364.0,22.733333333333334,False,77318.0,1288.6333333333334
17677,2022-06-16 16:06:26,1655395586.0,1316.0,1316.0,21.933333333333334,False,78634.0,1310.5666666666666
17678,2022-06-16 16:26:17,1655396777.0,1191.0,1191.0,19.85,False,79825.0,1330.4166666666667
17679,2022-06-16 16:52:16,1655398336.0,1559.0,1559.0,25.983333333333334,False,81384.0,1356.4
17680,2022-06-16 17:06:31,1655399191.0,855.0,855.0,14.25,False,82239.0,1370.65
17681,2022-06-16 17:17:49,1655399869.0,678.0,678.0,11.3,False,82917.0,1381.95
17682,2022-06-16 17:22:15,1655400135.0,266.0,266.0,4.433333333333334,False,83183.0,1386.3833333333334
17683,2022-06-16 17:28:32,1655400512.0,377.0,643.0,10.716666666666667,False,83560.0,1392.6666666666667
17684,2022-06-16 17:33:21,1655400801.0,289.0,289.0,4.816666666666666,False,83849.0,1397.4833333333333
17685,2022-06-16 17:35:43,1655400943.0,142.0,431.0,7.183333333333334,False,83991.0,1399.85
17686,2022-06-16 17:41:59,1655401319.0,376.0,807.0,13.45,False,84367.0,1406.1166666666666
17687,2022-06-16 17:52:22,1655401942.0,623.0,623.0,10.383333333333333,False,84990.0,1416.5
17688,2022-06-16 18:02:13,1655402533.0,591.0,591.0,9.85,False,85581.0,1426.35
17689,2022-06-16 18:13:47,1655403227.0,694.0,694.0,11.566666666666666,False,86275.0,1437.9166666666667
17690,2022-06-17 09:18:40,1655457520.0,54293.0,54293.0,904.8833333333333,False,140568.0,2342.8
17691,2022-06-17 09:39:32,1655458772.0,1252.0,55545.0,925.75,False,141820.0,2363.6666666666665
17692,2022-06-17 09:42:26,1655458946.0,174.0,55719.0,928.65,False,141994.0,2366.5666666666666
17693,2022-06-17 09:50:18,1655459418.0,472.0,56191.0,936.5166666666667,False,142466.0,2374.4333333333334
17694,2022-06-17 10:52:27,1655463147.0,3729.0,59920.0,998.6666666666666,False,146195.0,2436.5833333333335
17695,2022-06-17 10:54:56,1655463296.0,149.0,60069.0,1001.15,False,146344.0,2439.0666666666666
17696,2022-06-17 11:00:51,1655463651.0,355.0,60424.0,1007.0666666666667,False,146699.0,2444.983333333333
17697,2022-06-17 11:49:47,1655466587.0,2936.0,63360.0,1056.0,False,149635.0,2493.9166666666665
17698,2022-06-17 11:54:40,1655466880.0,293.0,63653.0,1060.8833333333334,False,149928.0,2498.8
17699,2022-06-17 12:05:39,1655467539.0,659.0,64312.0,1071.8666666666666,False,150587.0,2509.7833333333333
17700,2022-06-17 12:13:28,1655468008.0,469.0,64781.0,1079.6833333333334,False,151056.0,2517.6
17701,2022-06-17 12:21:05,1655468465.0,457.0,65238.0,1087.3,True,151513.0,2525.2166666666667
17702,2022-06-17 12:28:14,1655468894.0,429.0,429.0,7.15,False,151942.0,2532.366666666667
17703,2022-06-17 14:33:50,1655476430.0,7536.0,7536.0,125.6,False,159478.0,2657.9666666666667
17704,2022-06-17 14:37:05,1655476625.0,195.0,7731.0,128.85,False,159673.0,2661.2166666666667
17705,2022-06-17 14:47:35,1655477255.0,630.0,8361.0,139.35,False,160303.0,2671.7166666666667
17706,2022-06-17 14:53:03,1655477583.0,328.0,8689.0,144.81666666666666,False,160631.0,2677.1833333333334
17707,2022-06-17 14:55:38,1655477738.0,155.0,8844.0,147.4,False,160786.0,2679.766666666667
17708,2022-06-17 15:27:55,1655479675.0,1937.0,10781.0,179.68333333333334,False,0.0,0.0
17709,2022-06-17 15:30:48,1655479848.0,173.0,10954.0,182.56666666666666,False,173.0,2.8833333333333333
17710,2022-06-17 16:12:25,1655482345.0,2497.0,13451.0,224.18333333333334,False,2670.0,44.5
17711,2022-06-17 16:59:37,1655485177.0,2832.0,16283.0,271.3833333333333,False,5502.0,91.7
17712,2022-06-17 17:06:08,1655485568.0,391.0,16674.0,277.9,False,5893.0,98.21666666666667
17713,2022-06-17 17:12:38,1655485958.0,390.0,17064.0,284.4,False,6283.0,104.71666666666667
17714,2022-06-17 17:23:12,1655486592.0,634.0,634.0,10.566666666666666,False,6917.0,115.28333333333333
17715,2022-06-17 17:32:38,1655487158.0,566.0,566.0,9.433333333333334,False,7483.0,124.71666666666667
17716,2022-06-17 17:42:52,1655487772.0,614.0,614.0,10.233333333333333,False,8097.0,134.95
17717,2022-06-17 17:52:47,1655488367.0,595.0,595.0,9.916666666666666,False,8692.0,144.86666666666667
17718,2022-06-17 18:02:15,1655488935.0,568.0,1163.0,19.383333333333333,False,9260.0,154.33333333333334
17719,2022-06-17 18:11:52,1655489512.0,577.0,577.0,9.616666666666667,False,9837.0,163.95
17720,2022-06-17 18:31:42,1655490702.0,1190.0,1190.0,19.833333333333332,False,11027.0,183.78333333333333
17721,2022-06-17 18:37:46,1655491066.0,364.0,1554.0,25.9,False,11391.0,189.85
17722,2022-06-17 18:50:20,1655491820.0,754.0,754.0,12.566666666666666,False,12145.0,202.41666666666666
17723,2022-06-17 19:01:55,1655492515.0,695.0,695.0,11.583333333333334,False,12840.0,214.0
17724,2022-06-17 19:15:16,1655493316.0,801.0,801.0,13.35,False,13641.0,227.35
17725,2022-06-20 14:23:03,1655734983.0,241667.0,241667.0,4027.7833333333333,False,255308.0,4255.133333333333
17726,2022-06-20 14:31:47,1655735507.0,524.0,242191.0,4036.516666666667,False,255832.0,4263.866666666667
17727,2022-06-20 14:41:19,1655736079.0,572.0,242763.0,4046.05,True,256404.0,4273.4
17728,2022-06-20 14:54:56,1655736896.0,817.0,817.0,13.616666666666667,False,257221.0,4287.016666666666
17729,2022-06-20 15:07:40,1655737660.0,764.0,1581.0,26.35,False,257985.0,4299.75
17730,2022-06-20 16:40:24,1655743224.0,5564.0,5564.0,92.73333333333333,False,263549.0,4392.483333333334
17731,2022-06-20 17:08:35,1655744915.0,1691.0,1691.0,28.183333333333334,False,265240.0,4420.666666666667
17732,2022-06-20 17:27:04,1655746024.0,1109.0,1109.0,18.483333333333334,False,266349.0,4439.15
17733,2022-06-20 17:40:11,1655746811.0,787.0,787.0,13.116666666666667,False,267136.0,4452.266666666666
17734,2022-06-20 18:07:15,1655748435.0,1624.0,1624.0,27.066666666666666,False,268760.0,4479.333333333333
17735,2022-06-21 13:57:31,1655819851.0,71416.0,71416.0,1190.2666666666667,False,0.0,0.0
17736,2022-06-21 16:32:22,1655829142.0,9291.0,80707.0,1345.1166666666666,False,9291.0,154.85
17737,2022-06-21 16:36:47,1655829407.0,265.0,80972.0,1349.5333333333333,False,9556.0,159.26666666666668
17738,2022-06-21 16:43:08,1655829788.0,381.0,81353.0,1355.8833333333334,True,9937.0,165.61666666666667
17739,2022-06-21 16:56:24,1655830584.0,796.0,796.0,13.266666666666667,False,10733.0,178.88333333333333
17740,2022-06-21 17:19:52,1655831992.0,1408.0,1408.0,23.466666666666665,False,12141.0,202.35
17741,2022-06-21 17:35:33,1655832933.0,941.0,941.0,15.683333333333334,False,13082.0,218.03333333333333
17742,2022-06-21 17:51:24,1655833884.0,951.0,951.0,15.85,False,14033.0,233.88333333333333
17743,2022-06-21 18:03:56,1655834636.0,752.0,752.0,12.533333333333333,False,14785.0,246.41666666666666
17744,2022-06-21 18:16:18,1655835378.0,742.0,742.0,12.366666666666667,False,15527.0,258.78333333333336
17745,2022-06-21 18:45:11,1655837111.0,1733.0,1733.0,28.883333333333333,False,17260.0,287.6666666666667
17746,2022-06-22 09:28:16,1655890096.0,52985.0,54718.0,911.9666666666667,False,70245.0,1170.75
17747,2022-06-22 09:30:54,1655890254.0,158.0,54876.0,914.6,False,70403.0,1173.3833333333334
17748,2022-06-22 09:35:14,1655890514.0,260.0,55136.0,918.9333333333333,False,70663.0,1177.7166666666667
17749,2022-06-22 10:30:42,1655893842.0,3328.0,58464.0,974.4,False,73991.0,1233.1833333333334
17750,2022-06-22 10:36:56,1655894216.0,374.0,58838.0,980.6333333333333,False,74365.0,1239.4166666666667
17751,2022-06-22 10:56:24,1655895384.0,1168.0,60006.0,1000.1,True,75533.0,1258.8833333333334
17752,2022-06-22 11:10:40,1655896240.0,856.0,856.0,14.266666666666667,False,76389.0,1273.15
17753,2022-06-22 11:21:59,1655896919.0,679.0,679.0,11.316666666666666,False,77068.0,1284.4666666666667
17754,2022-06-22 11:46:38,1655898398.0,1479.0,1479.0,24.65,False,78547.0,1309.1166666666666
17755,2022-06-22 12:07:47,1655899667.0,1269.0,1269.0,21.15,False,79816.0,1330.2666666666667
17756,2022-06-22 12:31:10,1655901070.0,1403.0,1403.0,23.383333333333333,False,81219.0,1353.65
17757,2022-06-23 11:03:06,1655982186.0,81116.0,81116.0,1351.9333333333334,False,0.0,0.0
17758,2022-06-23 11:06:46,1655982406.0,220.0,81336.0,1355.6,False,220.0,3.6666666666666665
17759,2022-06-23 11:09:57,1655982597.0,191.0,81527.0,1358.7833333333333,False,411.0,6.85
17760,2022-06-23 11:13:21,1655982801.0,204.0,81731.0,1362.1833333333334,False,615.0,10.25
17761,2022-06-23 17:47:17,1656006437.0,23636.0,105367.0,1756.1166666666666,False,24251.0,404.18333333333334
17762,2022-06-23 17:50:59,1656006659.0,222.0,105589.0,1759.8166666666666,False,24473.0,407.8833333333333
17763,2022-06-23 17:54:53,1656006893.0,234.0,105823.0,1763.7166666666667,False,24707.0,411.78333333333336
17764,2022-06-23 18:00:45,1656007245.0,352.0,106175.0,1769.5833333333333,True,0.0,0.0
17765,2022-06-23 18:14:58,1656008098.0,853.0,853.0,14.216666666666667,False,853.0,14.216666666666667
17766,2022-06-23 18:32:56,1656009176.0,1078.0,1078.0,17.966666666666665,False,1931.0,32.18333333333333
17767,2022-06-23 18:47:10,1656010030.0,854.0,854.0,14.233333333333333,False,2785.0,46.416666666666664
17768,2022-06-23 19:01:25,1656010885.0,855.0,855.0,14.25,False,3640.0,60.666666666666664
17769,2022-06-24 12:22:19,1656073339.0,62454.0,62454.0,1040.9,False,66094.0,1101.5666666666666
17770,2022-06-24 12:28:12,1656073692.0,353.0,62807.0,1046.7833333333333,False,66447.0,1107.45
17771,2022-06-24 12:42:14,1656074534.0,842.0,63649.0,1060.8166666666666,True,67289.0,1121.4833333333333
17772,2022-06-24 13:19:22,1656076762.0,2228.0,2228.0,37.13333333333333,False,69517.0,1158.6166666666666
17773,2022-06-24 13:40:43,1656078043.0,1281.0,3509.0,58.483333333333334,False,70798.0,1179.9666666666667
17774,2022-06-24 14:10:02,1656079802.0,1759.0,1759.0,29.316666666666666,False,72557.0,1209.2833333333333
17775,2022-06-24 14:22:36,1656080556.0,754.0,754.0,12.566666666666666,False,73311.0,1221.85
17776,2022-06-24 14:38:31,1656081511.0,955.0,955.0,15.916666666666666,False,74266.0,1237.7666666666667
17777,2022-06-24 14:53:02,1656082382.0,871.0,871.0,14.516666666666667,False,75137.0,1252.2833333333333
17778,2022-06-24 15:09:31,1656083371.0,989.0,989.0,16.483333333333334,False,76126.0,1268.7666666666667
17779,2022-06-24 15:27:03,1656084423.0,1052.0,1052.0,17.533333333333335,False,77178.0,1286.3
17780,2022-06-24 15:41:07,1656085267.0,844.0,844.0,14.066666666666666,False,78022.0,1300.3666666666666
17781,2022-06-24 16:07:34,1656086854.0,1587.0,1587.0,26.45,False,79609.0,1326.8166666666666
17782,2022-06-24 16:23:24,1656087804.0,950.0,950.0,15.833333333333334,False,80559.0,1342.65
17783,2022-06-24 16:39:00,1656088740.0,936.0,936.0,15.6,False,81495.0,1358.25
17784,2022-06-24 16:54:50,1656089690.0,950.0,950.0,15.833333333333334,False,82445.0,1374.0833333333333
17785,2022-06-24 17:08:02,1656090482.0,792.0,792.0,13.2,False,83237.0,1387.2833333333333
17786,2022-06-24 17:19:31,1656091171.0,689.0,689.0,11.483333333333333,False,83926.0,1398.7666666666667
17787,2022-06-27 13:01:03,1656334863.0,243692.0,243692.0,4061.5333333333333,False,327618.0,5460.3
17788,2022-06-27 13:07:10,1656335230.0,367.0,244059.0,4067.65,False,327985.0,5466.416666666667
17789,2022-06-27 13:17:44,1656335864.0,634.0,244693.0,4078.2166666666667,True,328619.0,5476.983333333334
17790,2022-06-27 13:39:12,1656337152.0,1288.0,1288.0,21.466666666666665,False,329907.0,5498.45
17791,2022-06-27 14:19:34,1656339574.0,2422.0,2422.0,40.36666666666667,False,332329.0,5538.816666666667
17792,2022-06-27 14:35:54,1656340554.0,980.0,980.0,16.333333333333332,False,333309.0,5555.15
17793,2022-06-27 14:47:08,1656341228.0,674.0,674.0,11.233333333333333,False,333983.0,5566.383333333333
17794,2022-06-27 15:07:30,1656342450.0,1222.0,1222.0,20.366666666666667,False,335205.0,5586.75
17795,2022-06-27 15:15:53,1656342953.0,503.0,1725.0,28.75,False,335708.0,5595.133333333333
17796,2022-06-27 15:30:50,1656343850.0,897.0,897.0,14.95,False,336605.0,5610.083333333333
17797,2022-06-27 15:42:30,1656344550.0,700.0,700.0,11.666666666666666,False,337305.0,5621.75
17798,2022-06-27 15:58:24,1656345504.0,954.0,954.0,15.9,False,338259.0,5637.65
17799,2022-06-27 16:21:23,1656346883.0,1379.0,1379.0,22.983333333333334,False,339638.0,5660.633333333333
17800,2022-06-27 16:34:46,1656347686.0,803.0,803.0,13.383333333333333,False,340441.0,5674.016666666666
17801,2022-06-27 16:52:35,1656348755.0,1069.0,1069.0,17.816666666666666,False,341510.0,5691.833333333333
17802,2022-06-27 17:05:03,1656349503.0,748.0,748.0,12.466666666666667,False,342258.0,5704.3
17803,2022-06-30 11:31:48,1656588708.0,239205.0,239205.0,3986.75,False,581463.0,9691.05
17804,2022-06-30 11:37:11,1656589031.0,323.0,239528.0,3992.133333333333,False,581786.0,9696.433333333332
17805,2022-06-30 11:44:29,1656589469.0,438.0,239966.0,3999.4333333333334,False,582224.0,9703.733333333334
17806,2022-06-30 11:50:21,1656589821.0,352.0,240318.0,4005.3,True,582576.0,9709.6
17807,2022-06-30 11:58:25,1656590305.0,484.0,484.0,8.066666666666666,False,583060.0,9717.666666666666
17808,2022-06-30 12:17:52,1656591472.0,1167.0,1167.0,19.45,False,584227.0,9737.116666666667
17809,2022-06-30 12:30:59,1656592259.0,787.0,787.0,13.116666666666667,False,585014.0,9750.233333333334
17810,2022-06-30 12:46:58,1656593218.0,959.0,959.0,15.983333333333333,False,585973.0,9766.216666666667
17811,2022-06-30 13:10:37,1656594637.0,1419.0,1419.0,23.65,False,587392.0,9789.866666666667
17812,2022-06-30 13:24:17,1656595457.0,820.0,820.0,13.666666666666666,False,588212.0,9803.533333333333
17813,2022-06-30 13:43:19,1656596599.0,1142.0,1142.0,19.033333333333335,False,589354.0,9822.566666666668
17814,2022-06-30 14:00:06,1656597606.0,1007.0,1007.0,16.783333333333335,False,590361.0,9839.35
17815,2022-06-30 14:13:53,1656598433.0,827.0,827.0,13.783333333333333,False,591188.0,9853.133333333333
17816,2022-06-30 14:32:18,1656599538.0,1105.0,1105.0,18.416666666666668,False,592293.0,9871.55
17817,2022-06-30 14:44:34,1656600274.0,736.0,736.0,12.266666666666667,False,593029.0,9883.816666666668
17818,2022-06-30 14:56:41,1656601001.0,727.0,727.0,12.116666666666667,False,593756.0,9895.933333333332
17819,2022-06-30 15:10:03,1656601803.0,802.0,802.0,13.366666666666667,False,594558.0,9909.3
17820,2022-06-30 15:26:29,1656602789.0,986.0,986.0,16.433333333333334,False,595544.0,9925.733333333334
17821,2022-06-30 15:39:47,1656603587.0,798.0,798.0,13.3,False,596342.0,9939.033333333333
17822,2022-06-30 15:53:12,1656604392.0,805.0,805.0,13.416666666666666,False,597147.0,9952.45
17823,2022-06-30 16:04:42,1656605082.0,690.0,690.0,11.5,False,597837.0,9963.95
17824,2022-06-30 16:16:37,1656605797.0,715.0,715.0,11.916666666666666,False,598552.0,9975.866666666667
17825,2022-06-30 16:32:22,1656606742.0,945.0,945.0,15.75,False,599497.0,9991.616666666667
17826,2022-06-30 16:43:14,1656607394.0,652.0,652.0,10.866666666666667,False,600149.0,10002.483333333334
17827,2022-06-30 16:54:49,1656608089.0,695.0,695.0,11.583333333333334,False,600844.0,10014.066666666668
17828,2022-06-30 17:10:32,1656609032.0,943.0,943.0,15.716666666666667,False,601787.0,10029.783333333333
17829,2022-06-30 17:31:25,1656610285.0,1253.0,1253.0,20.883333333333333,False,603040.0,10050.666666666666
17830,2022-06-30 17:43:59,1656611039.0,754.0,754.0,12.566666666666666,False,603794.0,10063.233333333334
17831,2022-06-30 17:57:49,1656611869.0,830.0,830.0,13.833333333333334,False,604624.0,10077.066666666668
17832,2022-06-30 18:09:49,1656612589.0,720.0,720.0,12.0,False,605344.0,10089.066666666668
17833,2022-06-30 18:23:29,1656613409.0,820.0,820.0,13.666666666666666,False,606164.0,10102.733333333334
17834,2022-06-30 18:39:33,1656614373.0,964.0,964.0,16.066666666666666,False,607128.0,10118.8
17835,2022-06-30 18:59:32,1656615572.0,1199.0,1199.0,19.983333333333334,False,608327.0,10138.783333333333
17836,2022-06-30 19:09:58,1656616198.0,626.0,1825.0,30.416666666666668,False,608953.0,10149.216666666667
17837,2022-07-04 16:56:28,1656953788.0,337590.0,337590.0,5626.5,False,0.0,0.0
17838,2022-07-04 16:59:51,1656953991.0,203.0,337793.0,5629.883333333333,False,203.0,3.3833333333333333
17839,2022-07-04 18:58:57,1656961137.0,7146.0,344939.0,5748.983333333334,False,7349.0,122.48333333333333
17840,2022-07-05 16:31:59,1657038719.0,77582.0,422521.0,7042.016666666666,False,0.0,0.0
17841,2022-07-05 17:35:34,1657042534.0,3815.0,426336.0,7105.6,False,3815.0,63.583333333333336
17842,2022-07-05 18:14:37,1657044877.0,2343.0,428679.0,7144.65,False,6158.0,102.63333333333334
17843,2022-07-05 18:43:49,1657046629.0,1752.0,430431.0,7173.85,False,7910.0,131.83333333333334
17844,2022-07-06 11:36:25,1657107385.0,60756.0,491187.0,8186.45,False,68666.0,1144.4333333333334
17845,2022-07-06 12:50:45,1657111845.0,4460.0,495647.0,8260.783333333333,False,73126.0,1218.7666666666667
17846,2022-07-06 13:48:32,1657115312.0,3467.0,499114.0,8318.566666666668,False,76593.0,1276.55
17847,2022-07-06 14:45:23,1657118723.0,3411.0,502525.0,8375.416666666666,False,80004.0,1333.4
17848,2022-07-06 14:49:41,1657118981.0,258.0,502783.0,8379.716666666667,False,80262.0,1337.7
17849,2022-07-06 14:57:48,1657119468.0,487.0,503270.0,8387.833333333334,False,80749.0,1345.8166666666666
17850,2022-07-06 15:08:34,1657120114.0,646.0,503916.0,8398.6,False,81395.0,1356.5833333333333
17851,2022-07-06 15:19:25,1657120765.0,651.0,504567.0,8409.45,False,82046.0,1367.4333333333334
17852,2022-07-06 15:31:47,1657121507.0,742.0,505309.0,8421.816666666668,False,82788.0,1379.8
17853,2022-07-06 15:41:17,1657122077.0,570.0,505879.0,8431.316666666668,False,83358.0,1389.3
17854,2022-07-06 16:04:37,1657123477.0,1400.0,507279.0,8454.65,False,84758.0,1412.6333333333334
17855,2022-07-06 16:20:17,1657124417.0,940.0,508219.0,8470.316666666668,False,85698.0,1428.3
17856,2022-07-06 16:28:37,1657124917.0,500.0,508719.0,8478.65,True,86198.0,1436.6333333333334
17857,2022-07-06 16:45:44,1657125944.0,1027.0,1027.0,17.116666666666667,False,87225.0,1453.75
17858,2022-07-06 16:57:56,1657126676.0,732.0,732.0,12.2,False,87957.0,1465.95
17859,2022-07-06 17:10:38,1657127438.0,762.0,762.0,12.7,False,88719.0,1478.65
17860,2022-07-06 17:35:01,1657128901.0,1463.0,1463.0,24.383333333333333,False,90182.0,1503.0333333333333
17861,2022-07-06 17:49:41,1657129781.0,880.0,880.0,14.666666666666666,False,91062.0,1517.7
17862,2022-07-06 18:11:07,1657131067.0,1286.0,1286.0,21.433333333333334,False,92348.0,1539.1333333333334
17863,2022-07-06 18:27:04,1657132024.0,957.0,957.0,15.95,False,93305.0,1555.0833333333333
17864,2022-07-06 18:46:10,1657133170.0,1146.0,1146.0,19.1,False,94451.0,1574.1833333333334
17865,2022-07-07 11:21:55,1657192915.0,59745.0,59745.0,995.75,False,154196.0,2569.9333333333334
17866,2022-07-07 11:26:36,1657193196.0,281.0,60026.0,1000.4333333333333,False,154477.0,2574.616666666667
17867,2022-07-07 11:29:39,1657193379.0,183.0,60209.0,1003.4833333333333,False,154660.0,2577.6666666666665
17868,2022-07-07 12:16:56,1657196216.0,2837.0,63046.0,1050.7666666666667,False,157497.0,2624.95
17869,2022-07-07 14:19:35,1657203575.0,7359.0,70405.0,1173.4166666666667,False,164856.0,2747.6
17870,2022-07-07 14:31:42,1657204302.0,727.0,71132.0,1185.5333333333333,False,165583.0,2759.7166666666667
17871,2022-07-07 14:38:26,1657204706.0,404.0,71536.0,1192.2666666666667,False,165987.0,2766.45
17872,2022-07-07 14:51:08,1657205468.0,762.0,72298.0,1204.9666666666667,False,166749.0,2779.15
17873,2022-07-07 14:58:17,1657205897.0,429.0,72727.0,1212.1166666666666,False,167178.0,2786.3
17874,2022-07-07 15:08:05,1657206485.0,588.0,73315.0,1221.9166666666667,True,167766.0,2796.1
17875,2022-07-07 15:26:27,1657207587.0,1102.0,1102.0,18.366666666666667,False,168868.0,2814.4666666666667
17876,2022-07-07 15:46:01,1657208761.0,1174.0,1174.0,19.566666666666666,False,170042.0,2834.0333333333333
17877,2022-07-07 15:58:18,1657209498.0,737.0,737.0,12.283333333333333,False,170779.0,2846.3166666666666
17878,2022-07-07 16:19:00,1657210740.0,1242.0,1242.0,20.7,False,172021.0,2867.016666666667
17879,2022-07-07 16:36:28,1657211788.0,1048.0,1048.0,17.466666666666665,False,173069.0,2884.483333333333
17880,2022-07-07 16:48:10,1657212490.0,702.0,702.0,11.7,False,173771.0,2896.1833333333334
17881,2022-07-07 16:58:29,1657213109.0,619.0,619.0,10.316666666666666,False,174390.0,2906.5
17882,2022-07-07 17:12:11,1657213931.0,822.0,822.0,13.7,False,175212.0,2920.2
17883,2022-07-07 17:39:39,1657215579.0,1648.0,1648.0,27.466666666666665,False,176860.0,2947.6666666666665
17884,2022-07-07 17:53:25,1657216405.0,826.0,826.0,13.766666666666667,False,177686.0,2961.4333333333334
17885,2022-07-07 18:07:07,1657217227.0,822.0,822.0,13.7,False,178508.0,2975.133333333333
17886,2022-07-07 18:21:10,1657218070.0,843.0,843.0,14.05,False,179351.0,2989.1833333333334
17887,2022-07-07 18:33:16,1657218796.0,726.0,726.0,12.1,False,180077.0,3001.2833333333333
17888,2022-07-07 18:46:22,1657219582.0,786.0,786.0,13.1,False,180863.0,3014.383333333333
17889,2022-07-07 19:01:59,1657220519.0,937.0,937.0,15.616666666666667,False,181800.0,3030.0
17890,2022-07-08 15:56:44,1657295804.0,75285.0,75285.0,1254.75,False,0.0,0.0
17891,2022-07-08 16:05:45,1657296345.0,541.0,75826.0,1263.7666666666667,False,541.0,9.016666666666667
17892,2022-07-08 16:50:15,1657299015.0,2670.0,78496.0,1308.2666666666667,False,3211.0,53.516666666666666
17893,2022-07-08 16:56:22,1657299382.0,367.0,78863.0,1314.3833333333334,False,3578.0,59.63333333333333
17894,2022-07-08 17:43:05,1657302185.0,2803.0,81666.0,1361.1,False,6381.0,106.35
17895,2022-07-08 17:47:13,1657302433.0,248.0,81914.0,1365.2333333333333,False,6629.0,110.48333333333333
17896,2022-07-08 17:50:16,1657302616.0,183.0,82097.0,1368.2833333333333,False,6812.0,113.53333333333333
17897,2022-07-08 17:54:14,1657302854.0,238.0,82335.0,1372.25,False,7050.0,117.5
17898,2022-07-08 17:58:53,1657303133.0,279.0,82614.0,1376.9,False,7329.0,122.15
17899,2022-07-08 18:03:01,1657303381.0,248.0,82862.0,1381.0333333333333,False,7577.0,126.28333333333333
17900,2022-07-11 11:37:17,1657539437.0,236056.0,318918.0,5315.3,False,243633.0,4060.55
17901,2022-07-11 11:45:09,1657539909.0,472.0,319390.0,5323.166666666667,False,244105.0,4068.4166666666665
17902,2022-07-11 12:30:23,1657542623.0,2714.0,322104.0,5368.4,True,246819.0,4113.65
17903,2022-07-11 12:44:20,1657543460.0,837.0,837.0,13.95,False,247656.0,4127.6
17904,2022-07-11 13:09:08,1657544948.0,1488.0,1488.0,24.8,False,249144.0,4152.4
17905,2022-07-11 13:30:23,1657546223.0,1275.0,1275.0,21.25,False,250419.0,4173.65
17906,2022-07-11 13:49:45,1657547385.0,1162.0,1162.0,19.366666666666667,False,251581.0,4193.016666666666
17907,2022-07-11 14:33:49,1657550029.0,2644.0,2644.0,44.06666666666667,False,254225.0,4237.083333333333
17908,2022-07-11 14:49:24,1657550964.0,935.0,3579.0,59.65,False,255160.0,4252.666666666667
17909,2022-07-11 15:55:59,1657554959.0,3995.0,7574.0,126.23333333333333,False,259155.0,4319.25
17910,2022-07-11 16:15:31,1657556131.0,1172.0,8746.0,145.76666666666668,False,260327.0,4338.783333333334
17911,2022-07-11 16:53:03,1657558383.0,2252.0,2252.0,37.53333333333333,False,262579.0,4376.316666666667
17912,2022-07-11 17:03:58,1657559038.0,655.0,2907.0,48.45,False,263234.0,4387.233333333334
17913,2022-07-11 17:11:48,1657559508.0,470.0,3377.0,56.28333333333333,False,263704.0,4395.066666666667
17914,2022-07-11 17:21:29,1657560089.0,581.0,3958.0,65.96666666666667,False,264285.0,4404.75
17915,2022-07-11 17:28:13,1657560493.0,404.0,4362.0,72.7,False,264689.0,4411.483333333334
17916,2022-07-11 17:33:19,1657560799.0,306.0,4668.0,77.8,False,264995.0,4416.583333333333
17917,2022-07-11 17:44:59,1657561499.0,700.0,5368.0,89.46666666666667,False,265695.0,4428.25
17918,2022-07-11 17:49:51,1657561791.0,292.0,5660.0,94.33333333333333,False,265987.0,4433.116666666667
17919,2022-07-11 17:54:24,1657562064.0,273.0,5933.0,98.88333333333334,False,266260.0,4437.666666666667
17920,2022-07-11 17:59:29,1657562369.0,305.0,6238.0,103.96666666666667,False,266565.0,4442.75
17921,2022-07-11 18:04:09,1657562649.0,280.0,6518.0,108.63333333333334,False,266845.0,4447.416666666667
17922,2022-07-11 18:10:42,1657563042.0,393.0,6911.0,115.18333333333334,False,267238.0,4453.966666666666
17923,2022-07-11 18:14:40,1657563280.0,238.0,7149.0,119.15,False,267476.0,4457.933333333333
17924,2022-07-11 18:21:25,1657563685.0,405.0,7554.0,125.9,False,267881.0,4464.683333333333
17925,2022-07-11 18:24:50,1657563890.0,205.0,7759.0,129.31666666666666,False,268086.0,4468.1
17926,2022-07-11 18:28:20,1657564100.0,210.0,7969.0,132.81666666666666,False,268296.0,4471.6
17927,2022-07-11 18:46:50,1657565210.0,1110.0,9079.0,151.31666666666666,False,269406.0,4490.1
17928,2022-07-11 18:56:48,1657565808.0,598.0,9677.0,161.28333333333333,False,270004.0,4500.066666666667
17929,2022-07-11 19:00:38,1657566038.0,230.0,9907.0,165.11666666666667,False,270234.0,4503.9
17930,2022-07-11 19:04:29,1657566269.0,231.0,10138.0,168.96666666666667,False,270465.0,4507.75
17931,2022-07-12 09:59:01,1657619941.0,53672.0,63810.0,1063.5,False,324137.0,5402.283333333334
17932,2022-07-12 10:03:01,1657620181.0,240.0,64050.0,1067.5,False,324377.0,5406.283333333334
17933,2022-07-12 17:01:48,1657645308.0,25127.0,89177.0,1486.2833333333333,False,349504.0,5825.066666666667
17934,2022-07-12 17:13:04,1657645984.0,676.0,89853.0,1497.55,False,350180.0,5836.333333333333
17935,2022-07-12 17:16:51,1657646211.0,227.0,90080.0,1501.3333333333333,False,350407.0,5840.116666666667
17936,2022-07-12 17:20:21,1657646421.0,210.0,90290.0,1504.8333333333333,False,350617.0,5843.616666666667
17937,2022-07-12 17:25:23,1657646723.0,302.0,90592.0,1509.8666666666666,False,350919.0,5848.65
17938,2022-07-12 17:29:04,1657646944.0,221.0,90813.0,1513.55,False,351140.0,5852.333333333333
17939,2022-07-12 17:48:52,1657648132.0,1188.0,92001.0,1533.35,False,352328.0,5872.133333333333
17940,2022-07-12 17:51:59,1657648319.0,187.0,92188.0,1536.4666666666667,False,352515.0,5875.25
17941,2022-07-12 17:55:37,1657648537.0,218.0,92406.0,1540.1,False,352733.0,5878.883333333333
17942,2022-07-12 18:03:10,1657648990.0,453.0,92859.0,1547.65,False,353186.0,5886.433333333333
17943,2022-07-12 18:11:01,1657649461.0,471.0,93330.0,1555.5,False,353657.0,5894.283333333334
17944,2022-07-13 10:20:11,1657707611.0,58150.0,151480.0,2524.6666666666665,False,411807.0,6863.45
17945,2022-07-13 10:40:16,1657708816.0,1205.0,152685.0,2544.75,False,413012.0,6883.533333333334
17946,2022-07-13 10:43:26,1657709006.0,190.0,152875.0,2547.9166666666665,False,413202.0,6886.7
17947,2022-07-13 10:54:15,1657709655.0,649.0,153524.0,2558.733333333333,False,413851.0,6897.516666666666
17948,2022-07-13 11:01:01,1657710061.0,406.0,153930.0,2565.5,False,414257.0,6904.283333333334
17949,2022-07-13 11:04:37,1657710277.0,216.0,154146.0,2569.1,False,414473.0,6907.883333333333
17950,2022-07-13 11:25:29,1657711529.0,1252.0,155398.0,2589.9666666666667,False,415725.0,6928.75
17951,2022-07-13 11:28:36,1657711716.0,187.0,155585.0,2593.0833333333335,False,415912.0,6931.866666666667
17952,2022-07-13 11:31:20,1657711880.0,164.0,155749.0,2595.8166666666666,False,416076.0,6934.6
17953,2022-07-13 11:35:14,1657712114.0,234.0,155983.0,2599.7166666666667,False,416310.0,6938.5
17954,2022-07-13 11:46:22,1657712782.0,668.0,156651.0,2610.85,False,416978.0,6949.633333333333
17955,2022-07-13 11:51:47,1657713107.0,325.0,156976.0,2616.266666666667,False,417303.0,6955.05
17956,2022-07-13 11:55:01,1657713301.0,194.0,157170.0,2619.5,False,417497.0,6958.283333333334
17957,2022-07-13 12:05:37,1657713937.0,636.0,157806.0,2630.1,False,418133.0,6968.883333333333
17958,2022-07-13 12:14:50,1657714490.0,553.0,158359.0,2639.3166666666666,False,418686.0,6978.1
17959,2022-07-13 12:19:19,1657714759.0,269.0,158628.0,2643.8,False,418955.0,6982.583333333333
17960,2022-07-13 13:38:21,1657719501.0,4742.0,163370.0,2722.8333333333335,False,423697.0,7061.616666666667
17961,2022-07-13 13:47:18,1657720038.0,537.0,163907.0,2731.7833333333333,False,424234.0,7070.566666666667
17962,2022-07-13 14:11:12,1657721472.0,1434.0,165341.0,2755.6833333333334,True,425668.0,7094.466666666666
17963,2022-07-13 14:39:46,1657723186.0,1714.0,1714.0,28.566666666666666,False,427382.0,7123.033333333334
17964,2022-07-13 14:54:20,1657724060.0,874.0,874.0,14.566666666666666,False,428256.0,7137.6
17965,2022-07-13 15:05:48,1657724748.0,688.0,688.0,11.466666666666667,False,428944.0,7149.066666666667
17966,2022-07-13 15:35:21,1657726521.0,1773.0,1773.0,29.55,False,430717.0,7178.616666666667
17967,2022-07-13 15:46:31,1657727191.0,670.0,670.0,11.166666666666666,False,431387.0,7189.783333333334
17968,2022-07-13 15:58:23,1657727903.0,712.0,712.0,11.866666666666667,False,432099.0,7201.65
17969,2022-07-13 16:13:20,1657728800.0,897.0,897.0,14.95,False,432996.0,7216.6
17970,2022-07-13 16:25:58,1657729558.0,758.0,758.0,12.633333333333333,False,433754.0,7229.233333333334
17971,2022-07-13 16:47:21,1657730841.0,1283.0,1283.0,21.383333333333333,False,435037.0,7250.616666666667
17972,2022-07-13 17:00:43,1657731643.0,802.0,802.0,13.366666666666667,False,435839.0,7263.983333333334
17973,2022-07-13 17:19:47,1657732787.0,1144.0,1144.0,19.066666666666666,False,436983.0,7283.05
17974,2022-07-13 17:35:00,1657733700.0,913.0,913.0,15.216666666666667,False,437896.0,7298.266666666666
17975,2022-07-13 17:50:17,1657734617.0,917.0,917.0,15.283333333333333,False,438813.0,7313.55
17976,2022-07-13 18:04:54,1657735494.0,877.0,877.0,14.616666666666667,False,439690.0,7328.166666666667
17977,2022-07-14 17:09:05,1657818545.0,83051.0,83051.0,1384.1833333333334,False,522741.0,8712.35
17978,2022-07-14 17:11:51,1657818711.0,166.0,83217.0,1386.95,False,522907.0,8715.116666666667
17979,2022-07-14 17:19:38,1657819178.0,467.0,83684.0,1394.7333333333333,False,523374.0,8722.9
17980,2022-07-14 17:23:07,1657819387.0,209.0,83893.0,1398.2166666666667,False,523583.0,8726.383333333333
17981,2022-07-14 17:25:37,1657819537.0,150.0,84043.0,1400.7166666666667,False,523733.0,8728.883333333333
17982,2022-07-14 17:31:00,1657819860.0,323.0,84366.0,1406.1,False,524056.0,8734.266666666666
17983,2022-07-14 17:34:18,1657820058.0,198.0,84564.0,1409.4,False,524254.0,8737.566666666668
17984,2022-07-14 17:46:38,1657820798.0,740.0,85304.0,1421.7333333333333,False,524994.0,8749.9
17985,2022-07-15 11:52:11,1657885931.0,65133.0,150437.0,2507.2833333333333,False,590127.0,9835.45
17986,2022-07-15 11:55:48,1657886148.0,217.0,150654.0,2510.9,False,590344.0,9839.066666666668
17987,2022-07-15 11:59:33,1657886373.0,225.0,150879.0,2514.65,False,590569.0,9842.816666666668
17988,2022-07-15 12:01:53,1657886513.0,140.0,151019.0,2516.983333333333,False,590709.0,9845.15
17989,2022-07-15 12:04:11,1657886651.0,138.0,151157.0,2519.2833333333333,False,590847.0,9847.45
17990,2022-07-15 12:20:26,1657887626.0,975.0,152132.0,2535.5333333333333,False,591822.0,9863.7
17991,2022-07-15 12:41:31,1657888891.0,1265.0,153397.0,2556.616666666667,False,593087.0,9884.783333333333
17992,2022-07-15 12:49:35,1657889375.0,484.0,153881.0,2564.6833333333334,False,593571.0,9892.85
17993,2022-07-15 12:57:18,1657889838.0,463.0,154344.0,2572.4,False,594034.0,9900.566666666668
17994,2022-07-15 13:04:34,1657890274.0,436.0,154780.0,2579.6666666666665,False,594470.0,9907.833333333334
17995,2022-07-15 13:10:58,1657890658.0,384.0,155164.0,2586.0666666666666,True,594854.0,9914.233333333334
17996,2022-07-15 13:18:50,1657891130.0,472.0,472.0,7.866666666666666,False,595326.0,9922.1
17997,2022-07-15 13:26:26,1657891586.0,456.0,456.0,7.6,False,595782.0,9929.7
17998,2022-07-15 13:34:04,1657892044.0,458.0,458.0,7.633333333333334,False,596240.0,9937.333333333334
17999,2022-07-15 13:42:32,1657892552.0,508.0,508.0,8.466666666666667,False,596748.0,9945.8
18000,2022-07-15 13:50:46,1657893046.0,494.0,494.0,8.233333333333333,False,597242.0,9954.033333333333
18001,2022-07-15 13:58:17,1657893497.0,451.0,451.0,7.516666666666667,False,597693.0,9961.55
18002,2022-07-15 14:28:01,1657895281.0,1784.0,1784.0,29.733333333333334,False,599477.0,9991.283333333333
18003,2022-07-15 14:37:06,1657895826.0,545.0,545.0,9.083333333333334,False,600022.0,10000.366666666667
18004,2022-07-15 14:44:05,1657896245.0,419.0,419.0,6.983333333333333,False,600441.0,10007.35
18005,2022-07-15 14:53:11,1657896791.0,546.0,546.0,9.1,False,600987.0,10016.45
18006,2022-07-15 15:01:14,1657897274.0,483.0,483.0,8.05,False,601470.0,10024.5
18007,2022-07-15 15:09:05,1657897745.0,471.0,471.0,7.85,False,601941.0,10032.35
18008,2022-07-15 15:16:37,1657898197.0,452.0,452.0,7.533333333333333,False,602393.0,10039.883333333333
18009,2022-07-15 15:26:11,1657898771.0,574.0,574.0,9.566666666666666,False,602967.0,10049.45
18010,2022-07-15 15:34:38,1657899278.0,507.0,507.0,8.45,False,603474.0,10057.9
18011,2022-07-16 13:41:03,1657978863.0,79585.0,79585.0,1326.4166666666667,False,0.0,0.0
18012,2022-07-18 16:40:23,1658162423.0,183560.0,263145.0,4385.75,False,0.0,0.0
18013,2022-07-18 16:48:31,1658162911.0,488.0,263633.0,4393.883333333333,False,488.0,8.133333333333333
18014,2022-07-18 17:18:52,1658164732.0,1821.0,265454.0,4424.233333333334,True,2309.0,38.483333333333334
18015,2022-07-18 17:51:49,1658166709.0,1977.0,1977.0,32.95,False,4286.0,71.43333333333334
18016,2022-07-18 18:08:34,1658167714.0,1005.0,1005.0,16.75,False,5291.0,88.18333333333334
18017,2022-07-18 18:23:52,1658168632.0,918.0,918.0,15.3,False,6209.0,103.48333333333333
18018,2022-07-18 18:42:39,1658169759.0,1127.0,1127.0,18.783333333333335,False,7336.0,122.26666666666667
18019,2022-07-18 18:59:00,1658170740.0,981.0,981.0,16.35,False,8317.0,138.61666666666667
18020,2022-07-19 15:26:31,1658244391.0,73651.0,73651.0,1227.5166666666667,False,81968.0,1366.1333333333334
18021,2022-07-19 15:40:40,1658245240.0,849.0,74500.0,1241.6666666666667,False,82817.0,1380.2833333333333
18022,2022-07-19 16:13:14,1658247194.0,1954.0,76454.0,1274.2333333333333,True,84771.0,1412.85
18023,2022-07-19 16:33:10,1658248390.0,1196.0,1196.0,19.933333333333334,False,85967.0,1432.7833333333333
18024,2022-07-19 17:38:19,1658252299.0,3909.0,3909.0,65.15,False,89876.0,1497.9333333333334
18025,2022-07-19 17:50:49,1658253049.0,750.0,4659.0,77.65,False,90626.0,1510.4333333333334
18026,2022-07-19 18:04:08,1658253848.0,799.0,799.0,13.316666666666666,False,91425.0,1523.75
18027,2022-07-19 18:19:01,1658254741.0,893.0,893.0,14.883333333333333,False,92318.0,1538.6333333333334
18028,2022-07-19 18:34:39,1658255679.0,938.0,938.0,15.633333333333333,False,93256.0,1554.2666666666667
18029,2022-07-19 18:44:12,1658256252.0,573.0,573.0,9.55,False,93829.0,1563.8166666666666
18030,2022-07-19 19:11:33,1658257893.0,1641.0,2214.0,36.9,False,95470.0,1591.1666666666667
18031,2022-07-19 19:18:42,1658258322.0,429.0,2643.0,44.05,False,95899.0,1598.3166666666666
18032,2022-07-19 19:34:51,1658259291.0,969.0,969.0,16.15,False,96868.0,1614.4666666666667
18033,2022-07-19 19:50:56,1658260256.0,965.0,965.0,16.083333333333332,False,97833.0,1630.55
18034,2022-07-20 12:37:46,1658320666.0,60410.0,60410.0,1006.8333333333334,False,158243.0,2637.383333333333
18035,2022-07-20 12:46:39,1658321199.0,533.0,60943.0,1015.7166666666667,False,158776.0,2646.266666666667
18036,2022-07-20 12:50:33,1658321433.0,234.0,61177.0,1019.6166666666667,False,159010.0,2650.1666666666665
18037,2022-07-20 13:04:03,1658322243.0,810.0,61987.0,1033.1166666666666,False,159820.0,2663.6666666666665
18038,2022-07-20 13:51:08,1658325068.0,2825.0,64812.0,1080.2,False,162645.0,2710.75
18039,2022-07-20 14:15:17,1658326517.0,1449.0,66261.0,1104.35,False,164094.0,2734.9
18040,2022-07-20 14:32:25,1658327545.0,1028.0,67289.0,1121.4833333333333,False,165122.0,2752.0333333333333
18041,2022-07-20 14:58:49,1658329129.0,1584.0,68873.0,1147.8833333333334,False,166706.0,2778.4333333333334
18042,2022-07-20 15:36:58,1658331418.0,2289.0,71162.0,1186.0333333333333,False,168995.0,2816.5833333333335
18043,2022-07-20 15:43:18,1658331798.0,380.0,71542.0,1192.3666666666666,False,169375.0,2822.9166666666665
18044,2022-07-20 16:31:17,1658334677.0,2879.0,74421.0,1240.35,True,172254.0,2870.9
18045,2022-07-20 17:17:33,1658337453.0,2776.0,2776.0,46.266666666666666,False,175030.0,2917.1666666666665
18046,2022-07-20 17:23:04,1658337784.0,331.0,331.0,5.516666666666667,False,175361.0,2922.6833333333334
18047,2022-07-20 17:41:26,1658338886.0,1102.0,1433.0,23.883333333333333,False,176463.0,2941.05
18048,2022-07-20 18:01:58,1658340118.0,1232.0,1232.0,20.533333333333335,False,177695.0,2961.5833333333335
18049,2022-07-20 18:17:09,1658341029.0,911.0,911.0,15.183333333333334,False,178606.0,2976.766666666667
18050,2022-07-20 18:32:45,1658341965.0,936.0,936.0,15.6,False,179542.0,2992.366666666667
18051,2022-07-21 14:13:52,1658412832.0,70867.0,70867.0,1181.1166666666666,False,250409.0,4173.483333333334
18052,2022-07-21 14:24:51,1658413491.0,659.0,71526.0,1192.1,False,251068.0,4184.466666666666
18053,2022-07-21 14:28:11,1658413691.0,200.0,71726.0,1195.4333333333334,False,251268.0,4187.8
18054,2022-07-21 14:40:15,1658414415.0,724.0,72450.0,1207.5,False,251992.0,4199.866666666667
18055,2022-07-21 14:50:28,1658415028.0,613.0,73063.0,1217.7166666666667,False,252605.0,4210.083333333333
18056,2022-07-21 14:56:48,1658415408.0,380.0,73443.0,1224.05,False,252985.0,4216.416666666667
18057,2022-07-21 15:06:18,1658415978.0,570.0,74013.0,1233.55,False,253555.0,4225.916666666667
18058,2022-07-21 15:11:57,1658416317.0,339.0,74352.0,1239.2,False,253894.0,4231.566666666667
18059,2022-07-21 15:15:14,1658416514.0,197.0,74549.0,1242.4833333333333,False,254091.0,4234.85
18060,2022-07-21 15:44:32,1658418272.0,1758.0,76307.0,1271.7833333333333,False,255849.0,4264.15
18061,2022-07-21 15:50:33,1658418633.0,361.0,76668.0,1277.8,False,256210.0,4270.166666666667
18062,2022-07-21 16:17:46,1658420266.0,1633.0,78301.0,1305.0166666666667,True,257843.0,4297.383333333333
18063,2022-07-21 16:44:16,1658421856.0,1590.0,1590.0,26.5,False,259433.0,4323.883333333333
18064,2022-07-21 16:58:47,1658422727.0,871.0,2461.0,41.016666666666666,False,260304.0,4338.4
18065,2022-07-21 17:30:22,1658424622.0,1895.0,1895.0,31.583333333333332,False,262199.0,4369.983333333334
18066,2022-07-21 18:17:46,1658427466.0,2844.0,2844.0,47.4,False,265043.0,4417.383333333333
18067,2022-07-21 18:21:23,1658427683.0,217.0,3061.0,51.016666666666666,False,265260.0,4421.0
18068,2022-07-21 18:29:04,1658428144.0,461.0,3522.0,58.7,False,265721.0,4428.683333333333
18069,2022-07-21 18:35:04,1658428504.0,360.0,3882.0,64.7,False,266081.0,4434.683333333333
18070,2022-07-22 13:59:06,1658498346.0,69842.0,73724.0,1228.7333333333333,False,335923.0,5598.716666666666
18071,2022-07-22 14:02:19,1658498539.0,193.0,73917.0,1231.95,False,336116.0,5601.933333333333
18072,2022-07-22 14:09:02,1658498942.0,403.0,74320.0,1238.6666666666667,False,336519.0,5608.65
18073,2022-07-22 14:27:06,1658500026.0,1084.0,75404.0,1256.7333333333333,False,337603.0,5626.716666666666
18074,2022-07-22 14:38:57,1658500737.0,711.0,76115.0,1268.5833333333333,False,338314.0,5638.566666666667
18075,2022-07-22 15:43:57,1658504637.0,3900.0,80015.0,1333.5833333333333,False,342214.0,5703.566666666667
18076,2022-07-22 15:48:37,1658504917.0,280.0,80295.0,1338.25,False,342494.0,5708.233333333334
18077,2022-07-22 15:59:15,1658505555.0,638.0,80933.0,1348.8833333333334,False,343132.0,5718.866666666667
18078,2022-07-22 16:16:19,1658506579.0,1024.0,81957.0,1365.95,True,344156.0,5735.933333333333
18079,2022-07-22 16:44:42,1658508282.0,1703.0,1703.0,28.383333333333333,False,345859.0,5764.316666666667
18080,2022-07-22 17:26:38,1658510798.0,2516.0,2516.0,41.93333333333333,False,348375.0,5806.25
18081,2022-07-22 17:46:36,1658511996.0,1198.0,1198.0,19.966666666666665,False,349573.0,5826.216666666666
18082,2022-07-22 18:43:03,1658515383.0,3387.0,3387.0,56.45,False,352960.0,5882.666666666667
18083,2022-07-22 18:59:38,1658516378.0,995.0,995.0,16.583333333333332,False,353955.0,5899.25
18084,2022-07-22 19:48:05,1658519285.0,2907.0,2907.0,48.45,False,356862.0,5947.7
18085,2022-07-26 07:33:29,1658820809.0,301524.0,304431.0,5073.85,False,658386.0,10973.1
18086,2022-07-26 12:02:18,1658836938.0,16129.0,320560.0,5342.666666666667,False,674515.0,11241.916666666666
18087,2022-07-26 12:22:29,1658838149.0,1211.0,321771.0,5362.85,False,675726.0,11262.1
18088,2022-07-26 15:55:23,1658850923.0,12774.0,334545.0,5575.75,False,688500.0,11475.0
18089,2022-07-26 15:58:19,1658851099.0,176.0,334721.0,5578.683333333333,False,688676.0,11477.933333333332
18090,2022-07-26 16:04:28,1658851468.0,369.0,335090.0,5584.833333333333,False,689045.0,11484.083333333334
18091,2022-07-26 16:08:31,1658851711.0,243.0,335333.0,5588.883333333333,False,689288.0,11488.133333333333
18092,2022-07-26 16:11:55,1658851915.0,204.0,335537.0,5592.283333333334,False,689492.0,11491.533333333333
18093,2022-07-26 16:14:35,1658852075.0,160.0,335697.0,5594.95,False,689652.0,11494.2
18094,2022-07-26 16:20:37,1658852437.0,362.0,336059.0,5600.983333333334,False,690014.0,11500.233333333334
18095,2022-07-26 16:23:50,1658852630.0,193.0,336252.0,5604.2,False,690207.0,11503.45
18096,2022-07-26 16:27:12,1658852832.0,202.0,336454.0,5607.566666666667,False,690409.0,11506.816666666668
18097,2022-07-26 16:30:52,1658853052.0,220.0,336674.0,5611.233333333334,False,690629.0,11510.483333333334
18098,2022-07-27 10:06:10,1658916370.0,63318.0,399992.0,6666.533333333334,False,753947.0,12565.783333333333
18099,2022-07-27 13:14:19,1658927659.0,11289.0,411281.0,6854.683333333333,False,765236.0,12753.933333333332
18100,2022-07-27 14:00:53,1658930453.0,2794.0,414075.0,6901.25,False,768030.0,12800.5
18101,2022-07-27 14:39:38,1658932778.0,2325.0,416400.0,6940.0,False,770355.0,12839.25
18102,2022-07-27 14:46:27,1658933187.0,409.0,416809.0,6946.816666666667,False,770764.0,12846.066666666668
18103,2022-07-27 14:54:23,1658933663.0,476.0,417285.0,6954.75,False,771240.0,12854.0
18104,2022-07-27 15:04:14,1658934254.0,591.0,417876.0,6964.6,False,771831.0,12863.85
18105,2022-07-27 15:12:02,1658934722.0,468.0,418344.0,6972.4,False,772299.0,12871.65
18106,2022-07-27 15:18:08,1658935088.0,366.0,418710.0,6978.5,False,772665.0,12877.75
18107,2022-07-27 17:36:54,1658943414.0,8326.0,427036.0,7117.266666666666,False,780991.0,13016.516666666666
18108,2022-07-27 17:46:29,1658943989.0,575.0,427611.0,7126.85,False,781566.0,13026.1
18109,2022-07-27 17:52:00,1658944320.0,331.0,427942.0,7132.366666666667,False,781897.0,13031.616666666667
18110,2022-07-27 18:00:51,1658944851.0,531.0,428473.0,7141.216666666666,False,782428.0,13040.466666666667
18111,2022-07-27 18:06:46,1658945206.0,355.0,428828.0,7147.133333333333,False,782783.0,13046.383333333333
18112,2022-07-27 18:13:40,1658945620.0,414.0,429242.0,7154.033333333334,False,783197.0,13053.283333333333
18113,2022-07-28 12:02:24,1659009744.0,64124.0,493366.0,8222.766666666666,False,847321.0,14122.016666666666
18114,2022-07-28 12:17:37,1659010657.0,913.0,494279.0,8237.983333333334,False,848234.0,14137.233333333334
18115,2022-07-28 12:35:23,1659011723.0,1066.0,495345.0,8255.75,False,849300.0,14155.0
18116,2022-07-28 12:49:29,1659012569.0,846.0,496191.0,8269.85,True,850146.0,14169.1
18117,2022-07-28 13:48:51,1659016131.0,3562.0,3562.0,59.36666666666667,False,853708.0,14228.466666666667
18118,2022-07-28 14:10:28,1659017428.0,1297.0,4859.0,80.98333333333333,False,855005.0,14250.083333333334
18119,2022-07-28 14:30:11,1659018611.0,1183.0,6042.0,100.7,False,856188.0,14269.8
18120,2022-07-28 14:54:57,1659020097.0,1486.0,1486.0,24.766666666666666,False,857674.0,14294.566666666668
18121,2022-07-28 15:26:09,1659021969.0,1872.0,1872.0,31.2,False,859546.0,14325.766666666666
18122,2022-07-28 15:40:16,1659022816.0,847.0,847.0,14.116666666666667,False,860393.0,14339.883333333333
18123,2022-07-28 15:51:42,1659023502.0,686.0,686.0,11.433333333333334,False,861079.0,14351.316666666668
18124,2022-07-28 16:11:05,1659024665.0,1163.0,1163.0,19.383333333333333,False,862242.0,14370.7
18125,2022-07-28 16:29:09,1659025749.0,1084.0,1084.0,18.066666666666666,False,863326.0,14388.766666666666
18126,2022-07-28 16:49:10,1659026950.0,1201.0,1201.0,20.016666666666666,False,864527.0,14408.783333333333
18127,2022-07-28 16:57:29,1659027449.0,499.0,1700.0,28.333333333333332,False,865026.0,14417.1
18128,2022-07-28 17:16:50,1659028610.0,1161.0,1161.0,19.35,False,866187.0,14436.45
18129,2022-08-02 12:11:39,1659442299.0,413689.0,413689.0,6894.816666666667,False,1279876.0,21331.266666666666
18130,2022-08-02 12:25:19,1659443119.0,820.0,414509.0,6908.483333333334,False,1280696.0,21344.933333333334
18131,2022-08-02 12:57:25,1659445045.0,1926.0,416435.0,6940.583333333333,True,1282622.0,21377.033333333333
18132,2022-08-02 13:35:09,1659447309.0,2264.0,2264.0,37.733333333333334,False,1284886.0,21414.766666666666
18133,2022-08-02 14:01:47,1659448907.0,1598.0,1598.0,26.633333333333333,False,1286484.0,21441.4
18134,2022-08-02 14:15:55,1659449755.0,848.0,848.0,14.133333333333333,False,1287332.0,21455.533333333333
18135,2022-08-02 14:24:37,1659450277.0,522.0,1370.0,22.833333333333332,False,1287854.0,21464.233333333334
18136,2022-08-02 14:38:29,1659451109.0,832.0,832.0,13.866666666666667,False,1288686.0,21478.1
18137,2022-08-02 14:52:33,1659451953.0,844.0,844.0,14.066666666666666,False,1289530.0,21492.166666666668
18138,2022-08-02 15:36:07,1659454567.0,2614.0,2614.0,43.56666666666667,False,1292144.0,21535.733333333334
18139,2022-08-02 15:55:38,1659455738.0,1171.0,3785.0,63.083333333333336,False,1293315.0,21555.25
18140,2022-08-02 17:40:48,1659462048.0,6310.0,10095.0,168.25,False,0.0,0.0
18141,2022-08-02 17:46:36,1659462396.0,348.0,10443.0,174.05,False,348.0,5.8
18142,2022-08-02 17:58:40,1659463120.0,724.0,11167.0,186.11666666666667,False,1072.0,17.866666666666667
18143,2022-08-02 18:08:03,1659463683.0,563.0,11730.0,195.5,False,1635.0,27.25
18144,2022-08-04 12:48:39,1659617319.0,153636.0,165366.0,2756.1,False,0.0,0.0
18145,2022-08-04 12:58:07,1659617887.0,568.0,165934.0,2765.5666666666666,False,568.0,9.466666666666667
18146,2022-08-04 13:13:18,1659618798.0,911.0,166845.0,2780.75,False,1479.0,24.65
18147,2022-08-04 15:45:53,1659627953.0,9155.0,176000.0,2933.3333333333335,True,10634.0,177.23333333333332
18148,2022-08-04 16:00:58,1659628858.0,905.0,905.0,15.083333333333334,False,11539.0,192.31666666666666
18149,2022-08-04 16:17:15,1659629835.0,977.0,977.0,16.283333333333335,False,12516.0,208.6
18150,2022-08-04 16:32:20,1659630740.0,905.0,905.0,15.083333333333334,False,13421.0,223.68333333333334
18151,2022-08-04 16:49:18,1659631758.0,1018.0,1018.0,16.966666666666665,False,14439.0,240.65
18152,2022-08-04 17:03:33,1659632613.0,855.0,855.0,14.25,False,15294.0,254.9
18153,2022-08-04 17:23:32,1659633812.0,1199.0,1199.0,19.983333333333334,False,16493.0,274.8833333333333
18154,2022-08-05 12:55:21,1659704121.0,70309.0,70309.0,1171.8166666666666,False,86802.0,1446.7
18155,2022-08-05 13:05:45,1659704745.0,624.0,70933.0,1182.2166666666667,False,87426.0,1457.1
18156,2022-08-05 13:25:42,1659705942.0,1197.0,72130.0,1202.1666666666667,True,88623.0,1477.05
18157,2022-08-05 13:45:54,1659707154.0,1212.0,1212.0,20.2,False,89835.0,1497.25
18158,2022-08-05 14:30:07,1659709807.0,2653.0,3865.0,64.41666666666667,False,92488.0,1541.4666666666667
18159,2022-08-05 14:39:49,1659710389.0,582.0,4447.0,74.11666666666666,False,93070.0,1551.1666666666667
18160,2022-08-05 14:59:13,1659711553.0,1164.0,1164.0,19.4,False,94234.0,1570.5666666666666
18161,2022-08-05 15:18:21,1659712701.0,1148.0,1148.0,19.133333333333333,False,95382.0,1589.7
18162,2022-08-05 15:39:21,1659713961.0,1260.0,1260.0,21.0,False,96642.0,1610.7
18163,2022-08-05 16:04:39,1659715479.0,1518.0,1518.0,25.3,False,98160.0,1636.0
18164,2022-08-05 16:28:46,1659716926.0,1447.0,1447.0,24.116666666666667,False,99607.0,1660.1166666666666
18165,2022-08-05 16:42:30,1659717750.0,824.0,824.0,13.733333333333333,False,100431.0,1673.85
18166,2022-08-05 17:00:19,1659718819.0,1069.0,1069.0,17.816666666666666,False,101500.0,1691.6666666666667
18167,2022-08-05 17:24:41,1659720281.0,1462.0,1462.0,24.366666666666667,False,102962.0,1716.0333333333333
18168,2022-08-05 17:41:19,1659721279.0,998.0,998.0,16.633333333333333,False,103960.0,1732.6666666666667
18169,2022-08-08 13:07:57,1659964077.0,242798.0,242798.0,4046.633333333333,False,346758.0,5779.3
18170,2022-08-08 13:26:25,1659965185.0,1108.0,243906.0,4065.1,False,347866.0,5797.766666666666
18171,2022-08-08 15:40:45,1659973245.0,8060.0,251966.0,4199.433333333333,False,355926.0,5932.1
18172,2022-08-08 15:53:37,1659974017.0,772.0,252738.0,4212.3,True,356698.0,5944.966666666666
18173,2022-08-08 16:06:25,1659974785.0,768.0,768.0,12.8,False,357466.0,5957.766666666666
18174,2022-08-08 16:23:16,1659975796.0,1011.0,1011.0,16.85,False,358477.0,5974.616666666667
18175,2022-08-08 16:36:22,1659976582.0,786.0,786.0,13.1,False,359263.0,5987.716666666666
18176,2022-08-09 16:46:17,1660063577.0,86995.0,86995.0,1449.9166666666667,False,446258.0,7437.633333333333
18177,2022-08-09 17:07:36,1660064856.0,1279.0,88274.0,1471.2333333333333,False,447537.0,7458.95
18178,2022-08-09 17:18:40,1660065520.0,664.0,88938.0,1482.3,False,448201.0,7470.016666666666
18179,2022-08-09 17:27:30,1660066050.0,530.0,89468.0,1491.1333333333334,True,448731.0,7478.85
18180,2022-08-09 17:38:40,1660066720.0,670.0,670.0,11.166666666666666,False,449401.0,7490.016666666666
18181,2022-08-09 17:53:12,1660067592.0,872.0,872.0,14.533333333333333,False,450273.0,7504.55
18182,2022-08-09 18:14:18,1660068858.0,1266.0,1266.0,21.1,False,451539.0,7525.65
18183,2022-08-10 16:03:05,1660147385.0,78527.0,78527.0,1308.7833333333333,False,530066.0,8834.433333333332
18184,2022-08-10 16:11:08,1660147868.0,483.0,79010.0,1316.8333333333333,False,530549.0,8842.483333333334
18185,2022-08-10 16:19:06,1660148346.0,478.0,79488.0,1324.8,True,531027.0,8850.45
18186,2022-08-10 16:30:30,1660149030.0,684.0,684.0,11.4,False,531711.0,8861.85
18187,2022-08-10 16:44:01,1660149841.0,811.0,811.0,13.516666666666667,False,532522.0,8875.366666666667
18188,2022-08-10 16:59:29,1660150769.0,928.0,928.0,15.466666666666667,False,533450.0,8890.833333333334
18189,2022-08-10 17:20:40,1660152040.0,1271.0,1271.0,21.183333333333334,False,534721.0,8912.016666666666
18190,2022-08-10 17:37:49,1660153069.0,1029.0,1029.0,17.15,False,535750.0,8929.166666666666
18191,2022-08-10 17:50:25,1660153825.0,756.0,756.0,12.6,False,536506.0,8941.766666666666
18192,2022-08-10 18:05:19,1660154719.0,894.0,894.0,14.9,False,537400.0,8956.666666666666
18193,2022-08-10 18:17:58,1660155478.0,759.0,759.0,12.65,False,538159.0,8969.316666666668
18194,2022-08-11 14:42:32,1660228952.0,73474.0,73474.0,1224.5666666666666,False,611633.0,10193.883333333333
18195,2022-08-11 14:50:10,1660229410.0,458.0,73932.0,1232.2,False,612091.0,10201.516666666666
18196,2022-08-11 14:58:35,1660229915.0,505.0,74437.0,1240.6166666666666,True,612596.0,10209.933333333332
18197,2022-08-11 15:12:03,1660230723.0,808.0,808.0,13.466666666666667,False,613404.0,10223.4
18198,2022-08-11 15:25:04,1660231504.0,781.0,781.0,13.016666666666667,False,614185.0,10236.416666666666
18199,2022-08-11 15:39:29,1660232369.0,865.0,865.0,14.416666666666666,False,615050.0,10250.833333333334
18200,2022-08-11 15:56:53,1660233413.0,1044.0,1044.0,17.4,False,616094.0,10268.233333333334
18201,2022-08-11 16:17:01,1660234621.0,1208.0,1208.0,20.133333333333333,False,617302.0,10288.366666666667
18202,2022-08-11 16:30:28,1660235428.0,807.0,807.0,13.45,False,618109.0,10301.816666666668
18203,2022-08-11 16:43:28,1660236208.0,780.0,780.0,13.0,False,618889.0,10314.816666666668
18204,2022-08-11 17:07:56,1660237676.0,1468.0,1468.0,24.466666666666665,False,620357.0,10339.283333333333
18205,2022-08-11 17:19:57,1660238397.0,721.0,721.0,12.016666666666667,False,621078.0,10351.3
18206,2022-08-11 17:29:47,1660238987.0,590.0,590.0,9.833333333333334,False,621668.0,10361.133333333333
18207,2022-08-11 17:41:33,1660239693.0,706.0,706.0,11.766666666666667,False,622374.0,10372.9
18208,2022-08-11 17:58:30,1660240710.0,1017.0,1017.0,16.95,False,623391.0,10389.85
18209,2022-08-11 18:12:39,1660241559.0,849.0,849.0,14.15,False,624240.0,10404.0
18210,2022-08-11 18:27:40,1660242460.0,901.0,901.0,15.016666666666667,False,625141.0,10419.016666666666
18211,2022-08-11 18:40:53,1660243253.0,793.0,793.0,13.216666666666667,False,625934.0,10432.233333333334
18212,2022-08-11 18:57:33,1660244253.0,1000.0,1000.0,16.666666666666668,False,626934.0,10448.9
18213,2022-08-11 19:10:13,1660245013.0,760.0,760.0,12.666666666666666,False,627694.0,10461.566666666668
18214,2022-08-11 19:23:51,1660245831.0,818.0,818.0,13.633333333333333,False,628512.0,10475.2
18215,2022-08-12 12:49:08,1660308548.0,62717.0,62717.0,1045.2833333333333,False,691229.0,11520.483333333334
18216,2022-08-12 12:57:40,1660309060.0,512.0,63229.0,1053.8166666666666,False,691741.0,11529.016666666666
18217,2022-08-12 13:26:28,1660310788.0,1728.0,64957.0,1082.6166666666666,True,693469.0,11557.816666666668
18218,2022-08-12 13:40:29,1660311629.0,841.0,841.0,14.016666666666667,False,694310.0,11571.833333333334
18219,2022-08-12 13:54:08,1660312448.0,819.0,819.0,13.65,False,695129.0,11585.483333333334
18220,2022-08-12 14:10:38,1660313438.0,990.0,990.0,16.5,False,696119.0,11601.983333333334
18221,2022-08-12 14:26:35,1660314395.0,957.0,957.0,15.95,False,697076.0,11617.933333333332
18222,2022-08-12 14:46:22,1660315582.0,1187.0,1187.0,19.783333333333335,False,698263.0,11637.716666666667
18223,2022-08-15 07:59:48,1660550388.0,234806.0,234806.0,3913.4333333333334,False,933069.0,15551.15
18224,2022-08-15 11:08:25,1660561705.0,11317.0,246123.0,4102.05,False,944386.0,15739.766666666666
18225,2022-08-15 11:41:02,1660563662.0,1957.0,248080.0,4134.666666666667,False,946343.0,15772.383333333333
18226,2022-08-16 13:15:11,1660655711.0,92049.0,340129.0,5668.816666666667,False,1038392.0,17306.533333333333
18227,2022-08-16 13:20:26,1660656026.0,315.0,340444.0,5674.066666666667,False,1038707.0,17311.783333333333
18228,2022-08-16 13:28:45,1660656525.0,499.0,340943.0,5682.383333333333,False,1039206.0,17320.1
18229,2022-08-16 13:38:44,1660657124.0,599.0,341542.0,5692.366666666667,False,1039805.0,17330.083333333332
18230,2022-08-16 13:45:23,1660657523.0,399.0,341941.0,5699.016666666666,False,1040204.0,17336.733333333334
18231,2022-08-16 14:38:31,1660660711.0,3188.0,345129.0,5752.15,False,1043392.0,17389.866666666665
18232,2022-08-16 15:04:32,1660662272.0,1561.0,346690.0,5778.166666666667,True,1044953.0,17415.883333333335
18233,2022-08-16 15:31:15,1660663875.0,1603.0,1603.0,26.716666666666665,False,1046556.0,17442.6
18234,2022-08-16 15:42:00,1660664520.0,645.0,2248.0,37.46666666666667,False,1047201.0,17453.35
18235,2022-08-16 15:57:28,1660665448.0,928.0,928.0,15.466666666666667,False,1048129.0,17468.816666666666
18236,2022-08-16 16:14:03,1660666443.0,995.0,995.0,16.583333333333332,False,1049124.0,17485.4
18237,2022-08-16 16:27:32,1660667252.0,809.0,809.0,13.483333333333333,False,1049933.0,17498.883333333335
18238,2022-08-16 16:47:37,1660668457.0,1205.0,1205.0,20.083333333333332,False,1051138.0,17518.966666666667
18239,2022-08-16 17:04:34,1660669474.0,1017.0,1017.0,16.95,False,1052155.0,17535.916666666668
18240,2022-08-16 17:21:44,1660670504.0,1030.0,1030.0,17.166666666666668,False,1053185.0,17553.083333333332
18241,2022-08-16 17:40:50,1660671650.0,1146.0,1146.0,19.1,False,1054331.0,17572.183333333334
18242,2022-08-16 18:01:03,1660672863.0,1213.0,1213.0,20.216666666666665,False,1055544.0,17592.4
18243,2022-08-16 18:16:26,1660673786.0,923.0,923.0,15.383333333333333,False,1056467.0,17607.783333333333
18244,2022-08-16 18:30:36,1660674636.0,850.0,850.0,14.166666666666666,False,1057317.0,17621.95
18245,2022-08-16 18:45:21,1660675521.0,885.0,885.0,14.75,False,1058202.0,17636.7
18246,2022-08-17 11:02:38,1660734158.0,58637.0,58637.0,977.2833333333333,False,1116839.0,18613.983333333334
18247,2022-08-17 11:14:24,1660734864.0,706.0,59343.0,989.05,False,1117545.0,18625.75
18248,2022-08-17 11:17:27,1660735047.0,183.0,59526.0,992.1,False,1117728.0,18628.8
18249,2022-08-17 11:20:35,1660735235.0,188.0,59714.0,995.2333333333333,False,1117916.0,18631.933333333334
18250,2022-08-17 11:44:47,1660736687.0,1452.0,61166.0,1019.4333333333333,False,1119368.0,18656.133333333335
18251,2022-08-17 11:55:21,1660737321.0,634.0,61800.0,1030.0,False,1120002.0,18666.7
18252,2022-08-17 12:04:24,1660737864.0,543.0,62343.0,1039.05,False,1120545.0,18675.75
18253,2022-08-17 12:12:06,1660738326.0,462.0,62805.0,1046.75,False,1121007.0,18683.45
18254,2022-08-17 12:17:33,1660738653.0,327.0,63132.0,1052.2,False,1121334.0,18688.9
18255,2022-08-17 12:35:14,1660739714.0,1061.0,64193.0,1069.8833333333334,True,1122395.0,18706.583333333332
18256,2022-08-17 12:54:59,1660740899.0,1185.0,1185.0,19.75,False,1123580.0,18726.333333333332
18257,2022-08-17 13:57:38,1660744658.0,3759.0,3759.0,62.65,False,1127339.0,18788.983333333334
18258,2022-08-17 14:13:29,1660745609.0,951.0,951.0,15.85,False,1128290.0,18804.833333333332
18259,2022-08-17 14:31:00,1660746660.0,1051.0,1051.0,17.516666666666666,False,1129341.0,18822.35
18260,2022-08-17 14:44:35,1660747475.0,815.0,815.0,13.583333333333334,False,1130156.0,18835.933333333334
18261,2022-08-17 15:38:23,1660750703.0,3228.0,3228.0,53.8,False,1133384.0,18889.733333333334
18262,2022-08-17 15:54:27,1660751667.0,964.0,964.0,16.066666666666666,False,1134348.0,18905.8
18263,2022-08-17 16:08:13,1660752493.0,826.0,826.0,13.766666666666667,False,1135174.0,18919.566666666666
18264,2022-08-17 16:20:35,1660753235.0,742.0,742.0,12.366666666666667,False,1135916.0,18931.933333333334
18265,2022-08-17 16:30:28,1660753828.0,593.0,593.0,9.883333333333333,False,1136509.0,18941.816666666666
18266,2022-08-17 16:41:59,1660754519.0,691.0,691.0,11.516666666666667,False,1137200.0,18953.333333333332
18267,2022-08-18 12:12:53,1660824773.0,70254.0,70254.0,1170.9,False,1207454.0,20124.233333333334
18268,2022-08-18 12:26:52,1660825612.0,839.0,71093.0,1184.8833333333334,False,1208293.0,20138.216666666667
18269,2022-08-18 12:55:11,1660827311.0,1699.0,72792.0,1213.2,True,1209992.0,20166.533333333333
18270,2022-08-18 13:07:59,1660828079.0,768.0,768.0,12.8,False,1210760.0,20179.333333333332
18271,2022-08-18 13:23:29,1660829009.0,930.0,930.0,15.5,False,1211690.0,20194.833333333332
18272,2022-08-18 14:22:41,1660832561.0,3552.0,3552.0,59.2,False,1215242.0,20254.033333333333
18273,2022-08-18 14:32:20,1660833140.0,579.0,579.0,9.65,False,1215821.0,20263.683333333334
18274,2022-08-18 14:40:27,1660833627.0,487.0,1066.0,17.766666666666666,False,1216308.0,20271.8
18275,2022-08-18 14:53:01,1660834381.0,754.0,754.0,12.566666666666666,False,1217062.0,20284.366666666665
18276,2022-08-18 15:06:04,1660835164.0,783.0,783.0,13.05,False,1217845.0,20297.416666666668
18277,2022-08-18 15:18:33,1660835913.0,749.0,749.0,12.483333333333333,False,1218594.0,20309.9
18278,2022-08-18 15:50:19,1660837819.0,1906.0,1906.0,31.766666666666666,False,1220500.0,20341.666666666668
18279,2022-08-18 16:00:58,1660838458.0,639.0,639.0,10.65,False,1221139.0,20352.316666666666
18280,2022-08-18 16:11:07,1660839067.0,609.0,609.0,10.15,False,1221748.0,20362.466666666667
18281,2022-08-18 16:42:29,1660840949.0,1882.0,1882.0,31.366666666666667,False,1223630.0,20393.833333333332
18282,2022-08-18 16:52:30,1660841550.0,601.0,601.0,10.016666666666667,False,1224231.0,20403.85
18283,2022-08-18 17:04:25,1660842265.0,715.0,715.0,11.916666666666666,False,1224946.0,20415.766666666666
18284,2022-08-18 17:43:12,1660844592.0,2327.0,2327.0,38.78333333333333,False,1227273.0,20454.55
18285,2022-08-18 17:59:02,1660845542.0,950.0,3277.0,54.61666666666667,False,1228223.0,20470.383333333335
18286,2022-08-22 15:40:49,1661182849.0,337307.0,340584.0,5676.4,False,1565530.0,26092.166666666668
18287,2022-08-22 15:46:14,1661183174.0,325.0,340909.0,5681.816666666667,False,1565855.0,26097.583333333332
18288,2022-08-22 16:28:46,1661185726.0,2552.0,343461.0,5724.35,True,1568407.0,26140.116666666665
18289,2022-08-22 16:38:09,1661186289.0,563.0,563.0,9.383333333333333,False,1568970.0,26149.5
18290,2022-08-22 16:50:13,1661187013.0,724.0,724.0,12.066666666666666,False,1569694.0,26161.566666666666
18291,2022-08-22 17:04:36,1661187876.0,863.0,863.0,14.383333333333333,False,1570557.0,26175.95
18292,2022-08-22 17:26:22,1661189182.0,1306.0,1306.0,21.766666666666666,False,1571863.0,26197.716666666667
18293,2022-08-22 17:57:28,1661191048.0,1866.0,1866.0,31.1,False,1573729.0,26228.816666666666
18294,2022-08-22 18:14:13,1661192053.0,1005.0,1005.0,16.75,False,1574734.0,26245.566666666666
18295,2022-08-23 13:29:04,1661261344.0,69291.0,69291.0,1154.85,False,1644025.0,27400.416666666668
18296,2022-08-23 13:34:27,1661261667.0,323.0,69614.0,1160.2333333333333,False,1644348.0,27405.8
18297,2022-08-23 13:54:28,1661262868.0,1201.0,70815.0,1180.25,False,1645549.0,27425.816666666666
18298,2022-08-23 14:42:49,1661265769.0,2901.0,73716.0,1228.6,False,1648450.0,27474.166666666668
18299,2022-08-23 16:27:06,1661272026.0,6257.0,79973.0,1332.8833333333334,True,1654707.0,27578.45
18300,2022-08-23 16:34:39,1661272479.0,453.0,453.0,7.55,False,1655160.0,27586.0
18301,2022-08-23 16:44:37,1661273077.0,598.0,598.0,9.966666666666667,False,1655758.0,27595.966666666667
18302,2022-08-23 16:52:38,1661273558.0,481.0,481.0,8.016666666666667,False,1656239.0,27603.983333333334
18303,2022-08-23 17:08:57,1661274537.0,979.0,979.0,16.316666666666666,False,1657218.0,27620.3
18304,2022-08-23 17:22:36,1661275356.0,819.0,819.0,13.65,False,1658037.0,27633.95
18305,2022-08-23 17:45:00,1661276700.0,1344.0,1344.0,22.4,False,1659381.0,27656.35
18306,2022-08-23 18:08:53,1661278133.0,1433.0,1433.0,23.883333333333333,False,1660814.0,27680.233333333334
18307,2022-08-23 18:21:54,1661278914.0,781.0,781.0,13.016666666666667,False,1661595.0,27693.25
18308,2022-08-25 15:52:27,1661442747.0,163833.0,163833.0,2730.55,False,1825428.0,30423.8
18309,2022-08-25 15:57:25,1661443045.0,298.0,164131.0,2735.516666666667,False,1825726.0,30428.766666666666
18310,2022-08-25 16:06:02,1661443562.0,517.0,164648.0,2744.133333333333,False,1826243.0,30437.383333333335
18311,2022-08-25 16:16:34,1661444194.0,632.0,165280.0,2754.6666666666665,True,1826875.0,30447.916666666668
18312,2022-08-25 16:30:17,1661445017.0,823.0,823.0,13.716666666666667,False,1827698.0,30461.633333333335
18313,2022-08-25 16:54:35,1661446475.0,1458.0,1458.0,24.3,False,1829156.0,30485.933333333334
18314,2022-08-25 17:05:43,1661447143.0,668.0,668.0,11.133333333333333,False,1829824.0,30497.066666666666
18315,2022-08-25 17:16:19,1661447779.0,636.0,636.0,10.6,False,1830460.0,30507.666666666668
18316,2022-08-25 17:26:42,1661448402.0,623.0,623.0,10.383333333333333,False,1831083.0,30518.05
18317,2022-08-25 17:36:25,1661448985.0,583.0,583.0,9.716666666666667,False,1831666.0,30527.766666666666
18318,2022-08-26 11:23:20,1661513000.0,64015.0,64015.0,1066.9166666666667,False,1895681.0,31594.683333333334
18319,2022-08-26 11:30:04,1661513404.0,404.0,64419.0,1073.65,False,1896085.0,31601.416666666668
18320,2022-08-26 11:33:48,1661513628.0,224.0,64643.0,1077.3833333333334,False,1896309.0,31605.15
18321,2022-08-26 11:42:58,1661514178.0,550.0,65193.0,1086.55,False,1896859.0,31614.316666666666
18322,2022-08-26 11:47:51,1661514471.0,293.0,65486.0,1091.4333333333334,False,1897152.0,31619.2
18323,2022-08-26 11:54:17,1661514857.0,386.0,65872.0,1097.8666666666666,False,1897538.0,31625.633333333335
18324,2022-08-26 11:56:20,1661514980.0,123.0,65995.0,1099.9166666666667,False,1897661.0,31627.683333333334
18325,2022-08-26 11:59:29,1661515169.0,189.0,66184.0,1103.0666666666666,False,1897850.0,31630.833333333332
18326,2022-08-26 12:03:04,1661515384.0,215.0,66399.0,1106.65,False,1898065.0,31634.416666666668
18327,2022-08-26 12:07:28,1661515648.0,264.0,66663.0,1111.05,False,1898329.0,31638.816666666666
18328,2022-08-26 12:10:45,1661515845.0,197.0,66860.0,1114.3333333333333,False,1898526.0,31642.1
18329,2022-08-26 12:13:41,1661516021.0,176.0,67036.0,1117.2666666666667,False,1898702.0,31645.033333333333
18330,2022-08-26 12:16:42,1661516202.0,181.0,67217.0,1120.2833333333333,False,1898883.0,31648.05
18331,2022-08-26 12:19:41,1661516381.0,179.0,67396.0,1123.2666666666667,False,1899062.0,31651.033333333333
18332,2022-08-26 12:22:40,1661516560.0,179.0,67575.0,1126.25,False,1899241.0,31654.016666666666
18333,2022-08-26 12:25:44,1661516744.0,184.0,67759.0,1129.3166666666666,False,1899425.0,31657.083333333332
18334,2022-08-26 13:23:30,1661520210.0,3466.0,71225.0,1187.0833333333333,False,1902891.0,31714.85
18335,2022-08-26 15:18:06,1661527086.0,6876.0,78101.0,1301.6833333333334,False,1909767.0,31829.45
18336,2022-08-26 15:25:29,1661527529.0,443.0,78544.0,1309.0666666666666,False,1910210.0,31836.833333333332
18337,2022-08-26 16:03:02,1661529782.0,2253.0,80797.0,1346.6166666666666,False,1912463.0,31874.383333333335
18338,2022-08-26 16:12:54,1661530374.0,592.0,81389.0,1356.4833333333333,False,1913055.0,31884.25
18339,2022-08-26 16:18:15,1661530695.0,321.0,81710.0,1361.8333333333333,False,1913376.0,31889.6
18340,2022-08-26 16:22:05,1661530925.0,230.0,81940.0,1365.6666666666667,False,1913606.0,31893.433333333334
18341,2022-08-26 16:45:18,1661532318.0,1393.0,83333.0,1388.8833333333334,False,1914999.0,31916.65
18342,2022-08-26 16:49:02,1661532542.0,224.0,83557.0,1392.6166666666666,False,1915223.0,31920.383333333335
18343,2022-08-26 16:53:15,1661532795.0,253.0,83810.0,1396.8333333333333,False,1915476.0,31924.6
18344,2022-08-26 16:57:41,1661533061.0,266.0,84076.0,1401.2666666666667,False,1915742.0,31929.033333333333
18345,2022-08-27 16:07:47,1661616467.0,83406.0,167482.0,2791.366666666667,False,1999148.0,33319.13333333333
18346,2022-08-27 16:12:31,1661616751.0,284.0,167766.0,2796.1,False,1999432.0,33323.86666666667
18347,2022-08-29 09:44:31,1661766271.0,149520.0,317286.0,5288.1,False,2148952.0,35815.86666666667
18348,2022-08-29 10:31:29,1661769089.0,2818.0,320104.0,5335.066666666667,False,2151770.0,35862.833333333336
18349,2022-08-29 10:39:21,1661769561.0,472.0,320576.0,5342.933333333333,False,2152242.0,35870.7
18350,2022-08-29 11:31:46,1661772706.0,3145.0,323721.0,5395.35,False,2155387.0,35923.11666666667
18351,2022-08-29 11:41:52,1661773312.0,606.0,324327.0,5405.45,False,2155993.0,35933.21666666667
18352,2022-08-29 11:49:14,1661773754.0,442.0,324769.0,5412.816666666667,False,2156435.0,35940.583333333336
18353,2022-08-29 12:09:19,1661774959.0,1205.0,325974.0,5432.9,False,2157640.0,35960.666666666664
18354,2022-08-29 12:14:21,1661775261.0,302.0,326276.0,5437.933333333333,False,2157942.0,35965.7
18355,2022-08-29 12:34:21,1661776461.0,1200.0,327476.0,5457.933333333333,False,2159142.0,35985.7
18356,2022-08-29 12:54:10,1661777650.0,1189.0,328665.0,5477.75,False,2160331.0,36005.51666666667
18357,2022-08-29 13:02:17,1661778137.0,487.0,329152.0,5485.866666666667,False,2160818.0,36013.63333333333
18358,2022-08-29 13:31:33,1661779893.0,1756.0,330908.0,5515.133333333333,True,2162574.0,36042.9
18359,2022-08-29 13:42:59,1661780579.0,686.0,686.0,11.433333333333334,False,2163260.0,36054.333333333336
18360,2022-08-29 13:55:28,1661781328.0,749.0,749.0,12.483333333333333,False,2164009.0,36066.816666666666
18361,2022-08-29 14:27:48,1661783268.0,1940.0,1940.0,32.333333333333336,False,2165949.0,36099.15
18362,2022-08-29 14:39:25,1661783965.0,697.0,697.0,11.616666666666667,False,2166646.0,36110.76666666667
18363,2022-08-29 14:49:36,1661784576.0,611.0,611.0,10.183333333333334,False,2167257.0,36120.95
18364,2022-08-29 15:01:08,1661785268.0,692.0,692.0,11.533333333333333,False,2167949.0,36132.48333333333
18365,2022-08-29 15:11:29,1661785889.0,621.0,621.0,10.35,False,2168570.0,36142.833333333336
18366,2022-08-29 15:24:07,1661786647.0,758.0,758.0,12.633333333333333,False,2169328.0,36155.46666666667
18367,2022-08-29 15:35:04,1661787304.0,657.0,657.0,10.95,False,2169985.0,36166.416666666664
18368,2022-08-29 15:55:10,1661788510.0,1206.0,1206.0,20.1,False,2171191.0,36186.51666666667
18369,2022-08-29 16:05:45,1661789145.0,635.0,635.0,10.583333333333334,False,2171826.0,36197.1
18370,2022-08-29 16:26:13,1661790373.0,1228.0,1228.0,20.466666666666665,False,2173054.0,36217.566666666666
18371,2022-08-29 16:36:08,1661790968.0,595.0,595.0,9.916666666666666,False,2173649.0,36227.48333333333
18372,2022-08-29 16:46:15,1661791575.0,607.0,607.0,10.116666666666667,False,2174256.0,36237.6
18373,2022-08-29 16:56:08,1661792168.0,593.0,593.0,9.883333333333333,False,2174849.0,36247.48333333333
18374,2022-08-29 17:04:57,1661792697.0,529.0,529.0,8.816666666666666,False,2175378.0,36256.3
18375,2022-08-31 12:23:47,1661948627.0,155930.0,155930.0,2598.8333333333335,False,0.0,0.0
18376,2022-08-31 12:33:58,1661949238.0,611.0,156541.0,2609.016666666667,False,611.0,10.183333333333334
18377,2022-08-31 12:41:05,1661949665.0,427.0,156968.0,2616.133333333333,False,1038.0,17.3
18378,2022-08-31 12:55:24,1661950524.0,859.0,157827.0,2630.45,True,1897.0,31.616666666666667
18379,2022-08-31 14:24:34,1661955874.0,5350.0,5350.0,89.16666666666667,False,7247.0,120.78333333333333
18380,2022-08-31 14:39:07,1661956747.0,873.0,6223.0,103.71666666666667,False,8120.0,135.33333333333334
18381,2022-08-31 15:37:51,1661960271.0,3524.0,3524.0,58.733333333333334,False,11644.0,194.06666666666666
18382,2022-08-31 15:46:47,1661960807.0,536.0,4060.0,67.66666666666667,False,12180.0,203.0
18383,2022-08-31 16:34:13,1661963653.0,2846.0,2846.0,47.43333333333333,False,15026.0,250.43333333333334
18384,2022-08-31 16:43:27,1661964207.0,554.0,3400.0,56.666666666666664,False,15580.0,259.6666666666667
18385,2022-08-31 17:40:16,1661967616.0,3409.0,3409.0,56.81666666666667,False,18989.0,316.48333333333335
18386,2022-08-31 17:48:51,1661968131.0,515.0,3924.0,65.4,False,19504.0,325.06666666666666
18387,2022-09-01 11:26:47,1662031607.0,63476.0,63476.0,1057.9333333333334,False,82980.0,1383.0
18388,2022-09-01 11:53:44,1662033224.0,1617.0,65093.0,1084.8833333333334,False,84597.0,1409.95
18389,2022-09-01 12:18:47,1662034727.0,1503.0,66596.0,1109.9333333333334,True,86100.0,1435.0
18390,2022-09-01 13:18:16,1662038296.0,3569.0,3569.0,59.483333333333334,False,89669.0,1494.4833333333333
18391,2022-09-01 14:14:04,1662041644.0,3348.0,3348.0,55.8,False,93017.0,1550.2833333333333
18392,2022-09-01 14:35:52,1662042952.0,1308.0,4656.0,77.6,False,94325.0,1572.0833333333333
18393,2022-09-01 15:20:05,1662045605.0,2653.0,2653.0,44.21666666666667,False,96978.0,1616.3
18394,2022-09-01 15:37:56,1662046676.0,1071.0,3724.0,62.06666666666667,False,98049.0,1634.15
18395,2022-09-01 16:25:52,1662049552.0,2876.0,2876.0,47.93333333333333,False,100925.0,1682.0833333333333
18396,2022-09-01 16:38:23,1662050303.0,751.0,3627.0,60.45,False,101676.0,1694.6
18397,2022-09-01 17:27:26,1662053246.0,2943.0,2943.0,49.05,False,104619.0,1743.65
18398,2022-09-01 17:39:59,1662053999.0,753.0,3696.0,61.6,False,105372.0,1756.2
18399,2022-09-02 11:33:45,1662118425.0,64426.0,64426.0,1073.7666666666667,False,169798.0,2829.9666666666667
18400,2022-09-02 11:41:33,1662118893.0,468.0,64894.0,1081.5666666666666,False,170266.0,2837.766666666667
18401,2022-09-02 11:48:05,1662119285.0,392.0,65286.0,1088.1,False,170658.0,2844.3
18402,2022-09-02 11:58:58,1662119938.0,653.0,65939.0,1098.9833333333333,False,171311.0,2855.1833333333334
18403,2022-09-02 12:11:43,1662120703.0,765.0,66704.0,1111.7333333333333,True,172076.0,2867.9333333333334
18404,2022-09-02 12:59:39,1662123579.0,2876.0,2876.0,47.93333333333333,False,174952.0,2915.866666666667
18405,2022-09-02 13:12:21,1662124341.0,762.0,3638.0,60.63333333333333,False,175714.0,2928.5666666666666
18406,2022-09-02 13:58:30,1662127110.0,2769.0,2769.0,46.15,False,178483.0,2974.7166666666667
18407,2022-09-02 14:14:30,1662128070.0,960.0,3729.0,62.15,False,179443.0,2990.7166666666667
18408,2022-09-02 14:59:41,1662130781.0,2711.0,2711.0,45.18333333333333,False,182154.0,3035.9
18409,2022-09-02 15:13:01,1662131581.0,800.0,3511.0,58.516666666666666,False,182954.0,3049.233333333333
18410,2022-09-02 16:05:18,1662134718.0,3137.0,3137.0,52.28333333333333,False,186091.0,3101.516666666667
18411,2022-09-02 16:14:36,1662135276.0,558.0,3695.0,61.583333333333336,False,186649.0,3110.8166666666666
18412,2022-09-02 17:01:44,1662138104.0,2828.0,2828.0,47.13333333333333,False,189477.0,3157.95
18413,2022-09-02 17:13:26,1662138806.0,702.0,3530.0,58.833333333333336,False,190179.0,3169.65
18414,2022-09-08 10:03:37,1662631417.0,492611.0,492611.0,8210.183333333332,False,0.0,0.0
18415,2022-09-08 10:17:04,1662632224.0,807.0,493418.0,8223.633333333333,False,807.0,13.45
18416,2022-09-08 10:23:55,1662632635.0,411.0,493829.0,8230.483333333334,False,1218.0,20.3
18417,2022-09-08 10:37:31,1662633451.0,816.0,494645.0,8244.083333333334,False,2034.0,33.9
18418,2022-09-08 10:56:18,1662634578.0,1127.0,495772.0,8262.866666666667,False,3161.0,52.68333333333333
18419,2022-09-08 11:40:03,1662637203.0,2625.0,498397.0,8306.616666666667,False,5786.0,96.43333333333334
18420,2022-09-08 12:50:35,1662641435.0,4232.0,502629.0,8377.15,False,10018.0,166.96666666666667
18421,2022-09-08 12:56:33,1662641793.0,358.0,502987.0,8383.116666666667,False,10376.0,172.93333333333334
18422,2022-09-08 13:06:20,1662642380.0,587.0,503574.0,8392.9,False,10963.0,182.71666666666667
18423,2022-09-08 14:23:07,1662646987.0,4607.0,508181.0,8469.683333333332,False,15570.0,259.5
18424,2022-09-08 14:46:10,1662648370.0,1383.0,509564.0,8492.733333333334,False,16953.0,282.55
18425,2022-09-08 14:54:47,1662648887.0,517.0,510081.0,8501.35,True,17470.0,291.1666666666667
18426,2022-09-08 15:10:48,1662649848.0,961.0,961.0,16.016666666666666,False,18431.0,307.18333333333334
18427,2022-09-08 16:07:53,1662653273.0,3425.0,4386.0,73.1,False,21856.0,364.26666666666665
18428,2022-09-08 16:16:32,1662653792.0,519.0,4905.0,81.75,False,22375.0,372.9166666666667
18429,2022-09-08 16:55:29,1662656129.0,2337.0,2337.0,38.95,False,24712.0,411.8666666666667
18430,2022-09-08 17:00:44,1662656444.0,315.0,2652.0,44.2,False,25027.0,417.1166666666667
18431,2022-09-08 17:28:31,1662658111.0,1667.0,4319.0,71.98333333333333,False,26694.0,444.9
18432,2022-09-08 18:19:02,1662661142.0,3031.0,3031.0,50.516666666666666,False,29725.0,495.4166666666667
18433,2022-09-08 18:41:36,1662662496.0,1354.0,4385.0,73.08333333333333,False,31079.0,517.9833333333333
18434,2022-09-09 11:08:19,1662721699.0,59203.0,59203.0,986.7166666666667,False,90282.0,1504.7
18435,2022-09-09 11:56:16,1662724576.0,2877.0,62080.0,1034.6666666666667,False,93159.0,1552.65
18436,2022-09-09 12:16:07,1662725767.0,1191.0,63271.0,1054.5166666666667,False,94350.0,1572.5
18437,2022-09-09 12:23:42,1662726222.0,455.0,63726.0,1062.1,False,94805.0,1580.0833333333333
18438,2022-09-09 12:36:48,1662727008.0,786.0,64512.0,1075.2,False,95591.0,1593.1833333333334
18439,2022-09-09 13:52:20,1662731540.0,4532.0,69044.0,1150.7333333333333,False,100123.0,1668.7166666666667
18440,2022-09-09 14:13:27,1662732807.0,1267.0,70311.0,1171.85,False,101390.0,1689.8333333333333
18441,2022-09-09 14:21:08,1662733268.0,461.0,70772.0,1179.5333333333333,False,101851.0,1697.5166666666667
18442,2022-09-09 14:33:56,1662734036.0,768.0,71540.0,1192.3333333333333,False,102619.0,1710.3166666666666
18443,2022-09-09 14:42:04,1662734524.0,488.0,72028.0,1200.4666666666667,True,103107.0,1718.45
18444,2022-09-09 15:20:17,1662736817.0,2293.0,2293.0,38.21666666666667,False,105400.0,1756.6666666666667
18445,2022-09-09 15:47:29,1662738449.0,1632.0,3925.0,65.41666666666667,False,107032.0,1783.8666666666666
18446,2022-09-09 16:36:48,1662741408.0,2959.0,2959.0,49.31666666666667,False,109991.0,1833.1833333333334
18447,2022-09-09 16:52:00,1662742320.0,912.0,3871.0,64.51666666666667,False,110903.0,1848.3833333333334
18448,2022-09-09 17:47:42,1662745662.0,3342.0,3342.0,55.7,False,114245.0,1904.0833333333333
18449,2022-09-09 18:06:24,1662746784.0,1122.0,4464.0,74.4,False,115367.0,1922.7833333333333
18450,2022-09-09 18:46:47,1662749207.0,2423.0,2423.0,40.38333333333333,False,117790.0,1963.1666666666667
18451,2022-09-09 19:05:36,1662750336.0,1129.0,3552.0,59.2,False,118919.0,1981.9833333333333
18452,2022-09-09 19:28:38,1662751718.0,1382.0,1382.0,23.033333333333335,False,120301.0,2005.0166666666667
18453,2022-09-12 12:35:22,1662986122.0,234404.0,234404.0,3906.733333333333,False,354705.0,5911.75
18454,2022-09-12 12:44:30,1662986670.0,548.0,234952.0,3915.866666666667,False,355253.0,5920.883333333333
18455,2022-09-12 13:16:52,1662988612.0,1942.0,236894.0,3948.233333333333,False,357195.0,5953.25
18456,2022-09-12 13:32:40,1662989560.0,948.0,237842.0,3964.0333333333333,True,358143.0,5969.05
18457,2022-09-12 14:27:12,1662992832.0,3272.0,3272.0,54.53333333333333,False,361415.0,6023.583333333333
18458,2022-09-12 14:36:13,1662993373.0,541.0,3813.0,63.55,False,361956.0,6032.6
18459,2022-09-12 14:47:51,1662994071.0,698.0,4511.0,75.18333333333334,False,362654.0,6044.233333333334
18460,2022-09-12 15:28:34,1662996514.0,2443.0,2443.0,40.71666666666667,False,365097.0,6084.95
18461,2022-09-12 15:54:15,1662998055.0,1541.0,3984.0,66.4,False,366638.0,6110.633333333333
18462,2022-09-12 16:37:33,1663000653.0,2598.0,2598.0,43.3,False,369236.0,6153.933333333333
18463,2022-09-12 17:04:35,1663002275.0,1622.0,4220.0,70.33333333333333,False,370858.0,6180.966666666666
18464,2022-09-12 17:13:53,1663002833.0,558.0,4778.0,79.63333333333334,False,371416.0,6190.266666666666
18465,2022-09-12 17:55:08,1663005308.0,2475.0,2475.0,41.25,False,373891.0,6231.516666666666
18466,2022-09-12 18:13:00,1663006380.0,1072.0,3547.0,59.11666666666667,False,374963.0,6249.383333333333
18467,2022-09-12 18:55:04,1663008904.0,2524.0,2524.0,42.06666666666667,False,377487.0,6291.45
18468,2022-09-12 19:15:10,1663010110.0,1206.0,3730.0,62.166666666666664,False,378693.0,6311.55
18469,2022-09-12 20:11:19,1663013479.0,3369.0,3369.0,56.15,False,382062.0,6367.7
18470,2022-09-12 20:21:23,1663014083.0,604.0,3973.0,66.21666666666667,False,382666.0,6377.766666666666
18471,2022-09-13 10:59:07,1663066747.0,52664.0,52664.0,877.7333333333333,False,435330.0,7255.5
18472,2022-09-13 11:02:55,1663066975.0,228.0,52892.0,881.5333333333333,False,435558.0,7259.3
18473,2022-09-13 11:06:36,1663067196.0,221.0,53113.0,885.2166666666667,False,435779.0,7262.983333333334
18474,2022-09-13 11:10:19,1663067419.0,223.0,53336.0,888.9333333333333,False,436002.0,7266.7
18475,2022-09-13 11:14:35,1663067675.0,256.0,53592.0,893.2,False,436258.0,7270.966666666666
18476,2022-09-13 12:43:27,1663073007.0,5332.0,58924.0,982.0666666666667,False,441590.0,7359.833333333333
18477,2022-09-13 12:50:22,1663073422.0,415.0,59339.0,988.9833333333333,False,442005.0,7366.75
18478,2022-09-13 13:27:37,1663075657.0,2235.0,61574.0,1026.2333333333333,True,444240.0,7404.0
18479,2022-09-13 14:03:49,1663077829.0,2172.0,2172.0,36.2,False,446412.0,7440.2
18480,2022-09-13 15:02:32,1663081352.0,3523.0,3523.0,58.71666666666667,False,449935.0,7498.916666666667
18481,2022-09-13 15:43:38,1663083818.0,2466.0,2466.0,41.1,False,452401.0,7540.016666666666
18482,2022-09-13 16:01:16,1663084876.0,1058.0,1058.0,17.633333333333333,False,453459.0,7557.65
18483,2022-09-13 16:15:13,1663085713.0,837.0,1895.0,31.583333333333332,False,454296.0,7571.6
18484,2022-09-13 17:08:42,1663088922.0,3209.0,3209.0,53.483333333333334,False,457505.0,7625.083333333333
18485,2022-09-13 18:10:54,1663092654.0,3732.0,6941.0,115.68333333333334,False,461237.0,7687.283333333334
18486,2022-09-15 11:04:49,1663239889.0,147235.0,154176.0,2569.6,False,0.0,0.0
18487,2022-09-15 11:54:34,1663242874.0,2985.0,157161.0,2619.35,False,2985.0,49.75
18488,2022-09-15 12:00:57,1663243257.0,383.0,157544.0,2625.733333333333,False,3368.0,56.13333333333333
18489,2022-09-15 12:14:27,1663244067.0,810.0,158354.0,2639.233333333333,False,4178.0,69.63333333333334
18490,2022-09-15 12:24:14,1663244654.0,587.0,158941.0,2649.016666666667,False,4765.0,79.41666666666667
18491,2022-09-15 13:32:20,1663248740.0,4086.0,163027.0,2717.116666666667,False,8851.0,147.51666666666668
18492,2022-09-15 13:41:36,1663249296.0,556.0,163583.0,2726.383333333333,True,9407.0,156.78333333333333
18493,2022-09-15 14:34:03,1663252443.0,3147.0,3147.0,52.45,False,12554.0,209.23333333333332
18494,2022-09-15 14:49:21,1663253361.0,918.0,4065.0,67.75,False,13472.0,224.53333333333333
18495,2022-09-15 15:21:49,1663255309.0,1948.0,1948.0,32.46666666666667,False,15420.0,257.0
18496,2022-09-15 15:50:25,1663257025.0,1716.0,3664.0,61.06666666666667,False,17136.0,285.6
18497,2022-09-15 15:59:36,1663257576.0,551.0,4215.0,70.25,False,17687.0,294.78333333333336
18498,2022-09-15 16:34:34,1663259674.0,2098.0,2098.0,34.96666666666667,False,19785.0,329.75
18499,2022-09-15 16:43:58,1663260238.0,564.0,2662.0,44.36666666666667,False,20349.0,339.15
18500,2022-09-15 17:02:20,1663261340.0,1102.0,3764.0,62.733333333333334,False,21451.0,357.51666666666665
18501,2022-09-15 17:37:10,1663263430.0,2090.0,2090.0,34.833333333333336,False,23541.0,392.35
18502,2022-09-15 17:51:34,1663264294.0,864.0,2954.0,49.233333333333334,False,24405.0,406.75
18503,2022-09-15 17:59:30,1663264770.0,476.0,3430.0,57.166666666666664,False,24881.0,414.68333333333334
18504,2022-09-16 13:03:42,1663333422.0,68652.0,68652.0,1144.2,False,93533.0,1558.8833333333334
18505,2022-09-16 14:02:08,1663336928.0,3506.0,72158.0,1202.6333333333334,False,97039.0,1617.3166666666666
18506,2022-09-16 14:55:49,1663340149.0,3221.0,75379.0,1256.3166666666666,False,100260.0,1671.0
18507,2022-09-16 15:06:27,1663340787.0,638.0,76017.0,1266.95,True,100898.0,1681.6333333333334
18508,2022-09-16 16:07:49,1663344469.0,3682.0,3682.0,61.36666666666667,False,104580.0,1743.0
18509,2022-09-16 17:14:01,1663348441.0,3972.0,3972.0,66.2,False,108552.0,1809.2
18510,2022-09-16 17:26:28,1663349188.0,747.0,4719.0,78.65,False,109299.0,1821.65
18511,2022-09-16 18:01:26,1663351286.0,2098.0,2098.0,34.96666666666667,False,111397.0,1856.6166666666666
18512,2022-09-16 18:20:36,1663352436.0,1150.0,3248.0,54.13333333333333,False,112547.0,1875.7833333333333
18513,2022-09-19 15:57:30,1663603050.0,250614.0,250614.0,4176.9,False,363161.0,6052.683333333333
18514,2022-09-19 17:20:04,1663608004.0,4954.0,255568.0,4259.466666666666,False,368115.0,6135.25
18515,2022-09-19 17:23:25,1663608205.0,201.0,255769.0,4262.816666666667,False,368316.0,6138.6
18516,2022-09-19 17:58:13,1663610293.0,2088.0,257857.0,4297.616666666667,False,370404.0,6173.4
18517,2022-09-21 10:07:09,1663754829.0,144536.0,402393.0,6706.55,False,0.0,0.0
18518,2022-09-21 10:53:16,1663757596.0,2767.0,405160.0,6752.666666666667,False,2767.0,46.11666666666667
18519,2022-09-21 11:05:52,1663758352.0,756.0,405916.0,6765.266666666666,False,3523.0,58.71666666666667
18520,2022-09-21 11:24:10,1663759450.0,1098.0,407014.0,6783.566666666667,False,4621.0,77.01666666666667
18521,2022-09-21 12:12:08,1663762328.0,2878.0,409892.0,6831.533333333334,False,7499.0,124.98333333333333
18522,2022-09-21 12:17:45,1663762665.0,337.0,410229.0,6837.15,False,7836.0,130.6
18523,2022-09-21 12:43:33,1663764213.0,1548.0,411777.0,6862.95,True,9384.0,156.4
18524,2022-09-21 14:32:36,1663770756.0,6543.0,6543.0,109.05,False,15927.0,265.45
18525,2022-09-21 15:25:59,1663773959.0,3203.0,9746.0,162.43333333333334,False,19130.0,318.8333333333333
18526,2022-09-21 15:34:42,1663774482.0,523.0,10269.0,171.15,False,19653.0,327.55
18527,2022-09-21 15:46:45,1663775205.0,723.0,10992.0,183.2,False,20376.0,339.6
18528,2022-09-21 16:15:15,1663776915.0,1710.0,12702.0,211.7,False,22086.0,368.1
18529,2022-09-21 16:50:08,1663779008.0,2093.0,14795.0,246.58333333333334,False,24179.0,402.98333333333335
18530,2022-09-21 17:18:11,1663780691.0,1683.0,16478.0,274.6333333333333,False,25862.0,431.03333333333336
18531,2022-09-21 17:34:31,1663781671.0,980.0,17458.0,290.96666666666664,False,26842.0,447.3666666666667
18532,2022-09-21 18:34:12,1663785252.0,3581.0,3581.0,59.68333333333333,False,30423.0,507.05
18533,2022-09-23 11:51:13,1663933873.0,148621.0,148621.0,2477.016666666667,False,179044.0,2984.0666666666666
18534,2022-09-23 11:58:54,1663934334.0,461.0,149082.0,2484.7,False,179505.0,2991.75
18535,2022-09-23 12:18:41,1663935521.0,1187.0,150269.0,2504.483333333333,True,180692.0,3011.5333333333333
18536,2022-09-23 13:41:18,1663940478.0,4957.0,4957.0,82.61666666666666,False,185649.0,3094.15
18537,2022-09-23 14:46:58,1663944418.0,3940.0,3940.0,65.66666666666667,False,189589.0,3159.8166666666666
18538,2022-09-23 16:01:07,1663948867.0,4449.0,4449.0,74.15,False,194038.0,3233.9666666666667
18539,2022-09-23 17:08:40,1663952920.0,4053.0,4053.0,67.55,False,198091.0,3301.516666666667
18540,2022-09-23 18:08:38,1663956518.0,3598.0,3598.0,59.96666666666667,False,201689.0,3361.483333333333
18541,2022-09-26 13:17:42,1664198262.0,241744.0,241744.0,4029.0666666666666,False,443433.0,7390.55
18542,2022-09-26 13:57:55,1664200675.0,2413.0,244157.0,4069.2833333333333,False,445846.0,7430.766666666666
18543,2022-09-26 14:03:35,1664201015.0,340.0,244497.0,4074.95,False,446186.0,7436.433333333333
18544,2022-09-26 14:08:03,1664201283.0,268.0,244765.0,4079.4166666666665,False,446454.0,7440.9
18545,2022-09-26 16:06:50,1664208410.0,7127.0,251892.0,4198.2,False,453581.0,7559.683333333333
18546,2022-09-26 16:23:14,1664209394.0,984.0,252876.0,4214.6,False,454565.0,7576.083333333333
18547,2022-09-26 16:38:08,1664210288.0,894.0,253770.0,4229.5,True,455459.0,7590.983333333334
18548,2022-09-26 17:39:48,1664213988.0,3700.0,3700.0,61.666666666666664,False,459159.0,7652.65
18549,2022-09-26 18:45:26,1664217926.0,3938.0,3938.0,65.63333333333334,False,463097.0,7718.283333333334
18550,2022-09-27 11:49:04,1664279344.0,61418.0,61418.0,1023.6333333333333,False,524515.0,8741.916666666666
18551,2022-09-27 12:30:54,1664281854.0,2510.0,63928.0,1065.4666666666667,False,527025.0,8783.75
18552,2022-09-27 13:04:05,1664283845.0,1991.0,65919.0,1098.65,True,529016.0,8816.933333333332
18553,2022-09-27 14:05:29,1664287529.0,3684.0,3684.0,61.4,False,532700.0,8878.333333333334
18554,2022-09-27 15:10:41,1664291441.0,3912.0,3912.0,65.2,False,536612.0,8943.533333333333
18555,2022-09-27 16:30:56,1664296256.0,4815.0,4815.0,80.25,False,541427.0,9023.783333333333
18556,2022-09-27 17:33:20,1664300000.0,3744.0,3744.0,62.4,False,545171.0,9086.183333333332
18557,2022-09-27 18:41:09,1664304069.0,4069.0,4069.0,67.81666666666666,False,549240.0,9154.0
18558,2022-09-27 19:01:10,1664305270.0,1201.0,1201.0,20.016666666666666,False,550441.0,9174.016666666666
18559,2022-09-27 19:09:58,1664305798.0,528.0,1729.0,28.816666666666666,False,550969.0,9182.816666666668
18560,2022-09-27 19:18:24,1664306304.0,506.0,506.0,8.433333333333334,False,551475.0,9191.25
18561,2022-09-27 19:32:09,1664307129.0,825.0,825.0,13.75,False,552300.0,9205.0
18562,2022-09-28 14:43:18,1664376198.0,69069.0,69069.0,1151.15,False,621369.0,10356.15
18563,2022-09-28 14:49:25,1664376565.0,367.0,69436.0,1157.2666666666667,False,621736.0,10362.266666666666
18564,2022-09-28 15:08:27,1664377707.0,1142.0,70578.0,1176.3,True,622878.0,10381.3
18565,2022-09-28 15:30:37,1664379037.0,1330.0,1330.0,22.166666666666668,False,624208.0,10403.466666666667
18566,2022-09-28 15:46:21,1664379981.0,944.0,944.0,15.733333333333333,False,625152.0,10419.2
18567,2022-09-28 16:02:33,1664380953.0,972.0,972.0,16.2,False,626124.0,10435.4
18568,2022-09-28 16:23:29,1664382209.0,1256.0,1256.0,20.933333333333334,False,627380.0,10456.333333333334
18569,2022-09-28 16:43:22,1664383402.0,1193.0,2449.0,40.81666666666667,False,628573.0,10476.216666666667
18570,2022-09-28 17:07:57,1664384877.0,1475.0,1475.0,24.583333333333332,False,630048.0,10500.8
18571,2022-09-28 17:15:26,1664385326.0,449.0,1924.0,32.06666666666667,False,630497.0,10508.283333333333
18572,2022-09-28 17:25:00,1664385900.0,574.0,574.0,9.566666666666666,False,631071.0,10517.85
18573,2022-09-28 17:58:32,1664387912.0,2012.0,2012.0,33.53333333333333,False,633083.0,10551.383333333333
18574,2022-09-28 18:05:55,1664388355.0,443.0,2455.0,40.916666666666664,False,633526.0,10558.766666666666
18575,2022-09-28 18:19:46,1664389186.0,831.0,831.0,13.85,False,634357.0,10572.616666666667
18576,2022-09-28 18:35:49,1664390149.0,963.0,963.0,16.05,False,635320.0,10588.666666666666
18577,2022-09-28 18:52:06,1664391126.0,977.0,977.0,16.283333333333335,False,636297.0,10604.95
18578,2022-09-28 19:06:46,1664392006.0,880.0,880.0,14.666666666666666,False,637177.0,10619.616666666667
18579,2022-09-28 19:34:10,1664393650.0,1644.0,1644.0,27.4,False,638821.0,10647.016666666666
18580,2022-09-28 19:50:03,1664394603.0,953.0,953.0,15.883333333333333,False,639774.0,10662.9
18581,2022-09-30 11:56:25,1664538985.0,144382.0,144382.0,2406.366666666667,False,0.0,0.0
18582,2022-09-30 15:18:55,1664551135.0,12150.0,156532.0,2608.866666666667,False,12150.0,202.5
18583,2022-09-30 15:27:27,1664551647.0,512.0,157044.0,2617.4,False,12662.0,211.03333333333333
18584,2022-09-30 15:44:01,1664552641.0,994.0,158038.0,2633.9666666666667,True,13656.0,227.6
18585,2022-09-30 16:46:08,1664556368.0,3727.0,3727.0,62.11666666666667,False,17383.0,289.71666666666664
18586,2022-09-30 17:48:53,1664560133.0,3765.0,3765.0,62.75,False,21148.0,352.46666666666664
18587,2022-10-03 11:55:39,1664798139.0,238006.0,238006.0,3966.766666666667,False,259154.0,4319.233333333334
18588,2022-10-03 12:00:32,1664798432.0,293.0,238299.0,3971.65,False,259447.0,4324.116666666667
18589,2022-10-03 12:06:01,1664798761.0,329.0,238628.0,3977.133333333333,False,259776.0,4329.6
18590,2022-10-03 12:31:58,1664800318.0,1557.0,240185.0,4003.0833333333335,False,261333.0,4355.55
18591,2022-10-03 12:48:26,1664801306.0,988.0,241173.0,4019.55,False,262321.0,4372.016666666666
18592,2022-10-03 13:00:34,1664802034.0,728.0,241901.0,4031.6833333333334,False,263049.0,4384.15
18593,2022-10-03 13:08:55,1664802535.0,501.0,242402.0,4040.0333333333333,False,263550.0,4392.5
18594,2022-10-03 13:28:05,1664803685.0,1150.0,243552.0,4059.2,True,264700.0,4411.666666666667
18595,2022-10-03 14:50:15,1664808615.0,4930.0,4930.0,82.16666666666667,False,269630.0,4493.833333333333
18596,2022-10-03 15:50:31,1664812231.0,3616.0,3616.0,60.266666666666666,False,273246.0,4554.1
18597,2022-10-03 16:45:43,1664815543.0,3312.0,3312.0,55.2,False,276558.0,4609.3
18598,2022-10-03 16:54:47,1664816087.0,544.0,3856.0,64.26666666666667,False,277102.0,4618.366666666667
18599,2022-10-03 17:07:14,1664816834.0,747.0,4603.0,76.71666666666667,False,277849.0,4630.816666666667
18600,2022-10-03 17:16:32,1664817392.0,558.0,5161.0,86.01666666666667,False,278407.0,4640.116666666667
18601,2022-10-03 18:18:55,1664821135.0,3743.0,3743.0,62.38333333333333,False,282150.0,4702.5
18602,2022-10-04 10:55:53,1664880953.0,59818.0,59818.0,996.9666666666667,False,341968.0,5699.466666666666
18603,2022-10-04 11:04:50,1664881490.0,537.0,60355.0,1005.9166666666666,False,342505.0,5708.416666666667
18604,2022-10-04 11:15:17,1664882117.0,627.0,60982.0,1016.3666666666667,True,343132.0,5718.866666666667
18605,2022-10-04 12:24:26,1664886266.0,4149.0,4149.0,69.15,False,347281.0,5788.016666666666
18606,2022-10-04 13:24:01,1664889841.0,3575.0,3575.0,59.583333333333336,False,350856.0,5847.6
18607,2022-10-04 14:20:15,1664893215.0,3374.0,3374.0,56.233333333333334,False,354230.0,5903.833333333333
18608,2022-10-04 15:17:02,1664896622.0,3407.0,3407.0,56.78333333333333,False,357637.0,5960.616666666667
18609,2022-10-04 16:22:58,1664900578.0,3956.0,3956.0,65.93333333333334,False,361593.0,6026.55
18610,2022-10-04 17:23:38,1664904218.0,3640.0,3640.0,60.666666666666664,False,365233.0,6087.216666666666
18611,2022-10-04 18:24:20,1664907860.0,3642.0,3642.0,60.7,False,368875.0,6147.916666666667
18612,2022-10-04 18:38:59,1664908739.0,879.0,879.0,14.65,False,369754.0,6162.566666666667
18613,2022-10-04 18:58:11,1664909891.0,1152.0,1152.0,19.2,False,370906.0,6181.766666666666
18614,2022-10-05 10:16:59,1664965019.0,55128.0,55128.0,918.8,False,426034.0,7100.566666666667
18615,2022-10-05 10:59:31,1664967571.0,2552.0,57680.0,961.3333333333334,False,428586.0,7143.1
18616,2022-10-05 11:35:13,1664969713.0,2142.0,59822.0,997.0333333333333,False,430728.0,7178.8
18617,2022-10-05 13:00:05,1664974805.0,5092.0,64914.0,1081.9,True,435820.0,7263.666666666667
18618,2022-10-05 14:10:18,1664979018.0,4213.0,4213.0,70.21666666666667,False,440033.0,7333.883333333333
18619,2022-10-05 16:04:40,1664985880.0,6862.0,6862.0,114.36666666666666,False,446895.0,7448.25
18620,2022-10-06 14:47:27,1665067647.0,81767.0,81767.0,1362.7833333333333,False,528662.0,8811.033333333333
18621,2022-10-06 14:52:41,1665067961.0,314.0,82081.0,1368.0166666666667,False,528976.0,8816.266666666666
18622,2022-10-06 15:00:19,1665068419.0,458.0,82539.0,1375.65,False,529434.0,8823.9
18623,2022-10-06 15:09:10,1665068950.0,531.0,83070.0,1384.5,True,529965.0,8832.75
18624,2022-10-06 16:14:37,1665072877.0,3927.0,3927.0,65.45,False,533892.0,8898.2
18625,2022-10-06 17:13:24,1665076404.0,3527.0,3527.0,58.78333333333333,False,537419.0,8956.983333333334
18626,2022-10-07 15:30:32,1665156632.0,80228.0,80228.0,1337.1333333333334,False,617647.0,10294.116666666667
18627,2022-10-07 15:49:56,1665157796.0,1164.0,81392.0,1356.5333333333333,False,618811.0,10313.516666666666
18628,2022-10-07 15:58:13,1665158293.0,497.0,81889.0,1364.8166666666666,False,619308.0,10321.8
18629,2022-10-08 11:48:05,1665229685.0,71392.0,153281.0,2554.6833333333334,False,690700.0,11511.666666666666
18630,2022-10-08 12:14:18,1665231258.0,1573.0,154854.0,2580.9,False,692273.0,11537.883333333333
18631,2022-10-09 17:43:24,1665337404.0,106146.0,261000.0,4350.0,False,798419.0,13306.983333333334
18632,2022-10-11 12:05:28,1665489928.0,152524.0,413524.0,6892.066666666667,False,950943.0,15849.05
18633,2022-10-11 14:53:35,1665500015.0,10087.0,423611.0,7060.183333333333,False,961030.0,16017.166666666666
18634,2022-10-11 15:01:33,1665500493.0,478.0,424089.0,7068.15,False,961508.0,16025.133333333333
18635,2022-10-11 15:43:49,1665503029.0,2536.0,426625.0,7110.416666666667,False,964044.0,16067.4
18636,2022-10-11 15:51:30,1665503490.0,461.0,427086.0,7118.1,False,964505.0,16075.083333333334
18637,2022-10-11 16:03:18,1665504198.0,708.0,427794.0,7129.9,False,965213.0,16086.883333333333
18638,2022-10-11 16:07:17,1665504437.0,239.0,428033.0,7133.883333333333,False,965452.0,16090.866666666667
18639,2022-10-11 16:11:57,1665504717.0,280.0,428313.0,7138.55,False,965732.0,16095.533333333333
18640,2022-10-11 16:19:14,1665505154.0,437.0,428750.0,7145.833333333333,False,966169.0,16102.816666666668
18641,2022-10-11 16:31:21,1665505881.0,727.0,429477.0,7157.95,False,966896.0,16114.933333333332
18642,2022-10-11 17:52:13,1665510733.0,4852.0,434329.0,7238.816666666667,False,971748.0,16195.8
18643,2022-10-11 18:21:21,1665512481.0,1748.0,436077.0,7267.95,False,0.0,0.0
18644,2022-10-11 18:29:46,1665512986.0,505.0,436582.0,7276.366666666667,False,505.0,8.416666666666666
18645,2022-10-12 10:42:26,1665571346.0,58360.0,494942.0,8249.033333333333,False,58865.0,981.0833333333334
18646,2022-10-12 10:50:19,1665571819.0,473.0,495415.0,8256.916666666666,False,59338.0,988.9666666666667
18647,2022-10-12 11:05:23,1665572723.0,904.0,496319.0,8271.983333333334,False,60242.0,1004.0333333333333
18648,2022-10-12 11:23:39,1665573819.0,1096.0,497415.0,8290.25,False,61338.0,1022.3
18649,2022-10-12 11:35:48,1665574548.0,729.0,498144.0,8302.4,False,62067.0,1034.45
18650,2022-10-12 11:40:34,1665574834.0,286.0,498430.0,8307.166666666666,False,62353.0,1039.2166666666667
18651,2022-10-12 11:45:16,1665575116.0,282.0,498712.0,8311.866666666667,False,62635.0,1043.9166666666667
18652,2022-10-12 11:50:54,1665575454.0,338.0,499050.0,8317.5,False,62973.0,1049.55
18653,2022-10-12 12:52:15,1665579135.0,3681.0,502731.0,8378.85,False,66654.0,1110.9
18654,2022-10-12 13:03:21,1665579801.0,666.0,503397.0,8389.95,False,67320.0,1122.0
18655,2022-10-12 13:09:41,1665580181.0,380.0,503777.0,8396.283333333333,False,67700.0,1128.3333333333333
18656,2022-10-12 13:19:15,1665580755.0,574.0,504351.0,8405.85,False,68274.0,1137.9
18657,2022-10-12 13:24:15,1665581055.0,300.0,504651.0,8410.85,False,68574.0,1142.9
18658,2022-10-12 13:31:45,1665581505.0,450.0,505101.0,8418.35,True,69024.0,1150.4
18659,2022-10-12 14:26:19,1665584779.0,3274.0,3274.0,54.56666666666667,False,72298.0,1204.9666666666667
18660,2022-10-12 14:36:40,1665585400.0,621.0,3895.0,64.91666666666667,False,72919.0,1215.3166666666666
18661,2022-10-12 15:06:11,1665587171.0,1771.0,1771.0,29.516666666666666,False,74690.0,1244.8333333333333
18662,2022-10-12 15:33:04,1665588784.0,1613.0,3384.0,56.4,False,76303.0,1271.7166666666667
18663,2022-10-12 16:34:34,1665592474.0,3690.0,3690.0,61.5,False,79993.0,1333.2166666666667
18664,2022-10-12 17:44:23,1665596663.0,4189.0,4189.0,69.81666666666666,False,84182.0,1403.0333333333333
18665,2022-10-12 18:39:04,1665599944.0,3281.0,3281.0,54.68333333333333,False,87463.0,1457.7166666666667
18666,2022-10-12 19:34:13,1665603253.0,3309.0,3309.0,55.15,False,90772.0,1512.8666666666666
18667,2022-10-12 20:29:26,1665606566.0,3313.0,3313.0,55.21666666666667,False,94085.0,1568.0833333333333
18668,2022-10-12 21:23:24,1665609804.0,3238.0,3238.0,53.96666666666667,False,97323.0,1622.05
18669,2022-10-12 22:17:11,1665613031.0,3227.0,3227.0,53.78333333333333,False,100550.0,1675.8333333333333
18670,2022-10-13 11:45:17,1665661517.0,48486.0,48486.0,808.1,False,149036.0,2483.9333333333334
18671,2022-10-13 11:50:31,1665661831.0,314.0,48800.0,813.3333333333334,False,0.0,0.0
18672,2022-10-13 12:58:35,1665665915.0,4084.0,52884.0,881.4,False,4084.0,68.06666666666666
18673,2022-10-13 13:12:09,1665666729.0,814.0,53698.0,894.9666666666667,False,4898.0,81.63333333333334
18674,2022-10-13 13:17:32,1665667052.0,323.0,54021.0,900.35,False,5221.0,87.01666666666667
18675,2022-10-14 07:59:20,1665734360.0,67308.0,121329.0,2022.15,False,72529.0,1208.8166666666666
18676,2022-10-14 10:30:27,1665743427.0,9067.0,130396.0,2173.266666666667,False,81596.0,1359.9333333333334
18677,2022-10-14 10:42:11,1665744131.0,704.0,131100.0,2185.0,False,82300.0,1371.6666666666667
18678,2022-10-14 10:48:09,1665744489.0,358.0,131458.0,2190.9666666666667,False,82658.0,1377.6333333333334
18679,2022-10-14 10:56:06,1665744966.0,477.0,131935.0,2198.9166666666665,False,83135.0,1385.5833333333333
18680,2022-10-14 11:04:46,1665745486.0,520.0,132455.0,2207.5833333333335,True,83655.0,1394.25
18681,2022-10-14 11:58:27,1665748707.0,3221.0,3221.0,53.68333333333333,False,86876.0,1447.9333333333334
18682,2022-10-14 12:52:15,1665751935.0,3228.0,3228.0,53.8,False,90104.0,1501.7333333333333
18683,2022-10-14 13:47:27,1665755247.0,3312.0,3312.0,55.2,False,93416.0,1556.9333333333334
18684,2022-10-14 14:45:28,1665758728.0,3481.0,3481.0,58.016666666666666,False,96897.0,1614.95
18685,2022-10-14 15:41:57,1665762117.0,3389.0,3389.0,56.483333333333334,False,100286.0,1671.4333333333334
18686,2022-10-14 16:52:17,1665766337.0,4220.0,4220.0,70.33333333333333,False,104506.0,1741.7666666666667
18687,2022-10-14 17:45:52,1665769552.0,3215.0,3215.0,53.583333333333336,False,107721.0,1795.35
18714,2023-02-21 10:40:29,1676976029.0,11206477.0,,,False,,
18715,2023-03-17 14:55:53,1679064953.0,2088924.0,2088924.0,34815.4,False,2088924.0,34815.4
18716,2023-03-17 15:02:38,1679065358.0,405.0,2089329.0,34822.15,False,2089329.0,34822.15
18717,2023-03-17 15:06:51,1679065611.0,253.0,2089582.0,34826.36666666667,False,2089582.0,34826.36666666667
18718,2023-03-17 15:14:00,1679066040.0,429.0,2090011.0,34833.51666666667,False,2090011.0,34833.51666666667
18719,2023-03-22 10:31:14,1679481074.0,415034.0,2505045.0,41750.75,False,2505045.0,41750.75
18720,2023-03-22 10:39:13,1679481553.0,479.0,2505524.0,41758.73333333333,False,2505524.0,41758.73333333333
18721,2023-03-22 10:57:48,1679482668.0,1115.0,2506639.0,41777.316666666666,False,2506639.0,41777.316666666666
18722,2023-03-22 11:09:58,1679483398.0,730.0,2507369.0,41789.48333333333,False,2507369.0,41789.48333333333
18723,2023-03-22 11:22:58,1679484178.0,780.0,2508149.0,41802.48333333333,False,2508149.0,41802.48333333333
18724,2023-03-22 11:25:59,1679484359.0,181.0,2508330.0,41805.5,False,2508330.0,41805.5
18725,2023-03-27 17:17:33,1679937453.0,453094.0,2961424.0,49357.066666666666,False,2961424.0,49357.066666666666
18726,2023-03-27 18:20:24,1679941224.0,3771.0,2965195.0,49419.916666666664,False,2965195.0,49419.916666666664
18727,2023-03-27 18:29:27,1679941767.0,543.0,2965738.0,49428.96666666667,False,2965738.0,49428.96666666667
18728,2023-03-28 17:41:24,1680025284.0,83517.0,3049255.0,50820.916666666664,False,3049255.0,50820.916666666664
18729,2023-03-28 17:55:49,1680026149.0,865.0,3050120.0,50835.333333333336,False,3050120.0,50835.333333333336
18730,2023-03-28 17:57:45,1680026265.0,116.0,3050236.0,50837.26666666667,False,3050236.0,50837.26666666667
18731,2023-03-28 20:16:11,1680034571.0,8306.0,3058542.0,50975.7,False,3058542.0,50975.7
18732,2023-03-29 16:34:58,1680107698.0,73127.0,3131669.0,52194.48333333333,False,3131669.0,52194.48333333333
18733,2023-03-29 16:46:52,1680108412.0,714.0,3132383.0,52206.38333333333,False,3132383.0,52206.38333333333
18734,2023-03-29 18:32:47,1680114767.0,6355.0,3138738.0,52312.3,False,3138738.0,52312.3
18735,2023-03-29 18:39:02,1680115142.0,375.0,3139113.0,52318.55,False,3139113.0,52318.55
18736,2023-03-30 14:20:04,1680186004.0,70862.0,3209975.0,53499.583333333336,False,3209975.0,53499.583333333336
18737,2023-03-30 16:10:06,1680192606.0,6602.0,3216577.0,53609.61666666667,False,3216577.0,53609.61666666667
18738,2023-03-30 18:37:16,1680201436.0,8830.0,3225407.0,53756.78333333333,False,3225407.0,53756.78333333333
18739,2023-03-30 18:56:41,1680202601.0,1165.0,3226572.0,53776.2,False,3226572.0,53776.2
18740,2023-03-30 19:29:57,1680204597.0,1996.0,3228568.0,53809.46666666667,False,3228568.0,53809.46666666667
18741,2023-03-30 19:51:33,1680205893.0,1296.0,3229864.0,53831.066666666666,False,3229864.0,53831.066666666666
18742,2023-03-30 19:59:28,1680206368.0,475.0,3230339.0,53838.98333333333,False,3230339.0,53838.98333333333
18743,2023-03-30 20:06:09,1680206769.0,401.0,3230740.0,53845.666666666664,False,3230740.0,53845.666666666664
18744,2023-03-30 20:12:48,1680207168.0,399.0,3231139.0,53852.316666666666,False,3231139.0,53852.316666666666
18745,2023-03-30 20:16:54,1680207414.0,246.0,3231385.0,53856.416666666664,False,3231385.0,53856.416666666664
18746,2023-03-31 08:50:34,1680252634.0,45220.0,3276605.0,54610.083333333336,False,3276605.0,54610.083333333336
18747,2023-03-31 09:43:47,1680255827.0,3193.0,3279798.0,54663.3,False,3279798.0,54663.3
18748,2023-03-31 09:48:44,1680256124.0,297.0,3280095.0,54668.25,False,3280095.0,54668.25
18749,2023-03-31 10:05:58,1680257158.0,1034.0,3281129.0,54685.48333333333,False,3281129.0,54685.48333333333
18750,2023-03-31 11:05:17,1680260717.0,3559.0,3284688.0,54744.8,False,3284688.0,54744.8
18751,2023-03-31 11:07:53,1680260873.0,156.0,3284844.0,54747.4,False,3284844.0,54747.4
18752,2023-03-31 11:16:39,1680261399.0,526.0,3285370.0,54756.166666666664,False,3285370.0,54756.166666666664
18753,2023-03-31 11:33:31,1680262411.0,1012.0,3286382.0,54773.03333333333,False,3286382.0,54773.03333333333
18754,2023-03-31 11:40:26,1680262826.0,415.0,3286797.0,54779.95,False,3286797.0,54779.95
18755,2023-04-04 17:00:20,1680627620.0,364794.0,3651591.0,60859.85,False,3651591.0,60859.85
18756,2023-04-04 17:04:47,1680627887.0,267.0,3651858.0,60864.3,False,3651858.0,60864.3
18757,2023-04-04 17:13:33,1680628413.0,526.0,3652384.0,60873.066666666666,False,3652384.0,60873.066666666666
18758,2023-04-04 17:24:26,1680629066.0,653.0,3653037.0,60883.95,False,3653037.0,60883.95
18759,2023-04-04 17:27:50,1680629270.0,204.0,3653241.0,60887.35,False,3653241.0,60887.35
18760,2023-04-04 17:37:53,1680629873.0,603.0,3653844.0,60897.4,False,3653844.0,60897.4
18761,2023-04-04 17:42:35,1680630155.0,282.0,3654126.0,60902.1,True,3654126.0,60902.1
18762,2023-04-04 17:51:00,1680630660.0,505.0,505.0,8.416666666666666,False,3654631.0,60910.51666666667
18763,2023-04-06 15:59:40,1680796780.0,166120.0,166120.0,2768.6666666666665,False,3820751.0,63679.183333333334
18764,2023-04-06 16:13:15,1680797595.0,815.0,166935.0,2782.25,False,3821566.0,63692.76666666667
18765,2023-04-06 16:15:49,1680797749.0,154.0,167089.0,2784.8166666666666,False,3821720.0,63695.333333333336
18766,2023-04-06 16:19:01,1680797941.0,192.0,167281.0,2788.016666666667,False,3821912.0,63698.53333333333
18767,2023-04-10 14:14:28,1681136068.0,338127.0,505408.0,8423.466666666667,False,4160039.0,69333.98333333334
18768,2023-04-10 14:18:24,1681136304.0,236.0,505644.0,8427.4,False,4160275.0,69337.91666666667
18769,2023-04-10 14:20:43,1681136443.0,139.0,505783.0,8429.716666666667,False,4160414.0,69340.23333333334
18770,2023-04-10 14:23:20,1681136600.0,157.0,505940.0,8432.333333333334,False,4160571.0,69342.85
18771,2023-04-10 14:26:06,1681136766.0,166.0,506106.0,8435.1,False,4160737.0,69345.61666666667
18772,2023-04-10 14:28:00,1681136880.0,114.0,506220.0,8437.0,False,4160851.0,69347.51666666666
18773,2023-04-10 14:43:29,1681137809.0,929.0,507149.0,8452.483333333334,False,4161780.0,69363.0
18774,2023-04-10 14:46:48,1681138008.0,199.0,507348.0,8455.8,False,4161979.0,69366.31666666667
18775,2023-04-10 14:48:51,1681138131.0,123.0,507471.0,8457.85,False,4162102.0,69368.36666666667
18776,2023-04-10 14:50:50,1681138250.0,119.0,507590.0,8459.833333333334,False,4162221.0,69370.35
18777,2023-04-10 14:54:04,1681138444.0,194.0,507784.0,8463.066666666668,False,4162415.0,69373.58333333333
18778,2023-04-10 15:10:05,1681139405.0,961.0,508745.0,8479.083333333334,False,4163376.0,69389.6
18779,2023-04-10 15:12:15,1681139535.0,130.0,508875.0,8481.25,False,4163506.0,69391.76666666666
18780,2023-04-10 15:14:35,1681139675.0,140.0,509015.0,8483.583333333334,False,4163646.0,69394.1
18781,2023-04-10 15:22:56,1681140176.0,501.0,509516.0,8491.933333333332,False,4164147.0,69402.45
18782,2023-04-10 15:39:31,1681141171.0,995.0,510511.0,8508.516666666666,False,4165142.0,69419.03333333334
18783,2023-04-10 15:44:37,1681141477.0,306.0,510817.0,8513.616666666667,False,4165448.0,69424.13333333333
18784,2023-04-10 16:10:25,1681143025.0,1548.0,512365.0,8539.416666666666,False,4166996.0,69449.93333333333
18785,2023-04-10 16:23:38,1681143818.0,793.0,513158.0,8552.633333333333,False,4167789.0,69463.15
18786,2023-04-10 16:34:51,1681144491.0,673.0,513831.0,8563.85,False,4168462.0,69474.36666666667
18787,2023-04-10 16:41:08,1681144868.0,377.0,514208.0,8570.133333333333,False,4168839.0,69480.65
18788,2023-04-10 16:49:16,1681145356.0,488.0,514696.0,8578.266666666666,False,4169327.0,69488.78333333334
18789,2023-04-10 17:01:14,1681146074.0,718.0,515414.0,8590.233333333334,False,4170045.0,69500.75
18790,2023-04-10 17:09:16,1681146556.0,482.0,515896.0,8598.266666666666,False,4170527.0,69508.78333333334
18791,2023-04-10 17:15:09,1681146909.0,353.0,516249.0,8604.15,False,4170880.0,69514.66666666667
18792,2023-04-10 17:21:31,1681147291.0,382.0,516631.0,8610.516666666666,False,4171262.0,69521.03333333334
18793,2023-04-10 17:27:07,1681147627.0,336.0,516967.0,8616.116666666667,False,4171598.0,69526.63333333333
18794,2023-04-10 17:33:09,1681147989.0,362.0,517329.0,8622.15,False,4171960.0,69532.66666666667
18795,2023-04-10 17:39:03,1681148343.0,354.0,517683.0,8628.05,False,4172314.0,69538.56666666667
18796,2023-04-10 17:44:50,1681148690.0,347.0,518030.0,8633.833333333334,False,4172661.0,69544.35
18797,2023-04-10 18:03:18,1681149798.0,1108.0,519138.0,8652.3,False,4173769.0,69562.81666666667
18798,2023-04-10 18:14:34,1681150474.0,676.0,519814.0,8663.566666666668,False,4174445.0,69574.08333333333
18799,2023-04-10 18:20:21,1681150821.0,347.0,520161.0,8669.35,False,4174792.0,69579.86666666667
18800,2023-04-10 18:27:10,1681151230.0,409.0,520570.0,8676.166666666666,False,4175201.0,69586.68333333333
18801,2023-04-10 18:32:55,1681151575.0,345.0,520915.0,8681.916666666666,False,4175546.0,69592.43333333333
18802,2023-04-10 18:38:52,1681151932.0,357.0,521272.0,8687.866666666667,False,4175903.0,69598.38333333333
18803,2023-04-10 18:44:16,1681152256.0,324.0,521596.0,8693.266666666666,False,4176227.0,69603.78333333334
18804,2023-04-10 18:53:09,1681152789.0,533.0,522129.0,8702.15,False,4176760.0,69612.66666666667
18805,2023-04-10 18:58:45,1681153125.0,336.0,522465.0,8707.75,False,4177096.0,69618.26666666666
18806,2023-04-10 19:03:52,1681153432.0,307.0,522772.0,8712.866666666667,False,4177403.0,69623.38333333333
18807,2023-04-10 19:09:02,1681153742.0,310.0,523082.0,8718.033333333333,False,4177713.0,69628.55
18808,2023-04-11 15:18:51,1681226331.0,72589.0,595671.0,9927.85,False,4250302.0,70838.36666666667
18809,2023-04-11 15:29:35,1681226975.0,644.0,596315.0,9938.583333333334,False,4250946.0,70849.1
18810,2023-04-11 16:37:08,1681231028.0,4053.0,600368.0,10006.133333333333,False,4254999.0,70916.65
18811,2023-04-11 17:25:33,1681233933.0,2905.0,603273.0,10054.55,False,4257904.0,70965.06666666667
18812,2023-04-11 17:28:31,1681234111.0,178.0,603451.0,10057.516666666666,False,4258082.0,70968.03333333334
18813,2023-04-11 17:36:01,1681234561.0,450.0,603901.0,10065.016666666666,False,4258532.0,70975.53333333334
18814,2023-04-11 17:51:58,1681235518.0,957.0,604858.0,10080.966666666667,False,4259489.0,70991.48333333334
18815,2023-04-11 17:57:32,1681235852.0,334.0,605192.0,10086.533333333333,False,4259823.0,70997.05
18816,2023-04-11 18:03:22,1681236202.0,350.0,605542.0,10092.366666666667,False,4260173.0,71002.88333333333
18817,2023-04-11 19:04:31,1681239871.0,3669.0,609211.0,10153.516666666666,False,4263842.0,71064.03333333334
18818,2023-04-11 19:50:36,1681242636.0,2765.0,611976.0,10199.6,False,4266607.0,71110.11666666667
18819,2023-04-11 20:01:34,1681243294.0,658.0,612634.0,10210.566666666668,False,4267265.0,71121.08333333333
18820,2023-04-11 20:06:23,1681243583.0,289.0,612923.0,10215.383333333333,False,4267554.0,71125.9
18821,2023-04-14 15:36:39,1681486599.0,243016.0,855939.0,14265.65,False,4510570.0,75176.16666666667
18822,2023-04-14 15:41:47,1681486907.0,308.0,856247.0,14270.783333333333,False,4510878.0,75181.3
18823,2023-04-14 16:23:03,1681489383.0,2476.0,858723.0,14312.05,False,4513354.0,75222.56666666667
18824,2023-04-14 16:54:15,1681491255.0,1872.0,860595.0,14343.25,True,4515226.0,75253.76666666666
18825,2023-04-17 15:37:30,1681745850.0,254595.0,254595.0,4243.25,False,4769821.0,79497.01666666666
18826,2023-04-17 15:42:25,1681746145.0,295.0,254890.0,4248.166666666667,True,4770116.0,79501.93333333333
18827,2023-04-18 18:02:32,1681840952.0,94807.0,94807.0,1580.1166666666666,False,4864923.0,81082.05
18828,2023-04-18 18:31:37,1681842697.0,1745.0,96552.0,1609.2,False,4866668.0,81111.13333333333
18829,2023-04-18 18:41:58,1681843318.0,621.0,97173.0,1619.55,True,4867289.0,81121.48333333334
18830,2023-04-18 18:57:19,1681844239.0,921.0,921.0,15.35,False,4868210.0,81136.83333333333
18831,2023-04-19 11:05:15,1681902315.0,58076.0,58076.0,967.9333333333333,False,4926286.0,82104.76666666666
18832,2023-04-19 11:18:42,1681903122.0,807.0,58883.0,981.3833333333333,False,4927093.0,82118.21666666666
18833,2023-04-19 14:45:30,1681915530.0,12408.0,71291.0,1188.1833333333334,False,4939501.0,82325.01666666666
18834,2023-04-19 15:09:41,1681916981.0,1451.0,72742.0,1212.3666666666666,False,4940952.0,82349.2
18835,2023-04-19 15:20:46,1681917646.0,665.0,73407.0,1223.45,False,4941617.0,82360.28333333334
18836,2023-04-19 16:51:06,1681923066.0,5420.0,78827.0,1313.7833333333333,False,4947037.0,82450.61666666667
18837,2023-04-19 16:56:54,1681923414.0,348.0,79175.0,1319.5833333333333,False,4947385.0,82456.41666666667
18838,2023-04-19 17:38:01,1681925881.0,2467.0,81642.0,1360.7,True,4949852.0,82497.53333333334
18839,2023-04-19 18:17:54,1681928274.0,2393.0,2393.0,39.88333333333333,False,4952245.0,82537.41666666667
18840,2023-04-20 16:41:36,1682008896.0,80622.0,80622.0,1343.7,False,5032867.0,83881.11666666667
18841,2023-04-20 16:58:00,1682009880.0,984.0,81606.0,1360.1,False,5033851.0,83897.51666666666
18842,2023-04-20 17:46:01,1682012761.0,2881.0,84487.0,1408.1166666666666,False,5036732.0,83945.53333333334
18843,2023-04-20 17:58:15,1682013495.0,734.0,85221.0,1420.35,True,5037466.0,83957.76666666666
18844,2023-04-20 18:23:52,1682015032.0,1537.0,1537.0,25.616666666666667,False,5039003.0,83983.38333333333
18845,2023-04-20 18:38:46,1682015926.0,894.0,894.0,14.9,False,5039897.0,83998.28333333334
18846,2023-04-21 12:52:07,1682081527.0,65601.0,65601.0,1093.35,False,5105498.0,85091.63333333333
18847,2023-04-21 12:57:14,1682081834.0,307.0,65908.0,1098.4666666666667,False,5105805.0,85096.75
18848,2023-04-21 13:38:06,1682084286.0,2452.0,68360.0,1139.3333333333333,True,5108257.0,85137.61666666667
18849,2023-04-21 14:33:09,1682087589.0,3303.0,3303.0,55.05,False,5111560.0,85192.66666666667
18850,2023-04-21 14:40:11,1682088011.0,422.0,422.0,7.033333333333333,False,5111982.0,85199.7
18851,2023-04-25 14:07:26,1682431646.0,343635.0,344057.0,5734.283333333334,False,5455617.0,90926.95
18852,2023-04-25 14:13:30,1682432010.0,364.0,344421.0,5740.35,False,5455981.0,90933.01666666666
18853,2023-04-25 14:40:58,1682433658.0,1648.0,346069.0,5767.816666666667,True,5457629.0,90960.48333333334
18854,2023-04-25 15:24:52,1682436292.0,2634.0,2634.0,43.9,False,5460263.0,91004.38333333333
18855,2023-04-25 15:34:08,1682436848.0,556.0,3190.0,53.166666666666664,False,5460819.0,91013.65
18856,2023-04-25 15:36:44,1682437004.0,156.0,3346.0,55.766666666666666,False,5460975.0,91016.25
18857,2023-04-25 15:44:40,1682437480.0,476.0,3822.0,63.7,False,5461451.0,91024.18333333333
18858,2023-04-25 16:40:37,1682440837.0,3357.0,3357.0,55.95,False,5464808.0,91080.13333333333
18859,2023-04-25 17:48:02,1682444882.0,4045.0,4045.0,67.41666666666667,False,5468853.0,91147.55
18860,2023-04-25 18:10:20,1682446220.0,1338.0,1338.0,22.3,False,5470191.0,91169.85
18861,2023-04-26 10:39:32,1682505572.0,59352.0,59352.0,989.2,False,5529543.0,92159.05
18862,2023-04-26 10:45:21,1682505921.0,349.0,59701.0,995.0166666666667,False,5529892.0,92164.86666666667
18863,2023-04-26 11:21:12,1682508072.0,2151.0,61852.0,1030.8666666666666,False,5532043.0,92200.71666666666
18864,2023-04-26 11:29:16,1682508556.0,484.0,62336.0,1038.9333333333334,True,5532527.0,92208.78333333334
18865,2023-04-26 11:57:07,1682510227.0,1671.0,1671.0,27.85,False,5534198.0,92236.63333333333
18866,2023-04-26 12:24:43,1682511883.0,1656.0,1656.0,27.6,False,5535854.0,92264.23333333334
18867,2023-04-26 12:52:09,1682513529.0,1646.0,1646.0,27.433333333333334,False,5537500.0,92291.66666666667
18868,2023-04-26 13:17:48,1682515068.0,1539.0,1539.0,25.65,False,5539039.0,92317.31666666667
18869,2023-04-26 13:43:35,1682516615.0,1547.0,1547.0,25.783333333333335,False,5540586.0,92343.1
18870,2023-04-27 10:27:28,1682591248.0,74633.0,74633.0,1243.8833333333334,False,5615219.0,93586.98333333334
18871,2023-04-27 10:37:19,1682591839.0,591.0,75224.0,1253.7333333333333,False,5615810.0,93596.83333333333
18872,2023-04-27 10:45:22,1682592322.0,483.0,75707.0,1261.7833333333333,True,5616293.0,93604.88333333333
18873,2023-04-27 11:08:16,1682593696.0,1374.0,1374.0,22.9,False,5617667.0,93627.78333333334
18874,2023-04-27 11:30:17,1682595017.0,1321.0,1321.0,22.016666666666666,False,5618988.0,93649.8
18875,2023-04-27 12:31:11,1682598671.0,3654.0,3654.0,60.9,False,5622642.0,93710.7
18876,2023-04-28 14:13:57,1682691237.0,92566.0,92566.0,1542.7666666666667,False,5715208.0,95253.46666666666
18877,2023-04-28 14:18:35,1682691515.0,278.0,92844.0,1547.4,False,5715486.0,95258.1
18878,2023-04-28 14:28:50,1682692130.0,615.0,93459.0,1557.65,True,5716101.0,95268.35
18879,2023-04-28 14:50:33,1682693433.0,1303.0,1303.0,21.716666666666665,False,5717404.0,95290.06666666667
18880,2023-04-28 15:12:25,1682694745.0,1312.0,1312.0,21.866666666666667,False,5718716.0,95311.93333333333
18881,2023-04-28 15:34:31,1682696071.0,1326.0,1326.0,22.1,False,5720042.0,95334.03333333334
18882,2023-04-28 16:23:12,1682698992.0,2921.0,2921.0,48.68333333333333,False,5722963.0,95382.71666666666
18883,2023-04-28 16:48:33,1682700513.0,1521.0,1521.0,25.35,False,5724484.0,95408.06666666667
18884,2023-05-02 10:42:39,1683024159.0,323646.0,325167.0,5419.45,False,6048130.0,100802.16666666667
18885,2023-05-02 10:47:40,1683024460.0,301.0,325468.0,5424.466666666666,False,6048431.0,100807.18333333333
18886,2023-05-02 10:57:27,1683025047.0,587.0,326055.0,5434.25,False,6049018.0,100816.96666666666
18887,2023-05-02 11:35:50,1683027350.0,2303.0,328358.0,5472.633333333333,True,6051321.0,100855.35
18888,2023-05-02 11:55:05,1683028505.0,1155.0,1155.0,19.25,False,6052476.0,100874.6
18889,2023-05-02 12:29:57,1683030597.0,2092.0,2092.0,34.86666666666667,False,6054568.0,100909.46666666666
18890,2023-05-02 13:39:41,1683034781.0,4184.0,4184.0,69.73333333333333,False,6058752.0,100979.2
18891,2023-05-02 13:46:27,1683035187.0,406.0,4590.0,76.5,False,6059158.0,100985.96666666666
18892,2023-05-02 14:08:48,1683036528.0,1341.0,5931.0,98.85,False,6060499.0,101008.31666666667
18893,2023-05-02 14:26:14,1683037574.0,1046.0,6977.0,116.28333333333333,False,6061545.0,101025.75
18894,2023-05-02 14:43:34,1683038614.0,1040.0,8017.0,133.61666666666667,False,6062585.0,101043.08333333333
18895,2023-05-02 14:54:09,1683039249.0,635.0,8652.0,144.2,False,6063220.0,101053.66666666667
18896,2023-05-02 16:19:34,1683044374.0,5125.0,13777.0,229.61666666666667,False,6068345.0,101139.08333333333
18897,2023-05-02 16:29:07,1683044947.0,573.0,14350.0,239.16666666666666,False,6068918.0,101148.63333333333
18898,2023-05-02 16:45:35,1683045935.0,988.0,15338.0,255.63333333333333,False,6069906.0,101165.1
18899,2023-05-02 16:59:52,1683046792.0,857.0,16195.0,269.9166666666667,False,6070763.0,101179.38333333333
18900,2023-05-02 17:12:00,1683047520.0,728.0,16923.0,282.05,False,6071491.0,101191.51666666666
18901,2023-05-02 17:28:36,1683048516.0,996.0,17919.0,298.65,False,6072487.0,101208.11666666667
18902,2023-05-04 13:07:37,1683205657.0,157141.0,175060.0,2917.6666666666665,False,6229628.0,103827.13333333333
18903,2023-05-04 13:12:22,1683205942.0,285.0,175345.0,2922.4166666666665,False,6229913.0,103831.88333333333
18904,2023-05-04 13:21:24,1683206484.0,542.0,175887.0,2931.45,False,6230455.0,103840.91666666667
18905,2023-05-04 13:31:25,1683207085.0,601.0,176488.0,2941.4666666666667,True,6231056.0,103850.93333333333
18906,2023-05-04 13:53:53,1683208433.0,1348.0,1348.0,22.466666666666665,False,6232404.0,103873.4
18907,2023-05-04 14:15:53,1683209753.0,1320.0,1320.0,22.0,False,6233724.0,103895.4
18908,2023-05-04 17:46:49,1683222409.0,12656.0,12656.0,210.93333333333334,False,6246380.0,104106.33333333333
18909,2023-05-04 18:09:17,1683223757.0,1348.0,1348.0,22.466666666666665,False,6247728.0,104128.8
18910,2023-05-04 18:27:58,1683224878.0,1121.0,1121.0,18.683333333333334,False,6248849.0,104147.48333333334
18911,2023-05-04 18:49:39,1683226179.0,1301.0,1301.0,21.683333333333334,False,6250150.0,104169.16666666667
18912,2023-05-05 14:28:07,1683296887.0,70708.0,70708.0,1178.4666666666667,False,6320858.0,105347.63333333333
18913,2023-05-05 14:32:52,1683297172.0,285.0,70993.0,1183.2166666666667,False,6321143.0,105352.38333333333
18914,2023-05-05 14:41:54,1683297714.0,542.0,71535.0,1192.25,True,6321685.0,105361.41666666667
18915,2023-05-05 15:20:07,1683300007.0,2293.0,2293.0,38.21666666666667,False,6323978.0,105399.63333333333
18916,2023-05-05 15:30:21,1683300621.0,614.0,2907.0,48.45,False,6324592.0,105409.86666666667
18917,2023-05-05 15:56:57,1683302217.0,1596.0,1596.0,26.6,False,6326188.0,105436.46666666666
18918,2023-05-05 16:19:00,1683303540.0,1323.0,1323.0,22.05,False,6327511.0,105458.51666666666
18919,2023-05-05 16:38:48,1683304728.0,1188.0,2511.0,41.85,False,6328699.0,105478.31666666667
18920,2023-05-05 17:08:13,1683306493.0,1765.0,1765.0,29.416666666666668,False,6330464.0,105507.73333333334
18921,2023-05-05 17:31:53,1683307913.0,1420.0,1420.0,23.666666666666668,False,6331884.0,105531.4
18922,2023-05-05 17:52:37,1683309157.0,1244.0,1244.0,20.733333333333334,False,6333128.0,105552.13333333333
18923,2023-05-05 18:21:18,1683310878.0,1721.0,1721.0,28.683333333333334,False,6334849.0,105580.81666666667
18924,2023-05-05 18:44:01,1683312241.0,1363.0,1363.0,22.716666666666665,False,6336212.0,105603.53333333334
18925,2023-05-05 19:02:45,1683313365.0,1124.0,1124.0,18.733333333333334,False,6337336.0,105622.26666666666
18926,2023-05-08 15:36:58,1683560218.0,246853.0,246853.0,4114.216666666666,False,6584189.0,109736.48333333334
18927,2023-05-08 15:47:03,1683560823.0,605.0,247458.0,4124.3,False,6584794.0,109746.56666666667
18928,2023-05-08 15:57:21,1683561441.0,618.0,248076.0,4134.6,True,6585412.0,109756.86666666667
18929,2023-05-08 16:24:38,1683563078.0,1637.0,1637.0,27.283333333333335,False,6587049.0,109784.15
18930,2023-05-08 16:58:11,1683565091.0,2013.0,2013.0,33.55,False,6589062.0,109817.7
18931,2023-05-08 17:33:39,1683567219.0,2128.0,2128.0,35.46666666666667,False,6591190.0,109853.16666666667
18932,2023-05-09 16:43:48,1683650628.0,83409.0,83409.0,1390.15,False,6674599.0,111243.31666666667
18933,2023-05-09 16:47:26,1683650846.0,218.0,83627.0,1393.7833333333333,False,6674817.0,111246.95
18934,2023-05-09 17:44:21,1683654261.0,3415.0,87042.0,1450.7,False,6678232.0,111303.86666666667
18935,2023-05-09 18:52:07,1683658327.0,4066.0,91108.0,1518.4666666666667,False,6682298.0,111371.63333333333
18936,2023-05-09 18:59:45,1683658785.0,458.0,91566.0,1526.1,True,6682756.0,111379.26666666666
18937,2023-05-09 19:11:55,1683659515.0,730.0,730.0,12.166666666666666,False,6683486.0,111391.43333333333
18938,2023-05-09 19:19:39,1683659979.0,464.0,464.0,7.733333333333333,False,6683950.0,111399.16666666667
18939,2023-05-09 19:28:55,1683660535.0,556.0,1020.0,17.0,False,6684506.0,111408.43333333333
18940,2023-05-09 19:44:10,1683661450.0,915.0,915.0,15.25,False,6685421.0,111423.68333333333
18941,2023-05-11 13:43:36,1683812616.0,151166.0,151166.0,2519.4333333333334,False,6836587.0,113943.11666666667
18942,2023-05-11 13:49:24,1683812964.0,348.0,151514.0,2525.233333333333,False,6836935.0,113948.91666666667
18943,2023-05-11 13:53:24,1683813204.0,240.0,151754.0,2529.233333333333,False,6837175.0,113952.91666666667
18944,2023-05-11 14:51:13,1683816673.0,3469.0,155223.0,2587.05,True,6840644.0,114010.73333333334
18945,2023-05-11 15:17:30,1683818250.0,1577.0,1577.0,26.283333333333335,False,6842221.0,114037.01666666666
18946,2023-05-11 15:43:12,1683819792.0,1542.0,1542.0,25.7,False,6843763.0,114062.71666666666
18947,2023-05-11 16:06:09,1683821169.0,1377.0,1377.0,22.95,False,6845140.0,114085.66666666667
18948,2023-05-11 16:55:32,1683824132.0,2963.0,2963.0,49.38333333333333,False,6848103.0,114135.05
18949,2023-05-11 17:20:08,1683825608.0,1476.0,1476.0,24.6,False,6849579.0,114159.65
18951,2023-05-11 18:09:39,1683828579.0,2971.0,2971.0,49.516666666666666,False,6852550.0,114209.16666666667
18952,2023-05-11 18:29:52,1683829792.0,1213.0,1213.0,20.216666666666665,False,6853763.0,114229.38333333333
18953,2023-05-11 18:52:07,1683831127.0,1335.0,1335.0,22.25,False,6855098.0,114251.63333333333
18954,2023-05-11 19:11:27,1683832287.0,1160.0,1160.0,19.333333333333332,False,6856258.0,114270.96666666666
18955,2023-05-17 14:29:36,1684333776.0,501489.0,501489.0,8358.15,False,7357747.0,122629.11666666667
18956,2023-05-17 16:02:37,1684339357.0,5581.0,507070.0,8451.166666666666,False,7363328.0,122722.13333333333
18957,2023-05-17 16:17:38,1684340258.0,901.0,507971.0,8466.183333333332,False,7364229.0,122737.15
18958,2023-05-17 16:40:12,1684341612.0,1354.0,509325.0,8488.75,True,7365583.0,122759.71666666666
18959,2023-05-17 17:02:38,1684342958.0,1346.0,1346.0,22.433333333333334,False,7366929.0,122782.15
18960,2023-05-17 17:34:52,1684344892.0,1934.0,1934.0,32.233333333333334,False,7368863.0,122814.38333333333
18961,2023-05-17 18:00:21,1684346421.0,1529.0,1529.0,25.483333333333334,False,7370392.0,122839.86666666667
18962,2023-05-19 14:19:54,1684505994.0,159573.0,159573.0,2659.55,False,7529965.0,125499.41666666667
18963,2023-05-19 15:01:54,1684508514.0,2520.0,162093.0,2701.55,False,7532485.0,125541.41666666667
18964,2023-05-19 15:14:36,1684509276.0,762.0,162855.0,2714.25,False,7533247.0,125554.11666666667
18965,2023-05-19 15:26:06,1684509966.0,690.0,163545.0,2725.75,False,7533937.0,125565.61666666667
18966,2023-05-19 16:21:15,1684513275.0,3309.0,166854.0,2780.9,False,7537246.0,125620.76666666666
18967,2023-05-23 15:10:06,1684854606.0,341331.0,508185.0,8469.75,False,7878577.0,131309.61666666667
18968,2023-05-23 15:16:57,1684855017.0,411.0,508596.0,8476.6,False,7878988.0,131316.46666666667
18969,2023-05-23 15:30:14,1684855814.0,797.0,509393.0,8489.883333333333,False,7879785.0,131329.75
18970,2023-05-23 15:38:26,1684856306.0,492.0,509885.0,8498.083333333334,True,7880277.0,131337.95
18971,2023-05-23 16:04:02,1684857842.0,1536.0,1536.0,25.6,False,7881813.0,131363.55
18972,2023-05-23 16:26:33,1684859193.0,1351.0,1351.0,22.516666666666666,False,7883164.0,131386.06666666668
18973,2023-05-23 17:04:30,1684861470.0,2277.0,2277.0,37.95,False,7885441.0,131424.01666666666
18974,2023-05-23 17:22:52,1684862572.0,1102.0,1102.0,18.366666666666667,False,7886543.0,131442.38333333333
18975,2023-05-23 17:48:07,1684864087.0,1515.0,1515.0,25.25,False,7888058.0,131467.63333333333
18976,2023-05-24 15:16:34,1684941394.0,77307.0,77307.0,1288.45,False,7965365.0,132756.08333333334
18977,2023-05-24 15:21:45,1684941705.0,311.0,77618.0,1293.6333333333334,False,7965676.0,132761.26666666666
18978,2023-05-24 15:30:34,1684942234.0,529.0,78147.0,1302.45,True,7966205.0,132770.08333333334
18979,2023-05-24 15:55:09,1684943709.0,1475.0,1475.0,24.583333333333332,False,7967680.0,132794.66666666666
18980,2023-05-24 16:18:48,1684945128.0,1419.0,1419.0,23.65,False,7969099.0,132818.31666666668
18981,2023-05-24 16:49:07,1684946947.0,1819.0,1819.0,30.316666666666666,False,7970918.0,132848.63333333333
18982,2023-05-24 16:54:27,1684947267.0,320.0,2139.0,35.65,False,7971238.0,132853.96666666667
18983,2023-05-24 17:29:10,1684949350.0,2083.0,2083.0,34.71666666666667,False,7973321.0,132888.68333333332
18984,2023-05-25 16:08:33,1685030913.0,81563.0,81563.0,1359.3833333333334,False,8054884.0,134248.06666666668
18985,2023-05-25 17:03:41,1685034221.0,3308.0,84871.0,1414.5166666666667,False,8058192.0,134303.2
18986,2023-05-25 17:13:23,1685034803.0,582.0,85453.0,1424.2166666666667,False,8058774.0,134312.9
18987,2023-05-25 17:18:37,1685035117.0,314.0,85767.0,1429.45,False,8059088.0,134318.13333333333
18988,2023-05-25 17:27:14,1685035634.0,517.0,86284.0,1438.0666666666666,True,8059605.0,134326.75
18989,2023-05-25 17:44:04,1685036644.0,1010.0,1010.0,16.833333333333332,False,8060615.0,134343.58333333334
18990,2023-05-25 18:04:21,1685037861.0,1217.0,1217.0,20.283333333333335,False,8061832.0,134363.86666666667
18991,2023-05-25 18:30:45,1685039445.0,1584.0,1584.0,26.4,False,8063416.0,134390.26666666666
18992,2023-05-25 18:53:00,1685040780.0,1335.0,1335.0,22.25,False,8064751.0,134412.51666666666
18993,2023-05-25 19:23:06,1685042586.0,1806.0,1806.0,30.1,False,8066557.0,134442.61666666667
18994,2023-05-26 15:25:51,1685114751.0,72165.0,72165.0,1202.75,False,8138722.0,135645.36666666667
18995,2023-05-26 15:35:01,1685115301.0,550.0,72715.0,1211.9166666666667,False,8139272.0,135654.53333333333
18996,2023-05-26 15:43:49,1685115829.0,528.0,73243.0,1220.7166666666667,False,8139800.0,135663.33333333334
18997,2023-05-26 15:50:44,1685116244.0,415.0,73658.0,1227.6333333333334,True,8140215.0,135670.25
18998,2023-05-26 16:13:12,1685117592.0,1348.0,1348.0,22.466666666666665,False,8141563.0,135692.71666666667
18999,2023-05-26 16:35:47,1685118947.0,1355.0,1355.0,22.583333333333332,False,8142918.0,135715.3
19000,2023-05-26 17:01:22,1685120482.0,1535.0,1535.0,25.583333333333332,False,8144453.0,135740.88333333333
19001,2023-05-26 17:28:53,1685122133.0,1651.0,1651.0,27.516666666666666,False,8146104.0,135768.4
19002,2023-05-26 17:57:55,1685123875.0,1742.0,1742.0,29.033333333333335,False,8147846.0,135797.43333333332
19003,2023-05-26 18:23:32,1685125412.0,1537.0,1537.0,25.616666666666667,False,8149383.0,135823.05
19004,2023-05-29 15:48:25,1685375305.0,249893.0,249893.0,4164.883333333333,False,8399276.0,139987.93333333332
19005,2023-05-31 15:57:35,1685548655.0,173350.0,423243.0,7054.05,False,8572626.0,142877.1
19006,2023-05-31 16:23:29,1685550209.0,1554.0,424797.0,7079.95,False,8574180.0,142903.0
19007,2023-05-31 16:27:45,1685550465.0,256.0,425053.0,7084.216666666666,False,8574436.0,142907.26666666666
19008,2023-05-31 16:34:14,1685550854.0,389.0,425442.0,7090.7,False,8574825.0,142913.75
19009,2023-05-31 16:38:05,1685551085.0,231.0,425673.0,7094.55,False,8575056.0,142917.6
19010,2023-05-31 16:43:52,1685551432.0,347.0,426020.0,7100.333333333333,False,8575403.0,142923.38333333333
19011,2023-05-31 16:56:49,1685552209.0,777.0,426797.0,7113.283333333334,False,8576180.0,142936.33333333334
19012,2023-06-01 11:16:54,1685618214.0,66005.0,492802.0,8213.366666666667,False,8642185.0,144036.41666666666
19013,2023-06-02 16:08:34,1685722114.0,103900.0,596702.0,9945.033333333333,False,8746085.0,145768.08333333334
19014,2023-06-02 16:21:44,1685722904.0,790.0,597492.0,9958.2,False,8746875.0,145781.25
19015,2023-06-02 16:55:17,1685724917.0,2013.0,599505.0,9991.75,False,8748888.0,145814.8
19016,2023-06-02 17:04:57,1685725497.0,580.0,600085.0,10001.416666666666,False,8749468.0,145824.46666666667
19017,2023-06-02 17:15:02,1685726102.0,605.0,600690.0,10011.5,True,8750073.0,145834.55
19018,2023-06-05 19:33:24,1685993604.0,267502.0,267502.0,4458.366666666667,False,9017575.0,150292.91666666666
19019,2023-06-05 19:49:23,1685994563.0,959.0,268461.0,4474.35,False,9018534.0,150308.9
19020,2023-06-05 19:58:27,1685995107.0,544.0,269005.0,4483.416666666667,True,9019078.0,150317.96666666667
19021,2023-06-05 20:10:48,1685995848.0,741.0,741.0,12.35,False,9019819.0,150330.31666666668
19022,2023-06-05 20:23:41,1685996621.0,773.0,773.0,12.883333333333333,False,9020592.0,150343.2
19023,2023-06-06 14:02:10,1686060130.0,63509.0,63509.0,1058.4833333333333,False,9084101.0,151401.68333333332
19024,2023-06-06 14:04:55,1686060295.0,165.0,63674.0,1061.2333333333333,False,9084266.0,151404.43333333332
19025,2023-06-06 14:11:19,1686060679.0,384.0,64058.0,1067.6333333333334,False,9084650.0,151410.83333333334
19026,2023-06-06 14:34:20,1686062060.0,1381.0,65439.0,1090.65,False,9086031.0,151433.85
19027,2023-06-06 14:50:18,1686063018.0,958.0,66397.0,1106.6166666666666,False,9086989.0,151449.81666666668
19028,2023-06-06 14:59:29,1686063569.0,551.0,66948.0,1115.8,True,9087540.0,151459.0
19029,2023-06-06 15:22:27,1686064947.0,1378.0,1378.0,22.966666666666665,False,9088918.0,151481.96666666667
19030,2023-06-06 17:40:56,1686073256.0,8309.0,8309.0,138.48333333333332,False,9097227.0,151620.45
19031,2023-06-06 17:45:35,1686073535.0,279.0,8588.0,143.13333333333333,False,9097506.0,151625.1
19032,2023-06-06 18:00:14,1686074414.0,879.0,9467.0,157.78333333333333,False,9098385.0,151639.75
19033,2023-06-06 18:11:11,1686075071.0,657.0,657.0,10.95,False,9099042.0,151650.7
19034,2023-06-06 18:24:09,1686075849.0,778.0,778.0,12.966666666666667,False,9099820.0,151663.66666666666
19035,2023-06-06 18:55:53,1686077753.0,1904.0,1904.0,31.733333333333334,False,9101724.0,151695.4
19036,2023-06-06 19:23:24,1686079404.0,1651.0,1651.0,27.516666666666666,False,9103375.0,151722.91666666666
19037,2023-06-07 15:00:55,1686150055.0,70651.0,72302.0,1205.0333333333333,False,9174026.0,152900.43333333332
19038,2023-06-07 15:05:58,1686150358.0,303.0,72605.0,1210.0833333333333,False,9174329.0,152905.48333333334
19039,2023-06-07 15:27:51,1686151671.0,1313.0,73918.0,1231.9666666666667,False,9175642.0,152927.36666666667
19040,2023-06-07 15:39:12,1686152352.0,681.0,74599.0,1243.3166666666666,False,9176323.0,152938.71666666667
19041,2023-06-07 15:57:59,1686153479.0,1127.0,75726.0,1262.1,False,9177450.0,152957.5
19042,2023-06-07 16:14:23,1686154463.0,984.0,76710.0,1278.5,True,9178434.0,152973.9
19043,2023-06-07 16:28:31,1686155311.0,848.0,848.0,14.133333333333333,False,9179282.0,152988.03333333333
19044,2023-06-07 17:23:57,1686158637.0,3326.0,3326.0,55.43333333333333,False,9182608.0,153043.46666666667
19045,2023-06-07 18:03:11,1686160991.0,2354.0,2354.0,39.233333333333334,False,9184962.0,153082.7
19046,2023-06-07 18:20:23,1686162023.0,1032.0,1032.0,17.2,False,9185994.0,153099.9
19047,2023-06-12 12:00:42,1686571242.0,409219.0,409219.0,6820.316666666667,False,9595213.0,159920.21666666667
19048,2023-06-12 12:06:17,1686571577.0,335.0,409554.0,6825.9,False,9595548.0,159925.8
19049,2023-06-12 12:14:06,1686572046.0,469.0,410023.0,6833.716666666666,False,9596017.0,159933.61666666667
19050,2023-06-12 14:57:34,1686581854.0,9808.0,419831.0,6997.183333333333,False,9605825.0,160097.08333333334
19051,2023-06-12 15:12:16,1686582736.0,882.0,420713.0,7011.883333333333,False,9606707.0,160111.78333333333
19052,2023-06-12 15:31:37,1686583897.0,1161.0,421874.0,7031.233333333334,False,9607868.0,160131.13333333333
19053,2023-06-13 15:10:32,1686669032.0,85135.0,507009.0,8450.15,False,9693003.0,161550.05
19054,2023-06-13 15:21:42,1686669702.0,670.0,507679.0,8461.316666666668,False,9693673.0,161561.21666666667
19055,2023-06-13 15:25:05,1686669905.0,203.0,507882.0,8464.7,False,9693876.0,161564.6
19056,2023-06-13 15:35:58,1686670558.0,653.0,508535.0,8475.583333333334,False,9694529.0,161575.48333333334
19057,2023-06-13 15:39:15,1686670755.0,197.0,508732.0,8478.866666666667,False,9694726.0,161578.76666666666
19058,2023-06-13 15:43:52,1686671032.0,277.0,509009.0,8483.483333333334,False,9695003.0,161583.38333333333
19059,2023-06-13 15:48:46,1686671326.0,294.0,509303.0,8488.383333333333,False,9695297.0,161588.28333333333
19060,2023-06-13 15:51:38,1686671498.0,172.0,509475.0,8491.25,False,9695469.0,161591.15
19061,2023-06-13 16:10:43,1686672643.0,1145.0,510620.0,8510.333333333334,False,9696614.0,161610.23333333334
19062,2023-06-13 16:15:54,1686672954.0,311.0,510931.0,8515.516666666666,False,9696925.0,161615.41666666666
19063,2023-06-13 16:18:46,1686673126.0,172.0,511103.0,8518.383333333333,False,9697097.0,161618.28333333333
19064,2023-06-13 16:26:26,1686673586.0,460.0,511563.0,8526.05,False,9697557.0,161625.95
19065,2023-06-13 16:28:50,1686673730.0,144.0,511707.0,8528.45,False,9697701.0,161628.35
19066,2023-06-13 16:36:02,1686674162.0,432.0,512139.0,8535.65,False,9698133.0,161635.55
19067,2023-06-13 16:38:34,1686674314.0,152.0,512291.0,8538.183333333332,False,9698285.0,161638.08333333334
19068,2023-06-13 16:42:03,1686674523.0,209.0,512500.0,8541.666666666666,False,9698494.0,161641.56666666668
19069,2023-06-13 16:45:40,1686674740.0,217.0,512717.0,8545.283333333333,False,9698711.0,161645.18333333332
19070,2023-06-14 13:58:11,1686751091.0,76351.0,589068.0,9817.8,False,9775062.0,162917.7
19071,2023-06-14 14:09:54,1686751794.0,703.0,589771.0,9829.516666666666,False,9775765.0,162929.41666666666
19072,2023-06-14 14:15:27,1686752127.0,333.0,590104.0,9835.066666666668,False,9776098.0,162934.96666666667
19073,2023-06-14 14:26:56,1686752816.0,689.0,590793.0,9846.55,False,9776787.0,162946.45
19074,2023-06-14 14:34:11,1686753251.0,435.0,591228.0,9853.8,True,9777222.0,162953.7
19075,2023-06-14 14:41:12,1686753672.0,421.0,421.0,7.016666666666667,False,9777643.0,162960.71666666667
19076,2023-06-14 14:48:09,1686754089.0,417.0,838.0,13.966666666666667,False,9778060.0,162967.66666666666
19077,2023-06-14 15:50:13,1686757813.0,3724.0,3724.0,62.06666666666667,False,9781784.0,163029.73333333334
19078,2023-06-14 16:02:14,1686758534.0,721.0,721.0,12.016666666666667,False,9782505.0,163041.75
19079,2023-06-14 16:44:12,1686761052.0,2518.0,2518.0,41.96666666666667,False,9785023.0,163083.71666666667
19080,2023-06-14 17:06:07,1686762367.0,1315.0,1315.0,21.916666666666668,False,9786338.0,163105.63333333333
19081,2023-06-14 17:38:02,1686764282.0,1915.0,1915.0,31.916666666666668,False,9788253.0,163137.55
19082,2023-06-14 17:45:01,1686764701.0,419.0,419.0,6.983333333333333,False,9788672.0,163144.53333333333
19083,2023-06-15 14:52:59,1686840779.0,76078.0,76078.0,1267.9666666666667,False,9864750.0,164412.5
19084,2023-06-15 14:59:17,1686841157.0,378.0,76456.0,1274.2666666666667,False,9865128.0,164418.8
19085,2023-06-15 15:15:01,1686842101.0,944.0,77400.0,1290.0,False,9866072.0,164434.53333333333
19086,2023-06-15 15:27:55,1686842875.0,774.0,78174.0,1302.9,True,9866846.0,164447.43333333332
19087,2023-06-15 15:45:48,1686843948.0,1073.0,1073.0,17.883333333333333,False,9867919.0,164465.31666666668
19088,2023-06-15 16:48:15,1686847695.0,3747.0,3747.0,62.45,False,9871666.0,164527.76666666666
19089,2023-06-15 17:01:07,1686848467.0,772.0,772.0,12.866666666666667,False,9872438.0,164540.63333333333
19090,2023-06-15 17:43:37,1686851017.0,2550.0,2550.0,42.5,False,9874988.0,164583.13333333333
19091,2023-06-15 18:06:02,1686852362.0,1345.0,1345.0,22.416666666666668,False,9876333.0,164605.55
19092,2023-06-15 18:38:34,1686854314.0,1952.0,1952.0,32.53333333333333,False,9878285.0,164638.08333333334
19093,2023-06-15 18:48:31,1686854911.0,597.0,597.0,9.95,False,9878882.0,164648.03333333333
19094,2023-06-15 19:11:13,1686856273.0,1362.0,1362.0,22.7,False,9880244.0,164670.73333333334
19095,2023-06-15 19:33:10,1686857590.0,1317.0,1317.0,21.95,False,9881561.0,164692.68333333332
19096,2023-06-16 14:56:55,1686927415.0,69825.0,69825.0,1163.75,False,9951386.0,165856.43333333332
19097,2023-06-16 15:32:37,1686929557.0,2142.0,71967.0,1199.45,False,9953528.0,165892.13333333333
19098,2023-06-16 15:37:23,1686929843.0,286.0,72253.0,1204.2166666666667,False,9953814.0,165896.9
19099,2023-06-16 16:46:51,1686934011.0,4168.0,76421.0,1273.6833333333334,False,9957982.0,165966.36666666667
19100,2023-06-19 13:41:59,1687182119.0,248108.0,324529.0,5408.816666666667,False,0.0,0.0
19101,2023-06-19 13:56:11,1687182971.0,852.0,325381.0,5423.016666666666,False,852.0,14.2
19102,2023-06-19 14:06:11,1687183571.0,600.0,325981.0,5433.016666666666,True,1452.0,24.2
19103,2023-06-19 14:23:28,1687184608.0,1037.0,1037.0,17.283333333333335,False,2489.0,41.483333333333334
19104,2023-06-19 15:22:40,1687188160.0,3552.0,3552.0,59.2,False,6041.0,100.68333333333334
19105,2023-06-19 15:47:21,1687189641.0,1481.0,1481.0,24.683333333333334,False,7522.0,125.36666666666666
19106,2023-06-19 15:56:41,1687190201.0,560.0,2041.0,34.016666666666666,False,8082.0,134.7
19107,2023-06-19 15:58:53,1687190333.0,132.0,2173.0,36.21666666666667,False,8214.0,136.9
19108,2023-06-19 16:05:17,1687190717.0,384.0,2557.0,42.61666666666667,False,8598.0,143.3
19109,2023-06-19 16:17:41,1687191461.0,744.0,744.0,12.4,False,9342.0,155.7
19110,2023-06-19 16:59:32,1687193972.0,2511.0,2511.0,41.85,False,11853.0,197.55
19111,2023-06-19 17:21:32,1687195292.0,1320.0,1320.0,22.0,False,13173.0,219.55
19112,2023-06-19 17:53:22,1687197202.0,1910.0,1910.0,31.833333333333332,False,15083.0,251.38333333333333
19113,2023-06-19 18:01:10,1687197670.0,468.0,468.0,7.8,False,15551.0,259.18333333333334
19114,2023-06-20 14:11:42,1687270302.0,72632.0,72632.0,1210.5333333333333,False,88183.0,1469.7166666666667
19115,2023-06-20 14:15:11,1687270511.0,209.0,72841.0,1214.0166666666667,False,88392.0,1473.2
19116,2023-06-20 14:23:22,1687271002.0,491.0,73332.0,1222.2,False,88883.0,1481.3833333333334
19117,2023-06-20 14:34:31,1687271671.0,669.0,74001.0,1233.35,True,89552.0,1492.5333333333333
19118,2023-06-20 14:52:29,1687272749.0,1078.0,1078.0,17.966666666666665,False,90630.0,1510.5
19119,2023-06-20 15:55:16,1687276516.0,3767.0,3767.0,62.78333333333333,False,94397.0,1573.2833333333333
19120,2023-06-20 16:07:59,1687277279.0,763.0,763.0,12.716666666666667,False,95160.0,1586.0
19121,2023-06-20 16:50:44,1687279844.0,2565.0,2565.0,42.75,False,97725.0,1628.75
19122,2023-06-20 17:42:26,1687282946.0,3102.0,3102.0,51.7,False,100827.0,1680.45
19123,2023-06-20 17:54:50,1687283690.0,744.0,3846.0,64.1,False,101571.0,1692.85
19124,2023-06-20 18:18:00,1687285080.0,1390.0,1390.0,23.166666666666668,False,102961.0,1716.0166666666667
19125,2023-06-20 18:50:45,1687287045.0,1965.0,1965.0,32.75,False,104926.0,1748.7666666666667
19126,2023-06-20 18:58:10,1687287490.0,445.0,445.0,7.416666666666667,False,105371.0,1756.1833333333334
19127,2023-06-21 13:47:38,1687355258.0,67768.0,67768.0,1129.4666666666667,False,173139.0,2885.65
19128,2023-06-21 16:07:19,1687363639.0,8381.0,76149.0,1269.15,False,181520.0,3025.3333333333335
19129,2023-06-21 16:22:47,1687364567.0,928.0,77077.0,1284.6166666666666,False,182448.0,3040.8
19130,2023-06-21 16:26:16,1687364776.0,209.0,77286.0,1288.1,False,182657.0,3044.2833333333333
19131,2023-06-21 16:30:45,1687365045.0,269.0,77555.0,1292.5833333333333,False,182926.0,3048.766666666667
19132,2023-06-22 09:56:48,1687427808.0,62763.0,140318.0,2338.633333333333,False,245689.0,4094.8166666666666
19133,2023-06-22 10:04:52,1687428292.0,484.0,140802.0,2346.7,False,246173.0,4102.883333333333
19134,2023-06-22 11:19:29,1687432769.0,4477.0,145279.0,2421.3166666666666,False,250650.0,4177.5
19135,2023-06-22 11:37:45,1687433865.0,1096.0,146375.0,2439.5833333333335,False,251746.0,4195.766666666666
19136,2023-06-22 12:34:50,1687437290.0,3425.0,149800.0,2496.6666666666665,False,255171.0,4252.85
19137,2023-06-22 12:39:08,1687437548.0,258.0,150058.0,2500.9666666666667,False,255429.0,4257.15
19138,2023-06-22 12:43:38,1687437818.0,270.0,150328.0,2505.4666666666667,False,255699.0,4261.65
19139,2023-06-22 12:47:22,1687438042.0,224.0,150552.0,2509.2,False,255923.0,4265.383333333333
19140,2023-06-22 13:03:20,1687439000.0,958.0,151510.0,2525.1666666666665,False,256881.0,4281.35
19141,2023-06-22 13:07:20,1687439240.0,240.0,151750.0,2529.1666666666665,False,257121.0,4285.35
19142,2023-06-23 10:55:16,1687517716.0,78476.0,230226.0,3837.1,False,335597.0,5593.283333333334
19143,2023-06-23 10:59:32,1687517972.0,256.0,230482.0,3841.366666666667,False,335853.0,5597.55
19144,2023-06-23 11:05:48,1687518348.0,376.0,230858.0,3847.633333333333,False,336229.0,5603.816666666667
19145,2023-06-23 11:13:25,1687518805.0,457.0,231315.0,3855.25,False,336686.0,5611.433333333333
19146,2023-06-23 13:41:43,1687527703.0,8898.0,240213.0,4003.55,False,345584.0,5759.733333333334
19147,2023-06-23 13:51:43,1687528303.0,600.0,240813.0,4013.55,False,346184.0,5769.733333333334
19148,2023-06-23 13:55:46,1687528546.0,243.0,241056.0,4017.6,False,346427.0,5773.783333333334
19149,2023-06-23 14:02:02,1687528922.0,376.0,241432.0,4023.866666666667,False,346803.0,5780.05
19150,2023-06-23 14:34:40,1687530880.0,1958.0,243390.0,4056.5,False,348761.0,5812.683333333333
19151,2023-06-23 14:39:21,1687531161.0,281.0,243671.0,4061.1833333333334,False,349042.0,5817.366666666667
19152,2023-06-23 14:42:48,1687531368.0,207.0,243878.0,4064.633333333333,False,349249.0,5820.816666666667
19153,2023-06-23 14:52:22,1687531942.0,574.0,244452.0,4074.2,False,349823.0,5830.383333333333
19154,2023-06-23 15:03:09,1687532589.0,647.0,245099.0,4084.983333333333,False,350470.0,5841.166666666667
19155,2023-06-23 15:10:10,1687533010.0,421.0,245520.0,4092.0,False,350891.0,5848.183333333333
19156,2023-06-23 15:25:36,1687533936.0,926.0,246446.0,4107.433333333333,False,351817.0,5863.616666666667
19157,2023-06-23 15:36:12,1687534572.0,636.0,247082.0,4118.033333333334,False,352453.0,5874.216666666666
19158,2023-06-23 15:51:35,1687535495.0,923.0,248005.0,4133.416666666667,False,353376.0,5889.6
19159,2023-06-23 15:55:06,1687535706.0,211.0,248216.0,4136.933333333333,False,353587.0,5893.116666666667
19160,2023-06-26 15:11:41,1687792301.0,256595.0,504811.0,8413.516666666666,False,610182.0,10169.7
19161,2023-06-26 15:42:32,1687794152.0,1851.0,506662.0,8444.366666666667,False,612033.0,10200.55
19162,2023-06-26 15:47:02,1687794422.0,270.0,506932.0,8448.866666666667,False,612303.0,10205.05
19163,2023-06-26 16:07:10,1687795630.0,1208.0,508140.0,8469.0,False,613511.0,10225.183333333332
19164,2023-06-26 16:19:31,1687796371.0,741.0,508881.0,8481.35,False,614252.0,10237.533333333333
19165,2023-06-26 16:39:03,1687797543.0,1172.0,510053.0,8500.883333333333,False,615424.0,10257.066666666668
19166,2023-06-26 16:50:46,1687798246.0,703.0,510756.0,8512.6,False,616127.0,10268.783333333333
19167,2023-06-27 11:28:19,1687865299.0,67053.0,577809.0,9630.15,False,683180.0,11386.333333333334
19168,2023-06-27 12:59:03,1687870743.0,5444.0,583253.0,9720.883333333333,False,688624.0,11477.066666666668
19169,2023-06-27 13:06:52,1687871212.0,469.0,583722.0,9728.7,False,689093.0,11484.883333333333
19170,2023-06-27 13:10:02,1687871402.0,190.0,583912.0,9731.866666666667,False,689283.0,11488.05
19171,2023-06-27 13:44:00,1687873440.0,2038.0,585950.0,9765.833333333334,False,691321.0,11522.016666666666
19172,2023-06-27 13:49:48,1687873788.0,348.0,586298.0,9771.633333333333,False,691669.0,11527.816666666668
19173,2023-06-27 13:53:39,1687874019.0,231.0,586529.0,9775.483333333334,False,691900.0,11531.666666666666
19174,2023-06-27 14:22:50,1687875770.0,1751.0,588280.0,9804.666666666666,False,693651.0,11560.85
19175,2023-06-27 14:29:29,1687876169.0,399.0,588679.0,9811.316666666668,False,694050.0,11567.5
19176,2023-06-27 14:56:16,1687877776.0,1607.0,590286.0,9838.1,True,695657.0,11594.283333333333
19177,2023-06-27 15:11:18,1687878678.0,902.0,902.0,15.033333333333333,False,696559.0,11609.316666666668
19178,2023-06-27 15:25:52,1687879552.0,874.0,1776.0,29.6,False,697433.0,11623.883333333333
19179,2023-06-27 15:32:57,1687879977.0,425.0,2201.0,36.68333333333333,False,697858.0,11630.966666666667
19180,2023-06-27 15:40:21,1687880421.0,444.0,2645.0,44.083333333333336,False,698302.0,11638.366666666667
19181,2023-06-27 15:57:23,1687881443.0,1022.0,1022.0,17.033333333333335,False,699324.0,11655.4
19182,2023-06-27 16:09:47,1687882187.0,744.0,1766.0,29.433333333333334,False,700068.0,11667.8
19183,2023-06-27 16:12:01,1687882321.0,134.0,1900.0,31.666666666666668,False,700202.0,11670.033333333333
19184,2023-06-27 16:20:08,1687882808.0,487.0,2387.0,39.78333333333333,False,700689.0,11678.15
19185,2023-06-27 16:28:17,1687883297.0,489.0,2876.0,47.93333333333333,False,701178.0,11686.3
19186,2023-06-27 17:00:26,1687885226.0,1929.0,1929.0,32.15,False,703107.0,11718.45
19187,2023-06-27 17:32:23,1687887143.0,1917.0,1917.0,31.95,False,705024.0,11750.4
19188,2023-06-27 18:02:16,1687888936.0,1793.0,1793.0,29.883333333333333,False,706817.0,11780.283333333333
19189,2023-06-27 18:10:53,1687889453.0,517.0,2310.0,38.5,False,707334.0,11788.9
19190,2023-06-27 18:16:05,1687889765.0,312.0,2622.0,43.7,False,707646.0,11794.1
19191,2023-06-27 18:23:09,1687890189.0,424.0,3046.0,50.766666666666666,False,708070.0,11801.166666666666
19192,2023-06-27 18:58:21,1687892301.0,2112.0,2112.0,35.2,False,710182.0,11836.366666666667
19193,2023-06-27 19:05:20,1687892720.0,419.0,2531.0,42.18333333333333,False,710601.0,11843.35
19194,2023-06-28 15:14:35,1687965275.0,72555.0,72555.0,1209.25,False,783156.0,13052.6
19195,2023-06-28 15:26:43,1687966003.0,728.0,73283.0,1221.3833333333334,True,783884.0,13064.733333333334
19196,2023-06-28 15:43:40,1687967020.0,1017.0,1017.0,16.95,False,784901.0,13081.683333333332
19197,2023-06-28 16:00:32,1687968032.0,1012.0,1012.0,16.866666666666667,False,785913.0,13098.55
19198,2023-06-28 16:17:38,1687969058.0,1026.0,1026.0,17.1,False,786939.0,13115.65
19199,2023-06-28 16:34:33,1687970073.0,1015.0,1015.0,16.916666666666668,False,787954.0,13132.566666666668
19200,2023-06-28 17:01:30,1687971690.0,1617.0,1617.0,26.95,False,789571.0,13159.516666666666
19201,2023-06-28 17:31:30,1687973490.0,1800.0,1800.0,30.0,False,791371.0,13189.516666666666
19202,2023-06-28 18:01:33,1687975293.0,1803.0,1803.0,30.05,False,793174.0,13219.566666666668
19203,2023-06-28 18:31:31,1687977091.0,1798.0,1798.0,29.966666666666665,False,794972.0,13249.533333333333
19204,2023-06-28 18:41:50,1687977710.0,619.0,619.0,10.316666666666666,False,795591.0,13259.85
19205,2023-06-28 18:53:47,1687978427.0,717.0,717.0,11.95,False,796308.0,13271.8
19206,2023-06-28 19:06:06,1687979166.0,739.0,739.0,12.316666666666666,False,797047.0,13284.116666666667
19207,2023-06-28 19:18:13,1687979893.0,727.0,727.0,12.116666666666667,False,797774.0,13296.233333333334
19208,2023-06-29 15:52:43,1688053963.0,74070.0,74070.0,1234.5,False,871844.0,14530.733333333334
19209,2023-06-29 16:00:40,1688054440.0,477.0,74547.0,1242.45,True,872321.0,14538.683333333332
19210,2023-06-29 16:11:39,1688055099.0,659.0,659.0,10.983333333333333,False,872980.0,14549.666666666666
19211,2023-06-29 16:22:39,1688055759.0,660.0,660.0,11.0,False,873640.0,14560.666666666666
19212,2023-06-29 16:35:06,1688056506.0,747.0,747.0,12.45,False,874387.0,14573.116666666667
19213,2023-06-29 16:46:03,1688057163.0,657.0,657.0,10.95,False,875044.0,14584.066666666668
19214,2023-06-29 17:06:59,1688058419.0,1256.0,1256.0,20.933333333333334,False,876300.0,14605.0
19215,2023-06-29 17:28:04,1688059684.0,1265.0,1265.0,21.083333333333332,False,877565.0,14626.083333333334
19216,2023-06-29 17:49:03,1688060943.0,1259.0,1259.0,20.983333333333334,False,878824.0,14647.066666666668
19217,2023-06-29 18:09:56,1688062196.0,1253.0,1253.0,20.883333333333333,False,880077.0,14667.95
19218,2023-06-29 18:20:53,1688062853.0,657.0,657.0,10.95,False,880734.0,14678.9
19219,2023-06-29 18:31:45,1688063505.0,652.0,652.0,10.866666666666667,False,881386.0,14689.766666666666
19220,2023-06-29 18:42:42,1688064162.0,657.0,657.0,10.95,False,882043.0,14700.716666666667
19221,2023-06-29 19:02:40,1688065360.0,1198.0,1198.0,19.966666666666665,False,883241.0,14720.683333333332
19222,2023-06-29 19:23:29,1688066609.0,1249.0,1249.0,20.816666666666666,False,884490.0,14741.5
19223,2023-06-29 19:43:24,1688067804.0,1195.0,1195.0,19.916666666666668,False,885685.0,14761.416666666666
19224,2023-06-30 15:17:53,1688138273.0,70469.0,70469.0,1174.4833333333333,False,956154.0,15935.9
19225,2023-06-30 15:24:53,1688138693.0,420.0,70889.0,1181.4833333333333,True,956574.0,15942.9
19226,2023-06-30 15:54:11,1688140451.0,1758.0,1758.0,29.3,False,958332.0,15972.2
19227,2023-06-30 16:24:08,1688142248.0,1797.0,1797.0,29.95,False,960129.0,16002.15
19228,2023-06-30 16:42:06,1688143326.0,1078.0,1078.0,17.966666666666665,False,961207.0,16020.116666666667
19229,2023-06-30 16:44:54,1688143494.0,168.0,1246.0,20.766666666666666,False,961375.0,16022.916666666666
19230,2023-06-30 16:47:44,1688143664.0,170.0,1416.0,23.6,False,961545.0,16025.75
19231,2023-06-30 16:54:21,1688144061.0,397.0,1813.0,30.216666666666665,False,961942.0,16032.366666666667
19232,2023-06-30 17:12:38,1688145158.0,1097.0,1097.0,18.283333333333335,False,963039.0,16050.65
19233,2023-06-30 17:15:19,1688145319.0,161.0,1258.0,20.966666666666665,False,963200.0,16053.333333333334
19234,2023-06-30 17:17:58,1688145478.0,159.0,1417.0,23.616666666666667,False,963359.0,16055.983333333334
19235,2023-06-30 17:24:27,1688145867.0,389.0,1806.0,30.1,False,963748.0,16062.466666666667
19236,2023-06-30 17:42:28,1688146948.0,1081.0,1081.0,18.016666666666666,False,964829.0,16080.483333333334
19237,2023-06-30 17:45:08,1688147108.0,160.0,1241.0,20.683333333333334,False,964989.0,16083.15
19238,2023-06-30 17:47:50,1688147270.0,162.0,1403.0,23.383333333333333,False,965151.0,16085.85
19239,2023-06-30 17:54:19,1688147659.0,389.0,1792.0,29.866666666666667,False,965540.0,16092.333333333334
19240,2023-07-04 17:14:09,1688490849.0,343190.0,343190.0,5719.833333333333,False,1308730.0,21812.166666666668
19241,2023-07-04 17:28:51,1688491731.0,882.0,344072.0,5734.533333333334,False,1309612.0,21826.866666666665
19242,2023-07-04 17:50:16,1688493016.0,1285.0,345357.0,5755.95,False,1310897.0,21848.283333333333
19243,2023-07-04 18:07:08,1688494028.0,1012.0,346369.0,5772.816666666667,False,1311909.0,21865.15
19244,2023-07-04 18:22:24,1688494944.0,916.0,347285.0,5788.083333333333,False,1312825.0,21880.416666666668
19245,2023-07-04 18:34:32,1688495672.0,728.0,348013.0,5800.216666666666,False,1313553.0,21892.55
19246,2023-07-04 18:40:58,1688496058.0,386.0,348399.0,5806.65,False,1313939.0,21898.983333333334
19247,2023-07-04 18:50:46,1688496646.0,588.0,348987.0,5816.45,False,1314527.0,21908.783333333333
19248,2023-07-04 19:09:42,1688497782.0,1136.0,350123.0,5835.383333333333,False,1315663.0,21927.716666666667
19249,2023-07-04 19:24:04,1688498644.0,862.0,350985.0,5849.75,False,1316525.0,21942.083333333332
19250,2023-07-05 10:04:12,1688551452.0,52808.0,403793.0,6729.883333333333,False,1369333.0,22822.216666666667
19251,2023-07-05 10:18:20,1688552300.0,848.0,404641.0,6744.016666666666,False,1370181.0,22836.35
19252,2023-07-05 10:29:37,1688552977.0,677.0,405318.0,6755.3,False,1370858.0,22847.633333333335
19253,2023-07-05 11:20:50,1688556050.0,3073.0,408391.0,6806.516666666666,False,1373931.0,22898.85
19254,2023-07-05 11:38:06,1688557086.0,1036.0,409427.0,6823.783333333334,False,1374967.0,22916.116666666665
19255,2023-07-05 11:53:43,1688558023.0,937.0,410364.0,6839.4,False,1375904.0,22931.733333333334
19256,2023-07-05 12:05:38,1688558738.0,715.0,411079.0,6851.316666666667,False,1376619.0,22943.65
19257,2023-07-05 12:54:38,1688561678.0,2940.0,414019.0,6900.316666666667,False,1379559.0,22992.65
19258,2023-07-05 13:08:41,1688562521.0,843.0,414862.0,6914.366666666667,False,1380402.0,23006.7
19259,2023-07-05 13:28:03,1688563683.0,1162.0,416024.0,6933.733333333334,False,1381564.0,23026.066666666666
19260,2023-07-05 14:07:55,1688566075.0,2392.0,418416.0,6973.6,False,1383956.0,23065.933333333334
19261,2023-07-05 14:22:29,1688566949.0,874.0,419290.0,6988.166666666667,False,1384830.0,23080.5
19262,2023-07-05 14:57:54,1688569074.0,2125.0,421415.0,7023.583333333333,False,1386955.0,23115.916666666668
19263,2023-07-05 15:17:14,1688570234.0,1160.0,422575.0,7042.916666666667,False,1388115.0,23135.25
19264,2023-07-05 15:31:43,1688571103.0,869.0,423444.0,7057.4,False,1388984.0,23149.733333333334
19265,2023-07-11 11:04:11,1689073451.0,502348.0,925792.0,15429.866666666667,False,1891332.0,31522.2
19266,2023-07-11 11:08:20,1689073700.0,249.0,926041.0,15434.016666666666,False,1891581.0,31526.35
19267,2023-07-11 12:19:49,1689077989.0,4289.0,930330.0,15505.5,False,1895870.0,31597.833333333332
19268,2023-07-11 12:51:35,1689079895.0,1906.0,932236.0,15537.266666666666,False,1897776.0,31629.6
19269,2023-07-11 14:01:48,1689084108.0,4213.0,936449.0,15607.483333333334,False,1901989.0,31699.816666666666
19270,2023-07-11 14:06:08,1689084368.0,260.0,936709.0,15611.816666666668,False,1902249.0,31704.15
19271,2023-07-11 14:10:40,1689084640.0,272.0,936981.0,15616.35,False,1902521.0,31708.683333333334
19272,2023-07-11 14:14:26,1689084866.0,226.0,937207.0,15620.116666666667,False,1902747.0,31712.45
19273,2023-07-11 14:19:08,1689085148.0,282.0,937489.0,15624.816666666668,False,1903029.0,31717.15
19274,2023-07-11 14:26:01,1689085561.0,413.0,937902.0,15631.7,False,1903442.0,31724.033333333333
19275,2023-07-11 14:30:31,1689085831.0,270.0,938172.0,15636.2,False,1903712.0,31728.533333333333
19276,2023-07-11 14:35:45,1689086145.0,314.0,938486.0,15641.433333333332,False,1904026.0,31733.766666666666
19277,2023-07-11 14:41:00,1689086460.0,315.0,938801.0,15646.683333333332,False,1904341.0,31739.016666666666
19278,2023-07-12 11:00:52,1689159652.0,73192.0,1011993.0,16866.55,False,1977533.0,32958.88333333333
19279,2023-07-12 13:17:53,1689167873.0,8221.0,1020214.0,17003.566666666666,False,1985754.0,33095.9
19280,2023-07-12 13:25:12,1689168312.0,439.0,1020653.0,17010.883333333335,False,1986193.0,33103.21666666667
19281,2023-07-12 13:31:58,1689168718.0,406.0,1021059.0,17017.65,False,1986599.0,33109.98333333333
19282,2023-07-12 13:35:56,1689168956.0,238.0,1021297.0,17021.616666666665,False,1986837.0,33113.95
19284,2023-07-13 11:50:50,1689249050.0,80094.0,1101391.0,18356.516666666666,False,2066931.0,34448.85
19285,2023-07-13 11:54:02,1689249242.0,192.0,1101583.0,18359.716666666667,False,2067123.0,34452.05
19286,2023-07-13 11:57:36,1689249456.0,214.0,1101797.0,18363.283333333333,False,2067337.0,34455.61666666667
19287,2023-07-13 12:48:02,1689252482.0,3026.0,1104823.0,18413.716666666667,False,2070363.0,34506.05
19288,2023-07-13 13:35:50,1689255350.0,2868.0,1107691.0,18461.516666666666,False,2073231.0,34553.85
19289,2023-07-13 13:39:17,1689255557.0,207.0,1107898.0,18464.966666666667,False,2073438.0,34557.3
19290,2023-07-13 13:45:05,1689255905.0,348.0,1108246.0,18470.766666666666,False,2073786.0,34563.1
19291,2023-07-13 13:53:18,1689256398.0,493.0,1108739.0,18478.983333333334,False,2074279.0,34571.316666666666
19292,2023-07-13 14:08:26,1689257306.0,908.0,1109647.0,18494.116666666665,False,2075187.0,34586.45
19293,2023-07-13 14:17:30,1689257850.0,544.0,1110191.0,18503.183333333334,False,2075731.0,34595.51666666667
19294,2023-07-13 15:46:26,1689263186.0,5336.0,1115527.0,18592.116666666665,False,2081067.0,34684.45
19295,2023-07-13 15:48:43,1689263323.0,137.0,1115664.0,18594.4,False,2081204.0,34686.73333333333
19296,2023-07-13 15:55:03,1689263703.0,380.0,1116044.0,18600.733333333334,True,2081584.0,34693.066666666666
19297,2023-07-13 16:06:39,1689264399.0,696.0,696.0,11.6,False,2082280.0,34704.666666666664
19298,2023-07-13 16:22:04,1689265324.0,925.0,925.0,15.416666666666666,False,2083205.0,34720.083333333336
19299,2023-07-13 16:40:42,1689266442.0,1118.0,1118.0,18.633333333333333,False,2084323.0,34738.71666666667
19300,2023-07-13 16:47:27,1689266847.0,405.0,405.0,6.75,False,2084728.0,34745.46666666667
19301,2023-07-13 17:06:00,1689267960.0,1113.0,1518.0,25.3,False,2085841.0,34764.01666666667
19302,2023-07-13 17:27:25,1689269245.0,1285.0,1285.0,21.416666666666668,False,2087126.0,34785.433333333334
19303,2023-07-13 17:45:18,1689270318.0,1073.0,1073.0,17.883333333333333,False,2088199.0,34803.316666666666
19304,2023-07-13 17:54:24,1689270864.0,546.0,546.0,9.1,False,2088745.0,34812.416666666664
19305,2023-07-13 18:22:05,1689272525.0,1661.0,1661.0,27.683333333333334,False,2090406.0,34840.1
19306,2023-07-13 18:47:25,1689274045.0,1520.0,1520.0,25.333333333333332,False,2091926.0,34865.433333333334
19307,2023-07-13 18:54:08,1689274448.0,403.0,1923.0,32.05,False,2092329.0,34872.15
19308,2023-07-13 19:03:42,1689275022.0,574.0,574.0,9.566666666666666,False,2092903.0,34881.71666666667
19309,2023-07-14 09:46:08,1689327968.0,52946.0,52946.0,882.4333333333333,False,2145849.0,35764.15
19310,2023-07-14 12:07:20,1689336440.0,8472.0,61418.0,1023.6333333333333,False,2154321.0,35905.35
19311,2023-07-14 12:29:54,1689337794.0,1354.0,62772.0,1046.2,False,2155675.0,35927.916666666664
19312,2023-07-14 12:35:44,1689338144.0,350.0,63122.0,1052.0333333333333,False,2156025.0,35933.75
19313,2023-07-14 12:48:44,1689338924.0,780.0,63902.0,1065.0333333333333,True,2156805.0,35946.75
19314,2023-07-14 14:40:36,1689345636.0,6712.0,6712.0,111.86666666666666,False,2163517.0,36058.61666666667
19315,2023-07-14 14:45:48,1689345948.0,312.0,7024.0,117.06666666666666,False,2163829.0,36063.816666666666
19316,2023-07-14 14:49:36,1689346176.0,228.0,7252.0,120.86666666666666,False,2164057.0,36067.61666666667
19317,2023-07-14 15:00:29,1689346829.0,653.0,7905.0,131.75,False,2164710.0,36078.5
19318,2023-07-14 15:09:26,1689347366.0,537.0,537.0,8.95,False,2165247.0,36087.45
19319,2023-07-14 15:14:52,1689347692.0,326.0,863.0,14.383333333333333,False,2165573.0,36092.88333333333
19320,2023-07-14 15:33:50,1689348830.0,1138.0,1138.0,18.966666666666665,False,2166711.0,36111.85
19321,2023-07-14 15:55:21,1689350121.0,1291.0,1291.0,21.516666666666666,False,2168002.0,36133.36666666667
19322,2023-07-14 16:12:13,1689351133.0,1012.0,1012.0,16.866666666666667,False,2169014.0,36150.23333333333
19323,2023-07-14 16:25:19,1689351919.0,786.0,786.0,13.1,False,2169800.0,36163.333333333336
19324,2023-07-14 16:39:44,1689352784.0,865.0,865.0,14.416666666666666,False,2170665.0,36177.75
19325,2023-07-14 17:04:14,1689354254.0,1470.0,1470.0,24.5,False,2172135.0,36202.25
19326,2023-07-14 17:18:27,1689355107.0,853.0,853.0,14.216666666666667,False,2172988.0,36216.46666666667
19327,2023-07-14 17:29:52,1689355792.0,685.0,685.0,11.416666666666666,False,2173673.0,36227.88333333333
19328,2023-07-14 17:42:23,1689356543.0,751.0,751.0,12.516666666666667,False,2174424.0,36240.4
19329,2023-07-14 17:51:58,1689357118.0,575.0,575.0,9.583333333333334,False,2174999.0,36249.98333333333
19330,2023-07-14 18:01:41,1689357701.0,583.0,583.0,9.716666666666667,False,2175582.0,36259.7
19331,2023-07-14 18:10:58,1689358258.0,557.0,557.0,9.283333333333333,False,2176139.0,36268.98333333333
19332,2023-07-14 18:20:20,1689358820.0,562.0,562.0,9.366666666666667,False,2176701.0,36278.35
19333,2023-07-14 18:30:13,1689359413.0,593.0,593.0,9.883333333333333,False,2177294.0,36288.23333333333
19334,2023-07-14 18:40:25,1689360025.0,612.0,612.0,10.2,False,2177906.0,36298.433333333334
19335,2023-07-14 18:52:21,1689360741.0,716.0,716.0,11.933333333333334,False,2178622.0,36310.36666666667
19336,2023-07-14 19:02:50,1689361370.0,629.0,629.0,10.483333333333333,False,2179251.0,36320.85
19337,2023-07-14 19:13:34,1689362014.0,644.0,644.0,10.733333333333333,False,2179895.0,36331.583333333336
19338,2023-07-17 14:04:03,1689602643.0,240629.0,240629.0,4010.483333333333,False,2420524.0,40342.066666666666
19339,2023-07-17 16:08:18,1689610098.0,7455.0,248084.0,4134.733333333334,False,2427979.0,40466.316666666666
19340,2023-07-17 16:24:11,1689611051.0,953.0,249037.0,4150.616666666667,False,2428932.0,40482.2
19341,2023-07-17 16:37:14,1689611834.0,783.0,249820.0,4163.666666666667,True,2429715.0,40495.25
19342,2023-07-17 16:51:31,1689612691.0,857.0,857.0,14.283333333333333,False,2430572.0,40509.53333333333
19343,2023-07-17 17:15:55,1689614155.0,1464.0,1464.0,24.4,False,2432036.0,40533.933333333334
19344,2023-07-17 17:38:10,1689615490.0,1335.0,1335.0,22.25,False,2433371.0,40556.183333333334
19345,2023-07-17 18:00:25,1689616825.0,1335.0,1335.0,22.25,False,2434706.0,40578.433333333334
19346,2023-07-17 18:22:04,1689618124.0,1299.0,1299.0,21.65,False,2436005.0,40600.083333333336
19347,2023-07-17 18:46:30,1689619590.0,1466.0,2765.0,46.083333333333336,False,2437471.0,40624.51666666667
19348,2023-07-17 19:05:47,1689620747.0,1157.0,1157.0,19.283333333333335,False,2438628.0,40643.8
19349,2023-07-18 14:47:19,1689691639.0,70892.0,72049.0,1200.8166666666666,False,2509520.0,41825.333333333336
19350,2023-07-19 10:48:05,1689763685.0,72046.0,144095.0,2401.5833333333335,False,2581566.0,43026.1
19351,2023-07-19 10:55:18,1689764118.0,433.0,144528.0,2408.8,False,2581999.0,43033.316666666666
19352,2023-07-19 11:03:24,1689764604.0,486.0,145014.0,2416.9,False,2582485.0,43041.416666666664
19353,2023-07-19 13:50:32,1689774632.0,10028.0,155042.0,2584.0333333333333,False,2592513.0,43208.55
19354,2023-07-19 13:54:45,1689774885.0,253.0,155295.0,2588.25,False,2592766.0,43212.76666666667
19355,2023-07-19 14:16:52,1689776212.0,1327.0,156622.0,2610.366666666667,False,2594093.0,43234.88333333333
19356,2023-07-19 14:22:05,1689776525.0,313.0,156935.0,2615.5833333333335,False,2594406.0,43240.1
19357,2023-07-19 14:32:30,1689777150.0,625.0,157560.0,2626.0,False,2595031.0,43250.51666666667
19358,2023-07-19 14:35:09,1689777309.0,159.0,157719.0,2628.65,False,2595190.0,43253.166666666664
19359,2023-07-19 14:39:57,1689777597.0,288.0,158007.0,2633.45,False,2595478.0,43257.96666666667
19360,2023-07-21 13:14:46,1689945286.0,167689.0,325696.0,5428.266666666666,False,2763167.0,46052.78333333333
19361,2023-07-21 13:48:58,1689947338.0,2052.0,327748.0,5462.466666666666,False,2765219.0,46086.98333333333
19362,2023-07-21 14:02:58,1689948178.0,840.0,328588.0,5476.466666666666,False,2766059.0,46100.98333333333
19363,2023-07-21 14:14:28,1689948868.0,690.0,329278.0,5487.966666666666,False,2766749.0,46112.48333333333
19365,2023-07-21 15:48:16,1689954496.0,5628.0,334906.0,5581.766666666666,False,2772377.0,46206.28333333333
19366,2023-07-24 09:51:29,1690192289.0,237793.0,572699.0,9544.983333333334,False,3010170.0,50169.5
19367,2023-07-24 09:55:53,1690192553.0,264.0,572963.0,9549.383333333333,False,3010434.0,50173.9
19368,2023-07-24 10:01:12,1690192872.0,319.0,573282.0,9554.7,False,3010753.0,50179.21666666667
19369,2023-07-24 10:06:12,1690193172.0,300.0,573582.0,9559.7,False,3011053.0,50184.21666666667
19370,2023-07-25 09:28:03,1690277283.0,84111.0,657693.0,10961.55,False,3095164.0,51586.066666666666
19371,2023-07-25 11:08:08,1690283288.0,6005.0,663698.0,11061.633333333333,False,3101169.0,51686.15
19372,2023-07-25 11:18:33,1690283913.0,625.0,664323.0,11072.05,False,3101794.0,51696.566666666666
19373,2023-07-25 11:30:28,1690284628.0,715.0,665038.0,11083.966666666667,True,3102509.0,51708.48333333333
19374,2023-07-25 11:37:35,1690285055.0,427.0,427.0,7.116666666666666,False,3102936.0,51715.6
19375,2023-07-25 11:51:54,1690285914.0,859.0,859.0,14.316666666666666,False,3103795.0,51729.916666666664
19376,2023-07-25 12:19:07,1690287547.0,1633.0,1633.0,27.216666666666665,False,3105428.0,51757.13333333333
19377,2023-07-25 12:31:21,1690288281.0,734.0,734.0,12.233333333333333,False,3106162.0,51769.36666666667
19378,2023-07-25 12:43:19,1690288999.0,718.0,718.0,11.966666666666667,False,3106880.0,51781.333333333336
19379,2023-07-25 12:56:24,1690289784.0,785.0,785.0,13.083333333333334,False,3107665.0,51794.416666666664
19380,2023-07-25 13:16:36,1690290996.0,1212.0,1212.0,20.2,False,3108877.0,51814.61666666667
19381,2023-07-25 13:28:31,1690291711.0,715.0,715.0,11.916666666666666,False,3109592.0,51826.53333333333
19382,2023-07-25 13:40:57,1690292457.0,746.0,746.0,12.433333333333334,False,3110338.0,51838.96666666667
19383,2023-07-25 13:59:03,1690293543.0,1086.0,1086.0,18.1,False,3111424.0,51857.066666666666
19384,2023-07-25 14:24:26,1690295066.0,1523.0,1523.0,25.383333333333333,False,3112947.0,51882.45
19385,2023-07-25 15:48:02,1690300082.0,5016.0,5016.0,83.6,False,3117963.0,51966.05
19386,2023-07-25 15:59:54,1690300794.0,712.0,712.0,11.866666666666667,False,3118675.0,51977.916666666664
19387,2023-07-25 16:12:36,1690301556.0,762.0,762.0,12.7,False,3119437.0,51990.61666666667
19388,2023-07-25 16:24:50,1690302290.0,734.0,734.0,12.233333333333333,False,3120171.0,52002.85
19389,2023-07-25 16:36:51,1690303011.0,721.0,721.0,12.016666666666667,False,3120892.0,52014.86666666667
19390,2023-07-25 16:50:25,1690303825.0,814.0,814.0,13.566666666666666,False,3121706.0,52028.433333333334
19391,2023-07-25 17:13:37,1690305217.0,1392.0,1392.0,23.2,False,3123098.0,52051.63333333333
19392,2023-07-25 17:25:37,1690305937.0,720.0,720.0,12.0,False,3123818.0,52063.63333333333
19393,2023-07-25 17:37:30,1690306650.0,713.0,713.0,11.883333333333333,False,3124531.0,52075.51666666667
19394,2023-07-25 17:49:27,1690307367.0,717.0,717.0,11.95,False,3125248.0,52087.46666666667
19395,2023-07-25 18:02:00,1690308120.0,753.0,753.0,12.55,False,3126001.0,52100.01666666667
19396,2023-07-25 18:14:22,1690308862.0,742.0,742.0,12.366666666666667,False,3126743.0,52112.38333333333
19397,2023-07-25 18:27:03,1690309623.0,761.0,761.0,12.683333333333334,False,3127504.0,52125.066666666666
19398,2023-07-25 18:39:15,1690310355.0,732.0,732.0,12.2,False,3128236.0,52137.26666666667
19399,2023-07-25 18:53:06,1690311186.0,831.0,831.0,13.85,False,3129067.0,52151.11666666667
19400,2023-07-27 10:21:43,1690453303.0,142117.0,142117.0,2368.616666666667,False,3271184.0,54519.73333333333
19401,2023-07-27 10:30:55,1690453855.0,552.0,142669.0,2377.8166666666666,False,3271736.0,54528.933333333334
19402,2023-07-27 10:35:44,1690454144.0,289.0,142958.0,2382.633333333333,False,3272025.0,54533.75
19403,2023-07-28 10:41:52,1690540912.0,86768.0,229726.0,3828.766666666667,False,3358793.0,55979.88333333333
19404,2023-07-28 10:54:00,1690541640.0,728.0,230454.0,3840.9,False,3359521.0,55992.01666666667
19405,2023-07-28 10:58:32,1690541912.0,272.0,230726.0,3845.4333333333334,False,3359793.0,55996.55
19406,2023-07-28 11:07:43,1690542463.0,551.0,231277.0,3854.616666666667,False,3360344.0,56005.73333333333
19407,2023-07-28 11:22:53,1690543373.0,910.0,232187.0,3869.7833333333333,True,3361254.0,56020.9
19408,2023-07-28 11:30:06,1690543806.0,433.0,433.0,7.216666666666667,False,3361687.0,56028.11666666667
19409,2023-07-28 11:42:34,1690544554.0,748.0,748.0,12.466666666666667,False,3362435.0,56040.583333333336
19410,2023-07-28 11:57:58,1690545478.0,924.0,924.0,15.4,False,3363359.0,56055.98333333333
19411,2023-07-28 12:14:24,1690546464.0,986.0,986.0,16.433333333333334,False,3364345.0,56072.416666666664
19412,2023-07-28 14:02:08,1690552928.0,6464.0,6464.0,107.73333333333333,False,3370809.0,56180.15
19413,2023-07-28 14:13:26,1690553606.0,678.0,678.0,11.3,False,3371487.0,56191.45
19414,2023-07-28 14:25:02,1690554302.0,696.0,696.0,11.6,False,3372183.0,56203.05
19415,2023-07-28 14:37:01,1690555021.0,719.0,719.0,11.983333333333333,False,3372902.0,56215.03333333333
19416,2023-07-28 14:48:42,1690555722.0,701.0,701.0,11.683333333333334,False,3373603.0,56226.71666666667
19417,2023-07-28 15:04:46,1690556686.0,964.0,964.0,16.066666666666666,False,3374567.0,56242.78333333333
19418,2023-07-28 15:16:09,1690557369.0,683.0,683.0,11.383333333333333,False,3375250.0,56254.166666666664
19419,2023-07-28 15:32:18,1690558338.0,969.0,969.0,16.15,False,3376219.0,56270.316666666666
19420,2023-07-28 15:41:08,1690558868.0,530.0,1499.0,24.983333333333334,False,3376749.0,56279.15
19421,2023-07-28 15:52:23,1690559543.0,675.0,675.0,11.25,False,3377424.0,56290.4
19422,2023-07-28 16:04:22,1690560262.0,719.0,719.0,11.983333333333333,False,3378143.0,56302.38333333333
19423,2023-07-28 16:15:45,1690560945.0,683.0,683.0,11.383333333333333,False,3378826.0,56313.76666666667
19424,2023-07-28 16:27:07,1690561627.0,682.0,682.0,11.366666666666667,False,3379508.0,56325.13333333333
19425,2023-07-28 16:33:36,1690562016.0,389.0,1071.0,17.85,False,3379897.0,56331.61666666667
19426,2023-07-28 16:44:34,1690562674.0,658.0,658.0,10.966666666666667,False,3380555.0,56342.583333333336
19427,2023-07-28 16:58:45,1690563525.0,851.0,851.0,14.183333333333334,False,3381406.0,56356.76666666667
19428,2023-07-28 17:10:20,1690564220.0,695.0,695.0,11.583333333333334,False,3382101.0,56368.35
19429,2023-07-28 17:22:08,1690564928.0,708.0,708.0,11.8,False,3382809.0,56380.15
19430,2023-07-28 17:34:53,1690565693.0,765.0,765.0,12.75,False,3383574.0,56392.9
19431,2023-07-31 14:13:17,1690812797.0,247104.0,247104.0,4118.4,False,3630678.0,60511.3
19432,2023-07-31 14:21:07,1690813267.0,470.0,247574.0,4126.233333333334,False,3631148.0,60519.13333333333
19433,2023-07-31 14:38:37,1690814317.0,1050.0,248624.0,4143.733333333334,False,3632198.0,60536.63333333333
19434,2023-07-31 14:54:02,1690815242.0,925.0,249549.0,4159.15,False,3633123.0,60552.05
19435,2023-07-31 15:02:12,1690815732.0,490.0,250039.0,4167.316666666667,True,3633613.0,60560.21666666667
19436,2023-07-31 15:31:55,1690817515.0,1783.0,1783.0,29.716666666666665,False,3635396.0,60589.933333333334
19437,2023-07-31 15:46:24,1690818384.0,869.0,2652.0,44.2,False,3636265.0,60604.416666666664
19438,2023-07-31 16:09:13,1690819753.0,1369.0,4021.0,67.01666666666667,False,3637634.0,60627.23333333333
19439,2023-07-31 16:14:49,1690820089.0,336.0,4357.0,72.61666666666666,False,3637970.0,60632.833333333336
19440,2023-07-31 16:49:51,1690822191.0,2102.0,6459.0,107.65,False,3640072.0,60667.86666666667
19441,2023-07-31 16:56:21,1690822581.0,390.0,6849.0,114.15,False,3640462.0,60674.36666666667
19442,2023-07-31 17:06:35,1690823195.0,614.0,7463.0,124.38333333333334,False,3641076.0,60684.6
19443,2023-07-31 17:49:57,1690825797.0,2602.0,10065.0,167.75,False,3643678.0,60727.96666666667
19444,2023-07-31 18:02:23,1690826543.0,746.0,746.0,12.433333333333334,False,3644424.0,60740.4
19445,2023-07-31 18:16:52,1690827412.0,869.0,869.0,14.483333333333333,False,3645293.0,60754.88333333333
19446,2023-07-31 18:27:29,1690828049.0,637.0,637.0,10.616666666666667,False,3645930.0,60765.5
19447,2023-08-01 08:47:41,1690879661.0,51612.0,51612.0,860.2,False,3697542.0,61625.7
19448,2023-08-01 12:30:30,1690893030.0,13369.0,64981.0,1083.0166666666667,False,3710911.0,61848.51666666667
19449,2023-08-01 12:36:10,1690893370.0,340.0,65321.0,1088.6833333333334,False,3711251.0,61854.183333333334
19450,2023-08-01 12:46:13,1690893973.0,603.0,65924.0,1098.7333333333333,True,3711854.0,61864.23333333333
19451,2023-08-01 12:55:47,1690894547.0,574.0,574.0,9.566666666666666,False,3712428.0,61873.8
19452,2023-08-01 13:13:03,1690895583.0,1036.0,1036.0,17.266666666666666,False,3713464.0,61891.066666666666
19453,2023-08-01 13:46:51,1690897611.0,2028.0,2028.0,33.8,False,3715492.0,61924.86666666667
19454,2023-08-01 13:57:13,1690898233.0,622.0,622.0,10.366666666666667,False,3716114.0,61935.23333333333
19455,2023-08-01 14:28:30,1690900110.0,1877.0,1877.0,31.283333333333335,False,3717991.0,61966.51666666667
19456,2023-08-01 14:46:28,1690901188.0,1078.0,1078.0,17.966666666666665,False,3719069.0,61984.48333333333
19457,2023-08-01 15:02:04,1690902124.0,936.0,2014.0,33.56666666666667,False,3720005.0,62000.083333333336
19458,2023-08-01 15:13:28,1690902808.0,684.0,684.0,11.4,False,3720689.0,62011.48333333333
19459,2023-08-01 15:31:25,1690903885.0,1077.0,1761.0,29.35,False,3721766.0,62029.433333333334
19460,2023-08-01 15:35:09,1690904109.0,224.0,224.0,3.7333333333333334,False,3721990.0,62033.166666666664
19461,2023-08-01 15:45:18,1690904718.0,609.0,833.0,13.883333333333333,False,3722599.0,62043.316666666666
19462,2023-08-01 16:02:44,1690905764.0,1046.0,1879.0,31.316666666666666,False,3723645.0,62060.75
19463,2023-08-01 16:32:03,1690907523.0,1759.0,1759.0,29.316666666666666,False,3725404.0,62090.066666666666
19464,2023-08-01 17:02:13,1690909333.0,1810.0,1810.0,30.166666666666668,False,3727214.0,62120.23333333333
19465,2023-08-01 17:32:08,1690911128.0,1795.0,1795.0,29.916666666666668,False,3729009.0,62150.15
19466,2023-08-01 18:02:40,1690912960.0,1832.0,1832.0,30.533333333333335,False,3730841.0,62180.683333333334
19467,2023-08-01 18:31:42,1690914702.0,1742.0,1742.0,29.033333333333335,False,3732583.0,62209.71666666667
19468,2023-08-02 11:26:41,1690975601.0,60899.0,60899.0,1014.9833333333333,False,3793482.0,63224.7
19469,2023-08-02 11:36:52,1690976212.0,611.0,61510.0,1025.1666666666667,False,3794093.0,63234.88333333333
19470,2023-08-02 11:47:32,1690976852.0,640.0,62150.0,1035.8333333333333,True,3794733.0,63245.55
19471,2023-08-02 12:17:22,1690978642.0,1790.0,1790.0,29.833333333333332,False,3796523.0,63275.38333333333
19472,2023-08-02 12:47:06,1690980426.0,1784.0,1784.0,29.733333333333334,False,3798307.0,63305.11666666667
19473,2023-08-02 13:17:15,1690982235.0,1809.0,1809.0,30.15,False,3800116.0,63335.26666666667
19474,2023-08-02 13:46:58,1690984018.0,1783.0,1783.0,29.716666666666665,False,3801899.0,63364.98333333333
19475,2023-08-02 14:17:14,1690985834.0,1816.0,1816.0,30.266666666666666,False,3803715.0,63395.25
19476,2023-08-02 14:47:02,1690987622.0,1788.0,1788.0,29.8,False,3805503.0,63425.05
19477,2023-08-02 15:17:00,1690989420.0,1798.0,1798.0,29.966666666666665,False,3807301.0,63455.01666666667
19478,2023-08-02 15:48:05,1690991285.0,1865.0,1865.0,31.083333333333332,False,3809166.0,63486.1
19479,2023-08-02 16:16:59,1690993019.0,1734.0,1734.0,28.9,False,3810900.0,63515.0
19480,2023-08-02 16:47:08,1690994828.0,1809.0,1809.0,30.15,False,3812709.0,63545.15
19481,2023-08-02 17:16:26,1690996586.0,1758.0,1758.0,29.3,False,3814467.0,63574.45
19482,2023-08-03 10:16:11,1691057771.0,61185.0,61185.0,1019.75,False,3875652.0,64594.2
19483,2023-08-03 11:05:17,1691060717.0,2946.0,64131.0,1068.85,False,3878598.0,64643.3
19484,2023-08-03 11:37:35,1691062655.0,1938.0,66069.0,1101.15,False,3880536.0,64675.6
19485,2023-08-03 15:03:13,1691074993.0,12338.0,78407.0,1306.7833333333333,False,3892874.0,64881.23333333333
19486,2023-08-03 15:08:44,1691075324.0,331.0,78738.0,1312.3,False,3893205.0,64886.75
19487,2023-08-03 15:17:58,1691075878.0,554.0,79292.0,1321.5333333333333,False,3893759.0,64895.98333333333
19488,2023-08-03 15:37:30,1691077050.0,1172.0,80464.0,1341.0666666666666,True,3894931.0,64915.51666666667
19489,2023-08-03 15:49:25,1691077765.0,715.0,715.0,11.916666666666666,False,3895646.0,64927.433333333334
19490,2023-08-03 16:01:20,1691078480.0,715.0,715.0,11.916666666666666,False,3896361.0,64939.35
19491,2023-08-03 16:13:21,1691079201.0,721.0,721.0,12.016666666666667,False,3897082.0,64951.36666666667
19492,2023-08-03 16:25:44,1691079944.0,743.0,743.0,12.383333333333333,False,3897825.0,64963.75
19493,2023-08-03 16:37:43,1691080663.0,719.0,719.0,11.983333333333333,False,3898544.0,64975.73333333333
19494,2023-08-03 16:49:42,1691081382.0,719.0,719.0,11.983333333333333,False,3899263.0,64987.71666666667
19495,2023-08-03 17:01:41,1691082101.0,719.0,719.0,11.983333333333333,False,3899982.0,64999.7
19496,2023-08-03 17:13:36,1691082816.0,715.0,715.0,11.916666666666666,False,3900697.0,65011.61666666667
19497,2023-08-03 17:25:29,1691083529.0,713.0,713.0,11.883333333333333,False,3901410.0,65023.5
19498,2023-08-03 17:39:29,1691084369.0,840.0,840.0,14.0,False,3902250.0,65037.5
19499,2023-08-03 17:51:37,1691085097.0,728.0,728.0,12.133333333333333,False,3902978.0,65049.63333333333
19500,2023-08-04 10:33:45,1691145225.0,60128.0,60128.0,1002.1333333333333,False,3963106.0,66051.76666666666
19501,2023-08-04 10:49:31,1691146171.0,946.0,61074.0,1017.9,False,3964052.0,66067.53333333334
19502,2023-08-04 10:58:51,1691146731.0,560.0,61634.0,1027.2333333333333,True,3964612.0,66076.86666666667
19503,2023-08-04 11:11:37,1691147497.0,766.0,766.0,12.766666666666667,False,3965378.0,66089.63333333333
19504,2023-08-04 11:23:36,1691148216.0,719.0,719.0,11.983333333333333,False,3966097.0,66101.61666666667
19505,2023-08-04 11:36:01,1691148961.0,745.0,745.0,12.416666666666666,False,3966842.0,66114.03333333334
19506,2023-08-04 11:48:00,1691149680.0,719.0,719.0,11.983333333333333,False,3967561.0,66126.01666666666
19507,2023-08-04 12:00:01,1691150401.0,721.0,721.0,12.016666666666667,False,3968282.0,66138.03333333334
19508,2023-08-04 12:14:10,1691151250.0,849.0,849.0,14.15,False,3969131.0,66152.18333333333
19509,2023-08-04 12:29:02,1691152142.0,892.0,892.0,14.866666666666667,False,3970023.0,66167.05
19510,2023-08-04 12:41:51,1691152911.0,769.0,769.0,12.816666666666666,False,3970792.0,66179.86666666667
19511,2023-08-04 12:53:55,1691153635.0,724.0,724.0,12.066666666666666,False,3971516.0,66191.93333333333
19512,2023-08-04 13:06:00,1691154360.0,725.0,725.0,12.083333333333334,False,3972241.0,66204.01666666666
19513,2023-08-04 13:18:32,1691155112.0,752.0,752.0,12.533333333333333,False,3972993.0,66216.55
19514,2023-08-04 13:30:42,1691155842.0,730.0,730.0,12.166666666666666,False,3973723.0,66228.71666666666
19515,2023-08-04 13:42:55,1691156575.0,733.0,733.0,12.216666666666667,False,3974456.0,66240.93333333333
19516,2023-08-04 13:58:59,1691157539.0,964.0,964.0,16.066666666666666,False,3975420.0,66257.0
19517,2023-08-04 14:11:29,1691158289.0,750.0,750.0,12.5,False,3976170.0,66269.5
19518,2023-08-04 14:23:32,1691159012.0,723.0,723.0,12.05,False,3976893.0,66281.55
19519,2023-08-04 14:35:33,1691159733.0,721.0,721.0,12.016666666666667,False,3977614.0,66293.56666666667
19520,2023-08-04 14:47:26,1691160446.0,713.0,713.0,11.883333333333333,False,3978327.0,66305.45
19521,2023-08-04 15:00:06,1691161206.0,760.0,760.0,12.666666666666666,False,3979087.0,66318.11666666667
19522,2023-08-04 15:13:37,1691162017.0,811.0,811.0,13.516666666666667,False,3979898.0,66331.63333333333
19523,2023-08-04 16:05:18,1691165118.0,3101.0,3101.0,51.68333333333333,False,3982999.0,66383.31666666667
19524,2023-08-04 16:12:33,1691165553.0,435.0,3536.0,58.93333333333333,False,3983434.0,66390.56666666667
19525,2023-08-04 16:27:04,1691166424.0,871.0,871.0,14.516666666666667,False,3984305.0,66405.08333333333
19526,2023-08-04 16:39:24,1691167164.0,740.0,740.0,12.333333333333334,False,3985045.0,66417.41666666667
19527,2023-08-09 14:43:08,1691592188.0,425024.0,425024.0,7083.733333333334,False,4410069.0,73501.15
19528,2023-08-09 14:59:28,1691593168.0,980.0,426004.0,7100.066666666667,False,4411049.0,73517.48333333334
19529,2023-08-09 15:03:04,1691593384.0,216.0,426220.0,7103.666666666667,False,4411265.0,73521.08333333333
19530,2023-08-09 15:05:48,1691593548.0,164.0,426384.0,7106.4,False,4411429.0,73523.81666666667
19531,2023-08-09 15:13:36,1691594016.0,468.0,426852.0,7114.2,False,4411897.0,73531.61666666667
19532,2023-08-09 15:38:00,1691595480.0,1464.0,428316.0,7138.6,False,4413361.0,73556.01666666666
19533,2023-08-09 15:49:04,1691596144.0,664.0,428980.0,7149.666666666667,False,4414025.0,73567.08333333333
19534,2023-08-09 16:09:06,1691597346.0,1202.0,430182.0,7169.7,False,4415227.0,73587.11666666667
19535,2023-08-09 16:44:54,1691599494.0,2148.0,432330.0,7205.5,False,4417375.0,73622.91666666667
19536,2023-08-09 16:49:22,1691599762.0,268.0,432598.0,7209.966666666666,False,4417643.0,73627.38333333333
19537,2023-08-09 16:59:57,1691600397.0,635.0,433233.0,7220.55,False,4418278.0,73637.96666666666
19538,2023-08-09 17:04:32,1691600672.0,275.0,433508.0,7225.133333333333,False,4418553.0,73642.55
19539,2023-08-09 17:08:28,1691600908.0,236.0,433744.0,7229.066666666667,False,4418789.0,73646.48333333334
19540,2023-08-09 17:12:25,1691601145.0,237.0,433981.0,7233.016666666666,False,4419026.0,73650.43333333333
19541,2023-08-09 17:16:05,1691601365.0,220.0,434201.0,7236.683333333333,False,4419246.0,73654.1
19542,2023-08-10 12:15:58,1691669758.0,68393.0,502594.0,8376.566666666668,False,0.0,0.0
19543,2023-08-10 12:22:33,1691670153.0,395.0,502989.0,8383.15,False,395.0,6.583333333333333
19544,2023-08-10 12:40:45,1691671245.0,1092.0,504081.0,8401.35,False,1487.0,24.783333333333335
19545,2023-08-10 12:56:11,1691672171.0,926.0,505007.0,8416.783333333333,False,2413.0,40.21666666666667
19546,2023-08-10 13:04:37,1691672677.0,506.0,505513.0,8425.216666666667,True,2919.0,48.65
19547,2023-08-10 13:31:51,1691674311.0,1634.0,1634.0,27.233333333333334,False,4553.0,75.88333333333334
19548,2023-08-10 14:34:10,1691678050.0,3739.0,3739.0,62.31666666666667,False,8292.0,138.2
19549,2023-08-10 14:41:14,1691678474.0,424.0,424.0,7.066666666666666,False,8716.0,145.26666666666668
19550,2023-08-10 15:12:10,1691680330.0,1856.0,1856.0,30.933333333333334,False,10572.0,176.2
19551,2023-08-10 15:39:34,1691681974.0,1644.0,3500.0,58.333333333333336,False,12216.0,203.6
19552,2023-08-10 15:51:22,1691682682.0,708.0,708.0,11.8,False,12924.0,215.4
19553,2023-08-10 16:22:08,1691684528.0,1846.0,1846.0,30.766666666666666,False,14770.0,246.16666666666666
19554,2023-08-10 16:52:57,1691686377.0,1849.0,1849.0,30.816666666666666,False,16619.0,276.98333333333335
19555,2023-08-10 17:23:50,1691688230.0,1853.0,1853.0,30.883333333333333,False,18472.0,307.8666666666667
19556,2023-08-10 17:53:54,1691690034.0,1804.0,1804.0,30.066666666666666,False,20276.0,337.93333333333334
19557,2023-08-10 18:42:30,1691692950.0,2916.0,2916.0,48.6,False,23192.0,386.53333333333336
19558,2023-08-10 19:12:35,1691694755.0,1805.0,1805.0,30.083333333333332,False,24997.0,416.6166666666667
19559,2023-08-10 19:42:44,1691696564.0,1809.0,1809.0,30.15,False,26806.0,446.76666666666665
19560,2023-08-10 20:12:15,1691698335.0,1771.0,1771.0,29.516666666666666,False,28577.0,476.28333333333336
19561,2023-08-11 10:11:28,1691748688.0,50353.0,50353.0,839.2166666666667,False,78930.0,1315.5
19562,2023-08-11 11:10:09,1691752209.0,3521.0,53874.0,897.9,False,82451.0,1374.1833333333334
19563,2023-08-11 11:15:08,1691752508.0,299.0,54173.0,902.8833333333333,False,82750.0,1379.1666666666667
19564,2023-08-11 11:23:07,1691752987.0,479.0,54652.0,910.8666666666667,True,83229.0,1387.15
19565,2023-08-11 11:35:36,1691753736.0,749.0,749.0,12.483333333333333,False,83978.0,1399.6333333333334
19566,2023-08-11 11:47:59,1691754479.0,743.0,743.0,12.383333333333333,False,84721.0,1412.0166666666667
19567,2023-08-11 12:01:01,1691755261.0,782.0,782.0,13.033333333333333,False,85503.0,1425.05
19568,2023-08-11 12:12:57,1691755977.0,716.0,716.0,11.933333333333334,False,86219.0,1436.9833333333333
19569,2023-08-11 12:24:59,1691756699.0,722.0,722.0,12.033333333333333,False,86941.0,1449.0166666666667
19570,2023-08-11 12:37:35,1691757455.0,756.0,756.0,12.6,False,87697.0,1461.6166666666666
19571,2023-08-11 12:49:32,1691758172.0,717.0,717.0,11.95,False,88414.0,1473.5666666666666
19572,2023-08-11 13:01:31,1691758891.0,719.0,719.0,11.983333333333333,False,89133.0,1485.55
19573,2023-08-11 13:13:57,1691759637.0,746.0,746.0,12.433333333333334,False,89879.0,1497.9833333333333
19574,2023-08-11 13:25:59,1691760359.0,722.0,722.0,12.033333333333333,False,90601.0,1510.0166666666667
19575,2023-08-11 13:59:25,1691762365.0,2006.0,2006.0,33.43333333333333,False,92607.0,1543.45
19576,2023-08-11 14:11:44,1691763104.0,739.0,739.0,12.316666666666666,False,93346.0,1555.7666666666667
19577,2023-08-11 14:23:57,1691763837.0,733.0,733.0,12.216666666666667,False,94079.0,1567.9833333333333
19578,2023-08-11 14:36:13,1691764573.0,736.0,736.0,12.266666666666667,False,94815.0,1580.25
19579,2023-08-11 14:48:31,1691765311.0,738.0,738.0,12.3,False,95553.0,1592.55
19580,2023-08-11 15:00:44,1691766044.0,733.0,733.0,12.216666666666667,False,96286.0,1604.7666666666667
19581,2023-08-11 15:56:26,1691769386.0,3342.0,3342.0,55.7,False,99628.0,1660.4666666666667
19582,2023-08-11 16:08:43,1691770123.0,737.0,737.0,12.283333333333333,False,100365.0,1672.75
19583,2023-08-11 16:20:38,1691770838.0,715.0,715.0,11.916666666666666,False,101080.0,1684.6666666666667
19584,2023-08-11 16:32:41,1691771561.0,723.0,723.0,12.05,False,101803.0,1696.7166666666667
19585,2023-08-11 16:44:37,1691772277.0,716.0,716.0,11.933333333333334,False,102519.0,1708.65
19586,2023-08-11 16:56:41,1691773001.0,724.0,724.0,12.066666666666666,False,103243.0,1720.7166666666667
19587,2023-08-11 17:18:50,1691774330.0,1329.0,1329.0,22.15,False,104572.0,1742.8666666666666
19588,2023-08-11 17:24:14,1691774654.0,324.0,1653.0,27.55,False,104896.0,1748.2666666666667
19589,2023-08-11 17:27:12,1691774832.0,178.0,1831.0,30.516666666666666,False,105074.0,1751.2333333333333
19590,2023-08-11 17:32:40,1691775160.0,328.0,2159.0,35.983333333333334,False,105402.0,1756.7
19591,2023-08-15 12:53:02,1692103982.0,328822.0,328822.0,5480.366666666667,False,434224.0,7237.066666666667
19593,2023-08-15 13:16:20,1692105380.0,1398.0,330220.0,5503.666666666667,False,435622.0,7260.366666666667
19594,2023-08-15 13:33:11,1692106391.0,1011.0,331231.0,5520.516666666666,False,436633.0,7277.216666666666
19595,2023-08-15 13:48:28,1692107308.0,917.0,332148.0,5535.8,False,437550.0,7292.5
19596,2023-08-15 13:56:38,1692107798.0,490.0,332638.0,5543.966666666666,True,438040.0,7300.666666666667
19597,2023-08-15 14:08:51,1692108531.0,733.0,733.0,12.216666666666667,False,438773.0,7312.883333333333
19598,2023-08-15 14:21:08,1692109268.0,737.0,737.0,12.283333333333333,False,439510.0,7325.166666666667
19599,2023-08-15 14:34:22,1692110062.0,794.0,794.0,13.233333333333333,False,440304.0,7338.4
19600,2023-08-15 14:54:03,1692111243.0,1181.0,1181.0,19.683333333333334,False,441485.0,7358.083333333333
19601,2023-08-15 15:11:20,1692112280.0,1037.0,1037.0,17.283333333333335,False,442522.0,7375.366666666667
19602,2023-08-15 15:28:38,1692113318.0,1038.0,1038.0,17.3,False,443560.0,7392.666666666667
19603,2023-08-15 15:52:26,1692114746.0,1428.0,1428.0,23.8,False,444988.0,7416.466666666666
19604,2023-08-15 16:09:41,1692115781.0,1035.0,1035.0,17.25,False,446023.0,7433.716666666666
19605,2023-08-15 16:26:55,1692116815.0,1034.0,1034.0,17.233333333333334,False,447057.0,7450.95
19606,2023-08-15 16:44:41,1692117881.0,1066.0,1066.0,17.766666666666666,False,448123.0,7468.716666666666
19607,2023-08-15 17:01:55,1692118915.0,1034.0,1034.0,17.233333333333334,False,449157.0,7485.95
19608,2023-08-15 17:19:15,1692119955.0,1040.0,1040.0,17.333333333333332,False,450197.0,7503.283333333334
19609,2023-08-15 17:39:02,1692121142.0,1187.0,1187.0,19.783333333333335,False,451384.0,7523.066666666667
19610,2023-08-16 13:24:53,1692192293.0,71151.0,71151.0,1185.85,False,522535.0,8708.916666666666
19611,2023-08-16 13:31:54,1692192714.0,421.0,71572.0,1192.8666666666666,False,522956.0,8715.933333333332
19612,2023-08-16 13:46:05,1692193565.0,851.0,72423.0,1207.05,True,523807.0,8730.116666666667
19613,2023-08-16 14:28:41,1692196121.0,2556.0,2556.0,42.6,False,526363.0,8772.716666666667
19614,2023-08-16 14:45:10,1692197110.0,989.0,989.0,16.483333333333334,False,527352.0,8789.2
19615,2023-08-16 15:01:36,1692198096.0,986.0,986.0,16.433333333333334,False,528338.0,8805.633333333333
19616,2023-08-16 15:18:00,1692199080.0,984.0,984.0,16.4,False,529322.0,8822.033333333333
19617,2023-08-16 15:34:25,1692200065.0,985.0,985.0,16.416666666666668,False,530307.0,8838.45
19618,2023-08-16 15:50:54,1692201054.0,989.0,989.0,16.483333333333334,False,531296.0,8854.933333333332
19619,2023-08-16 16:07:22,1692202042.0,988.0,988.0,16.466666666666665,False,532284.0,8871.4
19620,2023-08-16 16:23:46,1692203026.0,984.0,984.0,16.4,False,533268.0,8887.8
19621,2023-08-16 16:40:15,1692204015.0,989.0,989.0,16.483333333333334,False,534257.0,8904.283333333333
19622,2023-08-16 16:56:38,1692204998.0,983.0,983.0,16.383333333333333,False,535240.0,8920.666666666666
19623,2023-08-16 17:16:45,1692206205.0,1207.0,1207.0,20.116666666666667,False,536447.0,8940.783333333333
19624,2023-08-16 17:33:50,1692207230.0,1025.0,1025.0,17.083333333333332,False,537472.0,8957.866666666667
19625,2023-08-16 17:50:39,1692208239.0,1009.0,1009.0,16.816666666666666,False,538481.0,8974.683333333332
19626,2023-08-16 18:07:31,1692209251.0,1012.0,1012.0,16.866666666666667,False,539493.0,8991.55
19627,2023-08-16 18:19:09,1692209949.0,698.0,698.0,11.633333333333333,False,540191.0,9003.183333333332
19628,2023-08-16 18:31:14,1692210674.0,725.0,725.0,12.083333333333334,False,540916.0,9015.266666666666
19629,2023-08-16 18:44:19,1692211459.0,785.0,785.0,13.083333333333334,False,541701.0,9028.35
19630,2023-08-16 18:55:59,1692212159.0,700.0,700.0,11.666666666666666,False,542401.0,9040.016666666666
19631,2023-08-21 12:17:29,1692620249.0,408090.0,408090.0,6801.5,False,950491.0,15841.516666666666
19632,2023-08-21 13:35:14,1692624914.0,4665.0,412755.0,6879.25,False,955156.0,15919.266666666666
19633,2023-08-21 14:04:45,1692626685.0,1771.0,414526.0,6908.766666666666,False,956927.0,15948.783333333333
19634,2023-08-21 16:29:40,1692635380.0,8695.0,423221.0,7053.683333333333,False,965622.0,16093.7
19635,2023-08-21 16:39:22,1692635962.0,582.0,423803.0,7063.383333333333,False,966204.0,16103.4
19636,2023-08-21 16:46:31,1692636391.0,429.0,424232.0,7070.533333333334,False,966633.0,16110.55
19637,2023-08-22 09:20:54,1692696054.0,59663.0,483895.0,8064.916666666667,False,1026296.0,17104.933333333334
19638,2023-08-22 12:50:08,1692708608.0,12554.0,496449.0,8274.15,False,1038850.0,17314.166666666668
19639,2023-08-22 13:08:48,1692709728.0,1120.0,497569.0,8292.816666666668,False,1039970.0,17332.833333333332
19640,2023-08-22 15:39:53,1692718793.0,9065.0,506634.0,8443.9,False,1049035.0,17483.916666666668
19641,2023-08-22 15:46:59,1692719219.0,426.0,507060.0,8451.0,False,1049461.0,17491.016666666666
19642,2023-08-22 15:53:56,1692719636.0,417.0,507477.0,8457.95,False,1049878.0,17497.966666666667
19643,2023-08-22 16:07:59,1692720479.0,843.0,508320.0,8472.0,False,1050721.0,17512.016666666666
19644,2023-08-22 16:15:37,1692720937.0,458.0,508778.0,8479.633333333333,False,1051179.0,17519.65
19645,2023-08-22 16:24:03,1692721443.0,506.0,509284.0,8488.066666666668,False,1051685.0,17528.083333333332
19646,2023-08-22 16:30:33,1692721833.0,390.0,509674.0,8494.566666666668,False,1052075.0,17534.583333333332
19647,2023-08-22 16:38:04,1692722284.0,451.0,510125.0,8502.083333333334,False,1052526.0,17542.1
19648,2023-08-22 16:43:33,1692722613.0,329.0,510454.0,8507.566666666668,False,1052855.0,17547.583333333332
19649,2023-08-23 10:40:05,1692787205.0,64592.0,575046.0,9584.1,False,1117447.0,18624.116666666665
19650,2023-08-23 10:45:49,1692787549.0,344.0,575390.0,9589.833333333334,False,1117791.0,18629.85
19651,2023-08-23 10:49:11,1692787751.0,202.0,575592.0,9593.2,False,1117993.0,18633.216666666667
19652,2023-08-23 10:50:53,1692787853.0,102.0,575694.0,9594.9,False,1118095.0,18634.916666666668
19653,2023-08-23 10:56:49,1692788209.0,356.0,576050.0,9600.833333333334,False,1118451.0,18640.85
19654,2023-08-23 11:01:33,1692788493.0,284.0,576334.0,9605.566666666668,False,1118735.0,18645.583333333332
19655,2023-08-23 11:21:51,1692789711.0,1218.0,577552.0,9625.866666666667,False,1119953.0,18665.883333333335
19656,2023-08-23 11:26:11,1692789971.0,260.0,577812.0,9630.2,False,1120213.0,18670.216666666667
19657,2023-08-23 15:17:43,1692803863.0,13892.0,591704.0,9861.733333333334,False,1134105.0,18901.75
19658,2023-08-23 15:29:15,1692804555.0,692.0,592396.0,9873.266666666666,False,1134797.0,18913.283333333333
19659,2023-08-23 15:39:24,1692805164.0,609.0,593005.0,9883.416666666666,False,1135406.0,18923.433333333334
19660,2023-08-23 15:46:54,1692805614.0,450.0,593455.0,9890.916666666666,False,1135856.0,18930.933333333334
19661,2023-08-23 16:02:18,1692806538.0,924.0,594379.0,9906.316666666668,False,1136780.0,18946.333333333332
19662,2023-08-23 16:06:49,1692806809.0,271.0,594650.0,9910.833333333334,False,1137051.0,18950.85
19663,2023-08-23 16:14:08,1692807248.0,439.0,595089.0,9918.15,False,1137490.0,18958.166666666668
19664,2023-08-23 16:19:55,1692807595.0,347.0,595436.0,9923.933333333332,False,1137837.0,18963.95
19665,2023-08-29 12:54:34,1693313674.0,506079.0,1101515.0,18358.583333333332,False,1643916.0,27398.6
19666,2023-08-29 13:05:00,1693314300.0,626.0,1102141.0,18369.016666666666,False,1644542.0,27409.033333333333
19667,2023-08-29 13:15:40,1693314940.0,640.0,1102781.0,18379.683333333334,True,1645182.0,27419.7
19668,2023-08-29 13:43:18,1693316598.0,1658.0,1658.0,27.633333333333333,False,1646840.0,27447.333333333332
19669,2023-08-29 14:00:06,1693317606.0,1008.0,1008.0,16.8,False,1647848.0,27464.133333333335
19670,2023-08-29 14:50:48,1693320648.0,3042.0,3042.0,50.7,False,1650890.0,27514.833333333332
19671,2023-08-30 12:24:04,1693398244.0,77596.0,80638.0,1343.9666666666667,False,1728486.0,28808.1
19672,2023-08-30 12:26:27,1693398387.0,143.0,80781.0,1346.35,False,1728629.0,28810.483333333334
19673,2023-08-30 12:29:43,1693398583.0,196.0,80977.0,1349.6166666666666,False,1728825.0,28813.75
19674,2023-08-30 13:41:27,1693402887.0,4304.0,85281.0,1421.35,False,1733129.0,28885.483333333334
19675,2023-08-30 14:19:04,1693405144.0,2257.0,87538.0,1458.9666666666667,False,1735386.0,28923.1
19676,2023-08-30 14:22:28,1693405348.0,204.0,87742.0,1462.3666666666666,False,1735590.0,28926.5
19677,2023-08-30 14:25:55,1693405555.0,207.0,87949.0,1465.8166666666666,False,1735797.0,28929.95
19678,2023-08-30 14:31:00,1693405860.0,305.0,88254.0,1470.9,False,1736102.0,28935.033333333333
19679,2023-08-30 14:33:59,1693406039.0,179.0,88433.0,1473.8833333333334,False,1736281.0,28938.016666666666
19680,2023-08-30 14:35:23,1693406123.0,84.0,88517.0,1475.2833333333333,False,1736365.0,28939.416666666668
19681,2023-08-30 14:44:40,1693406680.0,557.0,89074.0,1484.5666666666666,False,1736922.0,28948.7
19682,2023-08-30 14:47:16,1693406836.0,156.0,89230.0,1487.1666666666667,False,1737078.0,28951.3
19683,2023-08-30 14:59:28,1693407568.0,732.0,89962.0,1499.3666666666666,False,1737810.0,28963.5
19684,2023-08-30 15:01:57,1693407717.0,149.0,90111.0,1501.85,False,1737959.0,28965.983333333334
19685,2023-08-30 15:30:08,1693409408.0,1691.0,91802.0,1530.0333333333333,False,1739650.0,28994.166666666668
19686,2023-08-30 15:40:55,1693410055.0,647.0,92449.0,1540.8166666666666,False,1740297.0,29004.95
19687,2023-08-30 15:45:29,1693410329.0,274.0,92723.0,1545.3833333333334,False,1740571.0,29009.516666666666
19688,2023-08-30 15:55:06,1693410906.0,577.0,93300.0,1555.0,False,1741148.0,29019.133333333335
19689,2023-08-30 16:06:46,1693411606.0,700.0,94000.0,1566.6666666666667,False,1741848.0,29030.8
19690,2023-08-30 16:40:15,1693413615.0,2009.0,96009.0,1600.15,False,1743857.0,29064.283333333333
19691,2023-08-30 16:44:44,1693413884.0,269.0,96278.0,1604.6333333333334,False,1744126.0,29068.766666666666
19692,2023-08-30 16:50:11,1693414211.0,327.0,96605.0,1610.0833333333333,False,1744453.0,29074.216666666667
19693,2023-08-30 16:55:21,1693414521.0,310.0,96915.0,1615.25,False,1744763.0,29079.383333333335
19694,2023-08-30 16:59:26,1693414766.0,245.0,97160.0,1619.3333333333333,False,1745008.0,29083.466666666667
19695,2023-08-30 17:03:29,1693415009.0,243.0,97403.0,1623.3833333333334,False,1745251.0,29087.516666666666
19696,2023-08-30 17:09:21,1693415361.0,352.0,97755.0,1629.25,False,1745603.0,29093.383333333335
19697,2023-08-30 17:30:20,1693416620.0,1259.0,99014.0,1650.2333333333333,False,1746862.0,29114.366666666665
19698,2023-08-30 17:33:29,1693416809.0,189.0,99203.0,1653.3833333333334,False,1747051.0,29117.516666666666
19699,2023-08-30 17:38:25,1693417105.0,296.0,99499.0,1658.3166666666666,False,1747347.0,29122.45
19700,2023-08-30 17:45:55,1693417555.0,450.0,99949.0,1665.8166666666666,False,1747797.0,29129.95
19701,2023-08-31 15:00:38,1693494038.0,76483.0,176432.0,2940.5333333333333,False,1824280.0,30404.666666666668
19702,2023-09-06 14:43:32,1694011412.0,517374.0,693806.0,11563.433333333332,False,2341654.0,39027.566666666666
19703,2023-09-06 14:49:28,1694011768.0,356.0,694162.0,11569.366666666667,False,2342010.0,39033.5
19704,2023-09-06 15:35:02,1694014502.0,2734.0,696896.0,11614.933333333332,False,2344744.0,39079.066666666666
19705,2023-09-06 15:42:13,1694014933.0,431.0,697327.0,11622.116666666667,False,2345175.0,39086.25
19706,2023-09-06 15:45:15,1694015115.0,182.0,697509.0,11625.15,False,2345357.0,39089.28333333333
19707,2023-09-06 15:52:51,1694015571.0,456.0,697965.0,11632.75,True,2345813.0,39096.88333333333
19708,2023-09-06 16:35:25,1694018125.0,2554.0,2554.0,42.56666666666667,False,2348367.0,39139.45
19709,2023-09-06 16:51:11,1694019071.0,946.0,3500.0,58.333333333333336,False,2349313.0,39155.21666666667
19710,2023-09-06 17:04:54,1694019894.0,823.0,823.0,13.716666666666667,False,2350136.0,39168.933333333334
19711,2023-09-06 17:23:07,1694020987.0,1093.0,1093.0,18.216666666666665,False,2351229.0,39187.15
19712,2023-09-06 17:39:57,1694021997.0,1010.0,1010.0,16.833333333333332,False,2352239.0,39203.98333333333
19713,2023-09-06 17:55:22,1694022922.0,925.0,925.0,15.416666666666666,False,2353164.0,39219.4
19714,2023-09-06 18:07:21,1694023641.0,719.0,1644.0,27.4,False,2353883.0,39231.38333333333
19715,2023-09-06 18:29:53,1694024993.0,1352.0,1352.0,22.533333333333335,False,2355235.0,39253.916666666664
19716,2023-09-06 18:33:40,1694025220.0,227.0,1579.0,26.316666666666666,False,2355462.0,39257.7
19717,2023-09-06 18:38:24,1694025504.0,284.0,1863.0,31.05,False,2355746.0,39262.433333333334
19718,2023-09-12 10:48:07,1694515687.0,490183.0,490183.0,8169.716666666666,False,2845929.0,47432.15
19719,2023-09-12 10:56:09,1694516169.0,482.0,490665.0,8177.75,False,2846411.0,47440.183333333334
19720,2023-09-12 11:03:37,1694516617.0,448.0,491113.0,8185.216666666666,False,2846859.0,47447.65
19721,2023-09-12 11:35:35,1694518535.0,1918.0,493031.0,8217.183333333332,False,2848777.0,47479.61666666667
19722,2023-09-12 12:10:36,1694520636.0,2101.0,495132.0,8252.2,False,2850878.0,47514.63333333333
19723,2023-09-12 12:33:23,1694522003.0,1367.0,496499.0,8274.983333333334,False,2852245.0,47537.416666666664
19724,2023-09-12 12:58:56,1694523536.0,1533.0,498032.0,8300.533333333333,False,2853778.0,47562.96666666667
19725,2023-09-12 13:11:50,1694524310.0,774.0,498806.0,8313.433333333332,False,2854552.0,47575.86666666667
19726,2023-09-12 13:43:31,1694526211.0,1901.0,500707.0,8345.116666666667,True,2856453.0,47607.55
19727,2023-09-12 14:38:45,1694529525.0,3314.0,3314.0,55.233333333333334,False,2859767.0,47662.78333333333
19728,2023-09-12 16:44:19,1694537059.0,7534.0,7534.0,125.56666666666666,False,2867301.0,47788.35
19729,2023-09-12 16:56:19,1694537779.0,720.0,720.0,12.0,False,2868021.0,47800.35
19730,2023-09-12 17:14:32,1694538872.0,1093.0,1093.0,18.216666666666665,False,2869114.0,47818.566666666666
19731,2023-09-12 17:29:07,1694539747.0,875.0,875.0,14.583333333333334,False,2869989.0,47833.15
19732,2023-09-12 17:54:57,1694541297.0,1550.0,1550.0,25.833333333333332,False,2871539.0,47858.98333333333
19733,2023-09-12 18:09:11,1694542151.0,854.0,854.0,14.233333333333333,False,2872393.0,47873.21666666667
19734,2023-09-12 19:17:15,1694546235.0,4084.0,4084.0,68.06666666666666,False,2876477.0,47941.28333333333
19735,2023-09-12 19:47:58,1694548078.0,1843.0,1843.0,30.716666666666665,False,2878320.0,47972.0
19736,2023-09-13 13:38:33,1694612313.0,64235.0,64235.0,1070.5833333333333,False,2942555.0,49042.583333333336
19737,2023-09-13 13:42:56,1694612576.0,263.0,64498.0,1074.9666666666667,False,2942818.0,49046.96666666667
19738,2023-09-13 13:47:48,1694612868.0,292.0,64790.0,1079.8333333333333,False,2943110.0,49051.833333333336
19739,2023-09-13 13:50:05,1694613005.0,137.0,64927.0,1082.1166666666666,False,2943247.0,49054.11666666667
19740,2023-09-13 13:54:58,1694613298.0,293.0,65220.0,1087.0,False,2943540.0,49059.0
19741,2023-09-13 13:57:02,1694613422.0,124.0,65344.0,1089.0666666666666,False,2943664.0,49061.066666666666
19742,2023-09-13 13:58:49,1694613529.0,107.0,65451.0,1090.85,False,2943771.0,49062.85
19743,2023-09-13 14:00:56,1694613656.0,127.0,65578.0,1092.9666666666667,False,2943898.0,49064.96666666667
19744,2023-09-13 14:03:43,1694613823.0,167.0,65745.0,1095.75,False,2944065.0,49067.75
19745,2023-09-13 14:06:00,1694613960.0,137.0,65882.0,1098.0333333333333,False,2944202.0,49070.03333333333
19746,2023-09-13 14:45:16,1694616316.0,2356.0,68238.0,1137.3,False,2946558.0,49109.3
19747,2023-09-13 14:55:17,1694616917.0,601.0,68839.0,1147.3166666666666,False,2947159.0,49119.316666666666
19748,2023-09-13 15:01:28,1694617288.0,371.0,69210.0,1153.5,False,2947530.0,49125.5
19749,2023-09-13 15:10:14,1694617814.0,526.0,69736.0,1162.2666666666667,True,2948056.0,49134.26666666667
19750,2023-09-13 15:23:33,1694618613.0,799.0,799.0,13.316666666666666,False,2948855.0,49147.583333333336
19751,2023-09-13 15:42:07,1694619727.0,1114.0,1114.0,18.566666666666666,False,2949969.0,49166.15
19752,2023-09-13 16:00:32,1694620832.0,1105.0,1105.0,18.416666666666668,False,2951074.0,49184.566666666666
19753,2023-09-13 16:30:24,1694622624.0,1792.0,1792.0,29.866666666666667,False,2952866.0,49214.433333333334
19754,2023-09-13 16:54:35,1694624075.0,1451.0,1451.0,24.183333333333334,False,2954317.0,49238.61666666667
19755,2023-09-13 17:25:46,1694625946.0,1871.0,1871.0,31.183333333333334,False,2956188.0,49269.8
19756,2023-09-13 17:39:09,1694626749.0,803.0,803.0,13.383333333333333,False,2956991.0,49283.183333333334
19757,2023-09-13 17:52:30,1694627550.0,801.0,801.0,13.35,False,2957792.0,49296.53333333333
19758,2023-09-13 18:06:18,1694628378.0,828.0,828.0,13.8,False,2958620.0,49310.333333333336
19759,2023-09-13 18:19:34,1694629174.0,796.0,796.0,13.266666666666667,False,2959416.0,49323.6
19760,2023-09-13 18:33:02,1694629982.0,808.0,808.0,13.466666666666667,False,2960224.0,49337.066666666666
19761,2023-09-13 18:46:20,1694630780.0,798.0,798.0,13.3,False,2961022.0,49350.36666666667
19762,2023-09-13 19:00:23,1694631623.0,843.0,843.0,14.05,False,2961865.0,49364.416666666664
19763,2023-09-13 19:13:45,1694632425.0,802.0,802.0,13.366666666666667,False,2962667.0,49377.78333333333
19764,2023-09-13 19:27:48,1694633268.0,843.0,843.0,14.05,False,2963510.0,49391.833333333336
19765,2023-09-13 19:41:47,1694634107.0,839.0,839.0,13.983333333333333,False,2964349.0,49405.816666666666
19766,2023-09-13 19:49:43,1694634583.0,476.0,476.0,7.933333333333334,False,2964825.0,49413.75
19767,2023-09-14 12:40:32,1694695232.0,60649.0,61125.0,1018.75,False,3025474.0,50424.566666666666
19768,2023-09-14 13:08:23,1694696903.0,1671.0,62796.0,1046.6,False,3027145.0,50452.416666666664
19769,2023-09-14 13:13:36,1694697216.0,313.0,63109.0,1051.8166666666666,False,3027458.0,50457.63333333333
19770,2023-09-14 13:19:34,1694697574.0,358.0,63467.0,1057.7833333333333,False,3027816.0,50463.6
19771,2023-09-14 13:24:28,1694697868.0,294.0,63761.0,1062.6833333333334,False,3028110.0,50468.5
19772,2023-09-14 13:30:26,1694698226.0,358.0,64119.0,1068.65,False,3028468.0,50474.46666666667
19773,2023-09-14 13:32:16,1694698336.0,110.0,64229.0,1070.4833333333333,False,3028578.0,50476.3
19774,2023-09-14 13:39:37,1694698777.0,441.0,64670.0,1077.8333333333333,False,3029019.0,50483.65
19775,2023-09-14 13:51:59,1694699519.0,742.0,65412.0,1090.2,True,3029761.0,50496.01666666667
19776,2023-09-14 14:38:09,1694702289.0,2770.0,2770.0,46.166666666666664,False,3032531.0,50542.183333333334
19777,2023-09-14 14:45:53,1694702753.0,464.0,464.0,7.733333333333333,False,3032995.0,50549.916666666664
19778,2023-09-14 14:55:21,1694703321.0,568.0,1032.0,17.2,False,3033563.0,50559.38333333333
19779,2023-09-14 15:13:30,1694704410.0,1089.0,1089.0,18.15,False,3034652.0,50577.53333333333
19780,2023-09-14 15:19:18,1694704758.0,348.0,1437.0,23.95,False,3035000.0,50583.333333333336
19781,2023-09-14 15:40:59,1694706059.0,1301.0,1301.0,21.683333333333334,False,3036301.0,50605.01666666667
19782,2023-09-14 15:59:41,1694707181.0,1122.0,1122.0,18.7,False,3037423.0,50623.71666666667
19783,2023-09-14 17:05:48,1694711148.0,3967.0,3967.0,66.11666666666666,False,3041390.0,50689.833333333336
19784,2023-09-14 17:30:05,1694712605.0,1457.0,1457.0,24.283333333333335,False,3042847.0,50714.11666666667
19785,2023-09-14 17:39:58,1694713198.0,593.0,2050.0,34.166666666666664,False,3043440.0,50724.0
19786,2023-09-14 17:44:36,1694713476.0,278.0,2328.0,38.8,False,3043718.0,50728.63333333333
19787,2023-09-14 18:14:22,1694715262.0,1786.0,1786.0,29.766666666666666,False,3045504.0,50758.4
19788,2023-09-14 18:19:04,1694715544.0,282.0,2068.0,34.46666666666667,False,3045786.0,50763.1
19789,2023-09-14 18:35:38,1694716538.0,994.0,994.0,16.566666666666666,False,3046780.0,50779.666666666664
19790,2023-09-14 18:43:07,1694716987.0,449.0,1443.0,24.05,False,3047229.0,50787.15
19791,2023-09-14 18:58:26,1694717906.0,919.0,919.0,15.316666666666666,False,3048148.0,50802.46666666667
19792,2023-09-14 19:15:29,1694718929.0,1023.0,1023.0,17.05,False,3049171.0,50819.51666666667
19793,2023-09-14 19:29:33,1694719773.0,844.0,844.0,14.066666666666666,False,3050015.0,50833.583333333336
19794,2023-09-15 11:05:36,1694775936.0,56163.0,56163.0,936.05,False,3106178.0,51769.63333333333
19795,2023-09-15 11:08:13,1694776093.0,157.0,56320.0,938.6666666666666,False,3106335.0,51772.25
19796,2023-09-15 11:11:43,1694776303.0,210.0,56530.0,942.1666666666666,False,3106545.0,51775.75
19797,2023-09-15 11:42:43,1694778163.0,1860.0,58390.0,973.1666666666666,False,3108405.0,51806.75
19798,2023-09-15 12:08:19,1694779699.0,1536.0,59926.0,998.7666666666667,False,3109941.0,51832.35
19799,2023-09-15 12:41:25,1694781685.0,1986.0,61912.0,1031.8666666666666,False,3111927.0,51865.45
19800,2023-09-15 12:46:10,1694781970.0,285.0,62197.0,1036.6166666666666,False,3112212.0,51870.2
19801,2023-09-15 12:54:59,1694782499.0,529.0,62726.0,1045.4333333333334,False,3112741.0,51879.01666666667
19802,2023-09-15 13:03:41,1694783021.0,522.0,63248.0,1054.1333333333334,False,3113263.0,51887.71666666667
19803,2023-09-15 13:13:02,1694783582.0,561.0,63809.0,1063.4833333333333,False,3113824.0,51897.066666666666
19804,2023-09-15 13:23:14,1694784194.0,612.0,64421.0,1073.6833333333334,False,3114436.0,51907.26666666667
19805,2023-09-15 13:35:32,1694784932.0,738.0,65159.0,1085.9833333333333,True,3115174.0,51919.566666666666
19806,2023-09-15 13:48:14,1694785694.0,762.0,762.0,12.7,False,3115936.0,51932.26666666667
19807,2023-09-15 14:07:17,1694786837.0,1143.0,1905.0,31.75,False,3117079.0,51951.316666666666
19808,2023-09-15 14:29:04,1694788144.0,1307.0,1307.0,21.783333333333335,False,3118386.0,51973.1
19809,2023-09-15 16:38:03,1694795883.0,7739.0,7739.0,128.98333333333332,False,3126125.0,52102.083333333336
19810,2023-09-15 16:54:09,1694796849.0,966.0,966.0,16.1,False,3127091.0,52118.183333333334
19811,2023-09-15 17:35:09,1694799309.0,2460.0,2460.0,41.0,False,3129551.0,52159.183333333334
19812,2023-09-15 17:59:09,1694800749.0,1440.0,1440.0,24.0,False,3130991.0,52183.183333333334
19813,2023-09-15 18:41:00,1694803260.0,2511.0,2511.0,41.85,False,3133502.0,52225.03333333333
19814,2023-09-18 11:41:47,1695037307.0,234047.0,234047.0,3900.7833333333333,False,3367549.0,56125.816666666666
19815,2023-09-18 13:08:13,1695042493.0,5186.0,239233.0,3987.2166666666667,False,3372735.0,56212.25
19816,2023-09-18 13:11:29,1695042689.0,196.0,239429.0,3990.483333333333,False,3372931.0,56215.51666666667
19817,2023-09-18 13:17:24,1695043044.0,355.0,239784.0,3996.4,False,3373286.0,56221.433333333334
19818,2023-09-19 10:01:30,1695117690.0,74646.0,314430.0,5240.5,False,3447932.0,57465.53333333333
19819,2023-09-19 10:12:46,1695118366.0,676.0,315106.0,5251.766666666666,False,3448608.0,57476.8
19820,2023-09-19 10:28:22,1695119302.0,936.0,316042.0,5267.366666666667,False,3449544.0,57492.4
19821,2023-09-19 11:15:25,1695122125.0,2823.0,318865.0,5314.416666666667,False,3452367.0,57539.45
19822,2023-09-19 11:20:22,1695122422.0,297.0,319162.0,5319.366666666667,False,3452664.0,57544.4
19823,2023-09-19 11:34:17,1695123257.0,835.0,319997.0,5333.283333333334,False,3453499.0,57558.316666666666
19824,2023-09-19 11:58:33,1695124713.0,1456.0,321453.0,5357.55,False,3454955.0,57582.583333333336
19825,2023-09-19 12:18:16,1695125896.0,1183.0,322636.0,5377.266666666666,True,3456138.0,57602.3
19826,2023-09-19 12:42:42,1695127362.0,1466.0,1466.0,24.433333333333334,False,3457604.0,57626.73333333333
19827,2023-09-19 13:12:02,1695129122.0,1760.0,1760.0,29.333333333333332,False,3459364.0,57656.066666666666
19828,2023-09-19 13:28:56,1695130136.0,1014.0,1014.0,16.9,False,3460378.0,57672.96666666667
19829,2023-09-19 13:47:17,1695131237.0,1101.0,1101.0,18.35,False,3461479.0,57691.316666666666
19830,2023-09-19 14:16:08,1695132968.0,1731.0,1731.0,28.85,False,3463210.0,57720.166666666664
19831,2023-09-19 14:36:48,1695134208.0,1240.0,1240.0,20.666666666666668,False,3464450.0,57740.833333333336
19832,2023-09-19 14:54:52,1695135292.0,1084.0,1084.0,18.066666666666666,False,3465534.0,57758.9
19833,2023-09-19 15:14:40,1695136480.0,1188.0,1188.0,19.8,False,3466722.0,57778.7
19834,2023-09-19 15:35:15,1695137715.0,1235.0,1235.0,20.583333333333332,False,3467957.0,57799.28333333333
19835,2023-09-19 15:56:42,1695139002.0,1287.0,1287.0,21.45,False,3469244.0,57820.73333333333
19836,2023-09-19 16:15:07,1695140107.0,1105.0,1105.0,18.416666666666668,False,3470349.0,57839.15
19837,2023-09-19 16:34:41,1695141281.0,1174.0,1174.0,19.566666666666666,False,3471523.0,57858.71666666667
19838,2023-09-19 17:52:14,1695145934.0,4653.0,4653.0,77.55,False,3476176.0,57936.26666666667
19839,2023-09-19 18:04:31,1695146671.0,737.0,5390.0,89.83333333333333,False,3476913.0,57948.55
19840,2023-09-19 18:19:31,1695147571.0,900.0,900.0,15.0,False,3477813.0,57963.55
19841,2023-09-19 18:35:12,1695148512.0,941.0,941.0,15.683333333333334,False,3478754.0,57979.23333333333
19842,2023-09-19 19:04:14,1695150254.0,1742.0,1742.0,29.033333333333335,False,3480496.0,58008.26666666667
19843,2023-09-20 10:37:40,1695206260.0,56006.0,56006.0,933.4333333333333,False,3536502.0,58941.7
19844,2023-09-20 11:03:39,1695207819.0,1559.0,57565.0,959.4166666666666,False,3538061.0,58967.683333333334
19845,2023-09-20 11:41:17,1695210077.0,2258.0,59823.0,997.05,False,3540319.0,59005.316666666666
19846,2023-09-20 11:51:47,1695210707.0,630.0,60453.0,1007.55,False,3540949.0,59015.816666666666
19847,2023-09-20 11:58:10,1695211090.0,383.0,60836.0,1013.9333333333333,False,3541332.0,59022.2
19848,2023-09-20 12:10:16,1695211816.0,726.0,61562.0,1026.0333333333333,True,3542058.0,59034.3
19849,2023-09-20 12:27:05,1695212825.0,1009.0,1009.0,16.816666666666666,False,3543067.0,59051.11666666667
19850,2023-09-20 12:44:21,1695213861.0,1036.0,1036.0,17.266666666666666,False,3544103.0,59068.38333333333
19851,2023-09-20 13:02:45,1695214965.0,1104.0,1104.0,18.4,False,3545207.0,59086.78333333333
19852,2023-09-20 13:22:25,1695216145.0,1180.0,1180.0,19.666666666666668,False,3546387.0,59106.45
19853,2023-09-20 13:45:26,1695217526.0,1381.0,1381.0,23.016666666666666,False,3547768.0,59129.46666666667
19854,2023-09-20 14:02:46,1695218566.0,1040.0,1040.0,17.333333333333332,False,3548808.0,59146.8
19855,2023-09-20 14:20:14,1695219614.0,1048.0,1048.0,17.466666666666665,False,3549856.0,59164.26666666667
19856,2023-09-20 14:37:26,1695220646.0,1032.0,1032.0,17.2,False,3550888.0,59181.46666666667
19857,2023-09-20 14:54:21,1695221661.0,1015.0,1015.0,16.916666666666668,False,3551903.0,59198.38333333333
19858,2023-09-20 15:09:45,1695222585.0,924.0,924.0,15.4,False,3552827.0,59213.78333333333
19859,2023-09-20 15:15:40,1695222940.0,355.0,1279.0,21.316666666666666,False,3553182.0,59219.7
19860,2023-09-20 15:20:20,1695223220.0,280.0,1559.0,25.983333333333334,False,3553462.0,59224.36666666667
19861,2023-09-20 15:37:44,1695224264.0,1044.0,1044.0,17.4,False,3554506.0,59241.76666666667
19862,2023-09-20 15:57:10,1695225430.0,1166.0,1166.0,19.433333333333334,False,3555672.0,59261.2
19863,2023-09-20 16:22:42,1695226962.0,1532.0,1532.0,25.533333333333335,False,3557204.0,59286.73333333333
19864,2023-09-20 16:40:35,1695228035.0,1073.0,1073.0,17.883333333333333,False,3558277.0,59304.61666666667
19865,2023-09-20 16:59:31,1695229171.0,1136.0,1136.0,18.933333333333334,False,3559413.0,59323.55
19866,2023-09-20 17:16:49,1695230209.0,1038.0,1038.0,17.3,False,3560451.0,59340.85
19867,2023-09-20 17:34:36,1695231276.0,1067.0,1067.0,17.783333333333335,False,3561518.0,59358.63333333333
19868,2023-09-20 17:58:53,1695232733.0,1457.0,1457.0,24.283333333333335,False,3562975.0,59382.916666666664
19869,2023-09-20 18:19:14,1695233954.0,1221.0,1221.0,20.35,False,3564196.0,59403.26666666667
19870,2023-09-20 18:36:14,1695234974.0,1020.0,1020.0,17.0,False,3565216.0,59420.26666666667
19871,2023-09-20 19:00:47,1695236447.0,1473.0,1473.0,24.55,False,3566689.0,59444.816666666666
19872,2023-09-20 19:18:52,1695237532.0,1085.0,1085.0,18.083333333333332,False,3567774.0,59462.9
19873,2023-09-20 19:35:09,1695238509.0,977.0,977.0,16.283333333333335,False,3568751.0,59479.183333333334
19874,2023-09-20 19:51:08,1695239468.0,959.0,959.0,15.983333333333333,False,3569710.0,59495.166666666664
19875,2023-09-21 14:08:26,1695305306.0,65838.0,66797.0,1113.2833333333333,False,3635548.0,60592.46666666667
19876,2023-09-21 14:13:22,1695305602.0,296.0,67093.0,1118.2166666666667,False,3635844.0,60597.4
19877,2023-09-21 14:18:49,1695305929.0,327.0,67420.0,1123.6666666666667,False,3636171.0,60602.85
19878,2023-09-21 14:21:49,1695306109.0,180.0,67600.0,1126.6666666666667,False,3636351.0,60605.85
19879,2023-09-21 14:26:47,1695306407.0,298.0,67898.0,1131.6333333333334,False,3636649.0,60610.816666666666
19880,2023-09-21 14:31:03,1695306663.0,256.0,68154.0,1135.9,False,3636905.0,60615.083333333336
19881,2023-09-21 14:34:14,1695306854.0,191.0,68345.0,1139.0833333333333,False,3637096.0,60618.26666666667
19882,2023-09-21 14:37:10,1695307030.0,176.0,68521.0,1142.0166666666667,False,3637272.0,60621.2
19883,2023-09-21 14:39:46,1695307186.0,156.0,68677.0,1144.6166666666666,False,3637428.0,60623.8
19884,2023-09-21 14:42:48,1695307368.0,182.0,68859.0,1147.65,False,3637610.0,60626.833333333336
19885,2023-09-21 14:45:52,1695307552.0,184.0,69043.0,1150.7166666666667,False,3637794.0,60629.9
19886,2023-09-21 14:48:28,1695307708.0,156.0,69199.0,1153.3166666666666,False,3637950.0,60632.5
19887,2023-09-21 14:53:29,1695308009.0,301.0,69500.0,1158.3333333333333,False,3638251.0,60637.51666666667
19888,2023-09-21 14:57:33,1695308253.0,244.0,69744.0,1162.4,False,3638495.0,60641.583333333336
19889,2023-09-21 15:00:17,1695308417.0,164.0,69908.0,1165.1333333333334,False,3638659.0,60644.316666666666
19890,2023-09-21 15:03:28,1695308608.0,191.0,70099.0,1168.3166666666666,False,3638850.0,60647.5
19891,2023-09-21 15:08:01,1695308881.0,273.0,70372.0,1172.8666666666666,False,3639123.0,60652.05
19892,2023-09-21 15:11:09,1695309069.0,188.0,70560.0,1176.0,False,3639311.0,60655.183333333334
19893,2023-09-21 15:14:17,1695309257.0,188.0,70748.0,1179.1333333333334,False,3639499.0,60658.316666666666
19894,2023-09-21 15:16:50,1695309410.0,153.0,70901.0,1181.6833333333334,False,3639652.0,60660.86666666667
19895,2023-09-21 15:19:19,1695309559.0,149.0,71050.0,1184.1666666666667,False,3639801.0,60663.35
19896,2023-09-21 15:21:43,1695309703.0,144.0,71194.0,1186.5666666666666,False,3639945.0,60665.75
19897,2023-09-21 15:24:13,1695309853.0,150.0,71344.0,1189.0666666666666,False,3640095.0,60668.25
19898,2023-09-21 15:27:27,1695310047.0,194.0,71538.0,1192.3,False,3640289.0,60671.48333333333
19899,2023-09-21 15:30:16,1695310216.0,169.0,71707.0,1195.1166666666666,False,3640458.0,60674.3
19900,2023-09-21 15:32:53,1695310373.0,157.0,71864.0,1197.7333333333333,False,3640615.0,60676.916666666664
19901,2023-09-21 15:35:59,1695310559.0,186.0,72050.0,1200.8333333333333,False,3640801.0,60680.01666666667
19902,2023-09-22 12:23:00,1695385380.0,74821.0,146871.0,2447.85,False,0.0,0.0
19903,2023-09-22 12:31:56,1695385916.0,536.0,147407.0,2456.7833333333333,False,536.0,8.933333333333334
19904,2023-09-22 14:00:37,1695391237.0,5321.0,152728.0,2545.4666666666667,False,5857.0,97.61666666666666
19905,2023-09-22 14:13:43,1695392023.0,786.0,153514.0,2558.5666666666666,False,6643.0,110.71666666666667
19906,2023-09-22 16:47:29,1695401249.0,9226.0,162740.0,2712.3333333333335,True,15869.0,264.48333333333335
19907,2023-09-22 17:11:22,1695402682.0,1433.0,1433.0,23.883333333333333,False,17302.0,288.3666666666667
19908,2023-09-22 17:27:34,1695403654.0,972.0,972.0,16.2,False,18274.0,304.56666666666666
19909,2023-09-22 17:44:13,1695404653.0,999.0,999.0,16.65,False,19273.0,321.21666666666664
19910,2023-09-22 18:00:23,1695405623.0,970.0,970.0,16.166666666666668,False,20243.0,337.3833333333333
19911,2023-09-22 18:16:31,1695406591.0,968.0,968.0,16.133333333333333,False,21211.0,353.51666666666665
19912,2023-09-27 10:14:50,1695809690.0,403099.0,403099.0,6718.316666666667,False,424310.0,7071.833333333333
19913,2023-09-27 10:20:31,1695810031.0,341.0,403440.0,6724.0,False,424651.0,7077.516666666666
19914,2023-09-27 10:41:08,1695811268.0,1237.0,404677.0,6744.616666666667,True,425888.0,7098.133333333333
19915,2023-09-27 11:00:17,1695812417.0,1149.0,1149.0,19.15,False,427037.0,7117.283333333334
19916,2023-09-27 11:17:27,1695813447.0,1030.0,1030.0,17.166666666666668,False,428067.0,7134.45
19917,2023-09-27 11:37:09,1695814629.0,1182.0,1182.0,19.7,False,429249.0,7154.15
19918,2023-09-27 12:59:54,1695819594.0,4965.0,4965.0,82.75,False,434214.0,7236.9
19919,2023-09-27 13:45:37,1695822337.0,2743.0,2743.0,45.71666666666667,False,436957.0,7282.616666666667
19920,2023-09-27 14:03:19,1695823399.0,1062.0,1062.0,17.7,False,438019.0,7300.316666666667
19921,2023-09-27 14:17:31,1695824251.0,852.0,852.0,14.2,False,438871.0,7314.516666666666
19922,2023-09-27 14:31:56,1695825116.0,865.0,865.0,14.416666666666666,False,439736.0,7328.933333333333
19923,2023-09-27 14:47:27,1695826047.0,931.0,931.0,15.516666666666667,False,440667.0,7344.45
19924,2023-09-27 15:06:04,1695827164.0,1117.0,1117.0,18.616666666666667,False,441784.0,7363.066666666667
19925,2023-09-27 15:20:18,1695828018.0,854.0,854.0,14.233333333333333,False,442638.0,7377.3
19926,2023-09-27 15:38:11,1695829091.0,1073.0,1073.0,17.883333333333333,False,443711.0,7395.183333333333
19927,2023-09-27 15:53:41,1695830021.0,930.0,930.0,15.5,False,444641.0,7410.683333333333
19928,2023-09-27 16:09:17,1695830957.0,936.0,936.0,15.6,False,445577.0,7426.283333333334
19929,2023-09-27 16:23:57,1695831837.0,880.0,880.0,14.666666666666666,False,446457.0,7440.95
19930,2023-09-27 16:38:07,1695832687.0,850.0,850.0,14.166666666666666,False,447307.0,7455.116666666667
19931,2023-09-27 16:54:15,1695833655.0,968.0,968.0,16.133333333333333,False,448275.0,7471.25
19932,2023-09-27 17:07:38,1695834458.0,803.0,803.0,13.383333333333333,False,449078.0,7484.633333333333
19933,2023-09-27 17:24:14,1695835454.0,996.0,996.0,16.6,False,450074.0,7501.233333333334
19934,2023-09-27 17:40:28,1695836428.0,974.0,974.0,16.233333333333334,False,451048.0,7517.466666666666
19935,2023-09-27 17:59:59,1695837599.0,1171.0,1171.0,19.516666666666666,False,452219.0,7536.983333333334
19936,2023-09-27 18:37:06,1695839826.0,2227.0,2227.0,37.11666666666667,False,454446.0,7574.1
19937,2023-09-27 18:48:41,1695840521.0,695.0,695.0,11.583333333333334,False,455141.0,7585.683333333333
19938,2023-09-27 19:14:20,1695842060.0,1539.0,2234.0,37.233333333333334,False,456680.0,7611.333333333333
19939,2023-09-27 19:32:02,1695843122.0,1062.0,1062.0,17.7,False,457742.0,7629.033333333334
19940,2023-09-28 13:22:47,1695907367.0,64245.0,64245.0,1070.75,False,521987.0,8699.783333333333
19941,2023-09-28 13:39:34,1695908374.0,1007.0,65252.0,1087.5333333333333,False,522994.0,8716.566666666668
19942,2023-09-28 13:48:51,1695908931.0,557.0,65809.0,1096.8166666666666,False,523551.0,8725.85
19943,2023-09-28 13:58:48,1695909528.0,597.0,66406.0,1106.7666666666667,True,524148.0,8735.8
19944,2023-09-28 14:12:24,1695910344.0,816.0,816.0,13.6,False,524964.0,8749.4
19945,2023-09-28 14:27:56,1695911276.0,932.0,932.0,15.533333333333333,False,525896.0,8764.933333333332
19946,2023-09-28 14:45:38,1695912338.0,1062.0,1062.0,17.7,False,526958.0,8782.633333333333
19947,2023-09-28 15:03:29,1695913409.0,1071.0,1071.0,17.85,False,528029.0,8800.483333333334
19948,2023-09-28 15:23:11,1695914591.0,1182.0,1182.0,19.7,False,529211.0,8820.183333333332
19949,2023-09-28 15:36:28,1695915388.0,797.0,1979.0,32.983333333333334,False,530008.0,8833.466666666667
19950,2023-09-28 15:58:40,1695916720.0,1332.0,1332.0,22.2,False,531340.0,8855.666666666666
19951,2023-09-28 16:22:07,1695918127.0,1407.0,1407.0,23.45,False,532747.0,8879.116666666667
19952,2023-09-28 16:47:00,1695919620.0,1493.0,1493.0,24.883333333333333,False,534240.0,8904.0
19953,2023-09-28 17:10:47,1695921047.0,1427.0,1427.0,23.783333333333335,False,535667.0,8927.783333333333
19954,2023-09-28 17:43:47,1695923027.0,1980.0,1980.0,33.0,False,537647.0,8960.783333333333
19955,2023-09-28 18:12:19,1695924739.0,1712.0,1712.0,28.533333333333335,False,539359.0,8989.316666666668
19956,2023-09-28 18:37:40,1695926260.0,1521.0,1521.0,25.35,False,540880.0,9014.666666666666
19957,2023-09-28 19:06:53,1695928013.0,1753.0,1753.0,29.216666666666665,False,542633.0,9043.883333333333
19958,2023-09-29 15:57:05,1696003025.0,75012.0,75012.0,1250.2,False,617645.0,10294.083333333334
19959,2023-10-02 09:02:39,1696237359.0,234334.0,309346.0,5155.766666666666,False,851979.0,14199.65
19960,2023-10-10 12:11:35,1696939895.0,702536.0,1011882.0,16864.7,False,1554515.0,25908.583333333332
19961,2023-10-11 16:57:40,1697043460.0,103565.0,1115447.0,18590.783333333333,False,1658080.0,27634.666666666668
19962,2023-10-11 17:08:09,1697044089.0,629.0,1116076.0,18601.266666666666,False,1658709.0,27645.15
19963,2023-10-11 17:14:11,1697044451.0,362.0,1116438.0,18607.3,False,1659071.0,27651.183333333334
19964,2023-10-11 17:31:53,1697045513.0,1062.0,1117500.0,18625.0,False,1660133.0,27668.883333333335
19965,2023-10-11 17:38:33,1697045913.0,400.0,1117900.0,18631.666666666668,True,1660533.0,27675.55
19966,2023-10-11 18:22:36,1697048556.0,2643.0,2643.0,44.05,False,1663176.0,27719.6
19967,2023-10-11 18:42:06,1697049726.0,1170.0,1170.0,19.5,False,1664346.0,27739.1
19968,2023-10-11 19:08:48,1697051328.0,1602.0,1602.0,26.7,False,1665948.0,27765.8
19969,2023-10-11 19:20:35,1697052035.0,707.0,707.0,11.783333333333333,False,1666655.0,27777.583333333332
19970,2023-10-11 19:33:23,1697052803.0,768.0,768.0,12.8,False,1667423.0,27790.383333333335
19971,2023-10-11 19:47:02,1697053622.0,819.0,819.0,13.65,False,1668242.0,27804.033333333333
19972,2023-10-12 10:30:27,1697106627.0,53005.0,53005.0,883.4166666666666,False,1721247.0,28687.45
19973,2023-10-12 10:34:09,1697106849.0,222.0,53227.0,887.1166666666667,False,1721469.0,28691.15
19974,2023-10-12 11:23:44,1697109824.0,2975.0,56202.0,936.7,False,1724444.0,28740.733333333334
19975,2023-10-12 11:38:54,1697110734.0,910.0,57112.0,951.8666666666667,False,1725354.0,28755.9
19976,2023-10-12 11:47:12,1697111232.0,498.0,57610.0,960.1666666666666,True,1725852.0,28764.2
19977,2023-10-12 12:01:29,1697112089.0,857.0,857.0,14.283333333333333,False,1726709.0,28778.483333333334
19978,2023-10-12 12:25:12,1697113512.0,1423.0,1423.0,23.716666666666665,False,1728132.0,28802.2
19979,2023-10-12 12:39:02,1697114342.0,830.0,830.0,13.833333333333334,False,1728962.0,28816.033333333333
19980,2023-10-12 12:52:17,1697115137.0,795.0,795.0,13.25,False,1729757.0,28829.283333333333
19981,2023-10-12 13:05:01,1697115901.0,764.0,764.0,12.733333333333333,False,1730521.0,28842.016666666666
19982,2023-10-12 13:17:58,1697116678.0,777.0,777.0,12.95,False,1731298.0,28854.966666666667
19983,2023-10-12 13:57:34,1697119054.0,2376.0,2376.0,39.6,False,1733674.0,28894.566666666666
19984,2023-10-12 14:09:55,1697119795.0,741.0,741.0,12.35,False,1734415.0,28906.916666666668
19985,2023-10-12 14:27:57,1697120877.0,1082.0,1082.0,18.033333333333335,False,1735497.0,28924.95
19986,2023-10-12 14:33:15,1697121195.0,318.0,1400.0,23.333333333333332,False,1735815.0,28930.25
19987,2023-10-12 14:45:32,1697121932.0,737.0,737.0,12.283333333333333,False,1736552.0,28942.533333333333
19988,2023-10-12 14:58:00,1697122680.0,748.0,748.0,12.466666666666667,False,1737300.0,28955.0
19989,2023-10-12 15:11:20,1697123480.0,800.0,800.0,13.333333333333334,False,1738100.0,28968.333333333332
19990,2023-10-12 15:26:26,1697124386.0,906.0,906.0,15.1,False,1739006.0,28983.433333333334
19991,2023-10-12 15:33:26,1697124806.0,420.0,420.0,7.0,False,1739426.0,28990.433333333334
19992,2023-10-12 15:47:12,1697125632.0,826.0,1246.0,20.766666666666666,False,1740252.0,29004.2
19993,2023-10-12 16:00:29,1697126429.0,797.0,797.0,13.283333333333333,False,1741049.0,29017.483333333334
19994,2023-10-12 16:13:39,1697127219.0,790.0,790.0,13.166666666666666,False,1741839.0,29030.65
19995,2023-10-12 16:18:51,1697127531.0,312.0,1102.0,18.366666666666667,False,1742151.0,29035.85
19996,2023-10-12 16:37:07,1697128627.0,1096.0,1096.0,18.266666666666666,False,1743247.0,29054.116666666665
19997,2023-10-12 17:02:17,1697130137.0,1510.0,1510.0,25.166666666666668,False,1744757.0,29079.283333333333
19998,2023-10-12 17:14:43,1697130883.0,746.0,746.0,12.433333333333334,False,1745503.0,29091.716666666667
19999,2023-10-12 17:26:07,1697131567.0,684.0,684.0,11.4,False,1746187.0,29103.116666666665
20000,2023-10-12 17:39:02,1697132342.0,775.0,775.0,12.916666666666666,False,1746962.0,29116.033333333333
20001,2023-10-12 17:51:17,1697133077.0,735.0,735.0,12.25,False,1747697.0,29128.283333333333
20002,2023-10-12 18:06:38,1697133998.0,921.0,921.0,15.35,False,1748618.0,29143.633333333335
20003,2023-10-12 18:22:14,1697134934.0,936.0,936.0,15.6,False,1749554.0,29159.233333333334
20004,2023-10-12 18:34:45,1697135685.0,751.0,751.0,12.516666666666667,False,1750305.0,29171.75
20005,2023-10-12 18:46:57,1697136417.0,732.0,732.0,12.2,False,1751037.0,29183.95
20006,2023-10-13 13:19:45,1697203185.0,66768.0,66768.0,1112.8,False,1817805.0,30296.75
20007,2023-10-13 13:29:02,1697203742.0,557.0,67325.0,1122.0833333333333,False,1818362.0,30306.033333333333
20008,2023-10-13 13:33:28,1697204008.0,266.0,67591.0,1126.5166666666667,False,1818628.0,30310.466666666667
20009,2023-10-13 13:41:21,1697204481.0,473.0,68064.0,1134.4,True,1819101.0,30318.35
20010,2023-10-13 13:53:03,1697205183.0,702.0,702.0,11.7,False,1819803.0,30330.05
20011,2023-10-13 14:04:39,1697205879.0,696.0,696.0,11.6,False,1820499.0,30341.65
20012,2023-10-13 14:16:39,1697206599.0,720.0,720.0,12.0,False,1821219.0,30353.65
20013,2023-10-13 14:29:07,1697207347.0,748.0,748.0,12.466666666666667,False,1821967.0,30366.116666666665
20014,2023-10-13 14:40:56,1697208056.0,709.0,709.0,11.816666666666666,False,1822676.0,30377.933333333334
20015,2023-10-13 14:54:39,1697208879.0,823.0,823.0,13.716666666666667,False,1823499.0,30391.65
20016,2023-10-13 15:10:52,1697209852.0,973.0,973.0,16.216666666666665,False,1824472.0,30407.866666666665
20017,2023-10-13 15:30:00,1697211000.0,1148.0,1148.0,19.133333333333333,False,1825620.0,30427.0
20018,2023-10-13 15:46:53,1697212013.0,1013.0,1013.0,16.883333333333333,False,1826633.0,30443.883333333335
20019,2023-10-13 16:04:23,1697213063.0,1050.0,1050.0,17.5,False,1827683.0,30461.383333333335
20020,2023-10-13 16:15:58,1697213758.0,695.0,695.0,11.583333333333334,False,1828378.0,30472.966666666667
20021,2023-10-13 16:30:22,1697214622.0,864.0,864.0,14.4,False,1829242.0,30487.366666666665
20022,2023-10-13 16:51:59,1697215919.0,1297.0,1297.0,21.616666666666667,False,1830539.0,30508.983333333334
20023,2023-10-13 17:04:59,1697216699.0,780.0,780.0,13.0,False,1831319.0,30521.983333333334
20024,2023-10-13 17:17:44,1697217464.0,765.0,765.0,12.75,False,1832084.0,30534.733333333334
20025,2023-10-13 17:40:23,1697218823.0,1359.0,1359.0,22.65,False,1833443.0,30557.383333333335
20026,2023-10-13 17:58:24,1697219904.0,1081.0,1081.0,18.016666666666666,False,1834524.0,30575.4
20027,2023-10-13 18:19:37,1697221177.0,1273.0,1273.0,21.216666666666665,False,1835797.0,30596.616666666665
20028,2023-10-13 18:29:15,1697221755.0,578.0,1851.0,30.85,False,1836375.0,30606.25
20029,2023-10-13 18:46:37,1697222797.0,1042.0,1042.0,17.366666666666667,False,1837417.0,30623.616666666665
20030,2023-10-13 19:00:11,1697223611.0,814.0,814.0,13.566666666666666,False,1838231.0,30637.183333333334
20031,2023-10-13 19:03:16,1697223796.0,185.0,999.0,16.65,False,1838416.0,30640.266666666666
20032,2023-10-13 19:07:17,1697224037.0,241.0,1240.0,20.666666666666668,False,1838657.0,30644.283333333333
20033,2023-10-13 19:22:56,1697224976.0,939.0,939.0,15.65,False,1839596.0,30659.933333333334
20034,2023-10-13 19:35:37,1697225737.0,761.0,761.0,12.683333333333334,False,1840357.0,30672.616666666665
20035,2023-10-16 14:38:42,1697467122.0,241385.0,241385.0,4023.0833333333335,False,2081742.0,34695.7
20036,2023-10-16 14:48:31,1697467711.0,589.0,241974.0,4032.9,False,2082331.0,34705.51666666667
20037,2023-10-16 14:57:26,1697468246.0,535.0,242509.0,4041.8166666666666,False,2082866.0,34714.433333333334
20038,2023-10-16 15:04:14,1697468654.0,408.0,242917.0,4048.616666666667,True,2083274.0,34721.23333333333
20039,2023-10-16 15:13:14,1697469194.0,540.0,540.0,9.0,False,2083814.0,34730.23333333333
20040,2023-10-16 15:24:28,1697469868.0,674.0,674.0,11.233333333333333,False,2084488.0,34741.46666666667
20041,2023-10-16 15:34:10,1697470450.0,582.0,582.0,9.7,False,2085070.0,34751.166666666664
20042,2023-10-16 15:44:59,1697471099.0,649.0,649.0,10.816666666666666,False,2085719.0,34761.98333333333
20043,2023-10-16 15:52:41,1697471561.0,462.0,462.0,7.7,False,2086181.0,34769.683333333334
20044,2023-10-16 16:01:48,1697472108.0,547.0,547.0,9.116666666666667,False,2086728.0,34778.8
20045,2023-10-16 16:10:38,1697472638.0,530.0,530.0,8.833333333333334,False,2087258.0,34787.63333333333
20046,2023-10-16 16:20:51,1697473251.0,613.0,613.0,10.216666666666667,False,2087871.0,34797.85
20047,2023-10-16 16:32:49,1697473969.0,718.0,718.0,11.966666666666667,False,2088589.0,34809.816666666666
20048,2023-10-16 16:44:21,1697474661.0,692.0,692.0,11.533333333333333,False,2089281.0,34821.35
20049,2023-10-16 16:53:49,1697475229.0,568.0,568.0,9.466666666666667,False,2089849.0,34830.816666666666
20050,2023-10-16 17:01:22,1697475682.0,453.0,453.0,7.55,False,2090302.0,34838.36666666667
20051,2023-10-16 17:11:57,1697476317.0,635.0,635.0,10.583333333333334,False,2090937.0,34848.95
20052,2023-10-16 17:20:47,1697476847.0,530.0,530.0,8.833333333333334,False,2091467.0,34857.78333333333
20053,2023-10-16 17:30:51,1697477451.0,604.0,604.0,10.066666666666666,False,2092071.0,34867.85
20054,2023-10-16 17:38:38,1697477918.0,467.0,467.0,7.783333333333333,False,2092538.0,34875.63333333333
20055,2023-10-16 17:54:32,1697478872.0,954.0,954.0,15.9,False,2093492.0,34891.53333333333
20056,2023-10-16 18:16:55,1697480215.0,1343.0,1343.0,22.383333333333333,False,2094835.0,34913.916666666664
20057,2023-10-16 18:27:18,1697480838.0,623.0,623.0,10.383333333333333,False,2095458.0,34924.3
20058,2023-10-16 18:39:14,1697481554.0,716.0,716.0,11.933333333333334,False,2096174.0,34936.23333333333
20059,2023-10-16 18:49:21,1697482161.0,607.0,607.0,10.116666666666667,False,2096781.0,34946.35
20060,2023-10-16 18:57:16,1697482636.0,475.0,475.0,7.916666666666667,False,2097256.0,34954.26666666667
20061,2023-10-16 19:06:07,1697483167.0,531.0,531.0,8.85,False,2097787.0,34963.11666666667
20062,2023-10-16 19:14:56,1697483696.0,529.0,529.0,8.816666666666666,False,2098316.0,34971.933333333334
20063,2023-10-16 19:24:36,1697484276.0,580.0,580.0,9.666666666666666,False,2098896.0,34981.6
20064,2023-10-16 19:32:47,1697484767.0,491.0,491.0,8.183333333333334,False,2099387.0,34989.78333333333
20065,2023-10-17 10:09:00,1697537340.0,52573.0,52573.0,876.2166666666667,False,2151960.0,35866.0
20066,2023-10-17 10:32:05,1697538725.0,1385.0,53958.0,899.3,False,2153345.0,35889.083333333336
20067,2023-10-17 10:36:55,1697539015.0,290.0,54248.0,904.1333333333333,False,2153635.0,35893.916666666664
20068,2023-10-17 13:13:04,1697548384.0,9369.0,63617.0,1060.2833333333333,False,0.0,0.0
20069,2023-10-17 13:17:23,1697548643.0,259.0,63876.0,1064.6,False,259.0,4.316666666666666
20070,2023-10-17 13:20:32,1697548832.0,189.0,64065.0,1067.75,False,448.0,7.466666666666667
20071,2023-10-17 13:32:08,1697549528.0,696.0,64761.0,1079.35,False,1144.0,19.066666666666666
20072,2023-10-17 13:40:05,1697550005.0,477.0,65238.0,1087.3,False,1621.0,27.016666666666666
20073,2023-10-17 13:44:21,1697550261.0,256.0,65494.0,1091.5666666666666,False,1877.0,31.283333333333335
20074,2023-10-17 13:49:00,1697550540.0,279.0,65773.0,1096.2166666666667,False,2156.0,35.93333333333333
20075,2023-10-17 16:22:21,1697559741.0,9201.0,74974.0,1249.5666666666666,False,11357.0,189.28333333333333
20076,2023-10-17 16:25:22,1697559922.0,181.0,75155.0,1252.5833333333333,False,11538.0,192.3
20077,2023-10-17 16:28:25,1697560105.0,183.0,75338.0,1255.6333333333334,False,11721.0,195.35
20078,2023-10-18 12:50:41,1697633441.0,73336.0,148674.0,2477.9,False,85057.0,1417.6166666666666
20079,2023-10-18 12:55:28,1697633728.0,287.0,148961.0,2482.6833333333334,False,85344.0,1422.4
20080,2023-10-18 13:11:07,1697634667.0,939.0,149900.0,2498.3333333333335,True,86283.0,1438.05
20081,2023-10-18 14:21:50,1697638910.0,4243.0,4243.0,70.71666666666667,False,90526.0,1508.7666666666667
20082,2023-10-18 14:36:26,1697639786.0,876.0,876.0,14.6,False,91402.0,1523.3666666666666
20083,2023-10-18 14:54:39,1697640879.0,1093.0,1969.0,32.81666666666667,False,92495.0,1541.5833333333333
20084,2023-10-18 15:08:58,1697641738.0,859.0,859.0,14.316666666666666,False,93354.0,1555.9
20085,2023-10-18 15:21:45,1697642505.0,767.0,767.0,12.783333333333333,False,94121.0,1568.6833333333334
20086,2023-10-18 15:52:12,1697644332.0,1827.0,1827.0,30.45,False,95948.0,1599.1333333333334
20087,2023-10-18 16:29:48,1697646588.0,2256.0,4083.0,68.05,False,98204.0,1636.7333333333333
20088,2023-10-18 16:35:08,1697646908.0,320.0,4403.0,73.38333333333334,False,98524.0,1642.0666666666666
20089,2023-10-18 16:43:49,1697647429.0,521.0,4924.0,82.06666666666666,False,99045.0,1650.75
20090,2023-10-18 17:11:52,1697649112.0,1683.0,6607.0,110.11666666666666,False,100728.0,1678.8
20091,2023-10-18 17:22:36,1697649756.0,644.0,7251.0,120.85,False,101372.0,1689.5333333333333
20092,2023-10-18 17:30:43,1697650243.0,487.0,7738.0,128.96666666666667,False,101859.0,1697.65
20093,2023-10-18 17:54:02,1697651642.0,1399.0,9137.0,152.28333333333333,False,103258.0,1720.9666666666667
20094,2023-10-18 18:05:39,1697652339.0,697.0,9834.0,163.9,False,103955.0,1732.5833333333333
20095,2023-10-18 18:27:45,1697653665.0,1326.0,11160.0,186.0,False,105281.0,1754.6833333333334
20096,2023-10-18 18:35:59,1697654159.0,494.0,11654.0,194.23333333333332,False,105775.0,1762.9166666666667
20097,2023-10-18 18:41:49,1697654509.0,350.0,12004.0,200.06666666666666,False,106125.0,1768.75
20098,2023-10-18 19:30:58,1697657458.0,2949.0,14953.0,249.21666666666667,False,109074.0,1817.9
20099,2023-10-18 19:33:59,1697657639.0,181.0,15134.0,252.23333333333332,False,109255.0,1820.9166666666667
20100,2023-10-18 19:44:30,1697658270.0,631.0,15765.0,262.75,False,109886.0,1831.4333333333334
20101,2023-10-18 20:01:05,1697659265.0,995.0,995.0,16.583333333333332,False,110881.0,1848.0166666666667
20102,2023-10-18 20:08:17,1697659697.0,432.0,1427.0,23.783333333333335,False,111313.0,1855.2166666666667
20103,2023-10-19 13:12:28,1697721148.0,61451.0,62878.0,1047.9666666666667,False,172764.0,2879.4
20104,2023-10-19 13:23:24,1697721804.0,656.0,63534.0,1058.9,False,173420.0,2890.3333333333335
20105,2023-10-19 13:34:08,1697722448.0,644.0,64178.0,1069.6333333333334,False,174064.0,2901.0666666666666
20106,2023-10-19 13:40:08,1697722808.0,360.0,64538.0,1075.6333333333334,False,174424.0,2907.0666666666666
20107,2023-10-19 13:49:11,1697723351.0,543.0,65081.0,1084.6833333333334,True,174967.0,2916.116666666667
20108,2023-10-19 14:12:18,1697724738.0,1387.0,1387.0,23.116666666666667,False,176354.0,2939.233333333333
20109,2023-10-19 14:31:23,1697725883.0,1145.0,1145.0,19.083333333333332,False,177499.0,2958.3166666666666
20110,2023-10-19 14:44:16,1697726656.0,773.0,773.0,12.883333333333333,False,178272.0,2971.2
20111,2023-10-19 14:56:51,1697727411.0,755.0,755.0,12.583333333333334,False,179027.0,2983.7833333333333
20112,2023-10-19 15:09:34,1697728174.0,763.0,1518.0,25.3,False,179790.0,2996.5
20113,2023-10-19 15:42:51,1697730171.0,1997.0,3515.0,58.583333333333336,False,181787.0,3029.7833333333333
20114,2023-10-19 15:59:27,1697731167.0,996.0,996.0,16.6,False,182783.0,3046.383333333333
20115,2023-10-19 16:12:11,1697731931.0,764.0,764.0,12.733333333333333,False,183547.0,3059.116666666667
20116,2023-10-19 16:26:44,1697732804.0,873.0,873.0,14.55,False,184420.0,3073.6666666666665
20117,2023-10-20 09:53:54,1697795634.0,62830.0,62830.0,1047.1666666666667,False,247250.0,4120.833333333333
20118,2023-10-20 10:00:27,1697796027.0,393.0,63223.0,1053.7166666666667,False,247643.0,4127.383333333333
20119,2023-10-20 10:08:25,1697796505.0,478.0,63701.0,1061.6833333333334,False,248121.0,4135.35
20120,2023-10-20 11:01:53,1697799713.0,3208.0,66909.0,1115.15,False,251329.0,4188.816666666667
20121,2023-10-20 11:44:35,1697802275.0,2562.0,69471.0,1157.85,False,253891.0,4231.516666666666
20122,2023-10-20 11:47:00,1697802420.0,145.0,69616.0,1160.2666666666667,False,254036.0,4233.933333333333
20123,2023-10-20 11:56:08,1697802968.0,548.0,70164.0,1169.4,False,254584.0,4243.066666666667
20124,2023-10-20 12:04:12,1697803452.0,484.0,70648.0,1177.4666666666667,True,255068.0,4251.133333333333
20125,2023-10-20 12:21:27,1697804487.0,1035.0,1035.0,17.25,False,256103.0,4268.383333333333
20126,2023-10-20 12:33:18,1697805198.0,711.0,711.0,11.85,False,256814.0,4280.233333333334
20127,2023-10-20 12:47:14,1697806034.0,836.0,836.0,13.933333333333334,False,257650.0,4294.166666666667
20128,2023-10-20 12:58:47,1697806727.0,693.0,1529.0,25.483333333333334,False,258343.0,4305.716666666666
20129,2023-10-20 13:12:13,1697807533.0,806.0,806.0,13.433333333333334,False,259149.0,4319.15
20130,2023-10-20 13:25:11,1697808311.0,778.0,778.0,12.966666666666667,False,259927.0,4332.116666666667
20131,2023-10-20 14:02:56,1697810576.0,2265.0,2265.0,37.75,False,262192.0,4369.866666666667
20132,2023-10-20 14:05:58,1697810758.0,182.0,2447.0,40.78333333333333,False,262374.0,4372.9
20133,2023-10-20 14:19:20,1697811560.0,802.0,3249.0,54.15,False,263176.0,4386.266666666666
20134,2023-10-20 14:35:50,1697812550.0,990.0,990.0,16.5,False,264166.0,4402.766666666666
20135,2023-10-20 14:50:15,1697813415.0,865.0,865.0,14.416666666666666,False,265031.0,4417.183333333333
20136,2023-10-20 15:09:47,1697814587.0,1172.0,1172.0,19.533333333333335,False,266203.0,4436.716666666666
20137,2023-10-20 15:26:04,1697815564.0,977.0,977.0,16.283333333333335,False,267180.0,4453.0
20138,2023-10-20 16:05:04,1697817904.0,2340.0,2340.0,39.0,False,269520.0,4492.0
20139,2023-10-20 16:28:25,1697819305.0,1401.0,1401.0,23.35,False,270921.0,4515.35
20140,2023-10-20 17:01:37,1697821297.0,1992.0,1992.0,33.2,False,272913.0,4548.55
20141,2023-10-20 17:18:11,1697822291.0,994.0,994.0,16.566666666666666,False,273907.0,4565.116666666667
20142,2023-10-20 17:32:50,1697823170.0,879.0,879.0,14.65,False,274786.0,4579.766666666666
20143,2023-10-20 17:55:29,1697824529.0,1359.0,1359.0,22.65,False,276145.0,4602.416666666667
20144,2023-10-20 18:09:52,1697825392.0,863.0,863.0,14.383333333333333,False,277008.0,4616.8
20145,2023-10-20 18:23:20,1697826200.0,808.0,808.0,13.466666666666667,False,277816.0,4630.266666666666
20146,2023-10-20 18:43:41,1697827421.0,1221.0,1221.0,20.35,False,279037.0,4650.616666666667
20147,2023-10-20 19:01:16,1697828476.0,1055.0,1055.0,17.583333333333332,False,280092.0,4668.2
20148,2023-10-20 19:15:23,1697829323.0,847.0,847.0,14.116666666666667,False,280939.0,4682.316666666667
20149,2023-10-20 19:32:22,1697830342.0,1019.0,1019.0,16.983333333333334,False,281958.0,4699.3
20150,2023-10-23 11:59:28,1698062368.0,232026.0,232026.0,3867.1,False,513984.0,8566.4
20151,2023-10-23 12:09:29,1698062969.0,601.0,232627.0,3877.116666666667,False,514585.0,8576.416666666666
20152,2023-10-23 14:16:00,1698070560.0,7591.0,240218.0,4003.633333333333,False,522176.0,8702.933333333332
20153,2023-10-23 15:44:53,1698075893.0,5333.0,245551.0,4092.516666666667,False,527509.0,8791.816666666668
20154,2023-10-23 15:48:19,1698076099.0,206.0,245757.0,4095.95,False,527715.0,8795.25
20155,2023-10-23 16:02:06,1698076926.0,827.0,246584.0,4109.733333333334,False,528542.0,8809.033333333333
20156,2023-10-23 16:10:31,1698077431.0,505.0,247089.0,4118.15,False,529047.0,8817.45
20157,2023-10-23 16:27:39,1698078459.0,1028.0,248117.0,4135.283333333334,False,530075.0,8834.583333333334
20158,2023-10-23 16:55:42,1698080142.0,1683.0,249800.0,4163.333333333333,False,531758.0,8862.633333333333
20159,2023-10-23 17:24:19,1698081859.0,1717.0,251517.0,4191.95,True,533475.0,8891.25
20160,2023-10-23 17:42:32,1698082952.0,1093.0,1093.0,18.216666666666665,False,534568.0,8909.466666666667
20161,2023-10-23 18:08:07,1698084487.0,1535.0,1535.0,25.583333333333332,False,536103.0,8935.05
20162,2023-10-23 18:35:24,1698086124.0,1637.0,1637.0,27.283333333333335,False,537740.0,8962.333333333334
20163,2023-10-23 19:03:59,1698087839.0,1715.0,3352.0,55.86666666666667,False,539455.0,8990.916666666666
20164,2023-10-23 19:18:42,1698088722.0,883.0,4235.0,70.58333333333333,False,540338.0,9005.633333333333
20165,2023-10-23 19:39:37,1698089977.0,1255.0,5490.0,91.5,False,541593.0,9026.55
20166,2023-10-23 20:05:02,1698091502.0,1525.0,7015.0,116.91666666666667,False,543118.0,9051.966666666667
20167,2023-10-24 11:33:02,1698147182.0,55680.0,62695.0,1044.9166666666667,False,598798.0,9979.966666666667
20168,2023-10-24 12:07:09,1698149229.0,2047.0,64742.0,1079.0333333333333,False,600845.0,10014.083333333334
20169,2023-10-24 12:19:06,1698149946.0,717.0,65459.0,1090.9833333333333,False,601562.0,10026.033333333333
20170,2023-10-24 12:30:24,1698150624.0,678.0,66137.0,1102.2833333333333,True,602240.0,10037.333333333334
20171,2023-10-24 12:50:28,1698151828.0,1204.0,1204.0,20.066666666666666,False,603444.0,10057.4
20172,2023-10-24 13:10:18,1698153018.0,1190.0,1190.0,19.833333333333332,False,604634.0,10077.233333333334
20173,2023-10-24 13:25:03,1698153903.0,885.0,885.0,14.75,False,605519.0,10091.983333333334
20174,2023-10-24 13:54:46,1698155686.0,1783.0,1783.0,29.716666666666665,False,607302.0,10121.7
20175,2023-10-24 14:09:32,1698156572.0,886.0,886.0,14.766666666666667,False,608188.0,10136.466666666667
20176,2023-10-24 14:25:14,1698157514.0,942.0,942.0,15.7,False,609130.0,10152.166666666666
20177,2023-10-24 14:41:07,1698158467.0,953.0,953.0,15.883333333333333,False,610083.0,10168.05
20178,2023-10-24 15:01:05,1698159665.0,1198.0,1198.0,19.966666666666665,False,611281.0,10188.016666666666
20179,2023-10-24 15:16:58,1698160618.0,953.0,953.0,15.883333333333333,False,612234.0,10203.9
20180,2023-10-24 15:33:28,1698161608.0,990.0,990.0,16.5,False,613224.0,10220.4
20181,2023-10-24 15:55:33,1698162933.0,1325.0,1325.0,22.083333333333332,False,614549.0,10242.483333333334
20182,2023-10-24 16:11:41,1698163901.0,968.0,968.0,16.133333333333333,False,615517.0,10258.616666666667
20183,2023-10-24 16:29:16,1698164956.0,1055.0,1055.0,17.583333333333332,False,616572.0,10276.2
20184,2023-10-24 16:44:20,1698165860.0,904.0,904.0,15.066666666666666,False,617476.0,10291.266666666666
20185,2023-10-24 16:51:07,1698166267.0,407.0,1311.0,21.85,False,617883.0,10298.05
20186,2023-10-24 17:05:06,1698167106.0,839.0,2150.0,35.833333333333336,False,618722.0,10312.033333333333
20187,2023-10-24 17:17:50,1698167870.0,764.0,764.0,12.733333333333333,False,619486.0,10324.766666666666
20188,2023-10-24 17:30:56,1698168656.0,786.0,786.0,13.1,False,620272.0,10337.866666666667
20189,2023-10-24 17:36:05,1698168965.0,309.0,309.0,5.15,False,620581.0,10343.016666666666
20190,2023-10-24 17:46:19,1698169579.0,614.0,923.0,15.383333333333333,False,621195.0,10353.25
20191,2023-10-24 17:59:07,1698170347.0,768.0,768.0,12.8,False,621963.0,10366.05
20192,2023-10-24 18:11:54,1698171114.0,767.0,767.0,12.783333333333333,False,622730.0,10378.833333333334
20193,2023-10-24 18:27:24,1698172044.0,930.0,930.0,15.5,False,623660.0,10394.333333333334
20194,2023-10-24 18:40:14,1698172814.0,770.0,770.0,12.833333333333334,False,624430.0,10407.166666666666
20195,2023-10-24 18:53:06,1698173586.0,772.0,772.0,12.866666666666667,False,625202.0,10420.033333333333
20196,2023-10-24 19:05:51,1698174351.0,765.0,765.0,12.75,False,625967.0,10432.783333333333
20197,2023-10-24 19:18:39,1698175119.0,768.0,768.0,12.8,False,626735.0,10445.583333333334
20198,2023-10-24 19:31:24,1698175884.0,765.0,765.0,12.75,False,627500.0,10458.333333333334
20199,2023-10-24 19:44:11,1698176651.0,767.0,767.0,12.783333333333333,False,628267.0,10471.116666666667
20200,2023-10-24 19:57:07,1698177427.0,776.0,776.0,12.933333333333334,False,629043.0,10484.05
20201,2023-10-24 20:04:56,1698177896.0,469.0,1245.0,20.75,False,629512.0,10491.866666666667
20202,2023-10-24 20:20:25,1698178825.0,929.0,929.0,15.483333333333333,False,630441.0,10507.35
20203,2023-10-24 20:33:15,1698179595.0,770.0,770.0,12.833333333333334,False,631211.0,10520.183333333332
20204,2023-10-24 20:45:59,1698180359.0,764.0,764.0,12.733333333333333,False,631975.0,10532.916666666666
20205,2023-10-25 13:11:11,1698239471.0,59112.0,59112.0,985.2,False,691087.0,11518.116666666667
20206,2023-10-25 14:28:22,1698244102.0,4631.0,63743.0,1062.3833333333334,False,695718.0,11595.3
20207,2023-10-25 14:35:23,1698244523.0,421.0,64164.0,1069.4,False,696139.0,11602.316666666668
20208,2023-10-25 14:54:35,1698245675.0,1152.0,65316.0,1088.6,False,697291.0,11621.516666666666
20209,2023-10-25 15:10:09,1698246609.0,934.0,66250.0,1104.1666666666667,False,698225.0,11637.083333333334
20210,2023-10-25 15:24:27,1698247467.0,858.0,67108.0,1118.4666666666667,False,699083.0,11651.383333333333
20211,2023-10-25 15:41:02,1698248462.0,995.0,68103.0,1135.05,True,700078.0,11667.966666666667
20212,2023-10-25 15:59:23,1698249563.0,1101.0,1101.0,18.35,False,701179.0,11686.316666666668
20213,2023-10-25 16:12:39,1698250359.0,796.0,796.0,13.266666666666667,False,701975.0,11699.583333333334
20214,2023-10-25 16:30:33,1698251433.0,1074.0,1074.0,17.9,False,703049.0,11717.483333333334
20215,2023-10-25 16:56:10,1698252970.0,1537.0,1537.0,25.616666666666667,False,704586.0,11743.1
20216,2023-10-25 17:03:37,1698253417.0,447.0,1984.0,33.06666666666667,False,705033.0,11750.55
20217,2023-10-25 17:17:34,1698254254.0,837.0,837.0,13.95,False,705870.0,11764.5
20218,2023-10-25 17:28:01,1698254881.0,627.0,627.0,10.45,False,706497.0,11774.95
20219,2023-10-25 17:38:01,1698255481.0,600.0,1227.0,20.45,False,707097.0,11784.95
20220,2023-10-25 17:51:00,1698256260.0,779.0,779.0,12.983333333333333,False,707876.0,11797.933333333332
20221,2023-10-25 18:02:54,1698256974.0,714.0,714.0,11.9,False,708590.0,11809.833333333334
20222,2023-10-25 18:14:43,1698257683.0,709.0,709.0,11.816666666666666,False,709299.0,11821.65
20223,2023-10-25 18:31:03,1698258663.0,980.0,980.0,16.333333333333332,False,710279.0,11837.983333333334
20224,2023-10-25 18:44:58,1698259498.0,835.0,835.0,13.916666666666666,False,711114.0,11851.9
20225,2023-10-25 18:56:47,1698260207.0,709.0,709.0,11.816666666666666,False,711823.0,11863.716666666667
20226,2023-10-25 19:08:33,1698260913.0,706.0,706.0,11.766666666666667,False,712529.0,11875.483333333334
20227,2023-10-25 19:22:56,1698261776.0,863.0,863.0,14.383333333333333,False,713392.0,11889.866666666667
20228,2023-10-25 19:44:52,1698263092.0,1316.0,1316.0,21.933333333333334,False,714708.0,11911.8
20229,2023-10-25 19:56:21,1698263781.0,689.0,689.0,11.483333333333333,False,715397.0,11923.283333333333
20230,2023-10-25 20:08:13,1698264493.0,712.0,712.0,11.866666666666667,False,716109.0,11935.15
20231,2023-10-25 20:18:30,1698265110.0,617.0,617.0,10.283333333333333,False,716726.0,11945.433333333332
20232,2023-10-25 20:28:29,1698265709.0,599.0,599.0,9.983333333333333,False,717325.0,11955.416666666666
20233,2023-10-26 13:24:48,1698326688.0,60979.0,60979.0,1016.3166666666667,False,778304.0,12971.733333333334
20234,2023-10-26 13:35:45,1698327345.0,657.0,61636.0,1027.2666666666667,False,778961.0,12982.683333333332
20235,2023-10-26 16:30:34,1698337834.0,10489.0,72125.0,1202.0833333333333,True,789450.0,13157.5
20236,2023-10-26 16:42:05,1698338525.0,691.0,691.0,11.516666666666667,False,790141.0,13169.016666666666
20237,2023-10-26 16:55:40,1698339340.0,815.0,815.0,13.583333333333334,False,790956.0,13182.6
20238,2023-10-26 17:06:54,1698340014.0,674.0,674.0,11.233333333333333,False,791630.0,13193.833333333334
20239,2023-10-26 17:24:39,1698341079.0,1065.0,1065.0,17.75,False,792695.0,13211.583333333334
20240,2023-10-26 17:36:44,1698341804.0,725.0,725.0,12.083333333333334,False,793420.0,13223.666666666666
20241,2023-10-26 17:47:47,1698342467.0,663.0,663.0,11.05,False,794083.0,13234.716666666667
20242,2023-10-26 17:58:41,1698343121.0,654.0,654.0,10.9,False,794737.0,13245.616666666667
20243,2023-10-26 18:09:33,1698343773.0,652.0,652.0,10.866666666666667,False,795389.0,13256.483333333334
20244,2023-10-26 18:24:57,1698344697.0,924.0,924.0,15.4,False,796313.0,13271.883333333333
20245,2023-10-26 18:38:13,1698345493.0,796.0,796.0,13.266666666666667,False,797109.0,13285.15
20246,2023-10-26 18:49:04,1698346144.0,651.0,651.0,10.85,False,797760.0,13296.0
20247,2023-10-26 19:01:13,1698346873.0,729.0,729.0,12.15,False,798489.0,13308.15
20248,2023-10-26 19:19:41,1698347981.0,1108.0,1108.0,18.466666666666665,False,799597.0,13326.616666666667
20249,2023-10-26 19:37:38,1698349058.0,1077.0,1077.0,17.95,False,800674.0,13344.566666666668
20250,2023-10-26 19:48:33,1698349713.0,655.0,655.0,10.916666666666666,False,801329.0,13355.483333333334
20251,2023-10-26 20:07:04,1698350824.0,1111.0,1111.0,18.516666666666666,False,802440.0,13374.0
20252,2023-10-30 15:30:33,1698679833.0,329009.0,329009.0,5483.483333333334,False,1131449.0,18857.483333333334
20253,2023-10-30 15:40:37,1698680437.0,604.0,329613.0,5493.55,False,1132053.0,18867.55
20254,2023-10-30 15:43:07,1698680587.0,150.0,329763.0,5496.05,False,1132203.0,18870.05
20255,2023-10-30 15:46:03,1698680763.0,176.0,329939.0,5498.983333333334,False,1132379.0,18872.983333333334
20256,2023-10-31 12:49:47,1698756587.0,75824.0,405763.0,6762.716666666666,False,1208203.0,20136.716666666667
20257,2023-10-31 12:55:10,1698756910.0,323.0,406086.0,6768.1,False,1208526.0,20142.1
20258,2023-10-31 12:59:16,1698757156.0,246.0,406332.0,6772.2,False,1208772.0,20146.2
20259,2023-10-31 13:06:57,1698757617.0,461.0,406793.0,6779.883333333333,False,1209233.0,20153.883333333335
20260,2023-10-31 13:17:44,1698758264.0,647.0,407440.0,6790.666666666667,False,1209880.0,20164.666666666668
20261,2023-10-31 13:22:29,1698758549.0,285.0,407725.0,6795.416666666667,False,1210165.0,20169.416666666668
20262,2023-10-31 13:33:59,1698759239.0,690.0,408415.0,6806.916666666667,False,1210855.0,20180.916666666668
20263,2023-10-31 13:46:02,1698759962.0,723.0,409138.0,6818.966666666666,False,1211578.0,20192.966666666667
20264,2023-10-31 13:53:42,1698760422.0,460.0,409598.0,6826.633333333333,False,1212038.0,20200.633333333335
20265,2023-10-31 14:32:13,1698762733.0,2311.0,411909.0,6865.15,False,1214349.0,20239.15
20266,2023-10-31 14:37:38,1698763058.0,325.0,412234.0,6870.566666666667,False,1214674.0,20244.566666666666
20267,2023-10-31 15:31:08,1698766268.0,3210.0,415444.0,6924.066666666667,False,1217884.0,20298.066666666666
20268,2023-10-31 15:37:13,1698766633.0,365.0,415809.0,6930.15,False,1218249.0,20304.15
20269,2023-10-31 16:04:07,1698768247.0,1614.0,417423.0,6957.05,True,1219863.0,20331.05
20270,2023-10-31 16:17:34,1698769054.0,807.0,807.0,13.45,False,1220670.0,20344.5
20271,2023-10-31 17:03:03,1698771783.0,2729.0,2729.0,45.483333333333334,False,1223399.0,20389.983333333334
20272,2023-10-31 17:19:35,1698772775.0,992.0,992.0,16.533333333333335,False,1224391.0,20406.516666666666
20273,2023-10-31 17:38:44,1698773924.0,1149.0,1149.0,19.15,False,1225540.0,20425.666666666668
20274,2023-10-31 17:58:09,1698775089.0,1165.0,1165.0,19.416666666666668,False,1226705.0,20445.083333333332
20275,2023-10-31 18:20:04,1698776404.0,1315.0,2480.0,41.333333333333336,False,1228020.0,20467.0
20276,2023-10-31 19:03:54,1698779034.0,2630.0,2630.0,43.833333333333336,False,1230650.0,20510.833333333332
20277,2023-10-31 19:23:27,1698780207.0,1173.0,1173.0,19.55,False,1231823.0,20530.383333333335
20278,2023-10-31 19:38:18,1698781098.0,891.0,891.0,14.85,False,1232714.0,20545.233333333334
20279,2023-10-31 19:51:44,1698781904.0,806.0,806.0,13.433333333333334,False,1233520.0,20558.666666666668
20280,2023-10-31 20:05:32,1698782732.0,828.0,828.0,13.8,False,1234348.0,20572.466666666667
20281,2023-10-31 20:23:55,1698783835.0,1103.0,1103.0,18.383333333333333,False,1235451.0,20590.85
20282,2023-10-31 20:43:48,1698785028.0,1193.0,1193.0,19.883333333333333,False,1236644.0,20610.733333333334
20283,2023-11-01 08:49:33,1698828573.0,43545.0,43545.0,725.75,False,1280189.0,21336.483333333334
20284,2023-11-01 08:55:33,1698828933.0,360.0,43905.0,731.75,False,1280549.0,21342.483333333334
20285,2023-11-01 09:09:52,1698829792.0,859.0,44764.0,746.0666666666667,False,1281408.0,21356.8
20286,2023-11-01 13:31:32,1698845492.0,15700.0,60464.0,1007.7333333333333,False,1297108.0,21618.466666666667
20287,2023-11-01 13:41:51,1698846111.0,619.0,61083.0,1018.05,False,1297727.0,21628.783333333333
20288,2023-11-01 14:23:12,1698848592.0,2481.0,63564.0,1059.4,False,1300208.0,21670.133333333335
20289,2023-11-01 14:28:44,1698848924.0,332.0,63896.0,1064.9333333333334,False,1300540.0,21675.666666666668
20290,2023-11-01 14:49:41,1698850181.0,1257.0,65153.0,1085.8833333333334,False,1301797.0,21696.616666666665
20291,2023-11-01 14:55:53,1698850553.0,372.0,65525.0,1092.0833333333333,False,1302169.0,21702.816666666666
20292,2023-11-01 17:50:43,1698861043.0,10490.0,76015.0,1266.9166666666667,False,1312659.0,21877.65
20293,2023-11-01 18:03:22,1698861802.0,759.0,76774.0,1279.5666666666666,False,1313418.0,21890.3
20294,2023-11-01 18:14:33,1698862473.0,671.0,77445.0,1290.75,False,1314089.0,21901.483333333334
20295,2023-11-01 18:30:21,1698863421.0,948.0,78393.0,1306.55,False,1315037.0,21917.283333333333
20296,2023-11-01 18:46:02,1698864362.0,941.0,79334.0,1322.2333333333333,False,1315978.0,21932.966666666667
20297,2023-11-01 19:05:28,1698865528.0,1166.0,80500.0,1341.6666666666667,True,0.0,0.0
20298,2023-11-01 19:19:41,1698866381.0,853.0,853.0,14.216666666666667,False,853.0,14.216666666666667
20299,2023-11-01 19:32:50,1698867170.0,789.0,789.0,13.15,False,1642.0,27.366666666666667
20300,2023-11-01 19:49:52,1698868192.0,1022.0,1022.0,17.033333333333335,False,2664.0,44.4
20301,2023-11-01 20:03:28,1698869008.0,816.0,816.0,13.6,False,3480.0,58.0
20302,2023-11-01 20:16:11,1698869771.0,763.0,763.0,12.716666666666667,False,4243.0,70.71666666666667
20303,2023-11-02 13:25:05,1698931505.0,61734.0,61734.0,1028.9,False,65977.0,1099.6166666666666
20304,2023-11-02 13:36:07,1698932167.0,662.0,62396.0,1039.9333333333334,False,66639.0,1110.65
20305,2023-11-02 14:09:18,1698934158.0,1991.0,64387.0,1073.1166666666666,True,68630.0,1143.8333333333333
20306,2023-11-02 14:44:24,1698936264.0,2106.0,2106.0,35.1,False,70736.0,1178.9333333333334
20307,2023-11-02 15:15:31,1698938131.0,1867.0,3973.0,66.21666666666667,False,72603.0,1210.05
20308,2023-11-02 15:39:52,1698939592.0,1461.0,5434.0,90.56666666666666,False,74064.0,1234.4
20309,2023-11-02 15:56:32,1698940592.0,1000.0,6434.0,107.23333333333333,False,75064.0,1251.0666666666666
20310,2023-11-02 16:09:42,1698941382.0,790.0,7224.0,120.4,False,75854.0,1264.2333333333333
20311,2023-11-02 17:15:06,1698945306.0,3924.0,11148.0,185.8,False,79778.0,1329.6333333333334
20312,2023-11-03 11:58:47,1699012727.0,67421.0,78569.0,1309.4833333333333,False,147199.0,2453.3166666666666
20313,2023-11-03 12:18:11,1699013891.0,1164.0,79733.0,1328.8833333333334,False,148363.0,2472.7166666666667
20314,2023-11-03 12:26:59,1699014419.0,528.0,80261.0,1337.6833333333334,False,148891.0,2481.516666666667
20315,2023-11-03 13:00:51,1699016451.0,2032.0,82293.0,1371.55,False,150923.0,2515.383333333333
20316,2023-11-03 13:09:22,1699016962.0,511.0,82804.0,1380.0666666666666,False,151434.0,2523.9
20317,2023-11-03 15:03:49,1699023829.0,6867.0,89671.0,1494.5166666666667,True,158301.0,2638.35
20318,2023-11-03 16:44:01,1699029841.0,6012.0,6012.0,100.2,False,164313.0,2738.55
20319,2023-11-06 13:38:34,1699277914.0,248073.0,254085.0,4234.75,False,412386.0,6873.1
20320,2023-11-06 15:47:23,1699285643.0,7729.0,261814.0,4363.566666666667,False,420115.0,7001.916666666667
20321,2023-11-06 15:55:35,1699286135.0,492.0,262306.0,4371.766666666666,False,420607.0,7010.116666666667
20322,2023-11-06 16:05:09,1699286709.0,574.0,262880.0,4381.333333333333,True,421181.0,7019.683333333333
20323,2023-11-06 16:22:55,1699287775.0,1066.0,1066.0,17.766666666666666,False,422247.0,7037.45
20324,2023-11-06 16:52:41,1699289561.0,1786.0,1786.0,29.766666666666666,False,424033.0,7067.216666666666
20325,2023-11-06 17:11:31,1699290691.0,1130.0,1130.0,18.833333333333332,False,425163.0,7086.05
20326,2023-11-06 17:32:18,1699291938.0,1247.0,1247.0,20.783333333333335,False,426410.0,7106.833333333333
20327,2023-11-06 17:53:04,1699293184.0,1246.0,1246.0,20.766666666666666,False,427656.0,7127.6
20328,2023-11-06 18:13:44,1699294424.0,1240.0,1240.0,20.666666666666668,False,428896.0,7148.266666666666
20329,2023-11-06 18:33:11,1699295591.0,1167.0,1167.0,19.45,False,430063.0,7167.716666666666
20330,2023-11-06 18:53:57,1699296837.0,1246.0,1246.0,20.766666666666666,False,431309.0,7188.483333333334
20331,2023-11-07 14:52:16,1699368736.0,71899.0,71899.0,1198.3166666666666,False,503208.0,8386.8
20332,2023-11-07 15:55:49,1699372549.0,3813.0,75712.0,1261.8666666666666,False,0.0,0.0
20333,2023-11-07 16:05:07,1699373107.0,558.0,76270.0,1271.1666666666667,False,558.0,9.3
20334,2023-11-07 16:18:57,1699373937.0,830.0,77100.0,1285.0,True,1388.0,23.133333333333333
20335,2023-11-07 16:35:51,1699374951.0,1014.0,1014.0,16.9,False,2402.0,40.03333333333333
20336,2023-11-07 16:51:37,1699375897.0,946.0,946.0,15.766666666666667,False,3348.0,55.8
20337,2023-11-07 17:06:29,1699376789.0,892.0,892.0,14.866666666666667,False,4240.0,70.66666666666667
20338,2023-11-07 17:23:10,1699377790.0,1001.0,1001.0,16.683333333333334,False,5241.0,87.35
20339,2023-11-07 17:38:02,1699378682.0,892.0,892.0,14.866666666666667,False,6133.0,102.21666666666667
20340,2023-11-07 17:53:12,1699379592.0,910.0,910.0,15.166666666666666,False,7043.0,117.38333333333334
20341,2023-11-07 18:08:08,1699380488.0,896.0,896.0,14.933333333333334,False,7939.0,132.31666666666666
20342,2023-11-07 18:25:11,1699381511.0,1023.0,1023.0,17.05,False,8962.0,149.36666666666667
20343,2023-11-07 18:43:12,1699382592.0,1081.0,1081.0,18.016666666666666,False,10043.0,167.38333333333333
20344,2023-11-07 18:58:45,1699383525.0,933.0,933.0,15.55,False,10976.0,182.93333333333334
20345,2023-11-07 19:14:28,1699384468.0,943.0,943.0,15.716666666666667,False,11919.0,198.65
20346,2023-11-07 19:29:35,1699385375.0,907.0,907.0,15.116666666666667,False,12826.0,213.76666666666668
20347,2023-11-08 10:17:57,1699438677.0,53302.0,53302.0,888.3666666666667,False,66128.0,1102.1333333333334
20348,2023-11-08 10:24:18,1699439058.0,381.0,53683.0,894.7166666666667,False,66509.0,1108.4833333333333
20349,2023-11-08 11:01:42,1699441302.0,2244.0,55927.0,932.1166666666667,False,68753.0,1145.8833333333334
20350,2023-11-08 11:11:56,1699441916.0,614.0,56541.0,942.35,False,69367.0,1156.1166666666666
20351,2023-11-08 11:20:26,1699442426.0,510.0,57051.0,950.85,True,69877.0,1164.6166666666666
20352,2023-11-08 12:07:04,1699445224.0,2798.0,2798.0,46.63333333333333,False,72675.0,1211.25
20353,2023-11-08 12:41:18,1699447278.0,2054.0,2054.0,34.233333333333334,False,74729.0,1245.4833333333333
20354,2023-11-08 14:07:53,1699452473.0,5195.0,5195.0,86.58333333333333,False,79924.0,1332.0666666666666
20355,2023-11-08 14:35:48,1699454148.0,1675.0,1675.0,27.916666666666668,False,81599.0,1359.9833333333333
20356,2023-11-08 14:51:01,1699455061.0,913.0,913.0,15.216666666666667,False,82512.0,1375.2
20357,2023-11-08 15:22:47,1699456967.0,1906.0,1906.0,31.766666666666666,False,84418.0,1406.9666666666667
20358,2023-11-08 16:02:35,1699459355.0,2388.0,2388.0,39.8,False,86806.0,1446.7666666666667
20359,2023-11-08 16:15:42,1699460142.0,787.0,3175.0,52.916666666666664,False,87593.0,1459.8833333333334
20360,2023-11-08 16:36:10,1699461370.0,1228.0,4403.0,73.38333333333334,False,88821.0,1480.35
20361,2023-11-09 09:05:59,1699520759.0,59389.0,59389.0,989.8166666666667,False,148210.0,2470.1666666666665
20362,2023-11-09 14:10:11,1699539011.0,18252.0,77641.0,1294.0166666666667,False,166462.0,2774.366666666667
20363,2023-11-10 09:50:21,1699609821.0,70810.0,148451.0,2474.1833333333334,False,237272.0,3954.5333333333333
20364,2023-11-10 10:53:25,1699613605.0,3784.0,152235.0,2537.25,False,241056.0,4017.6
20365,2023-11-10 15:23:05,1699629785.0,16180.0,168415.0,2806.9166666666665,False,257236.0,4287.266666666666
20366,2023-11-10 16:00:20,1699632020.0,2235.0,170650.0,2844.1666666666665,False,259471.0,4324.516666666666
20367,2023-11-10 16:18:07,1699633087.0,1067.0,171717.0,2861.95,False,260538.0,4342.3
20368,2023-11-10 16:25:44,1699633544.0,457.0,172174.0,2869.5666666666666,False,260995.0,4349.916666666667
20369,2023-11-10 16:31:17,1699633877.0,333.0,172507.0,2875.116666666667,False,261328.0,4355.466666666666
20370,2023-11-10 16:37:59,1699634279.0,402.0,172909.0,2881.8166666666666,False,261730.0,4362.166666666667
20371,2023-11-10 16:54:46,1699635286.0,1007.0,173916.0,2898.6,False,262737.0,4378.95
20372,2023-11-10 17:03:33,1699635813.0,527.0,174443.0,2907.383333333333,False,263264.0,4387.733333333334
20373,2023-11-10 17:15:06,1699636506.0,693.0,175136.0,2918.9333333333334,True,263957.0,4399.283333333334
20374,2023-11-10 17:27:28,1699637248.0,742.0,742.0,12.366666666666667,False,264699.0,4411.65
20375,2023-11-10 17:40:50,1699638050.0,802.0,802.0,13.366666666666667,False,265501.0,4425.016666666666
20376,2023-11-10 17:56:55,1699639015.0,965.0,965.0,16.083333333333332,False,266466.0,4441.1
20377,2023-11-14 14:14:01,1699971241.0,332226.0,332226.0,5537.1,False,598692.0,9978.2
20378,2023-11-14 15:45:50,1699976750.0,5509.0,337735.0,5628.916666666667,False,604201.0,10070.016666666666
20379,2023-11-14 16:04:37,1699977877.0,1127.0,338862.0,5647.7,False,605328.0,10088.8
20380,2023-11-14 16:56:17,1699980977.0,3100.0,341962.0,5699.366666666667,False,608428.0,10140.466666666667
20381,2023-11-14 17:14:59,1699982099.0,1122.0,343084.0,5718.066666666667,True,609550.0,10159.166666666666
20382,2023-11-14 18:07:55,1699985275.0,3176.0,3176.0,52.93333333333333,False,612726.0,10212.1
20383,2023-11-14 18:19:33,1699985973.0,698.0,3874.0,64.56666666666666,False,613424.0,10223.733333333334
20384,2023-11-14 18:41:21,1699987281.0,1308.0,1308.0,21.8,False,614732.0,10245.533333333333
20385,2023-11-14 18:56:59,1699988219.0,938.0,938.0,15.633333333333333,False,615670.0,10261.166666666666
20386,2023-11-14 19:26:40,1699990000.0,1781.0,1781.0,29.683333333333334,False,617451.0,10290.85
20387,2023-11-14 19:40:12,1699990812.0,812.0,812.0,13.533333333333333,False,618263.0,10304.383333333333
20388,2023-11-14 19:54:09,1699991649.0,837.0,837.0,13.95,False,619100.0,10318.333333333334
20389,2023-11-14 20:08:47,1699992527.0,878.0,878.0,14.633333333333333,False,619978.0,10332.966666666667
20390,2023-11-15 11:30:40,1700047840.0,55313.0,55313.0,921.8833333333333,False,675291.0,11254.85
20391,2023-11-15 12:24:42,1700051082.0,3242.0,58555.0,975.9166666666666,False,678533.0,11308.883333333333
20392,2023-11-16 13:38:27,1700141907.0,90825.0,149380.0,2489.6666666666665,False,769358.0,12822.633333333333
20393,2023-11-16 13:46:11,1700142371.0,464.0,149844.0,2497.4,False,769822.0,12830.366666666667
20394,2023-11-16 13:51:05,1700142665.0,294.0,150138.0,2502.3,False,770116.0,12835.266666666666
20395,2023-11-16 13:54:21,1700142861.0,196.0,150334.0,2505.5666666666666,False,770312.0,12838.533333333333
20396,2023-11-16 13:57:36,1700143056.0,195.0,150529.0,2508.8166666666666,False,770507.0,12841.783333333333
20397,2023-11-16 14:01:12,1700143272.0,216.0,150745.0,2512.4166666666665,False,770723.0,12845.383333333333
20398,2023-11-16 14:05:01,1700143501.0,229.0,150974.0,2516.233333333333,False,770952.0,12849.2
20399,2023-11-16 14:08:37,1700143717.0,216.0,151190.0,2519.8333333333335,False,771168.0,12852.8
20400,2023-11-16 14:12:31,1700143951.0,234.0,151424.0,2523.733333333333,False,771402.0,12856.7
20401,2023-11-16 14:17:21,1700144241.0,290.0,151714.0,2528.5666666666666,False,771692.0,12861.533333333333
20402,2023-11-16 14:22:09,1700144529.0,288.0,152002.0,2533.366666666667,False,771980.0,12866.333333333334
20403,2023-11-16 14:26:03,1700144763.0,234.0,152236.0,2537.266666666667,False,772214.0,12870.233333333334
20404,2023-11-16 14:29:10,1700144950.0,187.0,152423.0,2540.383333333333,False,772401.0,12873.35
20405,2023-11-16 14:32:59,1700145179.0,229.0,152652.0,2544.2,False,772630.0,12877.166666666666
20406,2023-11-16 14:36:20,1700145380.0,201.0,152853.0,2547.55,False,772831.0,12880.516666666666
20407,2023-11-16 14:39:20,1700145560.0,180.0,153033.0,2550.55,False,773011.0,12883.516666666666
20408,2023-11-16 14:42:32,1700145752.0,192.0,153225.0,2553.75,False,773203.0,12886.716666666667
20409,2023-11-16 14:45:34,1700145934.0,182.0,153407.0,2556.7833333333333,False,773385.0,12889.75
20410,2023-11-16 14:49:00,1700146140.0,206.0,153613.0,2560.2166666666667,False,773591.0,12893.183333333332
20411,2023-11-16 15:51:21,1700149881.0,3741.0,157354.0,2622.5666666666666,False,777332.0,12955.533333333333
20412,2023-11-16 16:08:14,1700150894.0,1013.0,158367.0,2639.45,False,778345.0,12972.416666666666
20413,2023-11-16 16:17:19,1700151439.0,545.0,158912.0,2648.5333333333333,False,778890.0,12981.5
20414,2023-11-16 16:35:55,1700152555.0,1116.0,160028.0,2667.133333333333,False,780006.0,13000.1
20415,2023-11-16 16:57:02,1700153822.0,1267.0,161295.0,2688.25,False,0.0,0.0
20416,2023-11-16 17:10:00,1700154600.0,778.0,162073.0,2701.2166666666667,False,778.0,12.966666666666667
20417,2023-11-16 17:23:40,1700155420.0,820.0,162893.0,2714.883333333333,False,1598.0,26.633333333333333
20418,2023-11-16 17:48:43,1700156923.0,1503.0,164396.0,2739.9333333333334,False,3101.0,51.68333333333333
20419,2023-11-16 18:06:37,1700157997.0,1074.0,165470.0,2757.8333333333335,True,4175.0,69.58333333333333
20420,2023-11-16 18:24:06,1700159046.0,1049.0,1049.0,17.483333333333334,False,5224.0,87.06666666666666
20421,2023-11-16 18:42:26,1700160146.0,1100.0,1100.0,18.333333333333332,False,6324.0,105.4
20422,2023-11-16 19:10:28,1700161828.0,1682.0,1682.0,28.033333333333335,False,8006.0,133.43333333333334
20423,2023-11-16 19:30:23,1700163023.0,1195.0,1195.0,19.916666666666668,False,9201.0,153.35
20424,2023-11-16 19:56:47,1700164607.0,1584.0,1584.0,26.4,False,10785.0,179.75
20425,2023-11-16 20:18:31,1700165911.0,1304.0,1304.0,21.733333333333334,False,12089.0,201.48333333333332
20426,2023-11-16 20:37:31,1700167051.0,1140.0,1140.0,19.0,False,13229.0,220.48333333333332
20427,2023-11-16 20:51:13,1700167873.0,822.0,822.0,13.7,False,14051.0,234.18333333333334
20428,2023-11-16 21:05:01,1700168701.0,828.0,828.0,13.8,False,14879.0,247.98333333333332
20429,2023-11-17 10:40:54,1700217654.0,48953.0,48953.0,815.8833333333333,False,63832.0,1063.8666666666666
20430,2023-11-17 11:30:22,1700220622.0,2968.0,51921.0,865.35,False,66800.0,1113.3333333333333
20431,2023-11-17 12:00:01,1700222401.0,1779.0,53700.0,895.0,False,68579.0,1142.9833333333333
20432,2023-11-17 15:24:53,1700234693.0,12292.0,65992.0,1099.8666666666666,False,80871.0,1347.85
20433,2023-11-17 15:32:41,1700235161.0,468.0,66460.0,1107.6666666666667,False,81339.0,1355.65
20434,2023-11-17 16:02:45,1700236965.0,1804.0,68264.0,1137.7333333333333,False,83143.0,1385.7166666666667
20435,2023-11-17 16:13:42,1700237622.0,657.0,68921.0,1148.6833333333334,False,83800.0,1396.6666666666667
20436,2023-11-17 16:32:47,1700238767.0,1145.0,70066.0,1167.7666666666667,True,84945.0,1415.75
20437,2023-11-17 16:47:32,1700239652.0,885.0,885.0,14.75,False,85830.0,1430.5
20438,2023-11-17 17:02:17,1700240537.0,885.0,885.0,14.75,False,86715.0,1445.25
20439,2023-11-17 17:16:54,1700241414.0,877.0,877.0,14.616666666666667,False,87592.0,1459.8666666666666
20440,2023-11-17 17:29:59,1700242199.0,785.0,785.0,13.083333333333334,False,88377.0,1472.95
20441,2023-11-17 17:43:02,1700242982.0,783.0,783.0,13.05,False,89160.0,1486.0
20442,2023-11-17 17:56:20,1700243780.0,798.0,798.0,13.3,False,89958.0,1499.3
20443,2023-11-17 18:09:29,1700244569.0,789.0,789.0,13.15,False,90747.0,1512.45
20444,2023-11-17 18:22:20,1700245340.0,771.0,771.0,12.85,False,91518.0,1525.3
20445,2023-11-20 13:52:06,1700488326.0,242986.0,242986.0,4049.766666666667,False,334504.0,5575.066666666667
20446,2023-11-20 14:43:31,1700491411.0,3085.0,246071.0,4101.183333333333,False,337589.0,5626.483333333334
20447,2023-11-20 14:59:12,1700492352.0,941.0,247012.0,4116.866666666667,False,338530.0,5642.166666666667
20448,2023-11-20 15:05:16,1700492716.0,364.0,247376.0,4122.933333333333,False,338894.0,5648.233333333334
20449,2023-11-20 15:11:47,1700493107.0,391.0,247767.0,4129.45,False,339285.0,5654.75
20450,2023-11-20 15:18:12,1700493492.0,385.0,248152.0,4135.866666666667,False,339670.0,5661.166666666667
20451,2023-11-20 15:53:34,1700495614.0,2122.0,250274.0,4171.233333333334,False,341792.0,5696.533333333334
20452,2023-11-20 16:05:01,1700496301.0,687.0,250961.0,4182.683333333333,False,342479.0,5707.983333333334
20453,2023-11-20 16:33:08,1700497988.0,1687.0,252648.0,4210.8,True,344166.0,5736.1
20454,2023-11-20 16:56:12,1700499372.0,1384.0,1384.0,23.066666666666666,False,345550.0,5759.166666666667
20455,2023-11-20 17:04:48,1700499888.0,516.0,1900.0,31.666666666666668,False,346066.0,5767.766666666666
20456,2023-11-20 17:20:47,1700500847.0,959.0,2859.0,47.65,False,347025.0,5783.75
20457,2023-11-20 17:35:54,1700501754.0,907.0,3766.0,62.766666666666666,False,347932.0,5798.866666666667
20458,2023-11-21 11:33:19,1700566399.0,64645.0,64645.0,1077.4166666666667,False,412577.0,6876.283333333334
20459,2023-11-21 11:46:50,1700567210.0,811.0,65456.0,1090.9333333333334,False,413388.0,6889.8
20460,2023-11-21 11:53:06,1700567586.0,376.0,65832.0,1097.2,False,413764.0,6896.066666666667
20461,2023-11-21 11:56:57,1700567817.0,231.0,66063.0,1101.05,False,413995.0,6899.916666666667
20462,2023-11-21 12:02:00,1700568120.0,303.0,66366.0,1106.1,False,414298.0,6904.966666666666
20463,2023-11-21 12:39:21,1700570361.0,2241.0,68607.0,1143.45,False,416539.0,6942.316666666667
20464,2023-11-21 12:45:24,1700570724.0,363.0,68970.0,1149.5,False,416902.0,6948.366666666667
20465,2023-11-21 12:54:44,1700571284.0,560.0,69530.0,1158.8333333333333,False,417462.0,6957.7
20466,2023-11-21 13:04:04,1700571844.0,560.0,70090.0,1168.1666666666667,False,418022.0,6967.033333333334
20467,2023-11-21 13:15:57,1700572557.0,713.0,70803.0,1180.05,False,418735.0,6978.916666666667
20468,2023-11-22 09:19:38,1700644778.0,72221.0,143024.0,2383.733333333333,False,490956.0,8182.6
20469,2023-11-22 10:44:31,1700649871.0,5093.0,148117.0,2468.616666666667,False,496049.0,8267.483333333334
20470,2023-11-22 10:54:12,1700650452.0,581.0,148698.0,2478.3,False,496630.0,8277.166666666666
20471,2023-11-22 11:01:28,1700650888.0,436.0,149134.0,2485.5666666666666,False,497066.0,8284.433333333332
20472,2023-11-22 11:16:23,1700651783.0,895.0,150029.0,2500.483333333333,False,497961.0,8299.35
20473,2023-11-22 11:23:16,1700652196.0,413.0,150442.0,2507.366666666667,False,498374.0,8306.233333333334
20474,2023-11-22 11:30:07,1700652607.0,411.0,150853.0,2514.2166666666667,False,498785.0,8313.083333333334
20475,2023-11-22 11:44:44,1700653484.0,877.0,151730.0,2528.8333333333335,False,499662.0,8327.7
20476,2023-11-22 11:53:23,1700654003.0,519.0,152249.0,2537.483333333333,False,500181.0,8336.35
20477,2023-11-22 12:01:31,1700654491.0,488.0,152737.0,2545.616666666667,False,500669.0,8344.483333333334
20478,2023-11-22 12:11:08,1700655068.0,577.0,153314.0,2555.233333333333,False,501246.0,8354.1
20479,2023-11-22 13:47:32,1700660852.0,5784.0,159098.0,2651.633333333333,False,507030.0,8450.5
20480,2023-11-22 13:54:59,1700661299.0,447.0,159545.0,2659.0833333333335,False,507477.0,8457.95
20481,2023-11-22 14:14:10,1700662450.0,1151.0,160696.0,2678.266666666667,True,0.0,0.0
20482,2023-11-22 14:39:22,1700663962.0,1512.0,1512.0,25.2,False,1512.0,25.2
20483,2023-11-22 14:56:42,1700665002.0,1040.0,1040.0,17.333333333333332,False,2552.0,42.53333333333333
20484,2023-11-22 15:31:16,1700667076.0,2074.0,2074.0,34.56666666666667,False,4626.0,77.1
20485,2023-11-22 15:49:58,1700668198.0,1122.0,1122.0,18.7,False,5748.0,95.8
20486,2023-11-22 16:05:46,1700669146.0,948.0,948.0,15.8,False,6696.0,111.6
20487,2023-11-22 16:28:31,1700670511.0,1365.0,1365.0,22.75,False,8061.0,134.35
20488,2023-11-22 16:43:29,1700671409.0,898.0,898.0,14.966666666666667,False,8959.0,149.31666666666666
20489,2023-11-22 17:00:09,1700672409.0,1000.0,1000.0,16.666666666666668,False,9959.0,165.98333333333332
20490,2023-11-22 17:17:08,1700673428.0,1019.0,1019.0,16.983333333333334,False,10978.0,182.96666666666667
20491,2023-11-22 17:35:35,1700674535.0,1107.0,1107.0,18.45,False,12085.0,201.41666666666666
20492,2023-11-22 18:01:02,1700676062.0,1527.0,1527.0,25.45,False,13612.0,226.86666666666667
20495,2023-11-23 11:13:47,1700738027.0,61965.0,61965.0,1032.75,False,75577.0,1259.6166666666666
20496,2023-11-23 13:50:38,1700747438.0,9411.0,71376.0,1189.6,False,84988.0,1416.4666666666667
20497,2023-11-23 13:59:53,1700747993.0,555.0,71931.0,1198.85,False,85543.0,1425.7166666666667
20498,2023-11-23 14:11:23,1700748683.0,690.0,72621.0,1210.35,True,86233.0,1437.2166666666667
20499,2023-11-23 14:26:02,1700749562.0,879.0,879.0,14.65,False,87112.0,1451.8666666666666
20500,2023-11-23 14:40:39,1700750439.0,877.0,877.0,14.616666666666667,False,87989.0,1466.4833333333333
20501,2023-11-23 14:55:11,1700751311.0,872.0,872.0,14.533333333333333,False,88861.0,1481.0166666666667
20502,2023-11-23 15:07:22,1700752042.0,731.0,731.0,12.183333333333334,False,89592.0,1493.2
20503,2023-11-23 15:18:37,1700752717.0,675.0,1406.0,23.433333333333334,False,90267.0,1504.45
20504,2023-11-23 15:37:51,1700753871.0,1154.0,1154.0,19.233333333333334,False,91421.0,1523.6833333333334
20505,2023-11-23 16:05:13,1700755513.0,1642.0,1642.0,27.366666666666667,False,93063.0,1551.05
20506,2023-11-23 16:18:57,1700756337.0,824.0,824.0,13.733333333333333,False,93887.0,1564.7833333333333
20507,2023-11-23 16:32:19,1700757139.0,802.0,802.0,13.366666666666667,False,94689.0,1578.15
20508,2023-11-23 16:46:09,1700757969.0,830.0,830.0,13.833333333333334,False,95519.0,1591.9833333333333
20509,2023-11-23 17:03:13,1700758993.0,1024.0,1024.0,17.066666666666666,False,96543.0,1609.05
20510,2023-11-23 17:19:23,1700759963.0,970.0,970.0,16.166666666666668,False,97513.0,1625.2166666666667
20511,2023-11-23 17:37:16,1700761036.0,1073.0,1073.0,17.883333333333333,False,98586.0,1643.1
20512,2023-11-23 17:52:01,1700761921.0,885.0,885.0,14.75,False,99471.0,1657.85
20513,2023-11-23 18:09:04,1700762944.0,1023.0,1023.0,17.05,False,100494.0,1674.9
20514,2023-11-23 18:31:33,1700764293.0,1349.0,1349.0,22.483333333333334,False,101843.0,1697.3833333333334
20515,2023-11-23 18:53:27,1700765607.0,1314.0,1314.0,21.9,False,103157.0,1719.2833333333333
20516,2023-11-24 10:30:19,1700821819.0,56212.0,56212.0,936.8666666666667,False,159369.0,2656.15
20517,2023-11-24 11:43:28,1700826208.0,4389.0,60601.0,1010.0166666666667,False,163758.0,2729.3
20518,2023-11-24 11:52:55,1700826775.0,567.0,61168.0,1019.4666666666667,False,164325.0,2738.75
20519,2023-11-24 13:51:05,1700833865.0,7090.0,68258.0,1137.6333333333334,False,171415.0,2856.9166666666665
20520,2023-11-24 14:05:35,1700834735.0,870.0,69128.0,1152.1333333333334,False,172285.0,2871.4166666666665
20521,2023-11-24 14:22:59,1700835779.0,1044.0,70172.0,1169.5333333333333,True,173329.0,2888.8166666666666
20522,2023-11-24 15:05:53,1700838353.0,2574.0,2574.0,42.9,False,175903.0,2931.7166666666667
20523,2023-11-24 15:23:04,1700839384.0,1031.0,1031.0,17.183333333333334,False,176934.0,2948.9
20524,2023-11-24 15:36:00,1700840160.0,776.0,1807.0,30.116666666666667,False,177710.0,2961.8333333333335
20525,2023-11-24 15:50:15,1700841015.0,855.0,855.0,14.25,False,178565.0,2976.0833333333335
20526,2023-11-24 16:14:52,1700842492.0,1477.0,1477.0,24.616666666666667,False,180042.0,3000.7
20527,2023-11-24 16:29:32,1700843372.0,880.0,880.0,14.666666666666666,False,180922.0,3015.366666666667
20528,2023-11-24 16:47:38,1700844458.0,1086.0,1086.0,18.1,False,182008.0,3033.4666666666667
20529,2023-11-24 17:07:05,1700845625.0,1167.0,1167.0,19.45,False,183175.0,3052.9166666666665
20530,2023-11-24 17:24:17,1700846657.0,1032.0,1032.0,17.2,False,184207.0,3070.116666666667
20531,2023-11-24 17:48:34,1700848114.0,1457.0,1457.0,24.283333333333335,False,185664.0,3094.4
20532,2023-11-27 13:20:35,1701091235.0,243121.0,243121.0,4052.016666666667,False,428785.0,7146.416666666667
20533,2023-11-27 13:25:57,1701091557.0,322.0,243443.0,4057.383333333333,False,429107.0,7151.783333333334
20534,2023-11-27 13:29:27,1701091767.0,210.0,243653.0,4060.883333333333,False,429317.0,7155.283333333334
20535,2023-11-28 14:43:59,1701182639.0,90872.0,334525.0,5575.416666666667,False,520189.0,8669.816666666668
20536,2023-11-28 16:32:22,1701189142.0,6503.0,341028.0,5683.8,False,526692.0,8778.2
20537,2023-11-28 16:43:37,1701189817.0,675.0,341703.0,5695.05,False,527367.0,8789.45
20538,2023-11-28 16:55:53,1701190553.0,736.0,342439.0,5707.316666666667,True,528103.0,8801.716666666667
20539,2023-11-28 17:10:57,1701191457.0,904.0,904.0,15.066666666666666,False,529007.0,8816.783333333333
20540,2023-11-28 17:26:13,1701192373.0,916.0,916.0,15.266666666666667,False,529923.0,8832.05
20541,2023-11-28 17:40:24,1701193224.0,851.0,851.0,14.183333333333334,False,530774.0,8846.233333333334
20542,2023-11-28 18:01:21,1701194481.0,1257.0,1257.0,20.95,False,532031.0,8867.183333333332
20543,2023-11-28 18:15:42,1701195342.0,861.0,861.0,14.35,False,532892.0,8881.533333333333
20544,2023-11-28 18:34:12,1701196452.0,1110.0,1110.0,18.5,False,534002.0,8900.033333333333
20545,2023-11-28 18:51:03,1701197463.0,1011.0,1011.0,16.85,False,535013.0,8916.883333333333
20546,2023-11-28 19:03:42,1701198222.0,759.0,759.0,12.65,False,535772.0,8929.533333333333
20547,2023-11-28 19:22:24,1701199344.0,1122.0,1122.0,18.7,False,536894.0,8948.233333333334
20548,2023-11-28 19:36:03,1701200163.0,819.0,819.0,13.65,False,537713.0,8961.883333333333
20549,2023-11-28 19:50:57,1701201057.0,894.0,894.0,14.9,False,538607.0,8976.783333333333
20550,2023-11-28 20:04:40,1701201880.0,823.0,823.0,13.716666666666667,False,539430.0,8990.5
20551,2023-11-28 20:20:27,1701202827.0,947.0,947.0,15.783333333333333,False,540377.0,9006.283333333333
20552,2023-11-28 20:30:18,1701203418.0,591.0,1538.0,25.633333333333333,False,540968.0,9016.133333333333
20553,2023-11-28 20:44:40,1701204280.0,862.0,862.0,14.366666666666667,False,541830.0,9030.5
20554,2023-11-29 10:40:58,1701254458.0,50178.0,50178.0,836.3,False,592008.0,9866.8
20555,2023-11-29 10:48:56,1701254936.0,478.0,50656.0,844.2666666666667,False,592486.0,9874.766666666666
20556,2023-11-29 11:01:33,1701255693.0,757.0,51413.0,856.8833333333333,False,593243.0,9887.383333333333
20557,2023-11-29 11:12:46,1701256366.0,673.0,52086.0,868.1,False,593916.0,9898.6
20558,2023-11-29 11:23:14,1701256994.0,628.0,52714.0,878.5666666666667,False,594544.0,9909.066666666668
20559,2023-11-29 11:31:44,1701257504.0,510.0,53224.0,887.0666666666667,False,595054.0,9917.566666666668
20560,2023-11-29 11:41:45,1701258105.0,601.0,53825.0,897.0833333333334,False,595655.0,9927.583333333334
20561,2023-11-29 11:53:06,1701258786.0,681.0,54506.0,908.4333333333333,False,596336.0,9938.933333333332
20562,2023-11-29 12:01:24,1701259284.0,498.0,55004.0,916.7333333333333,False,596834.0,9947.233333333334
20563,2023-11-29 12:12:21,1701259941.0,657.0,55661.0,927.6833333333333,False,597491.0,9958.183333333332
20564,2023-11-29 12:22:54,1701260574.0,633.0,56294.0,938.2333333333333,False,598124.0,9968.733333333334
20565,2023-11-29 12:32:31,1701261151.0,577.0,56871.0,947.85,False,598701.0,9978.35
20566,2023-11-29 12:41:56,1701261716.0,565.0,57436.0,957.2666666666667,False,599266.0,9987.766666666666
20567,2023-11-29 12:50:27,1701262227.0,511.0,57947.0,965.7833333333333,False,599777.0,9996.283333333333
20568,2023-11-29 13:01:11,1701262871.0,644.0,58591.0,976.5166666666667,False,600421.0,10007.016666666666
20569,2023-11-29 13:09:24,1701263364.0,493.0,59084.0,984.7333333333333,False,600914.0,10015.233333333334
20570,2023-11-29 13:16:16,1701263776.0,412.0,59496.0,991.6,False,601326.0,10022.1
20571,2023-11-29 13:22:29,1701264149.0,373.0,59869.0,997.8166666666667,False,601699.0,10028.316666666668
20572,2023-11-29 18:00:39,1701280839.0,16690.0,76559.0,1275.9833333333333,False,618389.0,10306.483333333334
20573,2023-11-29 18:09:45,1701281385.0,546.0,77105.0,1285.0833333333333,False,0.0,0.0
20574,2023-11-29 18:23:13,1701282193.0,808.0,77913.0,1298.55,False,808.0,13.466666666666667
20575,2023-11-29 18:37:37,1701283057.0,864.0,78777.0,1312.95,False,1672.0,27.866666666666667
20576,2023-11-29 18:49:58,1701283798.0,741.0,79518.0,1325.3,True,2413.0,40.21666666666667
20577,2023-11-29 19:06:28,1701284788.0,990.0,990.0,16.5,False,3403.0,56.71666666666667
20578,2023-11-29 19:21:22,1701285682.0,894.0,894.0,14.9,False,4297.0,71.61666666666666
20579,2023-11-29 19:38:20,1701286700.0,1018.0,1018.0,16.966666666666665,False,5315.0,88.58333333333333
20580,2023-11-29 19:51:06,1701287466.0,766.0,766.0,12.766666666666667,False,6081.0,101.35
20581,2023-11-29 20:03:40,1701288220.0,754.0,754.0,12.566666666666666,False,6835.0,113.91666666666667
20582,2023-11-29 20:16:10,1701288970.0,750.0,750.0,12.5,False,7585.0,126.41666666666667
20583,2023-11-29 20:28:46,1701289726.0,756.0,756.0,12.6,False,8341.0,139.01666666666668
20584,2023-11-29 20:41:31,1701290491.0,765.0,765.0,12.75,False,9106.0,151.76666666666668
20585,2023-11-30 12:36:18,1701347778.0,57287.0,57287.0,954.7833333333333,False,66393.0,1106.55
20586,2023-11-30 13:03:25,1701349405.0,1627.0,58914.0,981.9,False,68020.0,1133.6666666666667
20587,2023-11-30 13:25:01,1701350701.0,1296.0,60210.0,1003.5,True,69316.0,1155.2666666666667
20588,2023-11-30 13:38:52,1701351532.0,831.0,831.0,13.85,False,70147.0,1169.1166666666666
20589,2023-11-30 13:56:14,1701352574.0,1042.0,1873.0,31.216666666666665,False,71189.0,1186.4833333333333
20590,2023-11-30 14:08:39,1701353319.0,745.0,2618.0,43.63333333333333,False,71934.0,1198.9
20591,2023-11-30 15:14:18,1701357258.0,3939.0,3939.0,65.65,False,75873.0,1264.55
20592,2023-11-30 15:30:58,1701358258.0,1000.0,4939.0,82.31666666666666,False,76873.0,1281.2166666666667
20593,2023-11-30 15:55:02,1701359702.0,1444.0,1444.0,24.066666666666666,False,78317.0,1305.2833333333333
20594,2023-11-30 16:08:35,1701360515.0,813.0,813.0,13.55,False,79130.0,1318.8333333333333
20595,2023-11-30 16:21:27,1701361287.0,772.0,772.0,12.866666666666667,False,79902.0,1331.7
20596,2023-12-01 13:33:09,1701437589.0,76302.0,76302.0,1271.7,False,156204.0,2603.4
20597,2023-12-01 13:44:08,1701438248.0,659.0,76961.0,1282.6833333333334,False,156863.0,2614.383333333333
20598,2023-12-01 14:01:31,1701439291.0,1043.0,78004.0,1300.0666666666666,False,157906.0,2631.766666666667
20599,2023-12-01 14:26:44,1701440804.0,1513.0,79517.0,1325.2833333333333,False,159419.0,2656.983333333333
20600,2023-12-01 14:36:27,1701441387.0,583.0,80100.0,1335.0,False,160002.0,2666.7
20601,2023-12-01 14:45:22,1701441922.0,535.0,80635.0,1343.9166666666667,False,160537.0,2675.616666666667
20602,2023-12-01 14:55:41,1701442541.0,619.0,81254.0,1354.2333333333333,False,161156.0,2685.9333333333334
20603,2023-12-01 15:04:14,1701443054.0,513.0,81767.0,1362.7833333333333,False,161669.0,2694.483333333333
20604,2023-12-01 15:23:38,1701444218.0,1164.0,82931.0,1382.1833333333334,True,162833.0,2713.883333333333
20605,2023-12-01 15:41:34,1701445294.0,1076.0,1076.0,17.933333333333334,False,163909.0,2731.8166666666666
20606,2023-12-01 16:02:20,1701446540.0,1246.0,1246.0,20.766666666666666,False,165155.0,2752.5833333333335
20607,2023-12-01 16:41:51,1701448911.0,2371.0,2371.0,39.516666666666666,False,167526.0,2792.1
20608,2023-12-01 16:56:18,1701449778.0,867.0,867.0,14.45,False,168393.0,2806.55
20609,2023-12-01 17:20:38,1701451238.0,1460.0,1460.0,24.333333333333332,False,169853.0,2830.883333333333
20610,2023-12-01 18:07:14,1701454034.0,2796.0,2796.0,46.6,False,172649.0,2877.483333333333
20611,2023-12-01 18:24:47,1701455087.0,1053.0,1053.0,17.55,False,173702.0,2895.0333333333333
20612,2023-12-01 18:41:39,1701456099.0,1012.0,1012.0,16.866666666666667,False,174714.0,2911.9
20613,2023-12-04 13:28:33,1701696513.0,240414.0,240414.0,4006.9,False,415128.0,6918.8
20614,2023-12-04 13:55:38,1701698138.0,1625.0,242039.0,4033.983333333333,False,416753.0,6945.883333333333
20615,2023-12-04 14:05:31,1701698731.0,593.0,242632.0,4043.866666666667,False,417346.0,6955.766666666666
20616,2023-12-04 14:23:16,1701699796.0,1065.0,243697.0,4061.616666666667,False,418411.0,6973.516666666666
20617,2023-12-04 14:43:57,1701701037.0,1241.0,244938.0,4082.3,False,419652.0,6994.2
20618,2023-12-04 14:51:45,1701701505.0,468.0,245406.0,4090.1,False,420120.0,7002.0
20619,2023-12-04 15:02:54,1701702174.0,669.0,246075.0,4101.25,False,420789.0,7013.15
20620,2023-12-04 15:17:02,1701703022.0,848.0,246923.0,4115.383333333333,False,421637.0,7027.283333333334
20621,2023-12-04 15:42:26,1701704546.0,1524.0,248447.0,4140.783333333334,True,423161.0,7052.683333333333
20622,2023-12-04 15:56:20,1701705380.0,834.0,834.0,13.9,False,423995.0,7066.583333333333
20623,2023-12-04 16:10:09,1701706209.0,829.0,829.0,13.816666666666666,False,424824.0,7080.4
20624,2023-12-04 16:24:17,1701707057.0,848.0,848.0,14.133333333333333,False,425672.0,7094.533333333334
20625,2023-12-04 16:39:25,1701707965.0,908.0,908.0,15.133333333333333,False,426580.0,7109.666666666667
20626,2023-12-04 16:51:25,1701708685.0,720.0,720.0,12.0,False,427300.0,7121.666666666667
20627,2023-12-04 17:06:36,1701709596.0,911.0,911.0,15.183333333333334,False,428211.0,7136.85
20628,2023-12-04 17:21:16,1701710476.0,880.0,880.0,14.666666666666666,False,429091.0,7151.516666666666
20629,2023-12-04 17:38:05,1701711485.0,1009.0,1009.0,16.816666666666666,False,430100.0,7168.333333333333
20630,2023-12-04 17:56:18,1701712578.0,1093.0,1093.0,18.216666666666665,False,431193.0,7186.55
20631,2023-12-04 18:10:25,1701713425.0,847.0,847.0,14.116666666666667,False,432040.0,7200.666666666667
20632,2023-12-05 11:18:59,1701775139.0,61714.0,61714.0,1028.5666666666666,False,493754.0,8229.233333333334
20633,2023-12-05 12:18:58,1701778738.0,3599.0,65313.0,1088.55,False,497353.0,8289.216666666667
20634,2023-12-05 15:02:19,1701788539.0,9801.0,75114.0,1251.9,False,507154.0,8452.566666666668
20635,2023-12-05 15:10:16,1701789016.0,477.0,75591.0,1259.85,False,507631.0,8460.516666666666
20636,2023-12-05 15:22:36,1701789756.0,740.0,76331.0,1272.1833333333334,True,508371.0,8472.85
20637,2023-12-05 15:37:51,1701790671.0,915.0,915.0,15.25,False,509286.0,8488.1
20638,2023-12-05 15:51:36,1701791496.0,825.0,825.0,13.75,False,510111.0,8501.85
20639,2023-12-05 16:34:28,1701794068.0,2572.0,2572.0,42.86666666666667,False,512683.0,8544.716666666667
20640,2023-12-05 16:43:59,1701794639.0,571.0,3143.0,52.38333333333333,False,513254.0,8554.233333333334
20641,2023-12-05 16:58:41,1701795521.0,882.0,882.0,14.7,False,514136.0,8568.933333333332
20642,2023-12-05 17:11:13,1701796273.0,752.0,752.0,12.533333333333333,False,514888.0,8581.466666666667
20643,2023-12-05 17:27:00,1701797220.0,947.0,947.0,15.783333333333333,False,515835.0,8597.25
20644,2023-12-05 17:45:29,1701798329.0,1109.0,1109.0,18.483333333333334,False,516944.0,8615.733333333334
20645,2023-12-05 17:58:41,1701799121.0,792.0,792.0,13.2,False,517736.0,8628.933333333332
20646,2023-12-05 18:28:09,1701800889.0,1768.0,1768.0,29.466666666666665,False,519504.0,8658.4
20647,2023-12-05 18:41:05,1701801665.0,776.0,2544.0,42.4,False,520280.0,8671.333333333334
20648,2023-12-05 18:51:56,1701802316.0,651.0,651.0,10.85,False,520931.0,8682.183333333332
20649,2023-12-05 19:11:21,1701803481.0,1165.0,1165.0,19.416666666666668,False,522096.0,8701.6
20650,2023-12-05 19:23:46,1701804226.0,745.0,745.0,12.416666666666666,False,522841.0,8714.016666666666
20651,2023-12-05 19:37:00,1701805020.0,794.0,794.0,13.233333333333333,False,523635.0,8727.25
20652,2023-12-05 20:05:12,1701806712.0,1692.0,1692.0,28.2,False,525327.0,8755.45
20653,2023-12-06 15:13:00,1701875580.0,68868.0,70560.0,1176.0,False,594195.0,9903.25
20654,2023-12-07 09:30:49,1701941449.0,65869.0,136429.0,2273.8166666666666,False,0.0,0.0
20655,2023-12-07 11:42:49,1701949369.0,7920.0,144349.0,2405.8166666666666,False,7920.0,132.0
20656,2023-12-07 12:47:51,1701953271.0,3902.0,148251.0,2470.85,False,11822.0,197.03333333333333
20657,2023-12-07 13:55:55,1701957355.0,4084.0,152335.0,2538.9166666666665,False,15906.0,265.1
20658,2023-12-07 14:08:23,1701958103.0,748.0,153083.0,2551.383333333333,True,16654.0,277.56666666666666
20659,2023-12-07 14:29:57,1701959397.0,1294.0,1294.0,21.566666666666666,False,17948.0,299.1333333333333
20660,2023-12-07 14:45:24,1701960324.0,927.0,927.0,15.45,False,18875.0,314.5833333333333
20661,2023-12-07 15:05:15,1701961515.0,1191.0,1191.0,19.85,False,20066.0,334.43333333333334
20662,2023-12-07 15:16:54,1701962214.0,699.0,1890.0,31.5,False,20765.0,346.0833333333333
20663,2023-12-07 15:33:17,1701963197.0,983.0,983.0,16.383333333333333,False,21748.0,362.46666666666664
20664,2023-12-07 15:59:34,1701964774.0,1577.0,1577.0,26.283333333333335,False,23325.0,388.75
20665,2023-12-07 16:13:19,1701965599.0,825.0,825.0,13.75,False,24150.0,402.5
20666,2023-12-07 16:32:41,1701966761.0,1162.0,1162.0,19.366666666666667,False,25312.0,421.8666666666667
20667,2023-12-07 16:48:22,1701967702.0,941.0,941.0,15.683333333333334,False,26253.0,437.55
20668,2023-12-07 17:06:49,1701968809.0,1107.0,1107.0,18.45,False,27360.0,456.0
20669,2023-12-07 17:27:42,1701970062.0,1253.0,1253.0,20.883333333333333,False,28613.0,476.8833333333333
20670,2023-12-07 17:45:12,1701971112.0,1050.0,2303.0,38.38333333333333,False,29663.0,494.3833333333333
20671,2023-12-07 18:02:28,1701972148.0,1036.0,1036.0,17.266666666666666,False,30699.0,511.65
20672,2023-12-07 18:36:11,1701974171.0,2023.0,2023.0,33.71666666666667,False,32722.0,545.3666666666667
20673,2023-12-07 18:50:57,1701975057.0,886.0,886.0,14.766666666666667,False,33608.0,560.1333333333333
20674,2023-12-07 19:06:31,1701975991.0,934.0,934.0,15.566666666666666,False,34542.0,575.7
20675,2023-12-07 19:21:29,1701976889.0,898.0,898.0,14.966666666666667,False,35440.0,590.6666666666666
20676,2023-12-07 19:37:05,1701977825.0,936.0,936.0,15.6,False,36376.0,606.2666666666667
20677,2023-12-07 19:52:08,1701978728.0,903.0,903.0,15.05,False,37279.0,621.3166666666667
20678,2023-12-07 20:08:12,1701979692.0,964.0,964.0,16.066666666666666,False,38243.0,637.3833333333333
20679,2023-12-08 11:19:42,1702034382.0,54690.0,54690.0,911.5,False,92933.0,1548.8833333333334
20680,2023-12-08 11:45:27,1702035927.0,1545.0,56235.0,937.25,False,94478.0,1574.6333333333334
20681,2023-12-08 12:06:19,1702037179.0,1252.0,57487.0,958.1166666666667,True,95730.0,1595.5
20682,2023-12-08 12:22:28,1702038148.0,969.0,969.0,16.15,False,96699.0,1611.65
20683,2023-12-08 12:35:59,1702038959.0,811.0,811.0,13.516666666666667,False,97510.0,1625.1666666666667
20684,2023-12-08 12:53:23,1702040003.0,1044.0,1044.0,17.4,False,98554.0,1642.5666666666666
20685,2023-12-08 13:07:57,1702040877.0,874.0,874.0,14.566666666666666,False,99428.0,1657.1333333333334
20686,2023-12-08 13:59:56,1702043996.0,3119.0,3119.0,51.983333333333334,False,102547.0,1709.1166666666666
20687,2023-12-11 16:43:10,1702312990.0,268994.0,268994.0,4483.233333333334,False,371541.0,6192.35
20688,2023-12-12 11:40:34,1702381234.0,68244.0,337238.0,5620.633333333333,False,439785.0,7329.75
20689,2023-12-12 12:00:05,1702382405.0,1171.0,338409.0,5640.15,False,440956.0,7349.266666666666
20690,2023-12-12 12:09:11,1702382951.0,546.0,338955.0,5649.25,False,441502.0,7358.366666666667
20691,2023-12-12 12:22:19,1702383739.0,788.0,339743.0,5662.383333333333,False,442290.0,7371.5
20692,2023-12-12 12:33:16,1702384396.0,657.0,340400.0,5673.333333333333,False,442947.0,7382.45
20693,2023-12-12 12:48:11,1702385291.0,895.0,341295.0,5688.25,True,443842.0,7397.366666666667
20694,2023-12-12 13:04:37,1702386277.0,986.0,986.0,16.433333333333334,False,444828.0,7413.8
20695,2023-12-12 13:19:24,1702387164.0,887.0,887.0,14.783333333333333,False,445715.0,7428.583333333333
20696,2023-12-12 13:51:50,1702389110.0,1946.0,1946.0,32.43333333333333,False,447661.0,7461.016666666666
20697,2023-12-12 14:11:24,1702390284.0,1174.0,1174.0,19.566666666666666,False,448835.0,7480.583333333333
20698,2023-12-12 14:26:11,1702391171.0,887.0,887.0,14.783333333333333,False,449722.0,7495.366666666667
20699,2023-12-12 16:07:48,1702397268.0,6097.0,6097.0,101.61666666666666,False,455819.0,7596.983333333334
20700,2023-12-12 16:32:55,1702398775.0,1507.0,7604.0,126.73333333333333,False,457326.0,7622.1
20701,2023-12-12 16:42:04,1702399324.0,549.0,549.0,9.15,False,457875.0,7631.25
20702,2023-12-12 16:56:33,1702400193.0,869.0,1418.0,23.633333333333333,False,458744.0,7645.733333333334
20703,2023-12-12 17:07:38,1702400858.0,665.0,2083.0,34.71666666666667,False,459409.0,7656.816666666667
20704,2023-12-12 17:22:39,1702401759.0,901.0,901.0,15.016666666666667,False,460310.0,7671.833333333333
20705,2023-12-12 17:36:27,1702402587.0,828.0,828.0,13.8,False,461138.0,7685.633333333333
20706,2023-12-12 17:52:13,1702403533.0,946.0,946.0,15.766666666666667,False,462084.0,7701.4
20707,2023-12-12 18:07:04,1702404424.0,891.0,891.0,14.85,False,462975.0,7716.25
20708,2023-12-12 18:21:08,1702405268.0,844.0,844.0,14.066666666666666,False,463819.0,7730.316666666667
20709,2023-12-12 18:34:55,1702406095.0,827.0,827.0,13.783333333333333,False,464646.0,7744.1
20710,2023-12-12 18:48:42,1702406922.0,827.0,827.0,13.783333333333333,False,465473.0,7757.883333333333
20711,2023-12-13 13:12:32,1702473152.0,66230.0,66230.0,1103.8333333333333,False,531703.0,8861.716666666667
20712,2023-12-13 13:43:49,1702475029.0,1877.0,68107.0,1135.1166666666666,False,533580.0,8893.0
20713,2023-12-13 14:07:19,1702476439.0,1410.0,69517.0,1158.6166666666666,False,534990.0,8916.5
20714,2023-12-13 14:49:46,1702478986.0,2547.0,72064.0,1201.0666666666666,False,537537.0,8958.95
20715,2023-12-13 15:02:43,1702479763.0,777.0,72841.0,1214.0166666666667,True,538314.0,8971.9
20716,2023-12-13 15:17:22,1702480642.0,879.0,879.0,14.65,False,539193.0,8986.55
20717,2023-12-13 15:36:41,1702481801.0,1159.0,1159.0,19.316666666666666,False,540352.0,9005.866666666667
20718,2023-12-13 15:50:44,1702482644.0,843.0,843.0,14.05,False,541195.0,9019.916666666666
20719,2023-12-13 16:05:20,1702483520.0,876.0,876.0,14.6,False,542071.0,9034.516666666666
20720,2023-12-13 16:19:26,1702484366.0,846.0,846.0,14.1,False,542917.0,9048.616666666667
20721,2023-12-13 16:33:04,1702485184.0,818.0,818.0,13.633333333333333,False,543735.0,9062.25
20722,2023-12-13 18:44:47,1702493087.0,7903.0,7903.0,131.71666666666667,False,551638.0,9193.966666666667
20723,2023-12-13 19:01:07,1702494067.0,980.0,980.0,16.333333333333332,False,552618.0,9210.3
20724,2023-12-13 19:16:07,1702494967.0,900.0,900.0,15.0,False,553518.0,9225.3
20725,2023-12-13 19:30:58,1702495858.0,891.0,891.0,14.85,False,554409.0,9240.15
20726,2023-12-13 19:44:56,1702496696.0,838.0,838.0,13.966666666666667,False,555247.0,9254.116666666667
20727,2023-12-13 19:58:40,1702497520.0,824.0,824.0,13.733333333333333,False,556071.0,9267.85
20728,2023-12-13 20:16:32,1702498592.0,1072.0,1072.0,17.866666666666667,False,557143.0,9285.716666666667
20729,2023-12-13 20:29:24,1702499364.0,772.0,772.0,12.866666666666667,False,557915.0,9298.583333333334
20730,2023-12-13 20:42:45,1702500165.0,801.0,801.0,13.35,False,558716.0,9311.933333333332
20731,2023-12-14 11:04:10,1702551850.0,51685.0,51685.0,861.4166666666666,False,610401.0,10173.35
20732,2023-12-14 11:21:57,1702552917.0,1067.0,52752.0,879.2,False,611468.0,10191.133333333333
20733,2023-12-14 11:37:03,1702553823.0,906.0,53658.0,894.3,False,612374.0,10206.233333333334
20734,2023-12-14 11:59:54,1702555194.0,1371.0,55029.0,917.15,True,613745.0,10229.083333333334
20735,2023-12-14 12:18:12,1702556292.0,1098.0,1098.0,18.3,False,614843.0,10247.383333333333
20736,2023-12-14 12:34:27,1702557267.0,975.0,975.0,16.25,False,615818.0,10263.633333333333
20737,2023-12-14 12:50:27,1702558227.0,960.0,960.0,16.0,False,616778.0,10279.633333333333
20738,2023-12-14 13:09:01,1702559341.0,1114.0,1114.0,18.566666666666666,False,617892.0,10298.2
20739,2023-12-14 14:14:20,1702563260.0,3919.0,3919.0,65.31666666666666,False,621811.0,10363.516666666666
20740,2023-12-14 14:38:03,1702564683.0,1423.0,1423.0,23.716666666666665,False,623234.0,10387.233333333334
20741,2023-12-14 14:59:38,1702565978.0,1295.0,1295.0,21.583333333333332,False,624529.0,10408.816666666668
20742,2023-12-14 15:15:24,1702566924.0,946.0,2241.0,37.35,False,625475.0,10424.583333333334
20743,2023-12-14 15:33:57,1702568037.0,1113.0,1113.0,18.55,False,626588.0,10443.133333333333
20744,2023-12-14 16:22:40,1702570960.0,2923.0,2923.0,48.71666666666667,False,629511.0,10491.85
20745,2023-12-14 17:20:15,1702574415.0,3455.0,3455.0,57.583333333333336,False,632966.0,10549.433333333332
20746,2023-12-14 17:34:54,1702575294.0,879.0,879.0,14.65,False,633845.0,10564.083333333334
20747,2023-12-14 17:54:04,1702576444.0,1150.0,1150.0,19.166666666666668,False,634995.0,10583.25
20748,2023-12-14 18:14:38,1702577678.0,1234.0,1234.0,20.566666666666666,False,636229.0,10603.816666666668
20749,2023-12-14 18:29:12,1702578552.0,874.0,874.0,14.566666666666666,False,637103.0,10618.383333333333
20750,2023-12-14 18:46:43,1702579603.0,1051.0,1051.0,17.516666666666666,False,638154.0,10635.9
20751,2023-12-14 19:00:02,1702580402.0,799.0,799.0,13.316666666666666,False,638953.0,10649.216666666667
20752,2023-12-14 19:15:30,1702581330.0,928.0,928.0,15.466666666666667,False,639881.0,10664.683333333332
20753,2023-12-15 11:35:47,1702640147.0,58817.0,58817.0,980.2833333333333,False,698698.0,11644.966666666667
20754,2023-12-15 11:49:03,1702640943.0,796.0,59613.0,993.55,False,699494.0,11658.233333333334
20755,2023-12-15 12:04:09,1702641849.0,906.0,60519.0,1008.65,True,700400.0,11673.333333333334
20756,2023-12-15 12:32:55,1702643575.0,1726.0,1726.0,28.766666666666666,False,702126.0,11702.1
20757,2023-12-15 12:53:08,1702644788.0,1213.0,1213.0,20.216666666666665,False,703339.0,11722.316666666668
20758,2023-12-15 13:14:11,1702646051.0,1263.0,1263.0,21.05,False,704602.0,11743.366666666667
20759,2023-12-15 13:56:25,1702648585.0,2534.0,2534.0,42.233333333333334,False,707136.0,11785.6
20760,2023-12-15 14:11:55,1702649515.0,930.0,930.0,15.5,False,708066.0,11801.1
20761,2023-12-15 14:26:26,1702650386.0,871.0,1801.0,30.016666666666666,False,708937.0,11815.616666666667
20762,2023-12-15 14:55:06,1702652106.0,1720.0,1720.0,28.666666666666668,False,710657.0,11844.283333333333
20763,2023-12-15 15:17:46,1702653466.0,1360.0,1360.0,22.666666666666668,False,712017.0,11866.95
20764,2023-12-15 15:33:31,1702654411.0,945.0,945.0,15.75,False,712962.0,11882.7
20765,2023-12-15 15:49:09,1702655349.0,938.0,938.0,15.633333333333333,False,713900.0,11898.333333333334
20766,2023-12-15 16:05:53,1702656353.0,1004.0,1004.0,16.733333333333334,False,714904.0,11915.066666666668
20767,2023-12-15 16:21:10,1702657270.0,917.0,917.0,15.283333333333333,False,715821.0,11930.35
20768,2023-12-15 17:37:55,1702661875.0,4605.0,4605.0,76.75,False,720426.0,12007.1
20769,2023-12-15 17:59:21,1702663161.0,1286.0,1286.0,21.433333333333334,False,721712.0,12028.533333333333
20770,2023-12-15 18:13:43,1702664023.0,862.0,862.0,14.366666666666667,False,722574.0,12042.9
20771,2023-12-15 18:29:26,1702664966.0,943.0,943.0,15.716666666666667,False,723517.0,12058.616666666667
20772,2023-12-18 12:31:57,1702902717.0,237751.0,237751.0,3962.516666666667,False,961268.0,16021.133333333333
20773,2023-12-18 12:48:27,1702903707.0,990.0,238741.0,3979.016666666667,False,962258.0,16037.633333333333
20774,2023-12-18 13:04:42,1702904682.0,975.0,239716.0,3995.266666666667,True,963233.0,16053.883333333333
20775,2023-12-18 13:22:33,1702905753.0,1071.0,1071.0,17.85,False,964304.0,16071.733333333334
20776,2023-12-18 13:52:45,1702907565.0,1812.0,1812.0,30.2,False,966116.0,16101.933333333332
20777,2023-12-18 14:06:50,1702908410.0,845.0,845.0,14.083333333333334,False,966961.0,16116.016666666666
20778,2023-12-18 14:31:25,1702909885.0,1475.0,1475.0,24.583333333333332,False,968436.0,16140.6
20779,2023-12-18 14:50:16,1702911016.0,1131.0,1131.0,18.85,False,969567.0,16159.45
20780,2023-12-18 15:15:22,1702912522.0,1506.0,1506.0,25.1,False,971073.0,16184.55
20781,2023-12-18 15:36:42,1702913802.0,1280.0,1280.0,21.333333333333332,False,972353.0,16205.883333333333
20782,2023-12-18 16:03:55,1702915435.0,1633.0,1633.0,27.216666666666665,False,973986.0,16233.1
20783,2023-12-18 16:31:44,1702917104.0,1669.0,3302.0,55.03333333333333,False,975655.0,16260.916666666666
20784,2023-12-18 16:57:26,1702918646.0,1542.0,1542.0,25.7,False,977197.0,16286.616666666667
20785,2023-12-18 17:24:13,1702920253.0,1607.0,1607.0,26.783333333333335,False,978804.0,16313.4
20786,2023-12-18 17:49:49,1702921789.0,1536.0,1536.0,25.6,False,980340.0,16339.0
20787,2023-12-18 18:16:29,1702923389.0,1600.0,1600.0,26.666666666666668,False,981940.0,16365.666666666666
20788,2023-12-18 18:48:45,1702925325.0,1936.0,1936.0,32.266666666666666,False,983876.0,16397.933333333334
20789,2023-12-18 19:15:17,1702926917.0,1592.0,1592.0,26.533333333333335,False,985468.0,16424.466666666667
20790,2023-12-19 13:05:58,1702991158.0,64241.0,64241.0,1070.6833333333334,False,1049709.0,17495.15
20791,2023-12-19 13:54:19,1702994059.0,2901.0,67142.0,1119.0333333333333,False,1052610.0,17543.5
20792,2023-12-19 14:19:59,1702995599.0,1540.0,68682.0,1144.7,False,1054150.0,17569.166666666668
20793,2023-12-19 14:41:36,1702996896.0,1297.0,69979.0,1166.3166666666666,False,1055447.0,17590.783333333333
20794,2023-12-19 14:58:22,1702997902.0,1006.0,70985.0,1183.0833333333333,False,1056453.0,17607.55
20795,2023-12-19 15:11:10,1702998670.0,768.0,71753.0,1195.8833333333334,False,1057221.0,17620.35
20796,2023-12-19 15:23:26,1702999406.0,736.0,72489.0,1208.15,False,1057957.0,17632.616666666665
20797,2023-12-19 15:36:52,1703000212.0,806.0,73295.0,1221.5833333333333,False,1058763.0,17646.05
20798,2023-12-19 15:47:05,1703000825.0,613.0,73908.0,1231.8,False,1059376.0,17656.266666666666
20799,2023-12-19 15:59:49,1703001589.0,764.0,74672.0,1244.5333333333333,False,1060140.0,17669.0
20800,2023-12-19 16:09:42,1703002182.0,593.0,75265.0,1254.4166666666667,False,1060733.0,17678.883333333335
20801,2023-12-19 16:36:58,1703003818.0,1636.0,76901.0,1281.6833333333334,False,1062369.0,17706.15
20802,2023-12-19 16:51:31,1703004691.0,873.0,77774.0,1296.2333333333333,True,1063242.0,17720.7
20803,2023-12-19 17:06:19,1703005579.0,888.0,888.0,14.8,False,1064130.0,17735.5
20804,2023-12-19 17:21:49,1703006509.0,930.0,930.0,15.5,False,1065060.0,17751.0
20805,2023-12-19 17:36:00,1703007360.0,851.0,851.0,14.183333333333334,False,1065911.0,17765.183333333334
20806,2023-12-19 17:50:10,1703008210.0,850.0,850.0,14.166666666666666,False,1066761.0,17779.35
20807,2023-12-19 18:04:45,1703009085.0,875.0,875.0,14.583333333333334,False,1067636.0,17793.933333333334
20808,2023-12-19 18:22:46,1703010166.0,1081.0,1081.0,18.016666666666666,False,1068717.0,17811.95
20809,2023-12-19 18:36:52,1703011012.0,846.0,846.0,14.1,False,1069563.0,17826.05
20810,2023-12-19 18:51:12,1703011872.0,860.0,860.0,14.333333333333334,False,1070423.0,17840.383333333335
20811,2023-12-19 19:06:00,1703012760.0,888.0,888.0,14.8,False,1071311.0,17855.183333333334
20812,2023-12-19 19:19:46,1703013586.0,826.0,826.0,13.766666666666667,False,1072137.0,17868.95
20813,2023-12-19 19:33:32,1703014412.0,826.0,826.0,13.766666666666667,False,1072963.0,17882.716666666667
20814,2023-12-19 19:48:22,1703015302.0,890.0,890.0,14.833333333333334,False,1073853.0,17897.55
20815,2023-12-19 20:03:54,1703016234.0,932.0,932.0,15.533333333333333,False,1074785.0,17913.083333333332
20816,2023-12-19 20:17:53,1703017073.0,839.0,839.0,13.983333333333333,False,1075624.0,17927.066666666666
20817,2023-12-19 20:31:51,1703017911.0,838.0,838.0,13.966666666666667,False,1076462.0,17941.033333333333
20818,2023-12-20 13:28:18,1703078898.0,60987.0,60987.0,1016.45,False,1137449.0,18957.483333333334
20819,2023-12-20 14:06:30,1703081190.0,2292.0,63279.0,1054.65,False,1139741.0,18995.683333333334
20820,2023-12-20 14:22:03,1703082123.0,933.0,64212.0,1070.2,False,1140674.0,19011.233333333334
20821,2023-12-20 14:36:54,1703083014.0,891.0,65103.0,1085.05,False,1141565.0,19026.083333333332
20822,2023-12-20 14:53:37,1703084017.0,1003.0,66106.0,1101.7666666666667,False,1142568.0,19042.8
20823,2023-12-20 15:07:57,1703084877.0,860.0,66966.0,1116.1,True,1143428.0,19057.133333333335
20824,2023-12-20 15:34:47,1703086487.0,1610.0,1610.0,26.833333333333332,False,1145038.0,19083.966666666667
20825,2023-12-20 15:49:57,1703087397.0,910.0,2520.0,42.0,False,1145948.0,19099.133333333335
20826,2023-12-20 17:07:19,1703092039.0,4642.0,7162.0,119.36666666666666,False,1150590.0,19176.5
20827,2023-12-20 17:21:06,1703092866.0,827.0,827.0,13.783333333333333,False,1151417.0,19190.283333333333
20828,2023-12-20 17:43:07,1703094187.0,1321.0,1321.0,22.016666666666666,False,1152738.0,19212.3
20829,2023-12-20 18:03:57,1703095437.0,1250.0,2571.0,42.85,False,1153988.0,19233.133333333335
20830,2023-12-20 18:17:39,1703096259.0,822.0,822.0,13.7,False,1154810.0,19246.833333333332
20831,2023-12-20 18:37:01,1703097421.0,1162.0,1162.0,19.366666666666667,False,1155972.0,19266.2
20832,2023-12-20 18:50:54,1703098254.0,833.0,1995.0,33.25,False,1156805.0,19280.083333333332
20833,2023-12-20 19:08:58,1703099338.0,1084.0,1084.0,18.066666666666666,False,1157889.0,19298.15
20834,2023-12-20 19:23:54,1703100234.0,896.0,896.0,14.933333333333334,False,1158785.0,19313.083333333332
20835,2023-12-20 19:37:48,1703101068.0,834.0,834.0,13.9,False,1159619.0,19326.983333333334
20836,2023-12-20 19:54:29,1703102069.0,1001.0,1001.0,16.683333333333334,False,1160620.0,19343.666666666668
20837,2023-12-20 20:09:52,1703102992.0,923.0,923.0,15.383333333333333,False,1161543.0,19359.05
20838,2023-12-20 20:24:04,1703103844.0,852.0,852.0,14.2,False,1162395.0,19373.25
20839,2023-12-20 20:38:08,1703104688.0,844.0,844.0,14.066666666666666,False,1163239.0,19387.316666666666
20840,2023-12-20 20:52:04,1703105524.0,836.0,836.0,13.933333333333334,False,1164075.0,19401.25
20841,2023-12-21 10:07:17,1703153237.0,47713.0,47713.0,795.2166666666667,False,1211788.0,20196.466666666667
20842,2023-12-21 16:04:27,1703174667.0,21430.0,69143.0,1152.3833333333334,False,1233218.0,20553.633333333335
20843,2023-12-21 16:21:12,1703175672.0,1005.0,70148.0,1169.1333333333334,False,1234223.0,20570.383333333335
20844,2023-12-21 16:24:40,1703175880.0,208.0,70356.0,1172.6,False,1234431.0,20573.85
20845,2023-12-21 16:27:55,1703176075.0,195.0,70551.0,1175.85,False,1234626.0,20577.1
20846,2023-12-21 16:47:22,1703177242.0,1167.0,71718.0,1195.3,False,1235793.0,20596.55
20847,2023-12-21 16:57:50,1703177870.0,628.0,72346.0,1205.7666666666667,True,1236421.0,20607.016666666666
20848,2023-12-21 17:32:26,1703179946.0,2076.0,2076.0,34.6,False,1238497.0,20641.616666666665
20849,2023-12-21 17:45:30,1703180730.0,784.0,784.0,13.066666666666666,False,1239281.0,20654.683333333334
20850,2024-01-02 15:35:35,1704209735.0,1029005.0,1029005.0,17150.083333333332,False,2268286.0,37804.76666666667
20851,2024-01-02 15:43:17,1704210197.0,462.0,1029467.0,17157.783333333333,False,2268748.0,37812.46666666667
20852,2024-01-02 16:15:26,1704212126.0,1929.0,1031396.0,17189.933333333334,False,2270677.0,37844.61666666667
20853,2024-01-02 16:22:41,1704212561.0,435.0,1031831.0,17197.183333333334,False,2271112.0,37851.86666666667
20854,2024-01-02 17:14:02,1704215642.0,3081.0,1034912.0,17248.533333333333,False,2274193.0,37903.21666666667
20855,2024-01-02 17:30:53,1704216653.0,1011.0,1035923.0,17265.383333333335,False,2275204.0,37920.066666666666
20856,2024-01-02 17:51:12,1704217872.0,1219.0,1037142.0,17285.7,True,2276423.0,37940.38333333333
20857,2024-01-02 18:21:16,1704219676.0,1804.0,1804.0,30.066666666666666,False,2278227.0,37970.45
20858,2024-01-03 13:03:27,1704287007.0,67331.0,67331.0,1122.1833333333334,False,2345558.0,39092.63333333333
20859,2024-01-03 14:30:12,1704292212.0,5205.0,72536.0,1208.9333333333334,False,2350763.0,39179.38333333333
20860,2024-01-03 14:48:10,1704293290.0,1078.0,73614.0,1226.9,False,2351841.0,39197.35
20861,2024-01-03 15:07:25,1704294445.0,1155.0,74769.0,1246.15,False,2352996.0,39216.6
20862,2024-01-03 15:23:05,1704295385.0,940.0,75709.0,1261.8166666666666,True,2353936.0,39232.26666666667
20863,2024-01-03 15:53:37,1704297217.0,1832.0,1832.0,30.533333333333335,False,2355768.0,39262.8
20864,2024-01-03 16:13:24,1704298404.0,1187.0,1187.0,19.783333333333335,False,2356955.0,39282.583333333336
20865,2024-01-03 16:31:30,1704299490.0,1086.0,1086.0,18.1,False,2358041.0,39300.683333333334
20866,2024-01-03 17:16:52,1704302212.0,2722.0,2722.0,45.36666666666667,False,2360763.0,39346.05
20867,2024-01-03 17:31:37,1704303097.0,885.0,3607.0,60.11666666666667,False,2361648.0,39360.8
20868,2024-01-03 17:56:33,1704304593.0,1496.0,5103.0,85.05,False,2363144.0,39385.73333333333
20869,2024-01-03 18:15:15,1704305715.0,1122.0,1122.0,18.7,False,2364266.0,39404.433333333334
20870,2024-01-03 18:36:02,1704306962.0,1247.0,1247.0,20.783333333333335,False,2365513.0,39425.21666666667
20871,2024-01-03 18:51:39,1704307899.0,937.0,937.0,15.616666666666667,False,2366450.0,39440.833333333336
20872,2024-01-03 19:05:21,1704308721.0,822.0,822.0,13.7,False,2367272.0,39454.53333333333
20873,2024-01-03 19:19:09,1704309549.0,828.0,828.0,13.8,False,2368100.0,39468.333333333336
20874,2024-01-03 19:40:24,1704310824.0,1275.0,1275.0,21.25,False,2369375.0,39489.583333333336
20875,2024-01-03 19:54:37,1704311677.0,853.0,853.0,14.216666666666667,False,2370228.0,39503.8
20876,2024-01-04 12:58:47,1704373127.0,61450.0,61450.0,1024.1666666666667,False,2431678.0,40527.96666666667
20877,2024-01-04 14:20:58,1704378058.0,4931.0,66381.0,1106.35,False,2436609.0,40610.15
20878,2024-01-04 15:16:59,1704381419.0,3361.0,69742.0,1162.3666666666666,False,2439970.0,40666.166666666664
20879,2024-01-04 15:32:12,1704382332.0,913.0,70655.0,1177.5833333333333,False,2440883.0,40681.38333333333
20880,2024-01-04 15:43:48,1704383028.0,696.0,71351.0,1189.1833333333334,False,2441579.0,40692.98333333333
20881,2024-01-04 15:53:02,1704383582.0,554.0,71905.0,1198.4166666666667,False,2442133.0,40702.21666666667
20882,2024-01-04 16:06:21,1704384381.0,799.0,72704.0,1211.7333333333333,True,2442932.0,40715.53333333333
20883,2024-01-04 16:20:07,1704385207.0,826.0,826.0,13.766666666666667,False,2443758.0,40729.3
20884,2024-01-04 16:34:21,1704386061.0,854.0,854.0,14.233333333333333,False,2444612.0,40743.53333333333
20885,2024-01-04 17:01:33,1704387693.0,1632.0,1632.0,27.2,False,2446244.0,40770.73333333333
20886,2024-01-04 19:43:18,1704397398.0,9705.0,9705.0,161.75,False,2455949.0,40932.48333333333
20887,2024-01-04 19:59:12,1704398352.0,954.0,954.0,15.9,False,2456903.0,40948.38333333333
20888,2024-01-04 20:14:23,1704399263.0,911.0,911.0,15.183333333333334,False,2457814.0,40963.566666666666
20889,2024-01-04 20:29:09,1704400149.0,886.0,886.0,14.766666666666667,False,2458700.0,40978.333333333336
20890,2024-01-04 20:42:51,1704400971.0,822.0,822.0,13.7,False,2459522.0,40992.03333333333
20891,2024-01-04 20:56:33,1704401793.0,822.0,822.0,13.7,False,2460344.0,41005.73333333333
20892,2024-01-04 21:10:25,1704402625.0,832.0,832.0,13.866666666666667,False,2461176.0,41019.6
20893,2024-01-04 21:24:19,1704403459.0,834.0,834.0,13.9,False,2462010.0,41033.5
20894,2024-01-04 21:38:04,1704404284.0,825.0,825.0,13.75,False,2462835.0,41047.25
20895,2024-01-05 10:29:47,1704450587.0,46303.0,46303.0,771.7166666666667,False,2509138.0,41818.96666666667
20896,2024-01-05 10:48:24,1704451704.0,1117.0,47420.0,790.3333333333334,False,2510255.0,41837.583333333336
20897,2024-01-05 10:59:15,1704452355.0,651.0,48071.0,801.1833333333333,False,2510906.0,41848.433333333334
20898,2024-01-05 11:09:29,1704452969.0,614.0,48685.0,811.4166666666666,True,2511520.0,41858.666666666664
20899,2024-01-05 11:25:26,1704453926.0,957.0,957.0,15.95,False,2512477.0,41874.61666666667
20900,2024-01-05 11:39:33,1704454773.0,847.0,847.0,14.116666666666667,False,2513324.0,41888.73333333333
20901,2024-01-05 11:54:59,1704455699.0,926.0,926.0,15.433333333333334,False,2514250.0,41904.166666666664
20902,2024-01-05 12:09:34,1704456574.0,875.0,875.0,14.583333333333334,False,2515125.0,41918.75
20903,2024-01-05 12:52:42,1704459162.0,2588.0,2588.0,43.13333333333333,False,2517713.0,41961.88333333333
20904,2024-01-05 13:07:43,1704460063.0,901.0,901.0,15.016666666666667,False,2518614.0,41976.9
20905,2024-01-05 13:21:45,1704460905.0,842.0,842.0,14.033333333333333,False,2519456.0,41990.933333333334
20906,2024-01-05 13:40:36,1704462036.0,1131.0,1131.0,18.85,False,2520587.0,42009.78333333333
20907,2024-01-05 13:58:08,1704463088.0,1052.0,1052.0,17.533333333333335,False,2521639.0,42027.316666666666
20908,2024-01-05 14:17:42,1704464262.0,1174.0,1174.0,19.566666666666666,False,2522813.0,42046.88333333333
20909,2024-01-05 14:39:58,1704465598.0,1336.0,1336.0,22.266666666666666,False,2524149.0,42069.15
20910,2024-01-09 11:56:23,1704801383.0,335785.0,335785.0,5596.416666666667,False,2859934.0,47665.566666666666
20911,2024-01-09 12:10:07,1704802207.0,824.0,336609.0,5610.15,False,2860758.0,47679.3
20912,2024-01-09 12:18:24,1704802704.0,497.0,337106.0,5618.433333333333,False,2861255.0,47687.583333333336
20913,2024-01-09 14:09:27,1704809367.0,6663.0,343769.0,5729.483333333334,False,2867918.0,47798.63333333333
20914,2024-01-09 14:44:44,1704811484.0,2117.0,345886.0,5764.766666666666,False,2870035.0,47833.916666666664
20915,2024-01-09 14:52:35,1704811955.0,471.0,346357.0,5772.616666666667,False,2870506.0,47841.76666666667
20916,2024-01-09 15:09:45,1704812985.0,1030.0,347387.0,5789.783333333334,False,2871536.0,47858.933333333334
20917,2024-01-09 16:05:46,1704816346.0,3361.0,350748.0,5845.8,False,2874897.0,47914.95
20918,2024-01-09 16:15:04,1704816904.0,558.0,351306.0,5855.1,False,2875455.0,47924.25
20919,2024-01-09 18:56:40,1704826600.0,9696.0,361002.0,6016.7,False,2885151.0,48085.85
20920,2024-01-09 19:07:28,1704827248.0,648.0,361650.0,6027.5,False,2885799.0,48096.65
20921,2024-01-12 10:01:06,1705053666.0,226418.0,588068.0,9801.133333333333,False,3112217.0,51870.28333333333
20922,2024-01-12 10:13:43,1705054423.0,757.0,588825.0,9813.75,False,3112974.0,51882.9
20923,2024-01-12 10:24:47,1705055087.0,664.0,589489.0,9824.816666666668,False,3113638.0,51893.96666666667
20924,2024-01-12 10:38:39,1705055919.0,832.0,590321.0,9838.683333333332,False,3114470.0,51907.833333333336
20925,2024-01-12 10:56:20,1705056980.0,1061.0,591382.0,9856.366666666667,False,3115531.0,51925.51666666667
20926,2024-01-12 11:24:27,1705058667.0,1687.0,593069.0,9884.483333333334,False,3117218.0,51953.63333333333
20927,2024-01-12 14:20:30,1705069230.0,10563.0,603632.0,10060.533333333333,False,3127781.0,52129.683333333334
20928,2024-01-12 14:48:51,1705070931.0,1701.0,605333.0,10088.883333333333,True,3129482.0,52158.03333333333
20929,2024-01-12 15:18:38,1705072718.0,1787.0,1787.0,29.783333333333335,False,3131269.0,52187.816666666666
20930,2024-01-12 15:56:25,1705074985.0,2267.0,2267.0,37.78333333333333,False,3133536.0,52225.6
20931,2024-01-12 16:13:17,1705075997.0,1012.0,1012.0,16.866666666666667,False,3134548.0,52242.46666666667
20932,2024-01-12 16:46:19,1705077979.0,1982.0,1982.0,33.03333333333333,False,3136530.0,52275.5
20933,2024-01-12 17:02:29,1705078949.0,970.0,970.0,16.166666666666668,False,3137500.0,52291.666666666664
20934,2024-01-12 17:16:34,1705079794.0,845.0,845.0,14.083333333333334,False,3138345.0,52305.75
20935,2024-01-12 17:30:16,1705080616.0,822.0,822.0,13.7,False,3139167.0,52319.45
20936,2024-01-12 17:44:06,1705081446.0,830.0,830.0,13.833333333333334,False,3139997.0,52333.28333333333
20937,2024-01-12 17:55:27,1705082127.0,681.0,681.0,11.35,False,3140678.0,52344.63333333333
20938,2024-01-12 18:10:42,1705083042.0,915.0,915.0,15.25,False,3141593.0,52359.88333333333
20939,2024-01-15 16:15:16,1705335316.0,252274.0,252274.0,4204.566666666667,False,3393867.0,56564.45
20940,2024-01-15 16:23:41,1705335821.0,505.0,252779.0,4212.983333333334,False,3394372.0,56572.86666666667
20941,2024-01-15 16:44:05,1705337045.0,1224.0,254003.0,4233.383333333333,False,3395596.0,56593.26666666667
20942,2024-01-15 16:56:09,1705337769.0,724.0,254727.0,4245.45,False,3396320.0,56605.333333333336
20943,2024-01-15 17:03:56,1705338236.0,467.0,255194.0,4253.233333333334,False,3396787.0,56613.11666666667
20944,2024-01-15 18:17:02,1705342622.0,4386.0,259580.0,4326.333333333333,False,3401173.0,56686.21666666667
20945,2024-01-15 18:23:43,1705343023.0,401.0,259981.0,4333.016666666666,False,3401574.0,56692.9
20946,2024-01-16 12:29:22,1705408162.0,65139.0,325120.0,5418.666666666667,False,0.0,0.0
20947,2024-01-16 12:46:36,1705409196.0,1034.0,326154.0,5435.9,False,1034.0,17.233333333333334
20948,2024-01-16 14:14:26,1705414466.0,5270.0,331424.0,5523.733333333334,False,6304.0,105.06666666666666
20949,2024-01-16 14:33:09,1705415589.0,1123.0,332547.0,5542.45,False,7427.0,123.78333333333333
20950,2024-01-16 14:46:17,1705416377.0,788.0,333335.0,5555.583333333333,True,8215.0,136.91666666666666
20951,2024-01-16 16:27:19,1705422439.0,6062.0,6062.0,101.03333333333333,False,14277.0,237.95
20952,2024-01-16 16:50:25,1705423825.0,1386.0,1386.0,23.1,False,15663.0,261.05
20953,2024-01-16 17:21:47,1705425707.0,1882.0,1882.0,31.366666666666667,False,17545.0,292.4166666666667
20954,2024-01-16 17:31:10,1705426270.0,563.0,2445.0,40.75,False,18108.0,301.8
20955,2024-01-16 17:54:17,1705427657.0,1387.0,1387.0,23.116666666666667,False,19495.0,324.9166666666667
20956,2024-01-16 18:37:59,1705430279.0,2622.0,2622.0,43.7,False,22117.0,368.6166666666667
20957,2024-01-16 19:05:03,1705431903.0,1624.0,4246.0,70.76666666666667,False,23741.0,395.68333333333334
20958,2024-01-16 19:20:54,1705432854.0,951.0,951.0,15.85,False,24692.0,411.53333333333336
20959,2024-01-16 19:40:07,1705434007.0,1153.0,1153.0,19.216666666666665,False,25845.0,430.75
20960,2024-01-16 19:59:03,1705435143.0,1136.0,1136.0,18.933333333333334,False,26981.0,449.68333333333334
20961,2024-01-17 13:38:03,1705498683.0,63540.0,63540.0,1059.0,False,90521.0,1508.6833333333334
20962,2024-01-17 14:54:49,1705503289.0,4606.0,68146.0,1135.7666666666667,False,95127.0,1585.45
20963,2024-01-17 15:03:39,1705503819.0,530.0,68676.0,1144.6,True,95657.0,1594.2833333333333
20964,2024-01-17 15:21:50,1705504910.0,1091.0,1091.0,18.183333333333334,False,96748.0,1612.4666666666667
20965,2024-01-17 15:42:51,1705506171.0,1261.0,1261.0,21.016666666666666,False,98009.0,1633.4833333333333
20966,2024-01-17 16:02:08,1705507328.0,1157.0,1157.0,19.283333333333335,False,99166.0,1652.7666666666667
20967,2024-01-17 16:25:41,1705508741.0,1413.0,1413.0,23.55,False,100579.0,1676.3166666666666
20968,2024-01-17 17:13:01,1705511581.0,2840.0,2840.0,47.333333333333336,False,103419.0,1723.65
20969,2024-01-18 11:34:42,1705577682.0,66101.0,66101.0,1101.6833333333334,False,169520.0,2825.3333333333335
20970,2024-01-18 11:43:13,1705578193.0,511.0,66612.0,1110.2,False,170031.0,2833.85
20971,2024-01-18 11:52:16,1705578736.0,543.0,67155.0,1119.25,False,170574.0,2842.9
20972,2024-01-18 12:04:04,1705579444.0,708.0,67863.0,1131.05,False,171282.0,2854.7
20973,2024-01-18 12:09:48,1705579788.0,344.0,68207.0,1136.7833333333333,False,171626.0,2860.4333333333334
20974,2024-01-18 12:40:26,1705581626.0,1838.0,70045.0,1167.4166666666667,False,173464.0,2891.0666666666666
20975,2024-01-18 12:58:13,1705582693.0,1067.0,71112.0,1185.2,False,174531.0,2908.85
20976,2024-01-18 13:07:32,1705583252.0,559.0,71671.0,1194.5166666666667,False,175090.0,2918.1666666666665
20977,2024-01-18 13:29:46,1705584586.0,1334.0,73005.0,1216.75,False,176424.0,2940.4
20978,2024-01-18 15:44:04,1705592644.0,8058.0,81063.0,1351.05,False,184482.0,3074.7
20979,2024-01-18 15:55:57,1705593357.0,713.0,81776.0,1362.9333333333334,False,185195.0,3086.5833333333335
20980,2024-01-18 16:07:13,1705594033.0,676.0,82452.0,1374.2,False,185871.0,3097.85
20981,2024-01-18 16:21:01,1705594861.0,828.0,83280.0,1388.0,True,186699.0,3111.65
20982,2024-01-18 16:40:08,1705596008.0,1147.0,1147.0,19.116666666666667,False,187846.0,3130.766666666667
20983,2024-01-18 17:17:10,1705598230.0,2222.0,2222.0,37.03333333333333,False,190068.0,3167.8
20984,2024-01-19 13:26:27,1705670787.0,72557.0,72557.0,1209.2833333333333,False,262625.0,4377.083333333333
20985,2024-01-19 13:43:57,1705671837.0,1050.0,73607.0,1226.7833333333333,False,263675.0,4394.583333333333
20986,2024-01-19 13:55:17,1705672517.0,680.0,74287.0,1238.1166666666666,False,264355.0,4405.916666666667
20987,2024-01-19 14:03:42,1705673022.0,505.0,74792.0,1246.5333333333333,False,264860.0,4414.333333333333
20988,2024-01-19 14:10:50,1705673450.0,428.0,75220.0,1253.6666666666667,False,265288.0,4421.466666666666
20989,2024-01-19 14:16:06,1705673766.0,316.0,75536.0,1258.9333333333334,False,265604.0,4426.733333333334
20990,2024-01-19 14:22:26,1705674146.0,380.0,75916.0,1265.2666666666667,False,265984.0,4433.066666666667
20991,2024-01-19 15:39:42,1705678782.0,4636.0,80552.0,1342.5333333333333,False,270620.0,4510.333333333333
20992,2024-01-19 15:47:07,1705679227.0,445.0,80997.0,1349.95,False,271065.0,4517.75
20993,2024-01-19 15:58:08,1705679888.0,661.0,81658.0,1360.9666666666667,False,271726.0,4528.766666666666
20994,2024-01-19 16:08:12,1705680492.0,604.0,82262.0,1371.0333333333333,False,272330.0,4538.833333333333
20995,2024-01-19 16:14:49,1705680889.0,397.0,82659.0,1377.65,False,272727.0,4545.45
20996,2024-01-19 16:20:05,1705681205.0,316.0,82975.0,1382.9166666666667,False,273043.0,4550.716666666666
20997,2024-01-19 16:28:24,1705681704.0,499.0,83474.0,1391.2333333333333,False,273542.0,4559.033333333334
20998,2024-01-19 16:36:00,1705682160.0,456.0,83930.0,1398.8333333333333,False,273998.0,4566.633333333333
20999,2024-01-19 16:43:06,1705682586.0,426.0,84356.0,1405.9333333333334,False,274424.0,4573.733333333334
21000,2024-01-19 16:49:22,1705682962.0,376.0,84732.0,1412.2,False,274800.0,4580.0
21001,2024-01-19 17:00:56,1705683656.0,694.0,85426.0,1423.7666666666667,False,275494.0,4591.566666666667
21002,2024-01-19 17:07:14,1705684034.0,378.0,85804.0,1430.0666666666666,False,275872.0,4597.866666666667
21003,2024-01-22 20:08:32,1705954112.0,270078.0,355882.0,5931.366666666667,False,545950.0,9099.166666666666
21004,2024-01-22 20:12:43,1705954363.0,251.0,356133.0,5935.55,False,546201.0,9103.35
21005,2024-01-22 20:17:02,1705954622.0,259.0,356392.0,5939.866666666667,False,546460.0,9107.666666666666
21006,2024-01-22 20:20:46,1705954846.0,224.0,356616.0,5943.6,False,546684.0,9111.4
21007,2024-01-22 20:24:39,1705955079.0,233.0,356849.0,5947.483333333334,False,546917.0,9115.283333333333
21008,2024-01-23 19:07:49,1706036869.0,81790.0,438639.0,7310.65,False,628707.0,10478.45
21009,2024-01-23 19:48:03,1706039283.0,2414.0,441053.0,7350.883333333333,False,631121.0,10518.683333333332
21010,2024-01-24 15:28:01,1706110081.0,70798.0,511851.0,8530.85,False,701919.0,11698.65
21011,2024-01-25 16:43:08,1706200988.0,90907.0,602758.0,10045.966666666667,False,792826.0,13213.766666666666
21012,2024-01-25 16:53:34,1706201614.0,626.0,603384.0,10056.4,False,793452.0,13224.2
21013,2024-01-25 17:01:11,1706202071.0,457.0,603841.0,10064.016666666666,False,793909.0,13231.816666666668
21014,2024-01-25 17:07:29,1706202449.0,378.0,604219.0,10070.316666666668,False,794287.0,13238.116666666667
21015,2024-01-25 17:17:04,1706203024.0,575.0,604794.0,10079.9,False,794862.0,13247.7
21016,2024-01-25 17:26:23,1706203583.0,559.0,605353.0,10089.216666666667,False,795421.0,13257.016666666666
21017,2024-01-25 17:57:29,1706205449.0,1866.0,607219.0,10120.316666666668,False,797287.0,13288.116666666667
21018,2024-01-25 18:03:11,1706205791.0,342.0,607561.0,10126.016666666666,False,797629.0,13293.816666666668
21019,2024-01-25 18:08:42,1706206122.0,331.0,607892.0,10131.533333333333,False,797960.0,13299.333333333334
21020,2024-01-25 18:17:14,1706206634.0,512.0,608404.0,10140.066666666668,False,798472.0,13307.866666666667
21021,2024-01-25 19:43:34,1706211814.0,5180.0,613584.0,10226.4,False,803652.0,13394.2
21022,2024-01-25 19:51:22,1706212282.0,468.0,614052.0,10234.2,False,0.0,0.0
21023,2024-01-25 19:57:58,1706212678.0,396.0,614448.0,10240.8,False,396.0,6.6
21024,2024-01-25 20:11:27,1706213487.0,809.0,615257.0,10254.283333333333,False,1205.0,20.083333333333332
21025,2024-01-26 10:36:48,1706265408.0,51921.0,667178.0,11119.633333333333,False,53126.0,885.4333333333333
21026,2024-01-26 10:48:51,1706266131.0,723.0,667901.0,11131.683333333332,False,53849.0,897.4833333333333
21027,2024-01-26 12:04:05,1706270645.0,4514.0,672415.0,11206.916666666666,False,58363.0,972.7166666666667
21028,2024-01-26 12:10:14,1706271014.0,369.0,672784.0,11213.066666666668,False,58732.0,978.8666666666667
21029,2024-01-26 12:16:38,1706271398.0,384.0,673168.0,11219.466666666667,False,59116.0,985.2666666666667
21030,2024-01-26 12:23:35,1706271815.0,417.0,673585.0,11226.416666666666,False,59533.0,992.2166666666667
21031,2024-01-26 12:38:23,1706272703.0,888.0,674473.0,11241.216666666667,False,60421.0,1007.0166666666667
21032,2024-01-26 12:43:57,1706273037.0,334.0,674807.0,11246.783333333333,False,60755.0,1012.5833333333334
21033,2024-01-26 12:48:32,1706273312.0,275.0,675082.0,11251.366666666667,False,61030.0,1017.1666666666666
21034,2024-01-26 12:54:00,1706273640.0,328.0,675410.0,11256.833333333334,False,61358.0,1022.6333333333333
21035,2024-01-26 13:00:33,1706274033.0,393.0,675803.0,11263.383333333333,False,61751.0,1029.1833333333334
21036,2024-01-26 13:05:02,1706274302.0,269.0,676072.0,11267.866666666667,False,62020.0,1033.6666666666667
21037,2024-01-26 13:09:44,1706274584.0,282.0,676354.0,11272.566666666668,False,62302.0,1038.3666666666666
21038,2024-01-26 13:20:47,1706275247.0,663.0,677017.0,11283.616666666667,False,62965.0,1049.4166666666667
21039,2024-01-26 13:25:09,1706275509.0,262.0,677279.0,11287.983333333334,False,63227.0,1053.7833333333333
21040,2024-01-26 13:29:36,1706275776.0,267.0,677546.0,11292.433333333332,False,63494.0,1058.2333333333333
21041,2024-01-26 13:36:05,1706276165.0,389.0,677935.0,11298.916666666666,False,63883.0,1064.7166666666667
21042,2024-01-26 13:41:30,1706276490.0,325.0,678260.0,11304.333333333334,False,64208.0,1070.1333333333334
21043,2024-01-26 13:47:48,1706276868.0,378.0,678638.0,11310.633333333333,False,64586.0,1076.4333333333334
21044,2024-01-26 13:52:59,1706277179.0,311.0,678949.0,11315.816666666668,False,64897.0,1081.6166666666666
21045,2024-01-26 13:57:48,1706277468.0,289.0,679238.0,11320.633333333333,False,65186.0,1086.4333333333334
21046,2024-01-26 14:02:34,1706277754.0,286.0,679524.0,11325.4,False,65472.0,1091.2
21047,2024-01-26 14:07:22,1706278042.0,288.0,679812.0,11330.2,False,65760.0,1096.0
21048,2024-01-26 14:12:02,1706278322.0,280.0,680092.0,11334.866666666667,False,66040.0,1100.6666666666667
21049,2024-01-26 14:16:54,1706278614.0,292.0,680384.0,11339.733333333334,False,66332.0,1105.5333333333333
21050,2024-01-26 14:22:00,1706278920.0,306.0,680690.0,11344.833333333334,False,66638.0,1110.6333333333334
21051,2024-01-26 14:27:13,1706279233.0,313.0,681003.0,11350.05,False,66951.0,1115.85
21052,2024-01-26 14:33:23,1706279603.0,370.0,681373.0,11356.216666666667,False,67321.0,1122.0166666666667
21053,2024-01-26 14:38:15,1706279895.0,292.0,681665.0,11361.083333333334,False,67613.0,1126.8833333333334
21054,2024-01-26 14:43:25,1706280205.0,310.0,681975.0,11366.25,False,67923.0,1132.05
21055,2024-01-26 14:48:30,1706280510.0,305.0,682280.0,11371.333333333334,False,68228.0,1137.1333333333334
21056,2024-01-26 14:53:31,1706280811.0,301.0,682581.0,11376.35,False,68529.0,1142.15
21057,2024-01-26 14:58:25,1706281105.0,294.0,682875.0,11381.25,False,68823.0,1147.05
21058,2024-01-26 15:03:31,1706281411.0,306.0,683181.0,11386.35,False,69129.0,1152.15
21059,2024-01-26 15:08:29,1706281709.0,298.0,683479.0,11391.316666666668,False,69427.0,1157.1166666666666
21060,2024-01-26 15:13:29,1706282009.0,300.0,683779.0,11396.316666666668,False,69727.0,1162.1166666666666
21061,2024-01-26 15:18:43,1706282323.0,314.0,684093.0,11401.55,False,70041.0,1167.35
21062,2024-01-26 15:23:33,1706282613.0,290.0,684383.0,11406.383333333333,False,70331.0,1172.1833333333334
21063,2024-01-26 15:29:00,1706282940.0,327.0,684710.0,11411.833333333334,False,70658.0,1177.6333333333334
21064,2024-01-26 15:34:21,1706283261.0,321.0,685031.0,11417.183333333332,False,70979.0,1182.9833333333333
21065,2024-01-26 15:39:29,1706283569.0,308.0,685339.0,11422.316666666668,False,71287.0,1188.1166666666666
21066,2024-01-26 15:44:41,1706283881.0,312.0,685651.0,11427.516666666666,False,71599.0,1193.3166666666666
21067,2024-01-26 15:50:07,1706284207.0,326.0,685977.0,11432.95,False,71925.0,1198.75
21068,2024-01-26 15:55:16,1706284516.0,309.0,686286.0,11438.1,False,72234.0,1203.9
21069,2024-01-26 16:00:58,1706284858.0,342.0,686628.0,11443.8,False,72576.0,1209.6
21070,2024-01-26 16:07:12,1706285232.0,374.0,687002.0,11450.033333333333,False,72950.0,1215.8333333333333
21071,2024-01-26 16:15:19,1706285719.0,487.0,687489.0,11458.15,False,73437.0,1223.95
21072,2024-01-26 17:14:43,1706289283.0,3564.0,691053.0,11517.55,False,77001.0,1283.35
21073,2024-01-26 17:22:31,1706289751.0,468.0,691521.0,11525.35,False,77469.0,1291.15
21074,2024-01-26 17:48:14,1706291294.0,1543.0,693064.0,11551.066666666668,False,79012.0,1316.8666666666666
21075,2024-01-26 18:02:38,1706292158.0,864.0,693928.0,11565.466666666667,False,79876.0,1331.2666666666667
21076,2024-01-29 14:18:12,1706537892.0,245734.0,939662.0,15661.033333333333,False,325610.0,5426.833333333333
21077,2024-01-29 14:27:52,1706538472.0,580.0,940242.0,15670.7,False,326190.0,5436.5
21078,2024-01-29 14:32:58,1706538778.0,306.0,940548.0,15675.8,False,326496.0,5441.6
21079,2024-01-29 14:58:43,1706540323.0,1545.0,942093.0,15701.55,False,328041.0,5467.35
21080,2024-01-29 15:08:14,1706540894.0,571.0,942664.0,15711.066666666668,False,328612.0,5476.866666666667
21081,2024-01-29 15:46:09,1706543169.0,2275.0,944939.0,15748.983333333334,False,330887.0,5514.783333333334
21082,2024-01-29 15:53:41,1706543621.0,452.0,945391.0,15756.516666666666,False,331339.0,5522.316666666667
21083,2024-01-29 16:01:08,1706544068.0,447.0,945838.0,15763.966666666667,False,331786.0,5529.766666666666
21084,2024-01-29 16:13:29,1706544809.0,741.0,946579.0,15776.316666666668,False,332527.0,5542.116666666667
21085,2024-01-29 16:35:58,1706546158.0,1349.0,947928.0,15798.8,False,333876.0,5564.6
21086,2024-01-29 16:52:58,1706547178.0,1020.0,948948.0,15815.8,True,334896.0,5581.6
21087,2024-01-29 17:16:35,1706548595.0,1417.0,1417.0,23.616666666666667,False,336313.0,5605.216666666666
21088,2024-01-29 18:11:52,1706551912.0,3317.0,3317.0,55.28333333333333,False,339630.0,5660.5
21089,2024-01-29 18:40:39,1706553639.0,1727.0,1727.0,28.783333333333335,False,341357.0,5689.283333333334
21090,2024-01-29 19:02:16,1706554936.0,1297.0,1297.0,21.616666666666667,False,342654.0,5710.9
21091,2024-01-29 19:21:40,1706556100.0,1164.0,1164.0,19.4,False,343818.0,5730.3
21092,2024-01-29 19:41:04,1706557264.0,1164.0,1164.0,19.4,False,344982.0,5749.7
21093,2024-01-30 15:06:13,1706627173.0,69909.0,69909.0,1165.15,False,414891.0,6914.85
21094,2024-01-30 15:36:24,1706628984.0,1811.0,71720.0,1195.3333333333333,False,416702.0,6945.033333333334
21095,2024-01-30 15:58:06,1706630286.0,1302.0,73022.0,1217.0333333333333,True,418004.0,6966.733333333334
21096,2024-01-30 16:20:58,1706631658.0,1372.0,1372.0,22.866666666666667,False,419376.0,6989.6
21097,2024-01-30 16:45:44,1706633144.0,1486.0,1486.0,24.766666666666666,False,420862.0,7014.366666666667
21098,2024-01-30 17:05:47,1706634347.0,1203.0,1203.0,20.05,False,422065.0,7034.416666666667
21099,2024-01-30 17:35:35,1706636135.0,1788.0,1788.0,29.8,False,423853.0,7064.216666666666
21100,2024-01-30 17:57:31,1706637451.0,1316.0,1316.0,21.933333333333334,False,425169.0,7086.15
21101,2024-01-30 18:15:55,1706638555.0,1104.0,1104.0,18.4,False,426273.0,7104.55
21102,2024-01-30 18:33:58,1706639638.0,1083.0,1083.0,18.05,False,427356.0,7122.6
21103,2024-01-30 18:54:27,1706640867.0,1229.0,1229.0,20.483333333333334,False,428585.0,7143.083333333333
21104,2024-01-30 19:15:14,1706642114.0,1247.0,1247.0,20.783333333333335,False,429832.0,7163.866666666667
21105,2024-01-30 19:33:16,1706643196.0,1082.0,1082.0,18.033333333333335,False,430914.0,7181.9
21106,2024-01-30 20:04:18,1706645058.0,1862.0,1862.0,31.033333333333335,False,432776.0,7212.933333333333
21107,2024-01-30 20:23:23,1706646203.0,1145.0,1145.0,19.083333333333332,False,433921.0,7232.016666666666
21108,2024-01-30 20:41:09,1706647269.0,1066.0,1066.0,17.766666666666666,False,434987.0,7249.783333333334
21109,2024-01-31 14:40:03,1706712003.0,64734.0,64734.0,1078.9,False,499721.0,8328.683333333332
21110,2024-01-31 14:47:15,1706712435.0,432.0,65166.0,1086.1,False,500153.0,8335.883333333333
21111,2024-01-31 14:59:11,1706713151.0,716.0,65882.0,1098.0333333333333,True,500869.0,8347.816666666668
21112,2024-01-31 15:23:17,1706714597.0,1446.0,1446.0,24.1,False,502315.0,8371.916666666666
21113,2024-01-31 15:48:28,1706716108.0,1511.0,1511.0,25.183333333333334,False,503826.0,8397.1
21114,2024-01-31 16:09:20,1706717360.0,1252.0,1252.0,20.866666666666667,False,505078.0,8417.966666666667
21115,2024-01-31 16:42:56,1706719376.0,2016.0,2016.0,33.6,False,507094.0,8451.566666666668
21116,2024-01-31 17:34:00,1706722440.0,3064.0,3064.0,51.06666666666667,False,510158.0,8502.633333333333
21117,2024-01-31 17:55:54,1706723754.0,1314.0,1314.0,21.9,False,511472.0,8524.533333333333
21118,2024-01-31 18:14:32,1706724872.0,1118.0,1118.0,18.633333333333333,False,512590.0,8543.166666666666
21119,2024-01-31 18:29:49,1706725789.0,917.0,917.0,15.283333333333333,False,513507.0,8558.45
21120,2024-02-01 11:47:14,1706788034.0,62245.0,62245.0,1037.4166666666667,False,0.0,0.0
21121,2024-02-01 12:09:21,1706789361.0,1327.0,63572.0,1059.5333333333333,False,1327.0,22.116666666666667
21122,2024-02-01 13:01:44,1706792504.0,3143.0,66715.0,1111.9166666666667,False,4470.0,74.5
21123,2024-02-01 13:11:32,1706793092.0,588.0,67303.0,1121.7166666666667,True,5058.0,84.3
21124,2024-02-01 13:31:15,1706794275.0,1183.0,1183.0,19.716666666666665,False,6241.0,104.01666666666667
21125,2024-02-01 13:49:47,1706795387.0,1112.0,1112.0,18.533333333333335,False,7353.0,122.55
21126,2024-02-01 14:08:44,1706796524.0,1137.0,1137.0,18.95,False,8490.0,141.5
21127,2024-02-01 14:58:14,1706799494.0,2970.0,2970.0,49.5,False,11460.0,191.0
21128,2024-02-01 15:16:55,1706800615.0,1121.0,1121.0,18.683333333333334,False,12581.0,209.68333333333334
21129,2024-02-01 15:37:39,1706801859.0,1244.0,1244.0,20.733333333333334,False,13825.0,230.41666666666666
21130,2024-02-01 15:57:38,1706803058.0,1199.0,1199.0,19.983333333333334,False,15024.0,250.4
21131,2024-02-01 16:17:33,1706804253.0,1195.0,1195.0,19.916666666666668,False,16219.0,270.31666666666666
21132,2024-02-01 16:36:11,1706805371.0,1118.0,1118.0,18.633333333333333,False,17337.0,288.95
21133,2024-02-01 16:56:03,1706806563.0,1192.0,1192.0,19.866666666666667,False,18529.0,308.81666666666666
21134,2024-02-01 17:15:08,1706807708.0,1145.0,1145.0,19.083333333333332,False,19674.0,327.9
21135,2024-02-01 17:36:29,1706808989.0,1281.0,1281.0,21.35,False,20955.0,349.25
21136,2024-02-01 17:57:08,1706810228.0,1239.0,1239.0,20.65,False,22194.0,369.9
21137,2024-02-01 18:15:41,1706811341.0,1113.0,1113.0,18.55,False,23307.0,388.45
21138,2024-02-05 16:41:42,1707151302.0,339961.0,339961.0,5666.016666666666,False,363268.0,6054.466666666666
21139,2024-02-05 16:48:34,1707151714.0,412.0,340373.0,5672.883333333333,False,363680.0,6061.333333333333
21140,2024-02-05 16:53:30,1707152010.0,296.0,340669.0,5677.816666666667,False,363976.0,6066.266666666666
21141,2024-02-05 17:02:00,1707152520.0,510.0,341179.0,5686.316666666667,False,364486.0,6074.766666666666
21142,2024-02-05 17:15:50,1707153350.0,830.0,342009.0,5700.15,False,365316.0,6088.6
21143,2024-02-05 17:41:10,1707154870.0,1520.0,343529.0,5725.483333333334,False,366836.0,6113.933333333333
21144,2024-02-05 17:49:42,1707155382.0,512.0,344041.0,5734.016666666666,False,367348.0,6122.466666666666
21145,2024-02-06 11:21:45,1707218505.0,63123.0,407164.0,6786.066666666667,False,430471.0,7174.516666666666
21146,2024-02-06 11:46:04,1707219964.0,1459.0,408623.0,6810.383333333333,False,431930.0,7198.833333333333
21147,2024-02-06 12:13:26,1707221606.0,1642.0,410265.0,6837.75,False,433572.0,7226.2
21148,2024-02-06 12:23:52,1707222232.0,626.0,410891.0,6848.183333333333,True,434198.0,7236.633333333333
21149,2024-02-06 12:35:52,1707222952.0,720.0,720.0,12.0,False,434918.0,7248.633333333333
21150,2024-02-06 12:54:52,1707224092.0,1140.0,1140.0,19.0,False,436058.0,7267.633333333333
21151,2024-02-06 13:09:08,1707224948.0,856.0,856.0,14.266666666666667,False,436914.0,7281.9
21152,2024-02-06 13:21:54,1707225714.0,766.0,766.0,12.766666666666667,False,437680.0,7294.666666666667
21153,2024-02-06 13:33:29,1707226409.0,695.0,695.0,11.583333333333334,False,438375.0,7306.25
21154,2024-02-06 14:01:26,1707228086.0,1677.0,1677.0,27.95,False,440052.0,7334.2
21155,2024-02-06 14:23:44,1707229424.0,1338.0,1338.0,22.3,False,441390.0,7356.5
21156,2024-02-06 15:28:36,1707233316.0,3892.0,3892.0,64.86666666666666,False,445282.0,7421.366666666667
21157,2024-02-06 18:03:46,1707242626.0,9310.0,9310.0,155.16666666666666,False,454592.0,7576.533333333334
21158,2024-02-06 18:27:24,1707244044.0,1418.0,1418.0,23.633333333333333,False,456010.0,7600.166666666667
21159,2024-02-07 17:05:17,1707325517.0,81473.0,81473.0,1357.8833333333334,False,537483.0,8958.05
21160,2024-02-08 10:48:33,1707389313.0,63796.0,145269.0,2421.15,False,601279.0,10021.316666666668
21161,2024-02-08 10:59:54,1707389994.0,681.0,145950.0,2432.5,False,601960.0,10032.666666666666
21162,2024-02-08 11:12:52,1707390772.0,778.0,146728.0,2445.4666666666667,True,602738.0,10045.633333333333
21163,2024-02-08 11:29:25,1707391765.0,993.0,993.0,16.55,False,603731.0,10062.183333333332
21164,2024-02-08 11:57:24,1707393444.0,1679.0,2672.0,44.53333333333333,False,605410.0,10090.166666666666
21165,2024-02-08 13:00:05,1707397205.0,3761.0,3761.0,62.68333333333333,False,609171.0,10152.85
21166,2024-02-08 13:35:00,1707399300.0,2095.0,2095.0,34.916666666666664,False,611266.0,10187.766666666666
21167,2024-02-08 13:50:38,1707400238.0,938.0,938.0,15.633333333333333,False,612204.0,10203.4
21168,2024-02-08 14:20:38,1707402038.0,1800.0,1800.0,30.0,False,614004.0,10233.4
21169,2024-02-08 14:39:04,1707403144.0,1106.0,1106.0,18.433333333333334,False,615110.0,10251.833333333334
21170,2024-02-08 14:55:59,1707404159.0,1015.0,1015.0,16.916666666666668,False,616125.0,10268.75
21171,2024-02-08 15:09:12,1707404952.0,793.0,793.0,13.216666666666667,False,616918.0,10281.966666666667
21172,2024-02-08 15:48:58,1707407338.0,2386.0,2386.0,39.766666666666666,False,619304.0,10321.733333333334
21173,2024-02-08 16:03:59,1707408239.0,901.0,901.0,15.016666666666667,False,620205.0,10336.75
21174,2024-02-08 16:20:35,1707409235.0,996.0,996.0,16.6,False,621201.0,10353.35
21175,2024-02-08 16:37:08,1707410228.0,993.0,993.0,16.55,False,622194.0,10369.9
21176,2024-02-08 17:05:46,1707411946.0,1718.0,1718.0,28.633333333333333,False,623912.0,10398.533333333333
21177,2024-02-08 17:41:34,1707414094.0,2148.0,2148.0,35.8,False,626060.0,10434.333333333334
21178,2024-02-08 18:06:21,1707415581.0,1487.0,1487.0,24.783333333333335,False,627547.0,10459.116666666667
21179,2024-02-08 18:21:53,1707416513.0,932.0,932.0,15.533333333333333,False,628479.0,10474.65
21180,2024-02-08 18:38:19,1707417499.0,986.0,986.0,16.433333333333334,False,629465.0,10491.083333333334
21181,2024-02-08 18:56:29,1707418589.0,1090.0,1090.0,18.166666666666668,False,630555.0,10509.25
21182,2024-02-08 19:12:30,1707419550.0,961.0,961.0,16.016666666666666,False,631516.0,10525.266666666666
21183,2024-02-08 19:32:40,1707420760.0,1210.0,1210.0,20.166666666666668,False,632726.0,10545.433333333332
21184,2024-02-09 13:34:34,1707485674.0,64914.0,66124.0,1102.0666666666666,False,697640.0,11627.333333333334
21185,2024-02-09 13:47:47,1707486467.0,793.0,66917.0,1115.2833333333333,False,698433.0,11640.55
21186,2024-02-09 13:58:13,1707487093.0,626.0,67543.0,1125.7166666666667,True,699059.0,11650.983333333334
21187,2024-02-09 14:21:35,1707488495.0,1402.0,1402.0,23.366666666666667,False,700461.0,11674.35
21188,2024-02-09 14:50:56,1707490256.0,1761.0,1761.0,29.35,False,702222.0,11703.7
21189,2024-02-09 15:07:01,1707491221.0,965.0,965.0,16.083333333333332,False,703187.0,11719.783333333333
21190,2024-02-09 15:24:56,1707492296.0,1075.0,1075.0,17.916666666666668,False,704262.0,11737.7
21191,2024-02-09 15:43:00,1707493380.0,1084.0,1084.0,18.066666666666666,False,705346.0,11755.766666666666
21192,2024-02-09 16:00:09,1707494409.0,1029.0,1029.0,17.15,False,706375.0,11772.916666666666
21193,2024-02-09 16:26:30,1707495990.0,1581.0,1581.0,26.35,False,707956.0,11799.266666666666
21194,2024-02-09 16:42:46,1707496966.0,976.0,976.0,16.266666666666666,False,708932.0,11815.533333333333
21195,2024-02-09 17:00:28,1707498028.0,1062.0,1062.0,17.7,False,709994.0,11833.233333333334
21196,2024-02-09 17:18:29,1707499109.0,1081.0,1081.0,18.016666666666666,False,711075.0,11851.25
21197,2024-02-09 17:40:15,1707500415.0,1306.0,1306.0,21.766666666666666,False,712381.0,11873.016666666666
21198,2024-02-09 17:58:32,1707501512.0,1097.0,1097.0,18.283333333333335,False,713478.0,11891.3
21199,2024-02-09 18:14:49,1707502489.0,977.0,977.0,16.283333333333335,False,714455.0,11907.583333333334
21200,2024-02-12 13:05:31,1707743131.0,240642.0,241619.0,4026.983333333333,False,955097.0,15918.283333333333
21201,2024-02-12 14:14:28,1707747268.0,4137.0,245756.0,4095.9333333333334,False,959234.0,15987.233333333334
21202,2024-02-12 14:34:45,1707748485.0,1217.0,246973.0,4116.216666666666,False,960451.0,16007.516666666666
21203,2024-02-12 15:12:59,1707750779.0,2294.0,249267.0,4154.45,False,962745.0,16045.75
21204,2024-02-12 15:27:42,1707751662.0,883.0,250150.0,4169.166666666667,True,963628.0,16060.466666666667
21205,2024-02-12 15:45:15,1707752715.0,1053.0,1053.0,17.55,False,964681.0,16078.016666666666
21206,2024-02-12 16:09:17,1707754157.0,1442.0,1442.0,24.033333333333335,False,966123.0,16102.05
21207,2024-02-12 16:35:20,1707755720.0,1563.0,1563.0,26.05,False,967686.0,16128.1
21208,2024-02-12 17:06:39,1707757599.0,1879.0,1879.0,31.316666666666666,False,969565.0,16159.416666666666
21209,2024-02-12 17:29:15,1707758955.0,1356.0,1356.0,22.6,False,970921.0,16182.016666666666
21210,2024-02-12 17:48:32,1707760112.0,1157.0,1157.0,19.283333333333335,False,972078.0,16201.3
21211,2024-02-12 18:06:55,1707761215.0,1103.0,1103.0,18.383333333333333,False,973181.0,16219.683333333332
21212,2024-02-13 09:44:11,1707817451.0,56236.0,56236.0,937.2666666666667,False,1029417.0,17156.95
21213,2024-02-13 09:52:07,1707817927.0,476.0,56712.0,945.2,False,1029893.0,17164.883333333335
21214,2024-02-13 10:21:17,1707819677.0,1750.0,58462.0,974.3666666666667,False,1031643.0,17194.05
21215,2024-02-13 10:33:11,1707820391.0,714.0,59176.0,986.2666666666667,False,1032357.0,17205.95
21216,2024-02-13 12:10:59,1707826259.0,5868.0,65044.0,1084.0666666666666,False,1038225.0,17303.75
21217,2024-02-13 12:41:42,1707828102.0,1843.0,66887.0,1114.7833333333333,False,1040068.0,17334.466666666667
21218,2024-02-13 13:00:01,1707829201.0,1099.0,67986.0,1133.1,True,1041167.0,17352.783333333333
21219,2024-02-13 13:31:49,1707831109.0,1908.0,1908.0,31.8,False,1043075.0,17384.583333333332
21220,2024-02-13 14:14:02,1707833642.0,2533.0,2533.0,42.21666666666667,False,1045608.0,17426.8
21221,2024-02-13 14:31:50,1707834710.0,1068.0,1068.0,17.8,False,1046676.0,17444.6
21222,2024-02-13 14:48:56,1707835736.0,1026.0,1026.0,17.1,False,1047702.0,17461.7
21223,2024-02-13 15:03:54,1707836634.0,898.0,1924.0,32.06666666666667,False,1048600.0,17476.666666666668
21224,2024-02-13 15:22:51,1707837771.0,1137.0,1137.0,18.95,False,1049737.0,17495.616666666665
21225,2024-02-13 15:43:34,1707839014.0,1243.0,1243.0,20.716666666666665,False,1050980.0,17516.333333333332
21226,2024-02-13 16:03:50,1707840230.0,1216.0,1216.0,20.266666666666666,False,1052196.0,17536.6
21227,2024-02-13 16:24:43,1707841483.0,1253.0,1253.0,20.883333333333333,False,1053449.0,17557.483333333334
21228,2024-02-13 16:42:14,1707842534.0,1051.0,2304.0,38.4,False,1054500.0,17575.0
21229,2024-02-13 17:15:30,1707844530.0,1996.0,1996.0,33.266666666666666,False,1056496.0,17608.266666666666
21230,2024-02-13 17:33:34,1707845614.0,1084.0,1084.0,18.066666666666666,False,1057580.0,17626.333333333332
21231,2024-02-13 17:58:38,1707847118.0,1504.0,1504.0,25.066666666666666,False,1059084.0,17651.4
21232,2024-02-13 18:13:54,1707848034.0,916.0,916.0,15.266666666666667,False,1060000.0,17666.666666666668
21233,2024-02-13 18:24:15,1707848655.0,621.0,1537.0,25.616666666666667,False,1060621.0,17677.016666666666
21234,2024-02-13 18:37:25,1707849445.0,790.0,790.0,13.166666666666666,False,1061411.0,17690.183333333334
21235,2024-02-13 18:51:02,1707850262.0,817.0,817.0,13.616666666666667,False,1062228.0,17703.8
21236,2024-02-13 19:06:51,1707851211.0,949.0,949.0,15.816666666666666,False,1063177.0,17719.616666666665
21237,2024-02-14 12:44:26,1707914666.0,63455.0,63455.0,1057.5833333333333,False,1126632.0,18777.2
21238,2024-02-14 13:05:36,1707915936.0,1270.0,64725.0,1078.75,False,1127902.0,18798.366666666665
21239,2024-02-14 13:36:39,1707917799.0,1863.0,66588.0,1109.8,False,1129765.0,18829.416666666668
21240,2024-02-14 14:01:44,1707919304.0,1505.0,68093.0,1134.8833333333334,True,1131270.0,18854.5
21241,2024-02-14 14:22:30,1707920550.0,1246.0,1246.0,20.766666666666666,False,1132516.0,18875.266666666666
21242,2024-02-14 14:52:10,1707922330.0,1780.0,1780.0,29.666666666666668,False,1134296.0,18904.933333333334
21243,2024-02-14 15:07:55,1707923275.0,945.0,945.0,15.75,False,1135241.0,18920.683333333334
21244,2024-02-14 15:23:34,1707924214.0,939.0,939.0,15.65,False,1136180.0,18936.333333333332
21245,2024-02-14 15:38:42,1707925122.0,908.0,908.0,15.133333333333333,False,1137088.0,18951.466666666667
21246,2024-02-14 15:53:14,1707925994.0,872.0,872.0,14.533333333333333,False,1137960.0,18966.0
21247,2024-02-14 16:17:07,1707927427.0,1433.0,1433.0,23.883333333333333,False,1139393.0,18989.883333333335
21248,2024-02-14 16:39:56,1707928796.0,1369.0,1369.0,22.816666666666666,False,1140762.0,19012.7
21249,2024-02-14 17:11:02,1707930662.0,1866.0,1866.0,31.1,False,1142628.0,19043.8
21250,2024-02-14 17:33:06,1707931986.0,1324.0,1324.0,22.066666666666666,False,1143952.0,19065.866666666665
21251,2024-02-14 17:57:44,1707933464.0,1478.0,1478.0,24.633333333333333,False,1145430.0,19090.5
21252,2024-02-14 18:11:28,1707934288.0,824.0,824.0,13.733333333333333,False,1146254.0,19104.233333333334
21253,2024-02-14 18:25:35,1707935135.0,847.0,847.0,14.116666666666667,False,1147101.0,19118.35
21254,2024-02-14 18:40:37,1707936037.0,902.0,902.0,15.033333333333333,False,1148003.0,19133.383333333335
21255,2024-02-14 18:54:35,1707936875.0,838.0,838.0,13.966666666666667,False,1148841.0,19147.35
21256,2024-02-14 19:09:38,1707937778.0,903.0,903.0,15.05,False,1149744.0,19162.4
21257,2024-02-14 19:23:39,1707938619.0,841.0,841.0,14.016666666666667,False,1150585.0,19176.416666666668
21258,2024-02-15 12:29:08,1708000148.0,61529.0,61529.0,1025.4833333333333,False,1212114.0,20201.9
21259,2024-02-15 12:37:37,1708000657.0,509.0,62038.0,1033.9666666666667,False,1212623.0,20210.383333333335
21260,2024-02-15 12:48:24,1708001304.0,647.0,62685.0,1044.75,False,1213270.0,20221.166666666668
21261,2024-02-15 13:02:50,1708002170.0,866.0,63551.0,1059.1833333333334,True,1214136.0,20235.6
21262,2024-02-15 13:15:31,1708002931.0,761.0,761.0,12.683333333333334,False,1214897.0,20248.283333333333
21263,2024-02-15 13:33:58,1708004038.0,1107.0,1107.0,18.45,False,1216004.0,20266.733333333334
21264,2024-02-15 13:52:10,1708005130.0,1092.0,1092.0,18.2,False,1217096.0,20284.933333333334
21265,2024-02-15 14:05:53,1708005953.0,823.0,823.0,13.716666666666667,False,1217919.0,20298.65
21266,2024-02-15 14:26:26,1708007186.0,1233.0,1233.0,20.55,False,1219152.0,20319.2
21267,2024-02-15 14:42:50,1708008170.0,984.0,984.0,16.4,False,1220136.0,20335.6
21268,2024-02-15 15:01:20,1708009280.0,1110.0,1110.0,18.5,False,1221246.0,20354.1
21269,2024-02-15 15:30:02,1708011002.0,1722.0,1722.0,28.7,False,1222968.0,20382.8
21270,2024-02-15 15:49:07,1708012147.0,1145.0,1145.0,19.083333333333332,False,1224113.0,20401.883333333335
21271,2024-02-15 16:10:16,1708013416.0,1269.0,1269.0,21.15,False,1225382.0,20423.033333333333
21272,2024-02-15 16:37:47,1708015067.0,1651.0,1651.0,27.516666666666666,False,1227033.0,20450.55
21273,2024-02-15 17:21:02,1708017662.0,2595.0,2595.0,43.25,False,1229628.0,20493.8
21274,2024-02-15 17:37:38,1708018658.0,996.0,996.0,16.6,False,1230624.0,20510.4
21275,2024-02-16 09:55:00,1708077300.0,58642.0,58642.0,977.3666666666667,False,0.0,0.0
21276,2024-02-16 10:08:40,1708078120.0,820.0,59462.0,991.0333333333333,False,820.0,13.666666666666666
21277,2024-02-16 10:18:37,1708078717.0,597.0,60059.0,1000.9833333333333,False,1417.0,23.616666666666667
21278,2024-02-16 10:28:04,1708079284.0,567.0,60626.0,1010.4333333333333,False,1984.0,33.06666666666667
21279,2024-02-16 11:05:52,1708081552.0,2268.0,62894.0,1048.2333333333333,False,4252.0,70.86666666666666
21280,2024-02-16 14:29:06,1708093746.0,12194.0,75088.0,1251.4666666666667,False,16446.0,274.1
21281,2024-02-16 14:40:02,1708094402.0,656.0,75744.0,1262.4,False,17102.0,285.03333333333336
21282,2024-02-16 14:58:09,1708095489.0,1087.0,76831.0,1280.5166666666667,True,18189.0,303.15
21283,2024-02-16 15:11:58,1708096318.0,829.0,829.0,13.816666666666666,False,19018.0,316.96666666666664
21284,2024-02-16 15:33:28,1708097608.0,1290.0,1290.0,21.5,False,20308.0,338.46666666666664
21285,2024-02-16 16:01:09,1708099269.0,1661.0,1661.0,27.683333333333334,False,21969.0,366.15
21286,2024-02-16 16:23:55,1708100635.0,1366.0,1366.0,22.766666666666666,False,23335.0,388.9166666666667
21287,2024-02-16 16:36:37,1708101397.0,762.0,762.0,12.7,False,24097.0,401.6166666666667
21288,2024-02-16 17:00:29,1708102829.0,1432.0,1432.0,23.866666666666667,False,25529.0,425.48333333333335
21289,2024-02-16 17:14:32,1708103672.0,843.0,843.0,14.05,False,26372.0,439.53333333333336
21290,2024-02-16 17:32:47,1708104767.0,1095.0,1095.0,18.25,False,27467.0,457.78333333333336
21291,2024-02-16 17:56:34,1708106194.0,1427.0,1427.0,23.783333333333335,False,28894.0,481.56666666666666
21292,2024-02-20 15:05:00,1708441500.0,335306.0,335306.0,5588.433333333333,False,364200.0,6070.0
21293,2024-02-20 15:15:51,1708442151.0,651.0,335957.0,5599.283333333334,False,364851.0,6080.85
21294,2024-02-20 15:32:34,1708443154.0,1003.0,336960.0,5616.0,False,365854.0,6097.566666666667
21295,2024-02-20 15:54:16,1708444456.0,1302.0,338262.0,5637.7,True,367156.0,6119.266666666666
21296,2024-02-20 16:21:02,1708446062.0,1606.0,1606.0,26.766666666666666,False,368762.0,6146.033333333334
21297,2024-02-20 16:38:19,1708447099.0,1037.0,1037.0,17.283333333333335,False,369799.0,6163.316666666667
21298,2024-02-20 16:55:21,1708448121.0,1022.0,1022.0,17.033333333333335,False,370821.0,6180.35
21299,2024-02-20 17:10:28,1708449028.0,907.0,1929.0,32.15,False,371728.0,6195.466666666666
21300,2024-02-20 17:24:22,1708449862.0,834.0,834.0,13.9,False,372562.0,6209.366666666667
21301,2024-02-20 17:38:36,1708450716.0,854.0,1688.0,28.133333333333333,False,373416.0,6223.6
21302,2024-02-20 17:53:05,1708451585.0,869.0,869.0,14.483333333333333,False,374285.0,6238.083333333333
21303,2024-02-20 18:07:00,1708452420.0,835.0,835.0,13.916666666666666,False,375120.0,6252.0
21304,2024-02-21 13:10:38,1708521038.0,68618.0,68618.0,1143.6333333333334,False,443738.0,7395.633333333333
21305,2024-02-21 14:07:57,1708524477.0,3439.0,72057.0,1200.95,False,447177.0,7452.95
21306,2024-02-21 14:18:22,1708525102.0,625.0,72682.0,1211.3666666666666,False,447802.0,7463.366666666667
21307,2024-02-21 14:30:48,1708525848.0,746.0,73428.0,1223.8,False,448548.0,7475.8
21308,2024-02-21 15:09:21,1708528161.0,2313.0,75741.0,1262.35,False,0.0,0.0
21309,2024-02-21 15:19:29,1708528769.0,608.0,76349.0,1272.4833333333333,False,608.0,10.133333333333333
21310,2024-02-21 15:33:08,1708529588.0,819.0,77168.0,1286.1333333333334,True,1427.0,23.783333333333335
21311,2024-02-21 15:54:15,1708530855.0,1267.0,1267.0,21.116666666666667,False,2694.0,44.9
21312,2024-02-21 16:33:50,1708533230.0,2375.0,2375.0,39.583333333333336,False,5069.0,84.48333333333333
21313,2024-02-21 17:52:41,1708537961.0,4731.0,4731.0,78.85,False,9800.0,163.33333333333334
21314,2024-02-21 18:07:08,1708538828.0,867.0,867.0,14.45,False,10667.0,177.78333333333333
21315,2024-02-21 18:24:35,1708539875.0,1047.0,1047.0,17.45,False,11714.0,195.23333333333332
21316,2024-02-21 18:40:15,1708540815.0,940.0,940.0,15.666666666666666,False,12654.0,210.9
21317,2024-02-21 18:57:42,1708541862.0,1047.0,1047.0,17.45,False,13701.0,228.35
21318,2024-02-21 19:13:42,1708542822.0,960.0,960.0,16.0,False,14661.0,244.35
21319,2024-02-22 13:33:48,1708608828.0,66006.0,66006.0,1100.1,False,0.0,0.0
21320,2024-02-22 14:08:07,1708610887.0,2059.0,68065.0,1134.4166666666667,False,2059.0,34.31666666666667
21321,2024-02-22 14:22:43,1708611763.0,876.0,68941.0,1149.0166666666667,True,2935.0,48.916666666666664
21322,2024-02-22 14:40:38,1708612838.0,1075.0,1075.0,17.916666666666668,False,4010.0,66.83333333333333
21323,2024-02-22 15:11:21,1708614681.0,1843.0,1843.0,30.716666666666665,False,5853.0,97.55
21324,2024-02-22 15:27:48,1708615668.0,987.0,987.0,16.45,False,6840.0,114.0
21325,2024-02-22 15:48:18,1708616898.0,1230.0,1230.0,20.5,False,8070.0,134.5
21326,2024-02-22 17:03:33,1708621413.0,4515.0,4515.0,75.25,False,12585.0,209.75
21327,2024-02-22 17:26:17,1708622777.0,1364.0,1364.0,22.733333333333334,False,13949.0,232.48333333333332
21328,2024-02-22 17:41:52,1708623712.0,935.0,935.0,15.583333333333334,False,14884.0,248.06666666666666
21329,2024-02-22 18:21:31,1708626091.0,2379.0,2379.0,39.65,False,17263.0,287.71666666666664
21330,2024-02-22 18:37:10,1708627030.0,939.0,939.0,15.65,False,18202.0,303.3666666666667
21331,2024-02-22 18:53:23,1708628003.0,973.0,973.0,16.216666666666665,False,19175.0,319.5833333333333
21332,2024-02-27 09:27:21,1709026041.0,398038.0,398038.0,6633.966666666666,False,0.0,0.0
21333,2024-02-27 10:32:46,1709029966.0,3925.0,401963.0,6699.383333333333,False,3925.0,65.41666666666667
21334,2024-02-27 13:44:23,1709041463.0,11497.0,413460.0,6891.0,False,15422.0,257.03333333333336
21335,2024-02-27 14:06:30,1709042790.0,1327.0,414787.0,6913.116666666667,False,16749.0,279.15
21336,2024-02-27 15:09:41,1709046581.0,3791.0,418578.0,6976.3,True,20540.0,342.3333333333333
21337,2024-02-27 15:18:40,1709047120.0,539.0,539.0,8.983333333333333,False,21079.0,351.31666666666666
21338,2024-02-27 15:28:52,1709047732.0,612.0,1151.0,19.183333333333334,False,21691.0,361.51666666666665
21339,2024-02-27 15:44:29,1709048669.0,937.0,937.0,15.616666666666667,False,22628.0,377.1333333333333
21340,2024-02-27 16:02:15,1709049735.0,1066.0,1066.0,17.766666666666666,False,23694.0,394.9
21341,2024-02-27 16:22:14,1709050934.0,1199.0,1199.0,19.983333333333334,False,24893.0,414.8833333333333
21342,2024-02-27 16:57:40,1709053060.0,2126.0,2126.0,35.43333333333333,False,27019.0,450.31666666666666
21343,2024-02-27 17:13:30,1709054010.0,950.0,950.0,15.833333333333334,False,27969.0,466.15
21344,2024-02-27 17:30:58,1709055058.0,1048.0,1048.0,17.466666666666665,False,29017.0,483.6166666666667
21345,2024-02-27 17:47:16,1709056036.0,978.0,978.0,16.3,False,29995.0,499.9166666666667
21346,2024-02-27 18:01:03,1709056863.0,827.0,827.0,13.783333333333333,False,30822.0,513.7
21347,2024-02-27 18:21:45,1709058105.0,1242.0,1242.0,20.7,False,32064.0,534.4
21348,2024-02-28 10:52:16,1709117536.0,59431.0,59431.0,990.5166666666667,False,91495.0,1524.9166666666667
21349,2024-02-28 13:01:20,1709125280.0,7744.0,67175.0,1119.5833333333333,False,99239.0,1653.9833333333333
21350,2024-02-28 13:10:12,1709125812.0,532.0,67707.0,1128.45,False,99771.0,1662.85
21351,2024-02-28 13:19:28,1709126368.0,556.0,68263.0,1137.7166666666667,False,100327.0,1672.1166666666666
21352,2024-02-28 13:26:25,1709126785.0,417.0,68680.0,1144.6666666666667,False,100744.0,1679.0666666666666
21353,2024-02-28 13:42:33,1709127753.0,968.0,69648.0,1160.8,False,101712.0,1695.2
21354,2024-02-28 13:59:27,1709128767.0,1014.0,70662.0,1177.7,True,102726.0,1712.1
21355,2024-02-28 14:17:33,1709129853.0,1086.0,1086.0,18.1,False,103812.0,1730.2
21356,2024-02-28 14:40:36,1709131236.0,1383.0,1383.0,23.05,False,105195.0,1753.25
21357,2024-02-28 17:13:36,1709140416.0,9180.0,9180.0,153.0,False,114375.0,1906.25
21358,2024-02-28 17:53:25,1709142805.0,2389.0,11569.0,192.81666666666666,False,116764.0,1946.0666666666666
21359,2024-02-28 18:06:30,1709143590.0,785.0,12354.0,205.9,False,117549.0,1959.15
21360,2024-02-28 18:32:23,1709145143.0,1553.0,1553.0,25.883333333333333,False,119102.0,1985.0333333333333
21361,2024-02-28 18:50:14,1709146214.0,1071.0,1071.0,17.85,False,120173.0,2002.8833333333334
21362,2024-02-28 19:09:39,1709147379.0,1165.0,1165.0,19.416666666666668,False,121338.0,2022.3
21363,2024-02-29 11:38:47,1709206727.0,59348.0,59348.0,989.1333333333333,False,180686.0,3011.4333333333334
21364,2024-02-29 11:43:15,1709206995.0,268.0,59616.0,993.6,False,180954.0,3015.9
21365,2024-02-29 11:51:22,1709207482.0,487.0,60103.0,1001.7166666666667,False,181441.0,3024.016666666667
21366,2024-02-29 14:07:28,1709215648.0,8166.0,68269.0,1137.8166666666666,False,189607.0,3160.116666666667
21367,2024-02-29 15:07:52,1709219272.0,3624.0,71893.0,1198.2166666666667,True,193231.0,3220.516666666667
21368,2024-02-29 15:27:46,1709220466.0,1194.0,1194.0,19.9,False,194425.0,3240.4166666666665
21369,2024-02-29 15:49:08,1709221748.0,1282.0,1282.0,21.366666666666667,False,195707.0,3261.7833333333333
21370,2024-02-29 16:06:43,1709222803.0,1055.0,1055.0,17.583333333333332,False,196762.0,3279.366666666667
21371,2024-02-29 16:26:02,1709223962.0,1159.0,1159.0,19.316666666666666,False,197921.0,3298.6833333333334
21372,2024-02-29 16:41:51,1709224911.0,949.0,949.0,15.816666666666666,False,198870.0,3314.5
21373,2024-02-29 16:58:30,1709225910.0,999.0,999.0,16.65,False,199869.0,3331.15
21374,2024-02-29 17:17:41,1709227061.0,1151.0,1151.0,19.183333333333334,False,201020.0,3350.3333333333335
21375,2024-02-29 17:35:32,1709228132.0,1071.0,1071.0,17.85,False,202091.0,3368.1833333333334
21376,2024-02-29 17:51:16,1709229076.0,944.0,944.0,15.733333333333333,False,203035.0,3383.9166666666665
21377,2024-02-29 18:07:52,1709230072.0,996.0,996.0,16.6,False,204031.0,3400.516666666667
21378,2024-02-29 18:23:50,1709231030.0,958.0,958.0,15.966666666666667,False,204989.0,3416.483333333333
21379,2024-02-29 18:40:15,1709232015.0,985.0,985.0,16.416666666666668,False,205974.0,3432.9
21380,2024-02-29 18:55:31,1709232931.0,916.0,916.0,15.266666666666667,False,206890.0,3448.1666666666665
21381,2024-02-29 19:11:39,1709233899.0,968.0,968.0,16.133333333333333,False,207858.0,3464.3
21382,2024-02-29 19:26:20,1709234780.0,881.0,881.0,14.683333333333334,False,208739.0,3478.983333333333
21383,2024-02-29 19:41:16,1709235676.0,896.0,896.0,14.933333333333334,False,209635.0,3493.9166666666665
21384,2024-03-01 10:20:41,1709288441.0,52765.0,52765.0,879.4166666666666,False,262400.0,4373.333333333333
21385,2024-03-01 10:29:08,1709288948.0,507.0,53272.0,887.8666666666667,False,262907.0,4381.783333333334
21386,2024-03-01 10:36:17,1709289377.0,429.0,53701.0,895.0166666666667,False,263336.0,4388.933333333333
21387,2024-03-01 11:03:56,1709291036.0,1659.0,55360.0,922.6666666666666,False,264995.0,4416.583333333333
21388,2024-03-01 11:09:38,1709291378.0,342.0,55702.0,928.3666666666667,False,265337.0,4422.283333333334
21389,2024-03-01 12:31:23,1709296283.0,4905.0,60607.0,1010.1166666666667,False,270242.0,4504.033333333334
21390,2024-03-01 13:51:51,1709301111.0,4828.0,65435.0,1090.5833333333333,False,275070.0,4584.5
21391,2024-03-01 14:58:04,1709305084.0,3973.0,69408.0,1156.8,False,279043.0,4650.716666666666
21392,2024-03-01 15:17:08,1709306228.0,1144.0,70552.0,1175.8666666666666,True,280187.0,4669.783333333334
21393,2024-03-01 15:34:14,1709307254.0,1026.0,1026.0,17.1,False,281213.0,4686.883333333333
21394,2024-03-01 15:50:45,1709308245.0,991.0,991.0,16.516666666666666,False,282204.0,4703.4
21395,2024-03-01 16:05:33,1709309133.0,888.0,888.0,14.8,False,283092.0,4718.2
21396,2024-03-01 16:48:48,1709311728.0,2595.0,2595.0,43.25,False,285687.0,4761.45
21397,2024-03-01 17:04:10,1709312650.0,922.0,922.0,15.366666666666667,False,286609.0,4776.816666666667
21398,2024-03-01 17:25:51,1709313951.0,1301.0,1301.0,21.683333333333334,False,287910.0,4798.5
21399,2024-03-01 17:48:31,1709315311.0,1360.0,1360.0,22.666666666666668,False,289270.0,4821.166666666667
21400,2024-03-01 18:03:15,1709316195.0,884.0,884.0,14.733333333333333,False,290154.0,4835.9
21401,2024-03-05 11:53:02,1709639582.0,323387.0,323387.0,5389.783333333334,False,613541.0,10225.683333333332
21402,2024-03-05 12:19:44,1709641184.0,1602.0,324989.0,5416.483333333334,False,615143.0,10252.383333333333
21403,2024-03-05 12:28:57,1709641737.0,553.0,325542.0,5425.7,False,615696.0,10261.6
21404,2024-03-05 12:38:31,1709642311.0,574.0,326116.0,5435.266666666666,False,616270.0,10271.166666666666
21405,2024-03-05 12:51:30,1709643090.0,779.0,326895.0,5448.25,False,617049.0,10284.15
21406,2024-03-05 13:00:23,1709643623.0,533.0,327428.0,5457.133333333333,False,617582.0,10293.033333333333
21407,2024-03-05 14:09:35,1709647775.0,4152.0,331580.0,5526.333333333333,False,621734.0,10362.233333333334
21408,2024-03-05 15:08:25,1709651305.0,3530.0,335110.0,5585.166666666667,False,625264.0,10421.066666666668
21409,2024-03-05 15:19:03,1709651943.0,638.0,335748.0,5595.8,False,625902.0,10431.7
21410,2024-03-06 13:10:52,1709730652.0,78709.0,414457.0,6907.616666666667,False,704611.0,11743.516666666666
21411,2024-03-06 13:30:05,1709731805.0,1153.0,415610.0,6926.833333333333,False,705764.0,11762.733333333334
21412,2024-03-06 14:05:50,1709733950.0,2145.0,417755.0,6962.583333333333,False,707909.0,11798.483333333334
21413,2024-03-06 14:17:54,1709734674.0,724.0,418479.0,6974.65,False,708633.0,11810.55
21414,2024-03-06 14:33:40,1709735620.0,946.0,419425.0,6990.416666666667,False,709579.0,11826.316666666668
21415,2024-03-06 14:52:34,1709736754.0,1134.0,420559.0,7009.316666666667,False,710713.0,11845.216666666667
21416,2024-03-06 15:01:12,1709737272.0,518.0,421077.0,7017.95,False,711231.0,11853.85
21417,2024-03-06 15:23:16,1709738596.0,1324.0,422401.0,7040.016666666666,False,712555.0,11875.916666666666
21418,2024-03-06 15:38:11,1709739491.0,895.0,423296.0,7054.933333333333,True,713450.0,11890.833333333334
21419,2024-03-06 15:52:19,1709740339.0,848.0,848.0,14.133333333333333,False,714298.0,11904.966666666667
21420,2024-03-06 16:27:39,1709742459.0,2120.0,2120.0,35.333333333333336,False,716418.0,11940.3
21421,2024-03-06 16:51:12,1709743872.0,1413.0,1413.0,23.55,False,717831.0,11963.85
21422,2024-03-06 17:17:35,1709745455.0,1583.0,1583.0,26.383333333333333,False,719414.0,11990.233333333334
21423,2024-03-06 17:37:35,1709746655.0,1200.0,1200.0,20.0,False,720614.0,12010.233333333334
21424,2024-03-06 17:59:48,1709747988.0,1333.0,1333.0,22.216666666666665,False,721947.0,12032.45
21425,2024-03-06 18:21:47,1709749307.0,1319.0,1319.0,21.983333333333334,False,723266.0,12054.433333333332
21426,2024-03-06 18:36:29,1709750189.0,882.0,882.0,14.7,False,724148.0,12069.133333333333
21427,2024-03-06 18:53:03,1709751183.0,994.0,994.0,16.566666666666666,False,725142.0,12085.7
21428,2024-03-06 19:08:33,1709752113.0,930.0,930.0,15.5,False,726072.0,12101.2
21429,2024-03-06 19:25:00,1709753100.0,987.0,987.0,16.45,False,727059.0,12117.65
21430,2024-03-07 11:46:11,1709811971.0,58871.0,59858.0,997.6333333333333,False,785930.0,13098.833333333334
21431,2024-03-07 11:58:00,1709812680.0,709.0,60567.0,1009.45,False,786639.0,13110.65
21432,2024-03-07 12:33:11,1709814791.0,2111.0,62678.0,1044.6333333333334,True,788750.0,13145.833333333334
21433,2024-03-07 13:25:58,1709817958.0,3167.0,3167.0,52.78333333333333,False,791917.0,13198.616666666667
21434,2024-03-07 13:43:13,1709818993.0,1035.0,4202.0,70.03333333333333,False,792952.0,13215.866666666667
21435,2024-03-07 13:59:54,1709819994.0,1001.0,1001.0,16.683333333333334,False,793953.0,13232.55
21436,2024-03-07 14:15:39,1709820939.0,945.0,945.0,15.75,False,794898.0,13248.3
21437,2024-03-07 14:37:44,1709822264.0,1325.0,1325.0,22.083333333333332,False,796223.0,13270.383333333333
21438,2024-03-07 15:10:05,1709824205.0,1941.0,1941.0,32.35,False,798164.0,13302.733333333334
21439,2024-03-07 15:42:11,1709826131.0,1926.0,3867.0,64.45,False,800090.0,13334.833333333334
21440,2024-03-07 16:01:08,1709827268.0,1137.0,5004.0,83.4,False,801227.0,13353.783333333333
21441,2024-03-07 16:50:48,1709830248.0,2980.0,2980.0,49.666666666666664,False,804207.0,13403.45
21442,2024-03-07 17:09:01,1709831341.0,1093.0,1093.0,18.216666666666665,False,805300.0,13421.666666666666
21443,2024-03-08 10:42:47,1709894567.0,63226.0,63226.0,1053.7666666666667,False,868526.0,14475.433333333332
21444,2024-03-08 10:53:45,1709895225.0,658.0,63884.0,1064.7333333333333,False,869184.0,14486.4
21445,2024-03-08 11:49:30,1709898570.0,3345.0,67229.0,1120.4833333333333,False,872529.0,14542.15
21446,2024-03-08 12:09:07,1709899747.0,1177.0,68406.0,1140.1,False,873706.0,14561.766666666666
21447,2024-03-08 12:21:46,1709900506.0,759.0,69165.0,1152.75,True,874465.0,14574.416666666666
21448,2024-03-08 12:41:00,1709901660.0,1154.0,1154.0,19.233333333333334,False,875619.0,14593.65
21449,2024-03-08 12:58:01,1709902681.0,1021.0,1021.0,17.016666666666666,False,876640.0,14610.666666666666
21450,2024-03-08 13:26:56,1709904416.0,1735.0,1735.0,28.916666666666668,False,878375.0,14639.583333333334
21451,2024-03-08 13:44:00,1709905440.0,1024.0,1024.0,17.066666666666666,False,879399.0,14656.65
21452,2024-03-08 14:00:31,1709906431.0,991.0,991.0,16.516666666666666,False,880390.0,14673.166666666666
21453,2024-03-08 14:19:16,1709907556.0,1125.0,1125.0,18.75,False,881515.0,14691.916666666666
21454,2024-03-08 14:41:59,1709908919.0,1363.0,1363.0,22.716666666666665,False,882878.0,14714.633333333333
21455,2024-03-08 15:02:12,1709910132.0,1213.0,1213.0,20.216666666666665,False,884091.0,14734.85
21456,2024-03-08 15:15:17,1709910917.0,785.0,785.0,13.083333333333334,False,884876.0,14747.933333333332
21457,2024-03-08 15:38:08,1709912288.0,1371.0,1371.0,22.85,False,886247.0,14770.783333333333
21458,2024-03-08 15:53:36,1709913216.0,928.0,928.0,15.466666666666667,False,887175.0,14786.25
21460,2024-03-08 16:27:33,1709915253.0,2037.0,2037.0,33.95,False,889212.0,14820.2
21461,2024-03-08 16:59:01,1709917141.0,1888.0,1888.0,31.466666666666665,False,891100.0,14851.666666666666
21462,2024-03-08 17:22:11,1709918531.0,1390.0,1390.0,23.166666666666668,False,892490.0,14874.833333333334
21463,2024-03-08 17:39:02,1709919542.0,1011.0,1011.0,16.85,False,893501.0,14891.683333333332
21464,2024-03-11 11:05:37,1710155137.0,235595.0,235595.0,3926.5833333333335,False,1129096.0,18818.266666666666
21465,2024-03-12 10:12:35,1710238355.0,83218.0,318813.0,5313.55,False,1212314.0,20205.233333333334
21466,2024-03-12 10:26:17,1710239177.0,822.0,319635.0,5327.25,False,1213136.0,20218.933333333334
21467,2024-03-12 10:33:40,1710239620.0,443.0,320078.0,5334.633333333333,False,1213579.0,20226.316666666666
21468,2024-03-12 10:44:45,1710240285.0,665.0,320743.0,5345.716666666666,False,1214244.0,20237.4
21469,2024-03-12 10:54:47,1710240887.0,602.0,321345.0,5355.75,False,1214846.0,20247.433333333334
21470,2024-03-12 11:04:24,1710241464.0,577.0,321922.0,5365.366666666667,False,1215423.0,20257.05
21471,2024-03-12 13:03:18,1710248598.0,7134.0,329056.0,5484.266666666666,False,1222557.0,20375.95
21472,2024-03-12 13:30:11,1710250211.0,1613.0,330669.0,5511.15,False,1224170.0,20402.833333333332
21473,2024-03-12 13:44:21,1710251061.0,850.0,331519.0,5525.316666666667,False,1225020.0,20417.0
21474,2024-03-12 14:14:59,1710252899.0,1838.0,333357.0,5555.95,False,1226858.0,20447.633333333335
21475,2024-03-12 15:06:38,1710255998.0,3099.0,336456.0,5607.6,False,1229957.0,20499.283333333333
21476,2024-03-12 15:55:53,1710258953.0,2955.0,339411.0,5656.85,False,1232912.0,20548.533333333333
21478,2024-03-12 17:19:26,1710263966.0,5013.0,344424.0,5740.4,True,1237925.0,20632.083333333332
21479,2024-03-12 17:39:09,1710265149.0,1183.0,1183.0,19.716666666666665,False,1239108.0,20651.8
21480,2024-03-13 10:42:24,1710326544.0,61395.0,61395.0,1023.25,False,1300503.0,21675.05
21481,2024-03-13 11:19:46,1710328786.0,2242.0,63637.0,1060.6166666666666,False,1302745.0,21712.416666666668
21482,2024-03-13 14:10:05,1710339005.0,10219.0,73856.0,1230.9333333333334,False,1312964.0,21882.733333333334
21483,2024-03-13 14:26:00,1710339960.0,955.0,74811.0,1246.85,False,1313919.0,21898.65
21484,2024-03-13 14:41:34,1710340894.0,934.0,75745.0,1262.4166666666667,False,1314853.0,21914.216666666667
21485,2024-03-13 14:49:53,1710341393.0,499.0,76244.0,1270.7333333333333,False,1315352.0,21922.533333333333
21486,2024-03-13 14:59:57,1710341997.0,604.0,76848.0,1280.8,True,1315956.0,21932.6
21487,2024-03-13 15:12:13,1710342733.0,736.0,736.0,12.266666666666667,False,1316692.0,21944.866666666665
21488,2024-03-13 15:27:13,1710343633.0,900.0,900.0,15.0,False,1317592.0,21959.866666666665
21489,2024-03-13 15:52:01,1710345121.0,1488.0,1488.0,24.8,False,1319080.0,21984.666666666668
21490,2024-03-13 16:34:29,1710347669.0,2548.0,2548.0,42.46666666666667,False,1321628.0,22027.133333333335
21491,2024-03-13 16:51:01,1710348661.0,992.0,992.0,16.533333333333335,False,1322620.0,22043.666666666668
21492,2024-03-13 17:06:05,1710349565.0,904.0,904.0,15.066666666666666,False,1323524.0,22058.733333333334
21493,2024-03-13 17:50:46,1710352246.0,2681.0,2681.0,44.68333333333333,False,1326205.0,22103.416666666668
21494,2024-03-13 18:06:33,1710353193.0,947.0,947.0,15.783333333333333,False,1327152.0,22119.2
21495,2024-03-13 18:22:38,1710354158.0,965.0,965.0,16.083333333333332,False,1328117.0,22135.283333333333
21496,2024-03-13 18:40:22,1710355222.0,1064.0,1064.0,17.733333333333334,False,1329181.0,22153.016666666666
21497,2024-03-13 18:56:20,1710356180.0,958.0,958.0,15.966666666666667,False,1330139.0,22168.983333333334
21498,2024-03-13 19:12:04,1710357124.0,944.0,944.0,15.733333333333333,False,1331083.0,22184.716666666667
21499,2024-03-13 19:29:26,1710358166.0,1042.0,1042.0,17.366666666666667,False,1332125.0,22202.083333333332
21500,2024-03-13 19:47:46,1710359266.0,1100.0,1100.0,18.333333333333332,False,1333225.0,22220.416666666668
21501,2024-03-14 09:07:55,1710407275.0,48009.0,48009.0,800.15,False,1381234.0,23020.566666666666
21502,2024-03-14 11:37:14,1710416234.0,8959.0,56968.0,949.4666666666667,False,1390193.0,23169.883333333335
21503,2024-03-14 11:48:13,1710416893.0,659.0,57627.0,960.45,False,1390852.0,23180.866666666665
21504,2024-03-14 12:01:14,1710417674.0,781.0,58408.0,973.4666666666667,True,1391633.0,23193.883333333335
21505,2024-03-14 12:19:19,1710418759.0,1085.0,1085.0,18.083333333333332,False,1392718.0,23211.966666666667
21506,2024-03-14 12:42:05,1710420125.0,1366.0,1366.0,22.766666666666666,False,1394084.0,23234.733333333334
21507,2024-03-14 13:03:26,1710421406.0,1281.0,1281.0,21.35,False,1395365.0,23256.083333333332
21508,2024-03-14 13:21:13,1710422473.0,1067.0,1067.0,17.783333333333335,False,1396432.0,23273.866666666665
21509,2024-03-14 13:42:49,1710423769.0,1296.0,1296.0,21.6,False,1397728.0,23295.466666666667
21510,2024-03-14 14:05:44,1710425144.0,1375.0,1375.0,22.916666666666668,False,1399103.0,23318.383333333335
21511,2024-03-14 14:23:44,1710426224.0,1080.0,1080.0,18.0,False,1400183.0,23336.383333333335
21512,2024-03-14 14:38:28,1710427108.0,884.0,884.0,14.733333333333333,False,1401067.0,23351.116666666665
21513,2024-03-14 14:55:50,1710428150.0,1042.0,1042.0,17.366666666666667,False,1402109.0,23368.483333333334
21514,2024-03-14 15:13:00,1710429180.0,1030.0,1030.0,17.166666666666668,False,1403139.0,23385.65
21515,2024-03-14 15:33:31,1710430411.0,1231.0,1231.0,20.516666666666666,False,1404370.0,23406.166666666668
21516,2024-03-14 16:07:51,1710432471.0,2060.0,2060.0,34.333333333333336,False,1406430.0,23440.5
21517,2024-03-14 16:30:49,1710433849.0,1378.0,1378.0,22.966666666666665,False,1407808.0,23463.466666666667
21518,2024-03-14 16:45:36,1710434736.0,887.0,887.0,14.783333333333333,False,1408695.0,23478.25
21519,2024-03-14 17:00:04,1710435604.0,868.0,868.0,14.466666666666667,False,1409563.0,23492.716666666667
21520,2024-03-14 17:13:48,1710436428.0,824.0,824.0,13.733333333333333,False,1410387.0,23506.45
21521,2024-03-14 17:41:02,1710438062.0,1634.0,1634.0,27.233333333333334,False,1412021.0,23533.683333333334
21522,2024-03-14 17:53:58,1710438838.0,776.0,776.0,12.933333333333334,False,1412797.0,23546.616666666665
21523,2024-03-15 10:37:33,1710499053.0,60215.0,60215.0,1003.5833333333334,False,1473012.0,24550.2
21524,2024-03-15 10:51:13,1710499873.0,820.0,61035.0,1017.25,False,1473832.0,24563.866666666665
21525,2024-03-15 11:02:36,1710500556.0,683.0,61718.0,1028.6333333333334,False,1474515.0,24575.25
21526,2024-03-15 11:15:00,1710501300.0,744.0,62462.0,1041.0333333333333,True,1475259.0,24587.65
21527,2024-03-15 11:30:07,1710502207.0,907.0,907.0,15.116666666666667,False,1476166.0,24602.766666666666
21528,2024-03-15 11:43:08,1710502988.0,781.0,781.0,13.016666666666667,False,1476947.0,24615.783333333333
21529,2024-03-15 11:57:07,1710503827.0,839.0,839.0,13.983333333333333,False,1477786.0,24629.766666666666
21530,2024-03-15 12:10:16,1710504616.0,789.0,789.0,13.15,False,1478575.0,24642.916666666668
21531,2024-03-15 12:23:20,1710505400.0,784.0,784.0,13.066666666666666,False,1479359.0,24655.983333333334
21532,2024-03-15 12:36:59,1710506219.0,819.0,819.0,13.65,False,1480178.0,24669.633333333335
21533,2024-03-15 13:05:24,1710507924.0,1705.0,1705.0,28.416666666666668,False,1481883.0,24698.05
21534,2024-03-15 13:22:12,1710508932.0,1008.0,1008.0,16.8,False,1482891.0,24714.85
21535,2024-03-15 13:36:11,1710509771.0,839.0,839.0,13.983333333333333,False,1483730.0,24728.833333333332
21536,2024-03-15 13:49:39,1710510579.0,808.0,808.0,13.466666666666667,False,1484538.0,24742.3
21537,2024-03-15 14:08:16,1710511696.0,1117.0,1117.0,18.616666666666667,False,1485655.0,24760.916666666668
21538,2024-03-15 14:24:35,1710512675.0,979.0,979.0,16.316666666666666,False,1486634.0,24777.233333333334
21539,2024-03-15 15:22:01,1710516121.0,3446.0,3446.0,57.43333333333333,False,1490080.0,24834.666666666668
21540,2024-03-15 15:35:48,1710516948.0,827.0,827.0,13.783333333333333,False,1490907.0,24848.45
21541,2024-03-15 15:54:15,1710518055.0,1107.0,1107.0,18.45,False,1492014.0,24866.9
21542,2024-03-15 16:08:28,1710518908.0,853.0,853.0,14.216666666666667,False,1492867.0,24881.116666666665
21543,2024-03-15 16:22:35,1710519755.0,847.0,847.0,14.116666666666667,False,1493714.0,24895.233333333334
21544,2024-03-15 16:37:32,1710520652.0,897.0,897.0,14.95,False,1494611.0,24910.183333333334
21545,2024-03-15 16:50:39,1710521439.0,787.0,787.0,13.116666666666667,False,1495398.0,24923.3
21546,2024-03-15 17:12:48,1710522768.0,1329.0,1329.0,22.15,False,1496727.0,24945.45
21547,2024-03-15 17:29:05,1710523745.0,977.0,977.0,16.283333333333335,False,1497704.0,24961.733333333334
21548,2024-03-15 17:44:12,1710524652.0,907.0,907.0,15.116666666666667,False,1498611.0,24976.85
21549,2024-03-15 17:59:24,1710525564.0,912.0,912.0,15.2,False,1499523.0,24992.05
21550,2024-03-15 18:13:53,1710526433.0,869.0,869.0,14.483333333333333,False,1500392.0,25006.533333333333
21551,2024-03-15 18:28:38,1710527318.0,885.0,885.0,14.75,False,1501277.0,25021.283333333333
21552,2024-03-19 11:46:38,1710848798.0,321480.0,321480.0,5358.0,False,1822757.0,30379.283333333333
21553,2024-03-19 12:33:45,1710851625.0,2827.0,324307.0,5405.116666666667,False,1825584.0,30426.4
21554,2024-03-19 12:54:39,1710852879.0,1254.0,325561.0,5426.016666666666,False,1826838.0,30447.3
21555,2024-03-19 15:28:25,1710862105.0,9226.0,334787.0,5579.783333333334,False,1836064.0,30601.066666666666
21556,2024-03-20 12:08:13,1710936493.0,74388.0,409175.0,6819.583333333333,False,1910452.0,31840.866666666665
21557,2024-03-20 12:56:35,1710939395.0,2902.0,412077.0,6867.95,False,1913354.0,31889.233333333334
21558,2024-03-20 13:01:36,1710939696.0,301.0,412378.0,6872.966666666666,False,1913655.0,31894.25
21559,2024-03-20 13:14:27,1710940467.0,771.0,413149.0,6885.816666666667,False,1914426.0,31907.1
21560,2024-03-20 13:29:22,1710941362.0,895.0,414044.0,6900.733333333334,False,1915321.0,31922.016666666666
21561,2024-03-20 13:52:04,1710942724.0,1362.0,415406.0,6923.433333333333,False,1916683.0,31944.716666666667
21562,2024-03-20 18:56:19,1710960979.0,18255.0,433661.0,7227.683333333333,False,1934938.0,32248.966666666667
21563,2024-03-20 19:03:43,1710961423.0,444.0,434105.0,7235.083333333333,False,1935382.0,32256.366666666665
21564,2024-03-20 19:16:53,1710962213.0,790.0,434895.0,7248.25,True,1936172.0,32269.533333333333
21565,2024-03-20 19:29:39,1710962979.0,766.0,766.0,12.766666666666667,False,1936938.0,32282.3
21566,2024-03-21 14:15:41,1711030541.0,67562.0,67562.0,1126.0333333333333,False,2004500.0,33408.333333333336
21567,2024-03-21 14:25:20,1711031120.0,579.0,68141.0,1135.6833333333334,False,2005079.0,33417.98333333333
21568,2024-03-21 14:37:18,1711031838.0,718.0,68859.0,1147.65,True,2005797.0,33429.95
21569,2024-03-21 14:52:47,1711032767.0,929.0,929.0,15.483333333333333,False,2006726.0,33445.433333333334
21570,2024-03-21 15:09:27,1711033767.0,1000.0,1000.0,16.666666666666668,False,2007726.0,33462.1
21571,2024-03-21 15:23:02,1711034582.0,815.0,815.0,13.583333333333334,False,2008541.0,33475.683333333334
21572,2024-03-21 15:40:19,1711035619.0,1037.0,1037.0,17.283333333333335,False,2009578.0,33492.96666666667
21573,2024-03-21 15:56:53,1711036613.0,994.0,994.0,16.566666666666666,False,2010572.0,33509.53333333333
21574,2024-03-21 16:13:22,1711037602.0,989.0,989.0,16.483333333333334,False,2011561.0,33526.01666666667
21575,2024-03-21 16:36:36,1711038996.0,1394.0,1394.0,23.233333333333334,False,2012955.0,33549.25
21576,2024-03-21 16:53:32,1711040012.0,1016.0,1016.0,16.933333333333334,False,2013971.0,33566.183333333334
21577,2024-03-21 17:08:35,1711040915.0,903.0,903.0,15.05,False,2014874.0,33581.23333333333
21578,2024-03-21 17:34:06,1711042446.0,1531.0,1531.0,25.516666666666666,False,2016405.0,33606.75
21579,2024-03-21 17:48:51,1711043331.0,885.0,885.0,14.75,False,2017290.0,33621.5
21580,2024-03-21 18:03:41,1711044221.0,890.0,890.0,14.833333333333334,False,2018180.0,33636.333333333336
21581,2024-03-21 18:34:12,1711046052.0,1831.0,1831.0,30.516666666666666,False,2020011.0,33666.85
21582,2024-03-21 18:48:46,1711046926.0,874.0,874.0,14.566666666666666,False,2020885.0,33681.416666666664
21583,2024-03-21 19:08:05,1711048085.0,1159.0,1159.0,19.316666666666666,False,2022044.0,33700.73333333333
21584,2024-03-21 19:47:37,1711050457.0,2372.0,2372.0,39.53333333333333,False,2024416.0,33740.26666666667
21585,2024-03-22 09:29:08,1711099748.0,49291.0,49291.0,821.5166666666667,False,2073707.0,34561.78333333333
21586,2024-03-22 10:01:06,1711101666.0,1918.0,51209.0,853.4833333333333,False,2075625.0,34593.75
21587,2024-03-22 10:12:49,1711102369.0,703.0,51912.0,865.2,True,2076328.0,34605.46666666667
21588,2024-03-22 10:30:39,1711103439.0,1070.0,1070.0,17.833333333333332,False,2077398.0,34623.3
21589,2024-03-22 10:45:57,1711104357.0,918.0,918.0,15.3,False,2078316.0,34638.6
21590,2024-03-22 11:00:32,1711105232.0,875.0,875.0,14.583333333333334,False,2079191.0,34653.183333333334
21591,2024-03-22 11:36:34,1711107394.0,2162.0,2162.0,36.03333333333333,False,2081353.0,34689.21666666667
21592,2024-03-22 11:56:55,1711108615.0,1221.0,1221.0,20.35,False,2082574.0,34709.566666666666
21593,2024-03-22 12:13:00,1711109580.0,965.0,965.0,16.083333333333332,False,2083539.0,34725.65
21594,2024-03-22 12:28:02,1711110482.0,902.0,902.0,15.033333333333333,False,2084441.0,34740.683333333334
21595,2024-03-22 12:43:42,1711111422.0,940.0,940.0,15.666666666666666,False,2085381.0,34756.35
21596,2024-03-22 13:02:16,1711112536.0,1114.0,1114.0,18.566666666666666,False,2086495.0,34774.916666666664
21597,2024-03-22 13:16:34,1711113394.0,858.0,858.0,14.3,False,2087353.0,34789.21666666667
21598,2024-03-26 12:02:52,1711454572.0,341178.0,341178.0,5686.3,False,2428531.0,40475.51666666667
21599,2024-03-26 12:14:21,1711455261.0,689.0,341867.0,5697.783333333334,False,2429220.0,40487.0
21600,2024-03-26 12:39:41,1711456781.0,1520.0,343387.0,5723.116666666667,False,2430740.0,40512.333333333336
21601,2024-03-26 12:48:08,1711457288.0,507.0,343894.0,5731.566666666667,False,2431247.0,40520.78333333333
21602,2024-03-26 12:57:18,1711457838.0,550.0,344444.0,5740.733333333334,False,2431797.0,40529.95
21603,2024-03-26 13:05:51,1711458351.0,513.0,344957.0,5749.283333333334,False,2432310.0,40538.5
21604,2024-03-26 13:14:51,1711458891.0,540.0,345497.0,5758.283333333334,False,2432850.0,40547.5
21605,2024-03-26 13:26:47,1711459607.0,716.0,346213.0,5770.216666666666,False,2433566.0,40559.433333333334
21606,2024-03-26 13:35:31,1711460131.0,524.0,346737.0,5778.95,False,2434090.0,40568.166666666664
21607,2024-03-26 13:51:31,1711461091.0,960.0,347697.0,5794.95,False,2435050.0,40584.166666666664
21608,2024-03-26 13:58:48,1711461528.0,437.0,348134.0,5802.233333333334,False,2435487.0,40591.45
21609,2024-03-26 14:07:20,1711462040.0,512.0,348646.0,5810.766666666666,False,2435999.0,40599.98333333333
21610,2024-03-26 14:23:24,1711463004.0,964.0,349610.0,5826.833333333333,False,2436963.0,40616.05
21611,2024-03-26 14:33:19,1711463599.0,595.0,350205.0,5836.75,False,2437558.0,40625.96666666667
21612,2024-03-26 14:40:34,1711464034.0,435.0,350640.0,5844.0,False,2437993.0,40633.21666666667
21613,2024-03-26 14:47:41,1711464461.0,427.0,351067.0,5851.116666666667,False,2438420.0,40640.333333333336
21614,2024-03-26 14:55:23,1711464923.0,462.0,351529.0,5858.816666666667,False,2438882.0,40648.03333333333
21615,2024-03-26 15:02:34,1711465354.0,431.0,351960.0,5866.0,False,2439313.0,40655.21666666667
21616,2024-03-27 16:42:34,1711557754.0,92400.0,444360.0,7406.0,False,2531713.0,42195.21666666667
21617,2024-03-27 16:57:49,1711558669.0,915.0,445275.0,7421.25,False,2532628.0,42210.46666666667
21618,2024-03-27 17:17:46,1711559866.0,1197.0,446472.0,7441.2,True,2533825.0,42230.416666666664
21619,2024-03-27 17:29:48,1711560588.0,722.0,722.0,12.033333333333333,False,2534547.0,42242.45
21620,2024-03-27 17:49:59,1711561799.0,1211.0,1211.0,20.183333333333334,False,2535758.0,42262.63333333333
21621,2024-03-27 18:06:01,1711562761.0,962.0,962.0,16.033333333333335,False,2536720.0,42278.666666666664
21622,2024-03-27 18:20:36,1711563636.0,875.0,875.0,14.583333333333334,False,2537595.0,42293.25
21623,2024-03-27 18:37:06,1711564626.0,990.0,990.0,16.5,False,2538585.0,42309.75
21624,2024-03-27 18:51:42,1711565502.0,876.0,876.0,14.6,False,2539461.0,42324.35
21625,2024-03-27 19:05:40,1711566340.0,838.0,838.0,13.966666666666667,False,2540299.0,42338.316666666666
21626,2024-03-27 19:19:37,1711567177.0,837.0,837.0,13.95,False,2541136.0,42352.26666666667
21627,2024-03-27 19:33:52,1711568032.0,855.0,855.0,14.25,False,2541991.0,42366.51666666667
21628,2024-03-27 19:48:29,1711568909.0,877.0,877.0,14.616666666666667,False,2542868.0,42381.13333333333
21629,2024-03-28 09:40:51,1711618851.0,49942.0,49942.0,832.3666666666667,False,2592810.0,43213.5
21630,2024-03-28 09:48:10,1711619290.0,439.0,50381.0,839.6833333333333,False,2593249.0,43220.816666666666
21631,2024-03-28 09:59:53,1711619993.0,703.0,51084.0,851.4,True,2593952.0,43232.53333333333
21632,2024-03-28 10:13:48,1711620828.0,835.0,835.0,13.916666666666666,False,2594787.0,43246.45
21633,2024-03-28 10:29:38,1711621778.0,950.0,950.0,15.833333333333334,False,2595737.0,43262.28333333333
21634,2024-03-28 10:43:16,1711622596.0,818.0,818.0,13.633333333333333,False,2596555.0,43275.916666666664
21635,2024-03-28 11:00:49,1711623649.0,1053.0,1053.0,17.55,False,2597608.0,43293.46666666667
21636,2024-03-28 11:17:45,1711624665.0,1016.0,1016.0,16.933333333333334,False,2598624.0,43310.4
21637,2024-03-28 11:33:51,1711625631.0,966.0,966.0,16.1,False,2599590.0,43326.5
21638,2024-03-28 11:59:02,1711627142.0,1511.0,1511.0,25.183333333333334,False,2601101.0,43351.683333333334
21639,2024-03-28 12:14:25,1711628065.0,923.0,923.0,15.383333333333333,False,2602024.0,43367.066666666666
21640,2024-03-28 12:29:58,1711628998.0,933.0,933.0,15.55,False,2602957.0,43382.61666666667
21641,2024-03-28 12:48:29,1711630109.0,1111.0,1111.0,18.516666666666666,False,2604068.0,43401.13333333333
21642,2024-03-28 13:10:34,1711631434.0,1325.0,1325.0,22.083333333333332,False,2605393.0,43423.21666666667
21643,2024-03-28 13:25:56,1711632356.0,922.0,922.0,15.366666666666667,False,2606315.0,43438.583333333336
21644,2024-03-28 13:40:59,1711633259.0,903.0,903.0,15.05,False,2607218.0,43453.63333333333
21645,2024-03-28 13:58:42,1711634322.0,1063.0,1063.0,17.716666666666665,False,2608281.0,43471.35
21646,2024-03-28 14:13:38,1711635218.0,896.0,896.0,14.933333333333334,False,2609177.0,43486.28333333333
21647,2024-03-28 14:33:48,1711636428.0,1210.0,1210.0,20.166666666666668,False,2610387.0,43506.45
21648,2024-03-28 14:59:13,1711637953.0,1525.0,1525.0,25.416666666666668,False,2611912.0,43531.86666666667
21649,2024-03-28 15:13:59,1711638839.0,886.0,886.0,14.766666666666667,False,2612798.0,43546.63333333333
21650,2024-03-28 15:30:49,1711639849.0,1010.0,1010.0,16.833333333333332,False,2613808.0,43563.46666666667
21651,2024-03-28 15:46:26,1711640786.0,937.0,937.0,15.616666666666667,False,2614745.0,43579.083333333336
21652,2024-03-28 16:03:41,1711641821.0,1035.0,1035.0,17.25,False,2615780.0,43596.333333333336
21653,2024-03-28 16:19:37,1711642777.0,956.0,956.0,15.933333333333334,False,2616736.0,43612.26666666667
21654,2024-03-28 16:35:21,1711643721.0,944.0,944.0,15.733333333333333,False,2617680.0,43628.0
21655,2024-03-28 16:52:50,1711644770.0,1049.0,1049.0,17.483333333333334,False,2618729.0,43645.48333333333
21656,2024-03-28 17:07:47,1711645667.0,897.0,897.0,14.95,False,2619626.0,43660.433333333334
21657,2024-03-28 17:29:08,1711646948.0,1281.0,1281.0,21.35,False,2620907.0,43681.78333333333
21658,2024-03-28 17:43:25,1711647805.0,857.0,857.0,14.283333333333333,False,2621764.0,43696.066666666666
21659,2024-03-28 17:58:32,1711648712.0,907.0,907.0,15.116666666666667,False,2622671.0,43711.183333333334
21660,2024-03-28 18:12:43,1711649563.0,851.0,851.0,14.183333333333334,False,2623522.0,43725.36666666667
21661,2024-03-28 18:35:48,1711650948.0,1385.0,1385.0,23.083333333333332,False,2624907.0,43748.45
21662,2024-03-28 21:29:44,1711661384.0,10436.0,10436.0,173.93333333333334,False,2635343.0,43922.38333333333
21663,2024-04-02 16:39:48,1712075988.0,414604.0,414604.0,6910.066666666667,False,3049947.0,50832.45
21664,2024-04-02 16:50:39,1712076639.0,651.0,415255.0,6920.916666666667,False,3050598.0,50843.3
21665,2024-04-03 10:50:03,1712141403.0,64764.0,480019.0,8000.316666666667,False,3115362.0,51922.7
21666,2024-04-04 08:56:35,1712220995.0,79592.0,559611.0,9326.85,False,3194954.0,53249.23333333333
21667,2024-04-04 11:41:23,1712230883.0,9888.0,569499.0,9491.65,False,3204842.0,53414.03333333333
21668,2024-04-04 11:51:34,1712231494.0,611.0,570110.0,9501.833333333334,False,3205453.0,53424.21666666667
21669,2024-04-04 12:12:18,1712232738.0,1244.0,571354.0,9522.566666666668,True,3206697.0,53444.95
21670,2024-04-04 12:28:33,1712233713.0,975.0,975.0,16.25,False,3207672.0,53461.2
21671,2024-04-04 12:43:52,1712234632.0,919.0,919.0,15.316666666666666,False,3208591.0,53476.51666666667
21672,2024-04-04 12:58:38,1712235518.0,886.0,886.0,14.766666666666667,False,3209477.0,53491.28333333333
21673,2024-04-04 13:17:48,1712236668.0,1150.0,1150.0,19.166666666666668,False,3210627.0,53510.45
21674,2024-04-04 13:35:43,1712237743.0,1075.0,1075.0,17.916666666666668,False,3211702.0,53528.36666666667
21675,2024-04-04 13:49:14,1712238554.0,811.0,811.0,13.516666666666667,False,3212513.0,53541.88333333333
21676,2024-04-04 14:03:00,1712239380.0,826.0,826.0,13.766666666666667,False,3213339.0,53555.65
21677,2024-04-04 14:17:52,1712240272.0,892.0,892.0,14.866666666666667,False,3214231.0,53570.51666666667
21678,2024-04-04 14:32:55,1712241175.0,903.0,903.0,15.05,False,3215134.0,53585.566666666666
21679,2024-04-04 14:43:59,1712241839.0,664.0,664.0,11.066666666666666,False,3215798.0,53596.63333333333
21680,2024-04-04 15:00:35,1712242835.0,996.0,996.0,16.6,False,3216794.0,53613.23333333333
21681,2024-04-04 15:13:47,1712243627.0,792.0,792.0,13.2,False,3217586.0,53626.433333333334
21682,2024-04-04 15:26:14,1712244374.0,747.0,747.0,12.45,False,3218333.0,53638.88333333333
21683,2024-04-04 15:38:36,1712245116.0,742.0,742.0,12.366666666666667,False,3219075.0,53651.25
21684,2024-04-04 15:51:16,1712245876.0,760.0,760.0,12.666666666666666,False,3219835.0,53663.916666666664
21685,2024-04-04 16:04:14,1712246654.0,778.0,778.0,12.966666666666667,False,3220613.0,53676.88333333333
21686,2024-04-04 16:22:47,1712247767.0,1113.0,1113.0,18.55,False,3221726.0,53695.433333333334
21687,2024-04-04 16:38:23,1712248703.0,936.0,936.0,15.6,False,3222662.0,53711.03333333333
21688,2024-04-04 16:53:08,1712249588.0,885.0,885.0,14.75,False,3223547.0,53725.78333333333
21689,2024-04-04 17:05:41,1712250341.0,753.0,753.0,12.55,False,3224300.0,53738.333333333336
21690,2024-04-04 17:18:53,1712251133.0,792.0,792.0,13.2,False,3225092.0,53751.53333333333
21691,2024-04-04 17:57:05,1712253425.0,2292.0,2292.0,38.2,False,3227384.0,53789.73333333333
21692,2024-04-04 18:11:00,1712254260.0,835.0,835.0,13.916666666666666,False,3228219.0,53803.65
21693,2024-04-04 18:23:46,1712255026.0,766.0,766.0,12.766666666666667,False,3228985.0,53816.416666666664
21694,2024-04-04 18:36:42,1712255802.0,776.0,776.0,12.933333333333334,False,3229761.0,53829.35
21695,2024-04-04 18:49:49,1712256589.0,787.0,787.0,13.116666666666667,False,3230548.0,53842.46666666667
21696,2024-04-04 19:02:35,1712257355.0,766.0,766.0,12.766666666666667,False,3231314.0,53855.23333333333
21697,2024-04-04 19:15:42,1712258142.0,787.0,787.0,13.116666666666667,False,3232101.0,53868.35
21698,2024-04-04 19:28:15,1712258895.0,753.0,753.0,12.55,False,3232854.0,53880.9
21699,2024-04-04 19:43:03,1712259783.0,888.0,888.0,14.8,False,3233742.0,53895.7
21700,2024-04-05 11:28:33,1712316513.0,56730.0,56730.0,945.5,False,3290472.0,54841.2
21701,2024-04-05 11:41:12,1712317272.0,759.0,57489.0,958.15,False,3291231.0,54853.85
21702,2024-04-05 12:10:43,1712319043.0,1771.0,59260.0,987.6666666666666,True,3293002.0,54883.36666666667
21703,2024-04-05 12:22:31,1712319751.0,708.0,708.0,11.8,False,3293710.0,54895.166666666664
21704,2024-04-05 12:40:24,1712320824.0,1073.0,1073.0,17.883333333333333,False,3294783.0,54913.05
21705,2024-04-05 12:51:50,1712321510.0,686.0,686.0,11.433333333333334,False,3295469.0,54924.48333333333
21706,2024-04-05 13:03:27,1712322207.0,697.0,697.0,11.616666666666667,False,3296166.0,54936.1
21707,2024-04-05 13:16:15,1712322975.0,768.0,768.0,12.8,False,3296934.0,54948.9
21708,2024-04-05 13:28:01,1712323681.0,706.0,1474.0,24.566666666666666,False,3297640.0,54960.666666666664
21709,2024-04-05 13:39:26,1712324366.0,685.0,685.0,11.416666666666666,False,3298325.0,54972.083333333336
21710,2024-04-05 13:55:56,1712325356.0,990.0,990.0,16.5,False,3299315.0,54988.583333333336
21711,2024-04-05 14:11:06,1712326266.0,910.0,910.0,15.166666666666666,False,3300225.0,55003.75
21712,2024-04-05 14:23:45,1712327025.0,759.0,759.0,12.65,False,3300984.0,55016.4
21713,2024-04-05 14:35:52,1712327752.0,727.0,727.0,12.116666666666667,False,3301711.0,55028.51666666667
21714,2024-04-05 14:50:21,1712328621.0,869.0,869.0,14.483333333333333,False,3302580.0,55043.0
21715,2024-04-05 15:02:42,1712329362.0,741.0,1610.0,26.833333333333332,False,3303321.0,55055.35
21716,2024-04-05 15:15:16,1712330116.0,754.0,754.0,12.566666666666666,False,3304075.0,55067.916666666664
21717,2024-04-05 15:26:50,1712330810.0,694.0,694.0,11.566666666666666,False,3304769.0,55079.48333333333
21718,2024-04-05 15:38:42,1712331522.0,712.0,712.0,11.866666666666667,False,3305481.0,55091.35
21719,2024-04-05 15:50:10,1712332210.0,688.0,688.0,11.466666666666667,False,3306169.0,55102.816666666666
21720,2024-04-05 16:01:43,1712332903.0,693.0,693.0,11.55,False,3306862.0,55114.36666666667
21721,2024-04-05 16:24:26,1712334266.0,1363.0,1363.0,22.716666666666665,False,3308225.0,55137.083333333336
21722,2024-04-05 16:38:42,1712335122.0,856.0,856.0,14.266666666666667,False,3309081.0,55151.35
21723,2024-04-05 16:50:25,1712335825.0,703.0,703.0,11.716666666666667,False,3309784.0,55163.066666666666
21724,2024-04-05 17:02:07,1712336527.0,702.0,702.0,11.7,False,3310486.0,55174.76666666667
21725,2024-04-05 17:15:22,1712337322.0,795.0,795.0,13.25,False,3311281.0,55188.01666666667
21726,2024-04-05 17:27:18,1712338038.0,716.0,716.0,11.933333333333334,False,3311997.0,55199.95
21727,2024-04-05 17:38:44,1712338724.0,686.0,686.0,11.433333333333334,False,3312683.0,55211.38333333333
21728,2024-04-05 17:52:03,1712339523.0,799.0,799.0,13.316666666666666,False,3313482.0,55224.7
21729,2024-04-05 18:03:45,1712340225.0,702.0,702.0,11.7,False,3314184.0,55236.4
21730,2024-04-05 18:15:33,1712340933.0,708.0,708.0,11.8,False,3314892.0,55248.2
21731,2024-04-05 18:27:07,1712341627.0,694.0,694.0,11.566666666666666,False,3315586.0,55259.76666666667
21732,2024-04-09 16:19:29,1712679569.0,337942.0,337942.0,5632.366666666667,False,3653528.0,60892.13333333333
21733,2024-04-09 16:40:16,1712680816.0,1247.0,339189.0,5653.15,False,3654775.0,60912.916666666664
21734,2024-04-09 16:51:08,1712681468.0,652.0,339841.0,5664.016666666666,False,3655427.0,60923.78333333333
21735,2024-04-09 17:00:21,1712682021.0,553.0,340394.0,5673.233333333334,False,3655980.0,60933.0
21736,2024-04-09 17:12:59,1712682779.0,758.0,341152.0,5685.866666666667,True,3656738.0,60945.63333333333
21737,2024-04-09 17:24:17,1712683457.0,678.0,678.0,11.3,False,3657416.0,60956.933333333334
21738,2024-04-09 17:45:41,1712684741.0,1284.0,1284.0,21.4,False,3658700.0,60978.333333333336
21739,2024-04-09 17:58:16,1712685496.0,755.0,755.0,12.583333333333334,False,3659455.0,60990.916666666664
21740,2024-04-09 18:43:38,1712688218.0,2722.0,2722.0,45.36666666666667,False,3662177.0,61036.28333333333
21741,2024-04-09 18:55:16,1712688916.0,698.0,698.0,11.633333333333333,False,3662875.0,61047.916666666664
21742,2024-04-09 19:06:42,1712689602.0,686.0,686.0,11.433333333333334,False,3663561.0,61059.35
21743,2024-04-09 19:22:08,1712690528.0,926.0,926.0,15.433333333333334,False,3664487.0,61074.78333333333
21744,2024-04-09 19:33:33,1712691213.0,685.0,685.0,11.416666666666666,False,3665172.0,61086.2
21745,2024-04-09 19:44:56,1712691896.0,683.0,683.0,11.383333333333333,False,3665855.0,61097.583333333336
21746,2024-04-09 19:56:22,1712692582.0,686.0,686.0,11.433333333333334,False,3666541.0,61109.01666666667
21747,2024-04-09 20:07:36,1712693256.0,674.0,674.0,11.233333333333333,False,3667215.0,61120.25
21748,2024-04-10 11:06:32,1712747192.0,53936.0,53936.0,898.9333333333333,False,3721151.0,62019.183333333334
21749,2024-04-10 11:12:55,1712747575.0,383.0,54319.0,905.3166666666667,False,3721534.0,62025.566666666666
21750,2024-04-10 11:29:00,1712748540.0,965.0,55284.0,921.4,True,3722499.0,62041.65
21751,2024-04-10 12:03:01,1712750581.0,2041.0,2041.0,34.016666666666666,False,3724540.0,62075.666666666664
21752,2024-04-10 12:21:34,1712751694.0,1113.0,1113.0,18.55,False,3725653.0,62094.21666666667
21753,2024-04-10 12:50:59,1712753459.0,1765.0,1765.0,29.416666666666668,False,3727418.0,62123.63333333333
21754,2024-04-10 13:02:36,1712754156.0,697.0,697.0,11.616666666666667,False,3728115.0,62135.25
21755,2024-04-10 13:15:15,1712754915.0,759.0,759.0,12.65,False,3728874.0,62147.9
21756,2024-04-10 13:27:07,1712755627.0,712.0,712.0,11.866666666666667,False,3729586.0,62159.76666666667
21757,2024-04-10 13:38:43,1712756323.0,696.0,696.0,11.6,False,3730282.0,62171.36666666667
21758,2024-04-10 13:49:34,1712756974.0,651.0,651.0,10.85,False,3730933.0,62182.21666666667
21759,2024-04-10 14:01:08,1712757668.0,694.0,694.0,11.566666666666666,False,3731627.0,62193.78333333333
21760,2024-04-10 14:15:36,1712758536.0,868.0,868.0,14.466666666666667,False,3732495.0,62208.25
21761,2024-04-10 14:30:19,1712759419.0,883.0,883.0,14.716666666666667,False,3733378.0,62222.96666666667
21762,2024-04-10 14:44:00,1712760240.0,821.0,821.0,13.683333333333334,False,3734199.0,62236.65
21763,2024-04-10 14:56:48,1712761008.0,768.0,768.0,12.8,False,3734967.0,62249.45
21764,2024-04-10 15:09:58,1712761798.0,790.0,790.0,13.166666666666666,False,3735757.0,62262.61666666667
21765,2024-04-10 15:25:06,1712762706.0,908.0,908.0,15.133333333333333,False,3736665.0,62277.75
21766,2024-04-10 15:37:52,1712763472.0,766.0,766.0,12.766666666666667,False,3737431.0,62290.51666666667
21767,2024-04-10 15:49:32,1712764172.0,700.0,700.0,11.666666666666666,False,3738131.0,62302.183333333334
21768,2024-04-10 16:01:39,1712764899.0,727.0,727.0,12.116666666666667,False,3738858.0,62314.3
21769,2024-04-10 16:13:22,1712765602.0,703.0,703.0,11.716666666666667,False,3739561.0,62326.01666666667
21770,2024-04-10 16:46:56,1712767616.0,2014.0,2014.0,33.56666666666667,False,3741575.0,62359.583333333336
21771,2024-04-10 17:01:47,1712768507.0,891.0,891.0,14.85,False,3742466.0,62374.433333333334
21772,2024-04-10 17:13:39,1712769219.0,712.0,712.0,11.866666666666667,False,3743178.0,62386.3
21773,2024-04-10 17:25:48,1712769948.0,729.0,729.0,12.15,False,3743907.0,62398.45
21774,2024-04-10 17:37:39,1712770659.0,711.0,711.0,11.85,False,3744618.0,62410.3
21775,2024-04-10 17:52:06,1712771526.0,867.0,867.0,14.45,False,3745485.0,62424.75
21776,2024-04-10 18:08:35,1712772515.0,989.0,989.0,16.483333333333334,False,3746474.0,62441.23333333333
21777,2024-04-10 18:21:18,1712773278.0,763.0,763.0,12.716666666666667,False,3747237.0,62453.95
21778,2024-04-10 18:37:03,1712774223.0,945.0,945.0,15.75,False,3748182.0,62469.7
21779,2024-04-10 18:49:01,1712774941.0,718.0,718.0,11.966666666666667,False,3748900.0,62481.666666666664
21780,2024-04-10 19:00:40,1712775640.0,699.0,699.0,11.65,False,3749599.0,62493.316666666666
21781,2024-04-10 19:13:39,1712776419.0,779.0,779.0,12.983333333333333,False,3750378.0,62506.3
21782,2024-04-10 19:26:49,1712777209.0,790.0,790.0,13.166666666666666,False,3751168.0,62519.46666666667
21783,2024-04-10 19:39:18,1712777958.0,749.0,749.0,12.483333333333333,False,3751917.0,62531.95
21784,2024-04-10 19:54:42,1712778882.0,924.0,924.0,15.4,False,3752841.0,62547.35
21785,2024-04-10 20:07:45,1712779665.0,783.0,783.0,13.05,False,3753624.0,62560.4
21786,2024-04-11 11:54:34,1712836474.0,56809.0,56809.0,946.8166666666667,False,3810433.0,63507.21666666667
21787,2024-04-11 12:21:12,1712838072.0,1598.0,58407.0,973.45,False,3812031.0,63533.85
21788,2024-04-11 12:30:19,1712838619.0,547.0,58954.0,982.5666666666667,False,3812578.0,63542.96666666667
21789,2024-04-11 12:40:06,1712839206.0,587.0,59541.0,992.35,False,3813165.0,63552.75
21790,2024-04-11 12:52:11,1712839931.0,725.0,60266.0,1004.4333333333333,True,3813890.0,63564.833333333336
21791,2024-04-11 13:03:37,1712840617.0,686.0,686.0,11.433333333333334,False,3814576.0,63576.26666666667
21792,2024-04-11 13:16:18,1712841378.0,761.0,761.0,12.683333333333334,False,3815337.0,63588.95
21793,2024-04-11 13:29:17,1712842157.0,779.0,779.0,12.983333333333333,False,3816116.0,63601.933333333334
21794,2024-04-11 13:45:47,1712843147.0,990.0,990.0,16.5,False,3817106.0,63618.433333333334
21795,2024-04-11 13:57:49,1712843869.0,722.0,722.0,12.033333333333333,False,3817828.0,63630.46666666667
21796,2024-04-11 14:09:52,1712844592.0,723.0,723.0,12.05,False,3818551.0,63642.51666666667
21797,2024-04-11 14:21:39,1712845299.0,707.0,707.0,11.783333333333333,False,3819258.0,63654.3
21798,2024-04-11 14:38:38,1712846318.0,1019.0,1019.0,16.983333333333334,False,3820277.0,63671.28333333333
21799,2024-04-11 14:55:05,1712847305.0,987.0,2006.0,33.43333333333333,False,3821264.0,63687.73333333333
21800,2024-04-11 16:08:11,1712851691.0,4386.0,4386.0,73.1,False,3825650.0,63760.833333333336
21801,2024-04-11 16:23:19,1712852599.0,908.0,908.0,15.133333333333333,False,3826558.0,63775.96666666667
21802,2024-04-11 16:56:13,1712854573.0,1974.0,1974.0,32.9,False,3828532.0,63808.86666666667
21803,2024-04-11 17:11:45,1712855505.0,932.0,932.0,15.533333333333333,False,3829464.0,63824.4
21804,2024-04-11 17:52:08,1712857928.0,2423.0,2423.0,40.38333333333333,False,3831887.0,63864.78333333333
21805,2024-04-11 18:06:14,1712858774.0,846.0,846.0,14.1,False,3832733.0,63878.88333333333
21806,2024-04-11 18:25:22,1712859922.0,1148.0,1148.0,19.133333333333333,False,3833881.0,63898.01666666667
21807,2024-04-11 18:43:13,1712860993.0,1071.0,1071.0,17.85,False,3834952.0,63915.86666666667
21808,2024-04-12 13:14:57,1712927697.0,66704.0,66704.0,1111.7333333333333,False,3901656.0,65027.6
21809,2024-04-12 13:29:23,1712928563.0,866.0,67570.0,1126.1666666666667,False,3902522.0,65042.03333333333
21810,2024-04-12 15:04:05,1712934245.0,5682.0,73252.0,1220.8666666666666,False,3908204.0,65136.73333333333
21811,2024-04-12 16:22:34,1712938954.0,4709.0,77961.0,1299.35,False,3912913.0,65215.21666666667
21812,2024-04-12 17:29:44,1712942984.0,4030.0,81991.0,1366.5166666666667,False,3916943.0,65282.38333333333
21813,2024-04-12 17:40:26,1712943626.0,642.0,82633.0,1377.2166666666667,False,3917585.0,65293.083333333336
21814,2024-04-12 19:01:37,1712948497.0,4871.0,87504.0,1458.4,False,3922456.0,65374.26666666667
21815,2024-04-15 10:21:34,1713176494.0,227997.0,315501.0,5258.35,False,4150453.0,69174.21666666666
21816,2024-04-15 11:00:12,1713178812.0,2318.0,317819.0,5296.983333333334,False,4152771.0,69212.85
21817,2024-04-15 11:28:46,1713180526.0,1714.0,319533.0,5325.55,False,4154485.0,69241.41666666667
21818,2024-04-15 16:23:11,1713198191.0,17665.0,337198.0,5619.966666666666,False,4172150.0,69535.83333333333
21819,2024-04-15 16:42:38,1713199358.0,1167.0,338365.0,5639.416666666667,False,4173317.0,69555.28333333334
21820,2024-04-15 17:04:37,1713200677.0,1319.0,339684.0,5661.4,False,4174636.0,69577.26666666666
21821,2024-04-15 17:32:41,1713202361.0,1684.0,341368.0,5689.466666666666,False,4176320.0,69605.33333333333
21822,2024-04-16 13:36:01,1713274561.0,72200.0,413568.0,6892.8,False,4248520.0,70808.66666666667
21823,2024-04-16 13:47:00,1713275220.0,659.0,414227.0,6903.783333333334,False,4249179.0,70819.65
21824,2024-04-16 13:51:50,1713275510.0,290.0,414517.0,6908.616666666667,False,4249469.0,70824.48333333334
21825,2024-04-16 14:06:08,1713276368.0,858.0,415375.0,6922.916666666667,False,4250327.0,70838.78333333334
21826,2024-04-16 14:17:51,1713277071.0,703.0,416078.0,6934.633333333333,False,4251030.0,70850.5
21827,2024-04-16 14:53:09,1713279189.0,2118.0,418196.0,6969.933333333333,False,4253148.0,70885.8
21828,2024-04-16 15:08:37,1713280117.0,928.0,419124.0,6985.4,False,4254076.0,70901.26666666666
21829,2024-04-17 10:20:10,1713349210.0,69093.0,488217.0,8136.95,False,4323169.0,72052.81666666667
21830,2024-04-17 10:29:29,1713349769.0,559.0,488776.0,8146.266666666666,False,4323728.0,72062.13333333333
21831,2024-04-17 10:37:42,1713350262.0,493.0,489269.0,8154.483333333334,False,4324221.0,72070.35
21832,2024-04-17 11:10:47,1713352247.0,1985.0,491254.0,8187.566666666667,False,4326206.0,72103.43333333333
21833,2024-04-17 11:19:33,1713352773.0,526.0,491780.0,8196.333333333334,False,4326732.0,72112.2
21834,2024-04-17 12:36:59,1713357419.0,4646.0,496426.0,8273.766666666666,False,4331378.0,72189.63333333333
21835,2024-04-18 13:54:41,1713448481.0,91062.0,587488.0,9791.466666666667,False,4422440.0,73707.33333333333
21836,2024-04-18 14:19:03,1713449943.0,1462.0,588950.0,9815.833333333334,False,4423902.0,73731.7
21837,2024-04-18 17:36:27,1713461787.0,11844.0,600794.0,10013.233333333334,False,4435746.0,73929.1
21838,2024-04-18 18:05:39,1713463539.0,1752.0,602546.0,10042.433333333332,False,4437498.0,73958.3
21839,2024-04-18 18:17:17,1713464237.0,698.0,603244.0,10054.066666666668,False,4438196.0,73969.93333333333
21840,2024-04-19 11:27:35,1713526055.0,61818.0,665062.0,11084.366666666667,False,4500014.0,75000.23333333334
21841,2024-04-19 11:38:27,1713526707.0,652.0,665714.0,11095.233333333334,False,4500666.0,75011.1
21842,2024-04-19 12:00:41,1713528041.0,1334.0,667048.0,11117.466666666667,False,4502000.0,75033.33333333333
21843,2024-04-19 12:17:04,1713529024.0,983.0,668031.0,11133.85,False,4502983.0,75049.71666666666
21844,2024-04-22 10:18:21,1713781101.0,252077.0,920108.0,15335.133333333333,False,4755060.0,79251.0
21845,2024-04-22 12:01:03,1713787263.0,6162.0,926270.0,15437.833333333334,False,4761222.0,79353.7
21846,2024-04-23 17:02:04,1713891724.0,104461.0,1030731.0,17178.85,False,4865683.0,81094.71666666666
21847,2024-04-23 17:12:35,1713892355.0,631.0,1031362.0,17189.366666666665,False,4866314.0,81105.23333333334
21848,2024-04-23 17:20:39,1713892839.0,484.0,1031846.0,17197.433333333334,False,4866798.0,81113.3
21849,2024-04-23 17:36:34,1713893794.0,955.0,1032801.0,17213.35,False,4867753.0,81129.21666666666
21850,2024-04-23 17:47:32,1713894452.0,658.0,1033459.0,17224.316666666666,False,4868411.0,81140.18333333333
21851,2024-04-23 18:12:50,1713895970.0,1518.0,1034977.0,17249.616666666665,False,4869929.0,81165.48333333334
21852,2024-04-23 18:24:23,1713896663.0,693.0,1035670.0,17261.166666666668,False,4870622.0,81177.03333333334
21853,2024-04-23 18:34:11,1713897251.0,588.0,1036258.0,17270.966666666667,True,4871210.0,81186.83333333333
21854,2024-04-23 18:42:26,1713897746.0,495.0,495.0,8.25,False,4871705.0,81195.08333333333
21855,2024-04-23 18:54:38,1713898478.0,732.0,732.0,12.2,False,4872437.0,81207.28333333334
21856,2024-04-23 19:11:33,1713899493.0,1015.0,1747.0,29.116666666666667,False,4873452.0,81224.2
21857,2024-04-23 19:41:24,1713901284.0,1791.0,1791.0,29.85,False,4875243.0,81254.05
21858,2024-04-23 19:52:44,1713901964.0,680.0,680.0,11.333333333333334,False,4875923.0,81265.38333333333
21859,2024-04-23 20:03:49,1713902629.0,665.0,665.0,11.083333333333334,False,4876588.0,81276.46666666666
21860,2024-04-23 20:15:01,1713903301.0,672.0,672.0,11.2,False,4877260.0,81287.66666666667
21861,2024-04-23 20:24:20,1713903860.0,559.0,559.0,9.316666666666666,False,4877819.0,81296.98333333334
21862,2024-04-23 20:36:27,1713904587.0,727.0,727.0,12.116666666666667,False,4878546.0,81309.1
21863,2024-04-23 20:46:02,1713905162.0,575.0,575.0,9.583333333333334,False,4879121.0,81318.68333333333
21864,2024-04-24 10:06:30,1713953190.0,48028.0,48028.0,800.4666666666667,False,4927149.0,82119.15
21865,2024-04-24 10:14:45,1713953685.0,495.0,48523.0,808.7166666666667,False,4927644.0,82127.4
21866,2024-04-24 10:23:34,1713954214.0,529.0,49052.0,817.5333333333333,True,4928173.0,82136.21666666666
21867,2024-04-24 10:33:13,1713954793.0,579.0,579.0,9.65,False,4928752.0,82145.86666666667
21868,2024-04-24 10:45:32,1713955532.0,739.0,739.0,12.316666666666666,False,4929491.0,82158.18333333333
21869,2024-04-24 10:55:46,1713956146.0,614.0,614.0,10.233333333333333,False,4930105.0,82168.41666666667
21870,2024-04-24 11:12:04,1713957124.0,978.0,978.0,16.3,False,4931083.0,82184.71666666666
21871,2024-04-24 11:25:23,1713957923.0,799.0,799.0,13.316666666666666,False,4931882.0,82198.03333333334
21872,2024-04-24 11:35:01,1713958501.0,578.0,578.0,9.633333333333333,False,4932460.0,82207.66666666667
21873,2024-04-24 11:58:30,1713959910.0,1409.0,1409.0,23.483333333333334,False,4933869.0,82231.15
21874,2024-04-24 12:13:23,1713960803.0,893.0,2302.0,38.36666666666667,False,4934762.0,82246.03333333334
21875,2024-04-24 12:25:14,1713961514.0,711.0,711.0,11.85,False,4935473.0,82257.88333333333
21876,2024-04-24 12:45:25,1713962725.0,1211.0,1211.0,20.183333333333334,False,4936684.0,82278.06666666667
21877,2024-04-24 12:54:36,1713963276.0,551.0,551.0,9.183333333333334,False,4937235.0,82287.25
21878,2024-04-24 13:06:23,1713963983.0,707.0,707.0,11.783333333333333,False,4937942.0,82299.03333333334
21879,2024-04-24 13:15:49,1713964549.0,566.0,566.0,9.433333333333334,False,4938508.0,82308.46666666666
21880,2024-04-24 13:26:07,1713965167.0,618.0,618.0,10.3,False,4939126.0,82318.76666666666
21881,2024-04-24 13:39:11,1713965951.0,784.0,784.0,13.066666666666666,False,4939910.0,82331.83333333333
21882,2024-04-24 13:48:04,1713966484.0,533.0,533.0,8.883333333333333,False,4940443.0,82340.71666666666
21883,2024-04-24 13:57:08,1713967028.0,544.0,1077.0,17.95,False,4940987.0,82349.78333333334
21884,2024-04-24 14:10:19,1713967819.0,791.0,791.0,13.183333333333334,False,4941778.0,82362.96666666666
21885,2024-04-24 14:23:35,1713968615.0,796.0,796.0,13.266666666666667,False,4942574.0,82376.23333333334
21886,2024-04-24 14:35:28,1713969328.0,713.0,713.0,11.883333333333333,False,4943287.0,82388.11666666667
21887,2024-04-24 14:55:33,1713970533.0,1205.0,1205.0,20.083333333333332,False,4944492.0,82408.2
21888,2024-04-24 15:06:20,1713971180.0,647.0,647.0,10.783333333333333,False,4945139.0,82418.98333333334
21889,2024-04-24 15:15:43,1713971743.0,563.0,563.0,9.383333333333333,False,4945702.0,82428.36666666667
21890,2024-04-24 15:27:58,1713972478.0,735.0,735.0,12.25,False,4946437.0,82440.61666666667
21891,2024-04-24 16:00:24,1713974424.0,1946.0,1946.0,32.43333333333333,False,4948383.0,82473.05
21892,2024-04-24 16:16:24,1713975384.0,960.0,960.0,16.0,False,4949343.0,82489.05
21893,2024-04-24 16:29:27,1713976167.0,783.0,783.0,13.05,False,4950126.0,82502.1
21894,2024-04-24 16:43:50,1713977030.0,863.0,863.0,14.383333333333333,False,4950989.0,82516.48333333334
21895,2024-04-24 17:08:15,1713978495.0,1465.0,1465.0,24.416666666666668,False,4952454.0,82540.9
21896,2024-04-24 17:18:59,1713979139.0,644.0,644.0,10.733333333333333,False,4953098.0,82551.63333333333
21897,2024-04-24 17:30:18,1713979818.0,679.0,679.0,11.316666666666666,False,4953777.0,82562.95
21898,2024-04-24 17:42:33,1713980553.0,735.0,735.0,12.25,False,4954512.0,82575.2
21899,2024-04-24 17:53:46,1713981226.0,673.0,673.0,11.216666666666667,False,4955185.0,82586.41666666667
21900,2024-04-24 18:03:02,1713981782.0,556.0,556.0,9.266666666666667,False,4955741.0,82595.68333333333
21901,2024-04-24 18:12:45,1713982365.0,583.0,583.0,9.716666666666667,False,4956324.0,82605.4
21902,2024-04-24 18:22:09,1713982929.0,564.0,564.0,9.4,False,4956888.0,82614.8
21903,2024-04-24 18:43:30,1713984210.0,1281.0,1281.0,21.35,False,4958169.0,82636.15
21904,2024-04-24 18:54:35,1713984875.0,665.0,665.0,11.083333333333334,False,4958834.0,82647.23333333334
21905,2024-04-24 19:04:09,1713985449.0,574.0,574.0,9.566666666666666,False,4959408.0,82656.8
21906,2024-04-25 11:26:24,1714044384.0,58935.0,58935.0,982.25,False,5018343.0,83639.05
21907,2024-04-25 11:41:57,1714045317.0,933.0,59868.0,997.8,False,5019276.0,83654.6
21908,2024-04-25 11:52:01,1714045921.0,604.0,60472.0,1007.8666666666667,True,5019880.0,83664.66666666667
21909,2024-04-25 12:08:19,1714046899.0,978.0,978.0,16.3,False,5020858.0,83680.96666666666
21910,2024-04-25 12:19:41,1714047581.0,682.0,682.0,11.366666666666667,False,5021540.0,83692.33333333333
21911,2024-04-25 12:30:54,1714048254.0,673.0,673.0,11.216666666666667,False,5022213.0,83703.55
21912,2024-04-25 12:42:00,1714048920.0,666.0,1339.0,22.316666666666666,False,5022879.0,83714.65
21913,2024-04-25 12:51:33,1714049493.0,573.0,573.0,9.55,False,5023452.0,83724.2
21914,2024-04-25 13:04:40,1714050280.0,787.0,787.0,13.116666666666667,False,5024239.0,83737.31666666667
21915,2024-04-25 13:16:05,1714050965.0,685.0,685.0,11.416666666666666,False,5024924.0,83748.73333333334
21916,2024-04-25 13:25:51,1714051551.0,586.0,586.0,9.766666666666667,False,5025510.0,83758.5
21917,2024-04-25 13:38:01,1714052281.0,730.0,730.0,12.166666666666666,False,5026240.0,83770.66666666667
21918,2024-04-25 13:48:32,1714052912.0,631.0,631.0,10.516666666666667,False,5026871.0,83781.18333333333
21919,2024-04-25 13:58:58,1714053538.0,626.0,626.0,10.433333333333334,False,5027497.0,83791.61666666667
21920,2024-04-25 14:11:58,1714054318.0,780.0,780.0,13.0,False,5028277.0,83804.61666666667
21921,2024-04-25 14:22:50,1714054970.0,652.0,652.0,10.866666666666667,False,5028929.0,83815.48333333334
21922,2024-04-25 14:36:48,1714055808.0,838.0,838.0,13.966666666666667,False,5029767.0,83829.45
21923,2024-04-25 14:50:51,1714056651.0,843.0,843.0,14.05,False,5030610.0,83843.5
21924,2024-04-25 15:01:26,1714057286.0,635.0,635.0,10.583333333333334,False,5031245.0,83854.08333333333
21925,2024-04-25 15:14:30,1714058070.0,784.0,784.0,13.066666666666666,False,5032029.0,83867.15
21926,2024-04-25 15:27:30,1714058850.0,780.0,780.0,13.0,False,5032809.0,83880.15
21927,2024-04-25 15:37:53,1714059473.0,623.0,623.0,10.383333333333333,False,5033432.0,83890.53333333334
21928,2024-04-25 15:48:01,1714060081.0,608.0,608.0,10.133333333333333,False,5034040.0,83900.66666666667
21929,2024-04-25 16:01:15,1714060875.0,794.0,794.0,13.233333333333333,False,5034834.0,83913.9
21930,2024-04-25 16:10:45,1714061445.0,570.0,570.0,9.5,False,5035404.0,83923.4
21931,2024-04-25 16:29:33,1714062573.0,1128.0,1128.0,18.8,False,5036532.0,83942.2
21932,2024-04-25 16:40:18,1714063218.0,645.0,645.0,10.75,False,5037177.0,83952.95
21933,2024-04-25 16:53:16,1714063996.0,778.0,778.0,12.966666666666667,False,5037955.0,83965.91666666667
21934,2024-04-25 17:07:49,1714064869.0,873.0,873.0,14.55,False,5038828.0,83980.46666666666
21935,2024-04-25 17:28:14,1714066094.0,1225.0,1225.0,20.416666666666668,False,5040053.0,84000.88333333333
21936,2024-04-25 17:39:06,1714066746.0,652.0,652.0,10.866666666666667,False,5040705.0,84011.75
21937,2024-04-25 17:56:42,1714067802.0,1056.0,1056.0,17.6,False,5041761.0,84029.35
21938,2024-04-25 18:09:06,1714068546.0,744.0,744.0,12.4,False,5042505.0,84041.75
21939,2024-04-25 18:20:06,1714069206.0,660.0,660.0,11.0,False,5043165.0,84052.75
21940,2024-04-25 18:40:40,1714070440.0,1234.0,1234.0,20.566666666666666,False,5044399.0,84073.31666666667
21941,2024-04-25 18:53:18,1714071198.0,758.0,758.0,12.633333333333333,False,5045157.0,84085.95
21942,2024-04-25 19:05:53,1714071953.0,755.0,755.0,12.583333333333334,False,5045912.0,84098.53333333334
21943,2024-04-25 19:18:37,1714072717.0,764.0,764.0,12.733333333333333,False,5046676.0,84111.26666666666
21944,2024-04-26 10:46:35,1714128395.0,55678.0,55678.0,927.9666666666667,False,5102354.0,85039.23333333334
21945,2024-04-26 10:53:11,1714128791.0,396.0,56074.0,934.5666666666667,False,5102750.0,85045.83333333333
21946,2024-04-26 11:04:28,1714129468.0,677.0,56751.0,945.85,True,5103427.0,85057.11666666667
21947,2024-04-26 11:18:21,1714130301.0,833.0,833.0,13.883333333333333,False,5104260.0,85071.0
21948,2024-04-26 11:29:04,1714130944.0,643.0,643.0,10.716666666666667,False,5104903.0,85081.71666666666
21949,2024-04-26 11:39:31,1714131571.0,627.0,627.0,10.45,False,5105530.0,85092.16666666667
21950,2024-04-26 11:50:44,1714132244.0,673.0,673.0,11.216666666666667,False,5106203.0,85103.38333333333
21951,2024-04-26 12:05:13,1714133113.0,869.0,869.0,14.483333333333333,False,5107072.0,85117.86666666667
21952,2024-04-26 12:17:48,1714133868.0,755.0,755.0,12.583333333333334,False,5107827.0,85130.45
21953,2024-04-26 12:27:55,1714134475.0,607.0,607.0,10.116666666666667,False,5108434.0,85140.56666666667
21954,2024-04-26 12:38:26,1714135106.0,631.0,631.0,10.516666666666667,False,5109065.0,85151.08333333333
21955,2024-04-26 12:49:37,1714135777.0,671.0,671.0,11.183333333333334,False,5109736.0,85162.26666666666
21956,2024-04-26 12:59:35,1714136375.0,598.0,598.0,9.966666666666667,False,5110334.0,85172.23333333334
21957,2024-04-26 13:23:35,1714137815.0,1440.0,1440.0,24.0,False,5111774.0,85196.23333333334
21958,2024-04-26 13:32:37,1714138357.0,542.0,1982.0,33.03333333333333,False,5112316.0,85205.26666666666
21959,2024-04-26 13:42:20,1714138940.0,583.0,583.0,9.716666666666667,False,5112899.0,85214.98333333334
21960,2024-04-26 13:54:03,1714139643.0,703.0,703.0,11.716666666666667,False,5113602.0,85226.7
21961,2024-04-26 14:06:28,1714140388.0,745.0,745.0,12.416666666666666,False,5114347.0,85239.11666666667
21962,2024-04-26 14:24:18,1714141458.0,1070.0,1070.0,17.833333333333332,False,5115417.0,85256.95
21963,2024-04-26 14:33:41,1714142021.0,563.0,563.0,9.383333333333333,False,5115980.0,85266.33333333333
21964,2024-04-26 14:44:09,1714142649.0,628.0,628.0,10.466666666666667,False,5116608.0,85276.8
21965,2024-04-26 14:54:02,1714143242.0,593.0,593.0,9.883333333333333,False,5117201.0,85286.68333333333
21966,2024-04-26 15:03:55,1714143835.0,593.0,593.0,9.883333333333333,False,5117794.0,85296.56666666667
21967,2024-04-26 15:13:29,1714144409.0,574.0,574.0,9.566666666666666,False,5118368.0,85306.13333333333
21968,2024-04-26 15:22:57,1714144977.0,568.0,568.0,9.466666666666667,False,5118936.0,85315.6
21969,2024-04-26 15:35:51,1714145751.0,774.0,774.0,12.9,False,5119710.0,85328.5
21970,2024-04-26 15:45:00,1714146300.0,549.0,549.0,9.15,False,5120259.0,85337.65
21971,2024-04-26 15:58:20,1714147100.0,800.0,800.0,13.333333333333334,False,5121059.0,85350.98333333334
21972,2024-04-26 16:12:20,1714147940.0,840.0,840.0,14.0,False,5121899.0,85364.98333333334
21973,2024-04-26 16:21:33,1714148493.0,553.0,553.0,9.216666666666667,False,5122452.0,85374.2
21974,2024-04-26 16:33:02,1714149182.0,689.0,689.0,11.483333333333333,False,5123141.0,85385.68333333333
21975,2024-04-26 16:48:46,1714150126.0,944.0,944.0,15.733333333333333,False,5124085.0,85401.41666666667
21976,2024-04-26 16:58:26,1714150706.0,580.0,580.0,9.666666666666666,False,5124665.0,85411.08333333333
21977,2024-04-26 17:12:22,1714151542.0,836.0,836.0,13.933333333333334,False,5125501.0,85425.01666666666
21978,2024-04-26 17:21:59,1714152119.0,577.0,577.0,9.616666666666667,False,5126078.0,85434.63333333333
21979,2024-04-26 17:31:15,1714152675.0,556.0,556.0,9.266666666666667,False,5126634.0,85443.9
21980,2024-04-26 17:43:09,1714153389.0,714.0,714.0,11.9,False,5127348.0,85455.8
21981,2024-04-26 17:53:19,1714153999.0,610.0,610.0,10.166666666666666,False,5127958.0,85465.96666666666
21982,2024-04-26 18:05:33,1714154733.0,734.0,734.0,12.233333333333333,False,5128692.0,85478.2
21983,2024-04-26 18:23:21,1714155801.0,1068.0,1068.0,17.8,False,5129760.0,85496.0
21984,2024-04-26 18:35:39,1714156539.0,738.0,738.0,12.3,False,5130498.0,85508.3
21985,2024-04-26 18:47:47,1714157267.0,728.0,728.0,12.133333333333333,False,5131226.0,85520.43333333333
21986,2024-04-30 16:00:05,1714492805.0,335538.0,335538.0,5592.3,False,5466764.0,91112.73333333334
21987,2024-04-30 16:08:09,1714493289.0,484.0,336022.0,5600.366666666667,False,5467248.0,91120.8
21988,2024-04-30 16:34:25,1714494865.0,1576.0,337598.0,5626.633333333333,False,5468824.0,91147.06666666667
21989,2024-04-30 17:46:41,1714499201.0,4336.0,341934.0,5698.9,False,5473160.0,91219.33333333333
21990,2024-04-30 18:02:01,1714500121.0,920.0,342854.0,5714.233333333334,False,5474080.0,91234.66666666667
21991,2024-04-30 18:11:13,1714500673.0,552.0,343406.0,5723.433333333333,False,5474632.0,91243.86666666667
21992,2024-04-30 18:24:26,1714501466.0,793.0,344199.0,5736.65,False,5475425.0,91257.08333333333
21993,2024-04-30 18:35:31,1714502131.0,665.0,344864.0,5747.733333333334,False,5476090.0,91268.16666666667
21994,2024-05-02 11:44:12,1714650252.0,148121.0,492985.0,8216.416666666666,False,5624211.0,93736.85
21995,2024-05-02 11:56:32,1714650992.0,740.0,493725.0,8228.75,False,5624951.0,93749.18333333333
21996,2024-05-02 12:11:27,1714651887.0,895.0,494620.0,8243.666666666666,False,5625846.0,93764.1
21997,2024-05-02 12:27:43,1714652863.0,976.0,495596.0,8259.933333333332,False,5626822.0,93780.36666666667
21998,2024-05-02 12:36:22,1714653382.0,519.0,496115.0,8268.583333333334,False,5627341.0,93789.01666666666
21999,2024-05-02 14:00:58,1714658458.0,5076.0,501191.0,8353.183333333332,False,5632417.0,93873.61666666667
22000,2024-05-02 14:13:15,1714659195.0,737.0,501928.0,8365.466666666667,False,5633154.0,93885.9
22001,2024-05-02 14:20:35,1714659635.0,440.0,502368.0,8372.8,False,5633594.0,93893.23333333334
22002,2024-05-02 14:31:10,1714660270.0,635.0,503003.0,8383.383333333333,False,5634229.0,93903.81666666667
22003,2024-05-02 14:39:10,1714660750.0,480.0,503483.0,8391.383333333333,False,5634709.0,93911.81666666667
22004,2024-05-02 15:50:48,1714665048.0,4298.0,507781.0,8463.016666666666,False,5639007.0,93983.45
22005,2024-05-02 16:28:00,1714667280.0,2232.0,510013.0,8500.216666666667,False,5641239.0,94020.65
22006,2024-05-02 17:00:07,1714669207.0,1927.0,511940.0,8532.333333333334,False,5643166.0,94052.76666666666
22007,2024-05-02 17:27:49,1714670869.0,1662.0,513602.0,8560.033333333333,False,5644828.0,94080.46666666666
22008,2024-05-02 17:47:16,1714672036.0,1167.0,514769.0,8579.483333333334,False,5645995.0,94099.91666666667
22009,2024-05-02 18:07:47,1714673267.0,1231.0,516000.0,8600.0,False,5647226.0,94120.43333333333
22010,2024-05-02 18:25:02,1714674302.0,1035.0,517035.0,8617.25,False,5648261.0,94137.68333333333
22011,2024-05-02 18:34:47,1714674887.0,585.0,517620.0,8627.0,False,5648846.0,94147.43333333333
22012,2024-05-06 12:13:27,1714997607.0,322720.0,840340.0,14005.666666666666,False,5971566.0,99526.1
22013,2024-05-06 12:24:24,1714998264.0,657.0,840997.0,14016.616666666667,False,5972223.0,99537.05
22014,2024-05-06 12:43:36,1714999416.0,1152.0,842149.0,14035.816666666668,False,5973375.0,99556.25
22015,2024-05-06 12:50:59,1714999859.0,443.0,842592.0,14043.2,False,5973818.0,99563.63333333333
22016,2024-05-06 16:00:40,1715011240.0,11381.0,853973.0,14232.883333333333,False,5985199.0,99753.31666666667
22017,2024-05-07 12:32:10,1715085130.0,73890.0,927863.0,15464.383333333333,False,6059089.0,100984.81666666667
22018,2024-05-07 12:39:49,1715085589.0,459.0,928322.0,15472.033333333333,False,6059548.0,100992.46666666666
22019,2024-05-07 12:45:19,1715085919.0,330.0,928652.0,15477.533333333333,False,6059878.0,100997.96666666666
22020,2024-05-07 12:51:45,1715086305.0,386.0,929038.0,15483.966666666667,False,6060264.0,101004.4
22021,2024-05-07 13:06:44,1715087204.0,899.0,929937.0,15498.95,False,6061163.0,101019.38333333333
22022,2024-05-07 13:15:38,1715087738.0,534.0,930471.0,15507.85,False,6061697.0,101028.28333333334
22023,2024-05-08 12:11:49,1715170309.0,82571.0,1013042.0,16884.033333333333,False,6144268.0,102404.46666666666
22024,2024-05-08 12:23:21,1715171001.0,692.0,1013734.0,16895.566666666666,False,6144960.0,102416.0
22025,2024-05-08 12:31:52,1715171512.0,511.0,1014245.0,16904.083333333332,False,6145471.0,102424.51666666666
22026,2024-05-08 12:41:43,1715172103.0,591.0,1014836.0,16913.933333333334,False,6146062.0,102434.36666666667
22027,2024-05-08 12:49:08,1715172548.0,445.0,1015281.0,16921.35,False,6146507.0,102441.78333333334
22028,2024-05-08 12:55:34,1715172934.0,386.0,1015667.0,16927.783333333333,False,6146893.0,102448.21666666666
22029,2024-05-08 13:05:36,1715173536.0,602.0,1016269.0,16937.816666666666,False,6147495.0,102458.25
22030,2024-05-08 15:18:03,1715181483.0,7947.0,1024216.0,17070.266666666666,False,6155442.0,102590.7
22031,2024-05-08 17:59:01,1715191141.0,9658.0,1033874.0,17231.233333333334,False,6165100.0,102751.66666666667
22032,2024-05-08 18:06:00,1715191560.0,419.0,1034293.0,17238.216666666667,False,6165519.0,102758.65
22033,2024-05-08 18:12:23,1715191943.0,383.0,1034676.0,17244.6,False,6165902.0,102765.03333333334
22034,2024-05-08 18:20:32,1715192432.0,489.0,1035165.0,17252.75,False,6166391.0,102773.18333333333
22035,2024-05-08 18:29:44,1715192984.0,552.0,1035717.0,17261.95,False,6166943.0,102782.38333333333
22036,2024-05-09 12:15:21,1715256921.0,63937.0,1099654.0,18327.566666666666,False,6230880.0,103848.0
22037,2024-05-09 12:23:52,1715257432.0,511.0,1100165.0,18336.083333333332,False,6231391.0,103856.51666666666
22038,2024-05-09 12:33:08,1715257988.0,556.0,1100721.0,18345.35,False,6231947.0,103865.78333333334
22039,2024-05-09 12:44:19,1715258659.0,671.0,1101392.0,18356.533333333333,False,6232618.0,103876.96666666666
22040,2024-05-09 12:55:56,1715259356.0,697.0,1102089.0,18368.15,False,6233315.0,103888.58333333333
22041,2024-05-09 13:02:50,1715259770.0,414.0,1102503.0,18375.05,False,6233729.0,103895.48333333334
22042,2024-05-13 16:00:17,1715616017.0,356247.0,1458750.0,24312.5,False,6589976.0,109832.93333333333
22043,2024-05-13 16:10:06,1715616606.0,589.0,1459339.0,24322.316666666666,False,6590565.0,109842.75
22044,2024-05-13 16:18:15,1715617095.0,489.0,1459828.0,24330.466666666667,False,6591054.0,109850.9
22045,2024-05-14 11:40:19,1715686819.0,69724.0,1529552.0,25492.533333333333,False,6660778.0,111012.96666666666
22046,2024-05-14 12:04:33,1715688273.0,1454.0,1531006.0,25516.766666666666,False,6662232.0,111037.2
22047,2024-05-14 12:15:48,1715688948.0,675.0,1531681.0,25528.016666666666,False,6662907.0,111048.45
22048,2024-05-14 12:28:41,1715689721.0,773.0,1532454.0,25540.9,False,6663680.0,111061.33333333333
22049,2024-05-14 12:40:44,1715690444.0,723.0,1533177.0,25552.95,False,6664403.0,111073.38333333333
22050,2024-05-14 12:53:17,1715691197.0,753.0,1533930.0,25565.5,True,6665156.0,111085.93333333333
22051,2024-05-14 13:06:36,1715691996.0,799.0,799.0,13.316666666666666,False,6665955.0,111099.25
22052,2024-05-14 13:24:23,1715693063.0,1067.0,1067.0,17.783333333333335,False,6667022.0,111117.03333333334
22053,2024-05-14 13:42:54,1715694174.0,1111.0,1111.0,18.516666666666666,False,6668133.0,111135.55
22054,2024-05-14 13:56:45,1715695005.0,831.0,831.0,13.85,False,6668964.0,111149.4
22055,2024-05-14 14:09:38,1715695778.0,773.0,773.0,12.883333333333333,False,6669737.0,111162.28333333334
22056,2024-05-14 14:32:30,1715697150.0,1372.0,1372.0,22.866666666666667,False,6671109.0,111185.15
22057,2024-05-14 14:47:41,1715698061.0,911.0,911.0,15.183333333333334,False,6672020.0,111200.33333333333
22058,2024-05-14 15:00:46,1715698846.0,785.0,785.0,13.083333333333334,False,6672805.0,111213.41666666667
22059,2024-05-14 15:14:24,1715699664.0,818.0,818.0,13.633333333333333,False,6673623.0,111227.05
22060,2024-05-14 15:39:20,1715701160.0,1496.0,1496.0,24.933333333333334,False,6675119.0,111251.98333333334
22061,2024-05-14 15:52:03,1715701923.0,763.0,763.0,12.716666666666667,False,6675882.0,111264.7
22062,2024-05-14 16:05:17,1715702717.0,794.0,794.0,13.233333333333333,False,6676676.0,111277.93333333333
22063,2024-05-14 16:19:59,1715703599.0,882.0,882.0,14.7,False,6677558.0,111292.63333333333
22064,2024-05-14 16:34:19,1715704459.0,860.0,860.0,14.333333333333334,False,6678418.0,111306.96666666666
22065,2024-05-14 16:52:14,1715705534.0,1075.0,1075.0,17.916666666666668,False,6679493.0,111324.88333333333
22066,2024-05-14 17:04:55,1715706295.0,761.0,761.0,12.683333333333334,False,6680254.0,111337.56666666667
22067,2024-05-14 17:20:29,1715707229.0,934.0,934.0,15.566666666666666,False,6681188.0,111353.13333333333
22068,2024-05-14 17:36:47,1715708207.0,978.0,978.0,16.3,False,6682166.0,111369.43333333333
22069,2024-05-14 17:52:48,1715709168.0,961.0,961.0,16.016666666666666,False,6683127.0,111385.45
22070,2024-05-14 18:07:07,1715710027.0,859.0,859.0,14.316666666666666,False,6683986.0,111399.76666666666
22071,2024-05-14 18:20:24,1715710824.0,797.0,797.0,13.283333333333333,False,6684783.0,111413.05
22072,2024-05-14 18:33:38,1715711618.0,794.0,794.0,13.233333333333333,False,6685577.0,111426.28333333334
22073,2024-05-14 18:46:34,1715712394.0,776.0,776.0,12.933333333333334,False,6686353.0,111439.21666666666
22074,2024-05-14 19:02:19,1715713339.0,945.0,945.0,15.75,False,6687298.0,111454.96666666666
22075,2024-05-14 19:17:45,1715714265.0,926.0,926.0,15.433333333333334,False,6688224.0,111470.4
22076,2024-05-14 19:31:37,1715715097.0,832.0,832.0,13.866666666666667,False,6689056.0,111484.26666666666
22077,2024-05-14 19:45:54,1715715954.0,857.0,857.0,14.283333333333333,False,6689913.0,111498.55
22078,2024-05-15 11:01:43,1715770903.0,54949.0,54949.0,915.8166666666667,False,6744862.0,112414.36666666667
22079,2024-05-15 11:11:01,1715771461.0,558.0,55507.0,925.1166666666667,False,6745420.0,112423.66666666667
22080,2024-05-15 11:20:18,1715772018.0,557.0,56064.0,934.4,False,6745977.0,112432.95
22081,2024-05-15 11:30:18,1715772618.0,600.0,56664.0,944.4,True,6746577.0,112442.95
22082,2024-05-15 12:06:15,1715774775.0,2157.0,2157.0,35.95,False,6748734.0,112478.9
22083,2024-05-15 12:16:16,1715775376.0,601.0,601.0,10.016666666666667,False,6749335.0,112488.91666666667
22084,2024-05-15 12:28:58,1715776138.0,762.0,762.0,12.7,False,6750097.0,112501.61666666667
22085,2024-05-15 12:50:03,1715777403.0,1265.0,1265.0,21.083333333333332,False,6751362.0,112522.7
22086,2024-05-15 13:00:49,1715778049.0,646.0,646.0,10.766666666666667,False,6752008.0,112533.46666666666
22087,2024-05-15 13:12:14,1715778734.0,685.0,685.0,11.416666666666666,False,6752693.0,112544.88333333333
22088,2024-05-15 13:26:48,1715779608.0,874.0,874.0,14.566666666666666,False,6753567.0,112559.45
22090,2024-05-15 13:56:23,1715781383.0,1775.0,1775.0,29.583333333333332,False,6755342.0,112589.03333333334
22091,2024-05-15 14:13:26,1715782406.0,1023.0,1023.0,17.05,False,6756365.0,112606.08333333333
22092,2024-05-15 14:30:22,1715783422.0,1016.0,1016.0,16.933333333333334,False,6757381.0,112623.01666666666
22093,2024-05-15 14:43:27,1715784207.0,785.0,785.0,13.083333333333334,False,6758166.0,112636.1
22094,2024-05-15 14:58:34,1715785114.0,907.0,907.0,15.116666666666667,False,6759073.0,112651.21666666666
22095,2024-05-15 15:20:04,1715786404.0,1290.0,1290.0,21.5,False,6760363.0,112672.71666666666
22096,2024-05-15 15:36:19,1715787379.0,975.0,975.0,16.25,False,6761338.0,112688.96666666666
22097,2024-05-15 15:50:44,1715788244.0,865.0,865.0,14.416666666666666,False,6762203.0,112703.38333333333
22098,2024-05-15 16:04:38,1715789078.0,834.0,834.0,13.9,False,6763037.0,112717.28333333334
22099,2024-05-15 16:22:53,1715790173.0,1095.0,1095.0,18.25,False,6764132.0,112735.53333333334
22100,2024-05-15 16:39:13,1715791153.0,980.0,980.0,16.333333333333332,False,6765112.0,112751.86666666667
22101,2024-05-15 16:52:42,1715791962.0,809.0,809.0,13.483333333333333,False,6765921.0,112765.35
22102,2024-05-15 17:08:30,1715792910.0,948.0,948.0,15.8,False,6766869.0,112781.15
22103,2024-05-15 17:22:51,1715793771.0,861.0,861.0,14.35,False,6767730.0,112795.5
22104,2024-05-15 17:36:22,1715794582.0,811.0,811.0,13.516666666666667,False,6768541.0,112809.01666666666
22105,2024-05-15 17:50:34,1715795434.0,852.0,852.0,14.2,False,6769393.0,112823.21666666666
22106,2024-05-15 18:04:00,1715796240.0,806.0,806.0,13.433333333333334,False,6770199.0,112836.65
22107,2024-05-15 18:21:42,1715797302.0,1062.0,1062.0,17.7,False,6771261.0,112854.35
22108,2024-05-15 18:43:53,1715798633.0,1331.0,1331.0,22.183333333333334,False,6772592.0,112876.53333333334
22109,2024-05-15 19:14:09,1715800449.0,1816.0,1816.0,30.266666666666666,False,6774408.0,112906.8
22110,2024-05-15 20:07:12,1715803632.0,3183.0,3183.0,53.05,False,6777591.0,112959.85
22111,2024-05-16 10:39:59,1715855999.0,52367.0,52367.0,872.7833333333333,False,6829958.0,113832.63333333333
22112,2024-05-16 10:48:02,1715856482.0,483.0,52850.0,880.8333333333334,False,6830441.0,113840.68333333333
22113,2024-05-16 10:56:50,1715857010.0,528.0,53378.0,889.6333333333333,True,6830969.0,113849.48333333334
22114,2024-05-16 11:12:44,1715857964.0,954.0,954.0,15.9,False,6831923.0,113865.38333333333
22115,2024-05-16 11:29:44,1715858984.0,1020.0,1020.0,17.0,False,6832943.0,113882.38333333333
22116,2024-05-16 12:01:07,1715860867.0,1883.0,1883.0,31.383333333333333,False,6834826.0,113913.76666666666
22117,2024-05-16 12:13:57,1715861637.0,770.0,770.0,12.833333333333334,False,6835596.0,113926.6
22118,2024-05-16 12:29:16,1715862556.0,919.0,919.0,15.316666666666666,False,6836515.0,113941.91666666667
22119,2024-05-16 12:47:48,1715863668.0,1112.0,1112.0,18.533333333333335,False,6837627.0,113960.45
22120,2024-05-16 13:20:09,1715865609.0,1941.0,1941.0,32.35,False,6839568.0,113992.8
22121,2024-05-16 13:34:22,1715866462.0,853.0,853.0,14.216666666666667,False,6840421.0,114007.01666666666
22122,2024-05-16 13:47:38,1715867258.0,796.0,796.0,13.266666666666667,False,6841217.0,114020.28333333334
22123,2024-05-16 14:02:41,1715868161.0,903.0,903.0,15.05,False,6842120.0,114035.33333333333
22124,2024-05-16 14:16:17,1715868977.0,816.0,816.0,13.6,False,6842936.0,114048.93333333333
22125,2024-05-16 14:30:11,1715869811.0,834.0,834.0,13.9,False,6843770.0,114062.83333333333
22126,2024-05-16 14:43:24,1715870604.0,793.0,793.0,13.216666666666667,False,6844563.0,114076.05
22127,2024-05-16 14:56:49,1715871409.0,805.0,805.0,13.416666666666666,False,6845368.0,114089.46666666666
22128,2024-05-16 15:15:23,1715872523.0,1114.0,1114.0,18.566666666666666,False,6846482.0,114108.03333333334
22129,2024-05-16 15:30:42,1715873442.0,919.0,919.0,15.316666666666666,False,6847401.0,114123.35
22130,2024-05-16 15:46:20,1715874380.0,938.0,938.0,15.633333333333333,False,6848339.0,114138.98333333334
22131,2024-05-16 16:19:20,1715876360.0,1980.0,1980.0,33.0,False,6850319.0,114171.98333333334
22132,2024-05-16 16:33:34,1715877214.0,854.0,854.0,14.233333333333333,False,6851173.0,114186.21666666666
22133,2024-05-16 16:51:09,1715878269.0,1055.0,1055.0,17.583333333333332,False,6852228.0,114203.8
22134,2024-05-16 17:06:48,1715879208.0,939.0,939.0,15.65,False,6853167.0,114219.45
22135,2024-05-16 17:23:08,1715880188.0,980.0,980.0,16.333333333333332,False,6854147.0,114235.78333333334
22136,2024-05-16 17:37:58,1715881078.0,890.0,890.0,14.833333333333334,False,6855037.0,114250.61666666667
22137,2024-05-16 17:51:23,1715881883.0,805.0,805.0,13.416666666666666,False,6855842.0,114264.03333333334
22138,2024-05-16 18:07:09,1715882829.0,946.0,946.0,15.766666666666667,False,6856788.0,114279.8
22139,2024-05-16 18:22:12,1715883732.0,903.0,903.0,15.05,False,6857691.0,114294.85
22140,2024-05-16 18:36:17,1715884577.0,845.0,845.0,14.083333333333334,False,6858536.0,114308.93333333333
22141,2024-05-16 18:50:19,1715885419.0,842.0,842.0,14.033333333333333,False,6859378.0,114322.96666666666
22142,2024-05-16 19:03:21,1715886201.0,782.0,782.0,13.033333333333333,False,6860160.0,114336.0
22143,2024-05-21 16:02:26,1716307346.0,421145.0,421145.0,7019.083333333333,False,0.0,0.0
22144,2024-05-21 16:51:33,1716310293.0,2947.0,424092.0,7068.2,False,2947.0,49.11666666666667
22145,2024-05-21 17:00:00,1716310800.0,507.0,424599.0,7076.65,False,3454.0,57.56666666666667
22146,2024-05-21 17:11:26,1716311486.0,686.0,425285.0,7088.083333333333,True,4140.0,69.0
22147,2024-05-21 18:25:59,1716315959.0,4473.0,4473.0,74.55,False,8613.0,143.55
22148,2024-05-22 16:16:53,1716394613.0,78654.0,83127.0,1385.45,False,87267.0,1454.45
22149,2024-05-22 16:25:02,1716395102.0,489.0,83616.0,1393.6,False,87756.0,1462.6
22150,2024-05-22 16:43:06,1716396186.0,1084.0,84700.0,1411.6666666666667,False,88840.0,1480.6666666666667
22151,2024-05-22 16:54:48,1716396888.0,702.0,85402.0,1423.3666666666666,False,89542.0,1492.3666666666666
22152,2024-05-22 17:19:11,1716398351.0,1463.0,86865.0,1447.75,True,91005.0,1516.75
22153,2024-05-22 17:34:31,1716399271.0,920.0,920.0,15.333333333333334,False,91925.0,1532.0833333333333
22154,2024-05-22 17:49:31,1716400171.0,900.0,900.0,15.0,False,92825.0,1547.0833333333333
22155,2024-05-22 18:03:29,1716401009.0,838.0,838.0,13.966666666666667,False,93663.0,1561.05
22156,2024-05-22 18:17:14,1716401834.0,825.0,825.0,13.75,False,94488.0,1574.8
22157,2024-05-22 18:33:30,1716402810.0,976.0,976.0,16.266666666666666,False,95464.0,1591.0666666666666
22158,2024-05-22 18:46:55,1716403615.0,805.0,805.0,13.416666666666666,False,96269.0,1604.4833333333333
22159,2024-05-22 19:01:52,1716404512.0,897.0,897.0,14.95,False,97166.0,1619.4333333333334
22160,2024-05-22 19:17:25,1716405445.0,933.0,933.0,15.55,False,98099.0,1634.9833333333333
22161,2024-05-22 19:36:16,1716406576.0,1131.0,1131.0,18.85,False,99230.0,1653.8333333333333
22162,2024-05-22 19:50:21,1716407421.0,845.0,845.0,14.083333333333334,False,100075.0,1667.9166666666667
22163,2024-05-22 20:05:11,1716408311.0,890.0,890.0,14.833333333333334,False,100965.0,1682.75
22164,2024-05-23 10:24:28,1716459868.0,51557.0,51557.0,859.2833333333333,False,152522.0,2542.0333333333333
22165,2024-05-23 11:11:20,1716462680.0,2812.0,54369.0,906.15,False,155334.0,2588.9
22166,2024-05-23 13:21:20,1716470480.0,7800.0,62169.0,1036.15,False,163134.0,2718.9
22167,2024-05-23 13:35:09,1716471309.0,829.0,62998.0,1049.9666666666667,False,163963.0,2732.7166666666667
22168,2024-05-23 13:56:04,1716472564.0,1255.0,64253.0,1070.8833333333334,False,165218.0,2753.633333333333
22169,2024-05-23 14:09:47,1716473387.0,823.0,65076.0,1084.6,False,166041.0,2767.35
22170,2024-05-23 14:22:49,1716474169.0,782.0,65858.0,1097.6333333333334,True,166823.0,2780.383333333333
22171,2024-05-23 14:37:48,1716475068.0,899.0,899.0,14.983333333333333,False,167722.0,2795.366666666667
22172,2024-05-23 14:51:03,1716475863.0,795.0,795.0,13.25,False,168517.0,2808.616666666667
22173,2024-05-23 15:05:41,1716476741.0,878.0,878.0,14.633333333333333,False,169395.0,2823.25
22174,2024-05-23 15:18:53,1716477533.0,792.0,792.0,13.2,False,170187.0,2836.45
22175,2024-05-23 15:36:11,1716478571.0,1038.0,1038.0,17.3,False,171225.0,2853.75
22176,2024-05-23 16:50:30,1716483030.0,4459.0,4459.0,74.31666666666666,False,175684.0,2928.0666666666666
22177,2024-05-23 17:06:17,1716483977.0,947.0,947.0,15.783333333333333,False,176631.0,2943.85
22178,2024-05-23 17:23:53,1716485033.0,1056.0,1056.0,17.6,False,177687.0,2961.45
22179,2024-05-23 17:47:47,1716486467.0,1434.0,1434.0,23.9,False,179121.0,2985.35
22180,2024-05-23 18:01:58,1716487318.0,851.0,2285.0,38.083333333333336,False,179972.0,2999.5333333333333
22181,2024-05-23 18:19:28,1716488368.0,1050.0,1050.0,17.5,False,181022.0,3017.0333333333333
22182,2024-05-23 18:35:22,1716489322.0,954.0,954.0,15.9,False,181976.0,3032.9333333333334
22183,2024-05-23 19:01:02,1716490862.0,1540.0,1540.0,25.666666666666668,False,183516.0,3058.6
22184,2024-05-23 19:16:28,1716491788.0,926.0,926.0,15.433333333333334,False,184442.0,3074.0333333333333
22185,2024-05-27 09:24:39,1716801879.0,310091.0,310091.0,5168.183333333333,False,494533.0,8242.216666666667
22186,2024-05-27 09:37:09,1716802629.0,750.0,310841.0,5180.683333333333,False,495283.0,8254.716666666667
22187,2024-05-27 09:50:00,1716803400.0,771.0,311612.0,5193.533333333334,False,496054.0,8267.566666666668
22188,2024-05-27 09:57:23,1716803843.0,443.0,312055.0,5200.916666666667,False,496497.0,8274.95
22189,2024-05-27 10:05:23,1716804323.0,480.0,312535.0,5208.916666666667,False,496977.0,8282.95
22190,2024-05-27 10:13:29,1716804809.0,486.0,313021.0,5217.016666666666,False,497463.0,8291.05
22191,2024-05-27 10:20:46,1716805246.0,437.0,313458.0,5224.3,False,497900.0,8298.333333333334
22192,2024-05-27 10:29:16,1716805756.0,510.0,313968.0,5232.8,False,498410.0,8306.833333333334
22193,2024-05-27 10:36:58,1716806218.0,462.0,314430.0,5240.5,False,498872.0,8314.533333333333
22194,2024-05-27 10:47:59,1716806879.0,661.0,315091.0,5251.516666666666,False,499533.0,8325.55
22195,2024-05-27 10:55:39,1716807339.0,460.0,315551.0,5259.183333333333,False,499993.0,8333.216666666667
22196,2024-05-27 11:00:55,1716807655.0,316.0,315867.0,5264.45,False,500309.0,8338.483333333334
22197,2024-05-27 11:05:58,1716807958.0,303.0,316170.0,5269.5,False,500612.0,8343.533333333333
22198,2024-05-27 11:11:10,1716808270.0,312.0,316482.0,5274.7,False,500924.0,8348.733333333334
22199,2024-05-27 12:38:42,1716813522.0,5252.0,321734.0,5362.233333333334,False,506176.0,8436.266666666666
22200,2024-05-28 11:07:20,1716894440.0,80918.0,402652.0,6710.866666666667,False,587094.0,9784.9
22201,2024-05-28 11:22:41,1716895361.0,921.0,403573.0,6726.216666666666,False,588015.0,9800.25
22202,2024-05-28 12:08:51,1716898131.0,2770.0,406343.0,6772.383333333333,True,590785.0,9846.416666666666
22203,2024-05-28 12:24:16,1716899056.0,925.0,925.0,15.416666666666666,False,591710.0,9861.833333333334
22204,2024-05-28 12:42:37,1716900157.0,1101.0,1101.0,18.35,False,592811.0,9880.183333333332
22205,2024-05-28 13:00:02,1716901202.0,1045.0,1045.0,17.416666666666668,False,593856.0,9897.6
22206,2024-05-28 13:23:20,1716902600.0,1398.0,1398.0,23.3,False,595254.0,9920.9
22207,2024-05-28 13:40:41,1716903641.0,1041.0,1041.0,17.35,False,596295.0,9938.25
22208,2024-05-28 13:58:03,1716904683.0,1042.0,1042.0,17.366666666666667,False,597337.0,9955.616666666667
22209,2024-05-28 14:18:50,1716905930.0,1247.0,1247.0,20.783333333333335,False,598584.0,9976.4
22210,2024-05-28 14:36:54,1716907014.0,1084.0,1084.0,18.066666666666666,False,599668.0,9994.466666666667
22211,2024-05-28 15:01:30,1716908490.0,1476.0,1476.0,24.6,False,601144.0,10019.066666666668
22212,2024-05-28 15:47:17,1716911237.0,2747.0,2747.0,45.78333333333333,False,603891.0,10064.85
22213,2024-05-28 16:04:37,1716912277.0,1040.0,1040.0,17.333333333333332,False,604931.0,10082.183333333332
22214,2024-05-28 16:28:08,1716913688.0,1411.0,1411.0,23.516666666666666,False,606342.0,10105.7
22215,2024-05-28 16:42:21,1716914541.0,853.0,853.0,14.216666666666667,False,607195.0,10119.916666666666
22216,2024-05-28 16:56:45,1716915405.0,864.0,864.0,14.4,False,608059.0,10134.316666666668
22217,2024-05-28 17:22:33,1716916953.0,1548.0,1548.0,25.8,False,609607.0,10160.116666666667
22218,2024-05-28 17:40:12,1716918012.0,1059.0,1059.0,17.65,False,610666.0,10177.766666666666
22219,2024-05-28 18:07:02,1716919622.0,1610.0,1610.0,26.833333333333332,False,612276.0,10204.6
22220,2024-05-28 18:27:02,1716920822.0,1200.0,1200.0,20.0,False,613476.0,10224.6
22221,2024-05-28 18:46:31,1716921991.0,1169.0,1169.0,19.483333333333334,False,614645.0,10244.083333333334
22222,2024-05-28 19:05:27,1716923127.0,1136.0,1136.0,18.933333333333334,False,615781.0,10263.016666666666
22223,2024-05-29 14:43:10,1716993790.0,70663.0,70663.0,1177.7166666666667,False,686444.0,11440.733333333334
22224,2024-05-29 14:55:12,1716994512.0,722.0,71385.0,1189.75,False,0.0,0.0
22225,2024-05-29 15:07:48,1716995268.0,756.0,72141.0,1202.35,False,756.0,12.6
22226,2024-05-29 15:21:17,1716996077.0,809.0,72950.0,1215.8333333333333,True,1565.0,26.083333333333332
22227,2024-05-29 15:32:01,1716996721.0,644.0,644.0,10.733333333333333,False,2209.0,36.81666666666667
22228,2024-05-29 15:45:30,1716997530.0,809.0,809.0,13.483333333333333,False,3018.0,50.3
22229,2024-05-29 16:02:56,1716998576.0,1046.0,1046.0,17.433333333333334,False,4064.0,67.73333333333333
22230,2024-05-29 16:17:08,1716999428.0,852.0,852.0,14.2,False,4916.0,81.93333333333334
22231,2024-05-29 16:32:16,1717000336.0,908.0,908.0,15.133333333333333,False,5824.0,97.06666666666666
22232,2024-05-29 16:59:10,1717001950.0,1614.0,1614.0,26.9,False,7438.0,123.96666666666667
22233,2024-05-29 17:13:56,1717002836.0,886.0,886.0,14.766666666666667,False,8324.0,138.73333333333332
22234,2024-05-29 17:34:43,1717004083.0,1247.0,1247.0,20.783333333333335,False,9571.0,159.51666666666668
22235,2024-05-29 17:50:37,1717005037.0,954.0,954.0,15.9,False,10525.0,175.41666666666666
22236,2024-05-29 18:11:44,1717006304.0,1267.0,1267.0,21.116666666666667,False,11792.0,196.53333333333333
22237,2024-05-29 18:26:45,1717007205.0,901.0,901.0,15.016666666666667,False,12693.0,211.55
22238,2024-05-29 18:47:00,1717008420.0,1215.0,1215.0,20.25,False,13908.0,231.8
22239,2024-05-29 19:02:56,1717009376.0,956.0,956.0,15.933333333333334,False,14864.0,247.73333333333332
22240,2024-05-29 19:26:08,1717010768.0,1392.0,1392.0,23.2,False,16256.0,270.93333333333334
22241,2024-05-29 19:39:28,1717011568.0,800.0,800.0,13.333333333333334,False,17056.0,284.26666666666665
22242,2024-05-30 13:39:14,1717076354.0,64786.0,64786.0,1079.7666666666667,False,81842.0,1364.0333333333333
22243,2024-05-30 13:49:41,1717076981.0,627.0,65413.0,1090.2166666666667,False,82469.0,1374.4833333333333
22244,2024-05-30 14:02:36,1717077756.0,775.0,66188.0,1103.1333333333334,False,83244.0,1387.4
22245,2024-05-30 14:15:25,1717078525.0,769.0,66957.0,1115.95,True,84013.0,1400.2166666666667
22246,2024-05-30 14:30:58,1717079458.0,933.0,933.0,15.55,False,84946.0,1415.7666666666667
22247,2024-05-30 14:55:14,1717080914.0,1456.0,1456.0,24.266666666666666,False,86402.0,1440.0333333333333
22248,2024-05-30 15:11:10,1717081870.0,956.0,956.0,15.933333333333334,False,87358.0,1455.9666666666667
22249,2024-05-30 15:40:57,1717083657.0,1787.0,1787.0,29.783333333333335,False,89145.0,1485.75
22250,2024-05-30 15:56:08,1717084568.0,911.0,911.0,15.183333333333334,False,90056.0,1500.9333333333334
22251,2024-05-30 16:12:31,1717085551.0,983.0,983.0,16.383333333333333,False,91039.0,1517.3166666666666
22252,2024-05-30 16:37:07,1717087027.0,1476.0,1476.0,24.6,False,92515.0,1541.9166666666667
22253,2024-05-30 16:54:04,1717088044.0,1017.0,1017.0,16.95,False,93532.0,1558.8666666666666
22254,2024-05-30 17:12:48,1717089168.0,1124.0,1124.0,18.733333333333334,False,94656.0,1577.6
22255,2024-05-30 17:29:30,1717090170.0,1002.0,1002.0,16.7,False,95658.0,1594.3
22256,2024-05-30 17:46:20,1717091180.0,1010.0,1010.0,16.833333333333332,False,96668.0,1611.1333333333334
22257,2024-06-03 16:46:45,1717433205.0,342025.0,342025.0,5700.416666666667,False,438693.0,7311.55
22258,2024-06-03 17:07:41,1717434461.0,1256.0,343281.0,5721.35,False,439949.0,7332.483333333334
22259,2024-06-03 17:20:48,1717435248.0,787.0,344068.0,5734.466666666666,False,440736.0,7345.6
22260,2024-06-03 17:38:43,1717436323.0,1075.0,345143.0,5752.383333333333,False,441811.0,7363.516666666666
22261,2024-06-03 17:56:46,1717437406.0,1083.0,346226.0,5770.433333333333,False,442894.0,7381.566666666667
22262,2024-06-04 11:44:25,1717501465.0,64059.0,410285.0,6838.083333333333,False,506953.0,8449.216666666667
22263,2024-06-04 11:54:32,1717502072.0,607.0,410892.0,6848.2,False,507560.0,8459.333333333334
22264,2024-06-04 12:03:41,1717502621.0,549.0,411441.0,6857.35,False,508109.0,8468.483333333334
22265,2024-06-04 12:25:52,1717503952.0,1331.0,412772.0,6879.533333333334,False,509440.0,8490.666666666666
22266,2024-06-04 12:40:20,1717504820.0,868.0,413640.0,6894.0,True,510308.0,8505.133333333333
22267,2024-06-04 13:38:47,1717508327.0,3507.0,3507.0,58.45,False,513815.0,8563.583333333334
22268,2024-06-04 14:07:25,1717510045.0,1718.0,1718.0,28.633333333333333,False,515533.0,8592.216666666667
22269,2024-06-04 14:23:39,1717511019.0,974.0,974.0,16.233333333333334,False,516507.0,8608.45
22270,2024-06-04 14:39:18,1717511958.0,939.0,939.0,15.65,False,517446.0,8624.1
22271,2024-06-04 14:56:10,1717512970.0,1012.0,1012.0,16.866666666666667,False,518458.0,8640.966666666667
22272,2024-06-04 15:10:55,1717513855.0,885.0,885.0,14.75,False,519343.0,8655.716666666667
22273,2024-06-04 15:30:54,1717515054.0,1199.0,1199.0,19.983333333333334,False,520542.0,8675.7
22274,2024-06-04 15:44:07,1717515847.0,793.0,793.0,13.216666666666667,False,521335.0,8688.916666666666
22275,2024-06-04 15:59:06,1717516746.0,899.0,899.0,14.983333333333333,False,522234.0,8703.9
22276,2024-06-04 16:12:31,1717517551.0,805.0,805.0,13.416666666666666,False,523039.0,8717.316666666668
22277,2024-06-04 16:28:04,1717518484.0,933.0,933.0,15.55,False,523972.0,8732.866666666667
22278,2024-06-04 17:10:59,1717521059.0,2575.0,2575.0,42.916666666666664,False,526547.0,8775.783333333333
22279,2024-06-04 17:21:45,1717521705.0,646.0,3221.0,53.68333333333333,False,527193.0,8786.55
22280,2024-06-04 17:38:21,1717522701.0,996.0,996.0,16.6,False,528189.0,8803.15
22281,2024-06-04 17:53:24,1717523604.0,903.0,903.0,15.05,False,529092.0,8818.2
22282,2024-06-04 18:06:43,1717524403.0,799.0,799.0,13.316666666666666,False,529891.0,8831.516666666666
22283,2024-06-05 13:49:45,1717595385.0,70982.0,70982.0,1183.0333333333333,False,600873.0,10014.55
22284,2024-06-05 14:01:09,1717596069.0,684.0,71666.0,1194.4333333333334,False,0.0,0.0
22285,2024-06-05 14:26:49,1717597609.0,1540.0,73206.0,1220.1,True,1540.0,25.666666666666668
22286,2024-06-05 14:55:19,1717599319.0,1710.0,1710.0,28.5,False,3250.0,54.166666666666664
22287,2024-06-05 16:08:57,1717603737.0,4418.0,4418.0,73.63333333333334,False,7668.0,127.8
22288,2024-06-05 16:32:23,1717605143.0,1406.0,1406.0,23.433333333333334,False,9074.0,151.23333333333332
22289,2024-06-05 16:54:41,1717606481.0,1338.0,1338.0,22.3,False,10412.0,173.53333333333333
22290,2024-06-05 17:10:45,1717607445.0,964.0,964.0,16.066666666666666,False,11376.0,189.6
22291,2024-06-05 17:27:10,1717608430.0,985.0,985.0,16.416666666666668,False,12361.0,206.01666666666668
22292,2024-06-05 17:42:25,1717609345.0,915.0,915.0,15.25,False,13276.0,221.26666666666668
22293,2024-06-05 18:01:23,1717610483.0,1138.0,1138.0,18.966666666666665,False,14414.0,240.23333333333332
22294,2024-06-05 18:16:21,1717611381.0,898.0,898.0,14.966666666666667,False,15312.0,255.2
22295,2024-06-05 18:36:44,1717612604.0,1223.0,1223.0,20.383333333333333,False,16535.0,275.5833333333333
22296,2024-06-05 18:51:50,1717613510.0,906.0,906.0,15.1,False,17441.0,290.68333333333334
22297,2024-06-05 19:07:54,1717614474.0,964.0,964.0,16.066666666666666,False,18405.0,306.75
22298,2024-06-05 19:24:09,1717615449.0,975.0,975.0,16.25,False,19380.0,323.0
22299,2024-06-05 19:44:19,1717616659.0,1210.0,1210.0,20.166666666666668,False,20590.0,343.1666666666667
22300,2024-06-05 19:59:42,1717617582.0,923.0,923.0,15.383333333333333,False,21513.0,358.55
22301,2024-06-06 15:58:00,1717689480.0,71898.0,71898.0,1198.3,False,93411.0,1556.85
22302,2024-06-06 16:26:27,1717691187.0,1707.0,73605.0,1226.75,False,95118.0,1585.3
22303,2024-06-06 16:44:05,1717692245.0,1058.0,74663.0,1244.3833333333334,False,96176.0,1602.9333333333334
22304,2024-06-06 17:02:07,1717693327.0,1082.0,75745.0,1262.4166666666667,True,97258.0,1620.9666666666667
22305,2024-06-06 17:16:03,1717694163.0,836.0,836.0,13.933333333333334,False,98094.0,1634.9
22306,2024-06-06 17:29:54,1717694994.0,831.0,831.0,13.85,False,98925.0,1648.75
22307,2024-06-06 17:45:33,1717695933.0,939.0,939.0,15.65,False,99864.0,1664.4
22308,2024-06-06 18:14:20,1717697660.0,1727.0,1727.0,28.783333333333335,False,101591.0,1693.1833333333334
22309,2024-06-06 18:29:23,1717698563.0,903.0,903.0,15.05,False,102494.0,1708.2333333333333
22310,2024-06-10 17:59:04,1718042344.0,343781.0,343781.0,5729.683333333333,False,446275.0,7437.916666666667
22311,2024-06-10 18:47:33,1718045253.0,2909.0,346690.0,5778.166666666667,False,449184.0,7486.4
22312,2024-06-12 14:46:56,1718203616.0,158363.0,505053.0,8417.55,False,607547.0,10125.783333333333
22313,2024-06-13 15:24:45,1718292285.0,88669.0,593722.0,9895.366666666667,False,696216.0,11603.6
22314,2024-06-13 15:33:00,1718292780.0,495.0,594217.0,9903.616666666667,False,696711.0,11611.85
22315,2024-06-13 15:37:44,1718293064.0,284.0,594501.0,9908.35,False,696995.0,11616.583333333334
22316,2024-06-13 15:46:09,1718293569.0,505.0,595006.0,9916.766666666666,False,697500.0,11625.0
22317,2024-06-13 15:56:28,1718294188.0,619.0,595625.0,9927.083333333334,False,698119.0,11635.316666666668
22318,2024-06-13 16:43:26,1718297006.0,2818.0,598443.0,9974.05,False,700937.0,11682.283333333333
22319,2024-06-13 16:54:09,1718297649.0,643.0,599086.0,9984.766666666666,False,701580.0,11693.0
22320,2024-06-13 17:09:59,1718298599.0,950.0,600036.0,10000.6,False,702530.0,11708.833333333334
22321,2024-06-13 17:22:37,1718299357.0,758.0,600794.0,10013.233333333334,False,703288.0,11721.466666666667
22322,2024-06-13 17:35:40,1718300140.0,783.0,601577.0,10026.283333333333,False,704071.0,11734.516666666666
22323,2024-06-13 17:56:38,1718301398.0,1258.0,602835.0,10047.25,False,705329.0,11755.483333333334
22324,2024-06-13 18:07:52,1718302072.0,674.0,603509.0,10058.483333333334,False,706003.0,11766.716666666667
22325,2024-06-18 13:38:05,1718717885.0,415813.0,1019322.0,16988.7,False,1121816.0,18696.933333333334
22326,2024-06-18 13:48:51,1718718531.0,646.0,1019968.0,16999.466666666667,False,1122462.0,18707.7
22327,2024-06-18 14:24:05,1718720645.0,2114.0,1022082.0,17034.7,False,1124576.0,18742.933333333334
22328,2024-06-18 15:08:24,1718723304.0,2659.0,1024741.0,17079.016666666666,False,1127235.0,18787.25
22329,2024-06-18 15:22:01,1718724121.0,817.0,1025558.0,17092.633333333335,True,1128052.0,18800.866666666665
22330,2024-06-18 15:36:38,1718724998.0,877.0,877.0,14.616666666666667,False,1128929.0,18815.483333333334
22331,2024-06-18 15:49:17,1718725757.0,759.0,1636.0,27.266666666666666,False,1129688.0,18828.133333333335
22332,2024-06-18 16:03:42,1718726622.0,865.0,865.0,14.416666666666666,False,1130553.0,18842.55
22333,2024-06-18 16:26:05,1718727965.0,1343.0,1343.0,22.383333333333333,False,1131896.0,18864.933333333334
22334,2024-06-18 16:41:21,1718728881.0,916.0,916.0,15.266666666666667,False,1132812.0,18880.2
22335,2024-06-18 17:55:26,1718733326.0,4445.0,4445.0,74.08333333333333,False,1137257.0,18954.283333333333
22336,2024-06-18 18:08:55,1718734135.0,809.0,809.0,13.483333333333333,False,1138066.0,18967.766666666666
22337,2024-06-18 18:28:03,1718735283.0,1148.0,1148.0,19.133333333333333,False,1139214.0,18986.9
22338,2024-06-18 18:42:24,1718736144.0,861.0,861.0,14.35,False,1140075.0,19001.25
22339,2024-06-18 18:55:00,1718736900.0,756.0,756.0,12.6,False,1140831.0,19013.85
22340,2024-06-18 19:08:00,1718737680.0,780.0,780.0,13.0,False,1141611.0,19026.85
22341,2024-06-18 19:27:13,1718738833.0,1153.0,1153.0,19.216666666666665,False,1142764.0,19046.066666666666
22342,2024-06-19 10:56:26,1718794586.0,55753.0,55753.0,929.2166666666667,False,1198517.0,19975.283333333333
22343,2024-06-19 11:22:03,1718796123.0,1537.0,57290.0,954.8333333333334,False,1200054.0,20000.9
22344,2024-06-19 12:33:40,1718800420.0,4297.0,61587.0,1026.45,False,1204351.0,20072.516666666666
22345,2024-06-20 12:17:54,1718885874.0,85454.0,147041.0,2450.6833333333334,False,1289805.0,21496.75
22346,2024-06-20 12:35:33,1718886933.0,1059.0,148100.0,2468.3333333333335,False,1290864.0,21514.4
22347,2024-06-20 12:47:24,1718887644.0,711.0,148811.0,2480.1833333333334,False,1291575.0,21526.25
22348,2024-06-20 12:57:21,1718888241.0,597.0,149408.0,2490.133333333333,False,1292172.0,21536.2
22349,2024-06-20 13:54:58,1718891698.0,3457.0,152865.0,2547.75,False,1295629.0,21593.816666666666
22350,2024-06-20 14:05:20,1718892320.0,622.0,153487.0,2558.116666666667,False,1296251.0,21604.183333333334
22351,2024-06-20 14:17:46,1718893066.0,746.0,154233.0,2570.55,True,1296997.0,21616.616666666665
22352,2024-06-20 14:31:29,1718893889.0,823.0,823.0,13.716666666666667,False,1297820.0,21630.333333333332
22353,2024-06-20 14:54:58,1718895298.0,1409.0,1409.0,23.483333333333334,False,1299229.0,21653.816666666666
22354,2024-06-20 15:09:31,1718896171.0,873.0,873.0,14.55,False,1300102.0,21668.366666666665
22355,2024-06-20 15:30:41,1718897441.0,1270.0,2143.0,35.71666666666667,False,1301372.0,21689.533333333333
22356,2024-06-20 15:54:32,1718898872.0,1431.0,1431.0,23.85,False,1302803.0,21713.383333333335
22357,2024-06-20 16:20:10,1718900410.0,1538.0,1538.0,25.633333333333333,False,1304341.0,21739.016666666666
22358,2024-06-20 16:37:06,1718901426.0,1016.0,1016.0,16.933333333333334,False,1305357.0,21755.95
22359,2024-06-20 17:03:36,1718903016.0,1590.0,1590.0,26.5,False,1306947.0,21782.45
22360,2024-06-20 17:27:12,1718904432.0,1416.0,1416.0,23.6,False,1308363.0,21806.05
22361,2024-06-20 17:39:24,1718905164.0,732.0,2148.0,35.8,False,1309095.0,21818.25
22362,2024-06-20 19:52:54,1718913174.0,8010.0,10158.0,169.3,False,1317105.0,21951.75
22363,2024-06-21 14:22:20,1718979740.0,66566.0,76724.0,1278.7333333333333,False,1383671.0,23061.183333333334
22364,2024-06-21 14:42:39,1718980959.0,1219.0,77943.0,1299.05,False,1384890.0,23081.5
22365,2024-06-21 14:49:22,1718981362.0,403.0,78346.0,1305.7666666666667,False,1385293.0,23088.216666666667
22366,2024-06-21 15:03:43,1718982223.0,861.0,79207.0,1320.1166666666666,False,1386154.0,23102.566666666666
22367,2024-06-21 15:15:49,1718982949.0,726.0,79933.0,1332.2166666666667,False,1386880.0,23114.666666666668
22368,2024-06-21 15:59:05,1718985545.0,2596.0,82529.0,1375.4833333333333,False,1389476.0,23157.933333333334
22369,2024-06-21 17:03:32,1718989412.0,3867.0,86396.0,1439.9333333333334,False,1393343.0,23222.383333333335
22370,2024-06-24 14:07:47,1719238067.0,248655.0,335051.0,5584.183333333333,False,1641998.0,27366.633333333335
22371,2024-06-24 14:41:13,1719240073.0,2006.0,337057.0,5617.616666666667,False,1644004.0,27400.066666666666
22372,2024-06-24 14:53:02,1719240782.0,709.0,337766.0,5629.433333333333,False,1644713.0,27411.883333333335
22373,2024-06-24 15:13:32,1719242012.0,1230.0,338996.0,5649.933333333333,True,1645943.0,27432.383333333335
22374,2024-06-24 16:53:46,1719248026.0,6014.0,6014.0,100.23333333333333,False,1651957.0,27532.616666666665
22375,2024-06-24 17:13:45,1719249225.0,1199.0,1199.0,19.983333333333334,False,1653156.0,27552.6
22376,2024-06-24 17:30:19,1719250219.0,994.0,994.0,16.566666666666666,False,1654150.0,27569.166666666668
22377,2024-06-24 17:56:08,1719251768.0,1549.0,1549.0,25.816666666666666,False,1655699.0,27594.983333333334
22378,2024-06-24 18:09:07,1719252547.0,779.0,779.0,12.983333333333333,False,1656478.0,27607.966666666667
22379,2024-06-24 18:34:57,1719254097.0,1550.0,1550.0,25.833333333333332,False,1658028.0,27633.8
22380,2024-06-24 18:47:32,1719254852.0,755.0,2305.0,38.416666666666664,False,1658783.0,27646.383333333335
22381,2024-06-24 19:03:22,1719255802.0,950.0,950.0,15.833333333333334,False,1659733.0,27662.216666666667
22382,2024-06-24 19:15:55,1719256555.0,753.0,753.0,12.55,False,1660486.0,27674.766666666666
22383,2024-06-24 19:28:32,1719257312.0,757.0,1510.0,25.166666666666668,False,1661243.0,27687.383333333335
22384,2024-06-25 13:18:14,1719321494.0,64182.0,65692.0,1094.8666666666666,False,1725425.0,28757.083333333332
22385,2024-06-25 13:35:39,1719322539.0,1045.0,66737.0,1112.2833333333333,False,1726470.0,28774.5
22386,2024-06-25 13:50:10,1719323410.0,871.0,67608.0,1126.8,False,1727341.0,28789.016666666666
22387,2024-06-25 14:03:39,1719324219.0,809.0,68417.0,1140.2833333333333,True,1728150.0,28802.5
22388,2024-06-25 14:18:43,1719325123.0,904.0,904.0,15.066666666666666,False,1729054.0,28817.566666666666
22389,2024-06-25 14:38:33,1719326313.0,1190.0,1190.0,19.833333333333332,False,1730244.0,28837.4
22390,2024-06-25 14:51:00,1719327060.0,747.0,747.0,12.45,False,1730991.0,28849.85
22391,2024-06-25 15:09:22,1719328162.0,1102.0,1102.0,18.366666666666667,False,1732093.0,28868.216666666667
22392,2024-06-25 15:30:50,1719329450.0,1288.0,1288.0,21.466666666666665,False,1733381.0,28889.683333333334
22393,2024-06-25 15:46:35,1719330395.0,945.0,945.0,15.75,False,1734326.0,28905.433333333334
22394,2024-06-25 16:01:45,1719331305.0,910.0,910.0,15.166666666666666,False,1735236.0,28920.6
22395,2024-06-25 16:16:20,1719332180.0,875.0,875.0,14.583333333333334,False,1736111.0,28935.183333333334
22396,2024-06-25 16:46:02,1719333962.0,1782.0,1782.0,29.7,False,1737893.0,28964.883333333335
22397,2024-06-25 17:02:00,1719334920.0,958.0,958.0,15.966666666666667,False,1738851.0,28980.85
22398,2024-06-25 17:17:29,1719335849.0,929.0,929.0,15.483333333333333,False,1739780.0,28996.333333333332
22399,2024-06-25 17:27:31,1719336451.0,602.0,602.0,10.033333333333333,False,1740382.0,29006.366666666665
22400,2024-06-25 17:42:32,1719337352.0,901.0,901.0,15.016666666666667,False,1741283.0,29021.383333333335
22401,2024-06-25 17:56:20,1719338180.0,828.0,828.0,13.8,False,1742111.0,29035.183333333334
22402,2024-06-25 18:38:10,1719340690.0,2510.0,2510.0,41.833333333333336,False,1744621.0,29077.016666666666
22403,2024-06-25 18:52:33,1719341553.0,863.0,863.0,14.383333333333333,False,1745484.0,29091.4
22404,2024-06-25 19:09:27,1719342567.0,1014.0,1014.0,16.9,False,1746498.0,29108.3
22405,2024-06-25 19:21:59,1719343319.0,752.0,752.0,12.533333333333333,False,1747250.0,29120.833333333332
22406,2024-06-25 19:35:06,1719344106.0,787.0,787.0,13.116666666666667,False,1748037.0,29133.95
22407,2024-06-25 19:56:34,1719345394.0,1288.0,1288.0,21.466666666666665,False,1749325.0,29155.416666666668
22408,2024-06-25 20:10:20,1719346220.0,826.0,826.0,13.766666666666667,False,1750151.0,29169.183333333334
22409,2024-06-25 20:29:00,1719347340.0,1120.0,1120.0,18.666666666666668,False,1751271.0,29187.85
22410,2024-06-26 11:51:38,1719402698.0,55358.0,55358.0,922.6333333333333,False,1806629.0,30110.483333333334
22411,2024-06-26 12:06:04,1719403564.0,866.0,56224.0,937.0666666666667,False,1807495.0,30124.916666666668
22412,2024-06-26 14:10:57,1719411057.0,7493.0,63717.0,1061.95,True,1814988.0,30249.8
22413,2024-06-26 14:28:31,1719412111.0,1054.0,1054.0,17.566666666666666,False,1816042.0,30267.366666666665
22414,2024-06-26 14:43:41,1719413021.0,910.0,910.0,15.166666666666666,False,1816952.0,30282.533333333333
22415,2024-06-26 15:13:50,1719414830.0,1809.0,1809.0,30.15,False,1818761.0,30312.683333333334
22416,2024-06-26 15:29:48,1719415788.0,958.0,958.0,15.966666666666667,False,1819719.0,30328.65
22417,2024-06-26 15:53:35,1719417215.0,1427.0,1427.0,23.783333333333335,False,1821146.0,30352.433333333334
22418,2024-06-26 16:11:25,1719418285.0,1070.0,1070.0,17.833333333333332,False,1822216.0,30370.266666666666
22419,2024-06-26 16:21:11,1719418871.0,586.0,1656.0,27.6,False,1822802.0,30380.033333333333
22420,2024-06-26 17:11:36,1719421896.0,3025.0,3025.0,50.416666666666664,False,1825827.0,30430.45
22421,2024-06-26 17:27:59,1719422879.0,983.0,983.0,16.383333333333333,False,1826810.0,30446.833333333332
22422,2024-06-26 17:47:17,1719424037.0,1158.0,1158.0,19.3,False,1827968.0,30466.133333333335
22423,2024-06-26 18:04:48,1719425088.0,1051.0,1051.0,17.516666666666666,False,1829019.0,30483.65
22424,2024-06-27 09:08:09,1719479289.0,54201.0,54201.0,903.35,False,1883220.0,31387.0
22425,2024-06-27 09:32:21,1719480741.0,1452.0,55653.0,927.55,False,1884672.0,31411.2
22426,2024-06-27 09:44:25,1719481465.0,724.0,56377.0,939.6166666666667,False,1885396.0,31423.266666666666
22427,2024-06-27 10:34:55,1719484495.0,3030.0,59407.0,990.1166666666667,False,1888426.0,31473.766666666666
22428,2024-06-27 13:46:02,1719495962.0,11467.0,70874.0,1181.2333333333333,False,1899893.0,31664.883333333335
22429,2024-06-27 13:58:50,1719496730.0,768.0,71642.0,1194.0333333333333,False,1900661.0,31677.683333333334
22430,2024-06-27 14:22:44,1719498164.0,1434.0,73076.0,1217.9333333333334,True,1902095.0,31701.583333333332
22431,2024-06-27 14:49:27,1719499767.0,1603.0,1603.0,26.716666666666665,False,1903698.0,31728.3
22432,2024-06-27 15:06:50,1719500810.0,1043.0,1043.0,17.383333333333333,False,1904741.0,31745.683333333334
22433,2024-06-27 15:30:03,1719502203.0,1393.0,1393.0,23.216666666666665,False,1906134.0,31768.9
22434,2024-06-27 15:55:14,1719503714.0,1511.0,2904.0,48.4,False,1907645.0,31794.083333333332
22435,2024-06-27 16:09:17,1719504557.0,843.0,843.0,14.05,False,1908488.0,31808.133333333335
22436,2024-06-27 16:30:25,1719505825.0,1268.0,1268.0,21.133333333333333,False,1909756.0,31829.266666666666
22437,2024-06-27 16:54:54,1719507294.0,1469.0,1469.0,24.483333333333334,False,1911225.0,31853.75
22438,2024-06-27 17:14:58,1719508498.0,1204.0,1204.0,20.066666666666666,False,1912429.0,31873.816666666666
22439,2024-06-27 17:50:18,1719510618.0,2120.0,2120.0,35.333333333333336,False,1914549.0,31909.15
22440,2024-06-27 18:03:36,1719511416.0,798.0,798.0,13.3,False,1915347.0,31922.45
22441,2024-07-02 09:08:39,1719911319.0,399903.0,399903.0,6665.05,False,2315250.0,38587.5
22442,2024-07-02 09:21:52,1719912112.0,793.0,400696.0,6678.266666666666,False,2316043.0,38600.71666666667
22443,2024-07-02 09:32:15,1719912735.0,623.0,401319.0,6688.65,False,2316666.0,38611.1
22444,2024-07-02 09:42:21,1719913341.0,606.0,401925.0,6698.75,False,2317272.0,38621.2
22445,2024-07-02 12:00:25,1719921625.0,8284.0,410209.0,6836.816666666667,False,2325556.0,38759.26666666667
22446,2024-07-02 12:21:31,1719922891.0,1266.0,411475.0,6857.916666666667,False,2326822.0,38780.36666666667
22447,2024-07-02 12:45:59,1719924359.0,1468.0,412943.0,6882.383333333333,False,2328290.0,38804.833333333336
22448,2024-07-02 12:59:22,1719925162.0,803.0,413746.0,6895.766666666666,False,2329093.0,38818.21666666667
22449,2024-07-02 13:15:09,1719926109.0,947.0,414693.0,6911.55,False,2330040.0,38834.0
22450,2024-07-02 13:27:39,1719926859.0,750.0,415443.0,6924.05,False,2330790.0,38846.5
22451,2024-07-02 14:25:18,1719930318.0,3459.0,418902.0,6981.7,True,2334249.0,38904.15
22452,2024-07-02 14:45:25,1719931525.0,1207.0,1207.0,20.116666666666667,False,2335456.0,38924.26666666667
22453,2024-07-02 15:05:15,1719932715.0,1190.0,1190.0,19.833333333333332,False,2336646.0,38944.1
22454,2024-07-02 15:34:30,1719934470.0,1755.0,1755.0,29.25,False,2338401.0,38973.35
22455,2024-07-02 16:01:46,1719936106.0,1636.0,1636.0,27.266666666666666,False,2340037.0,39000.61666666667
22456,2024-07-02 16:22:02,1719937322.0,1216.0,1216.0,20.266666666666666,False,2341253.0,39020.88333333333
22457,2024-07-02 16:35:34,1719938134.0,812.0,812.0,13.533333333333333,False,2342065.0,39034.416666666664
22458,2024-07-02 16:56:08,1719939368.0,1234.0,1234.0,20.566666666666666,False,2343299.0,39054.98333333333
22459,2024-07-02 17:24:05,1719941045.0,1677.0,1677.0,27.95,False,2344976.0,39082.933333333334
22460,2024-07-02 17:38:36,1719941916.0,871.0,871.0,14.516666666666667,False,2345847.0,39097.45
22461,2024-07-02 17:56:21,1719942981.0,1065.0,1065.0,17.75,False,2346912.0,39115.2
22462,2024-07-02 18:16:18,1719944178.0,1197.0,1197.0,19.95,False,2348109.0,39135.15
22463,2024-07-02 18:29:26,1719944966.0,788.0,788.0,13.133333333333333,False,2348897.0,39148.28333333333
22464,2024-07-03 08:34:52,1719995692.0,50726.0,50726.0,845.4333333333333,False,2399623.0,39993.71666666667
22465,2024-07-03 08:44:50,1719996290.0,598.0,51324.0,855.4,False,2400221.0,40003.683333333334
22466,2024-07-03 09:02:07,1719997327.0,1037.0,52361.0,872.6833333333333,False,2401258.0,40020.96666666667
22467,2024-07-03 10:51:51,1720003911.0,6584.0,58945.0,982.4166666666666,False,2407842.0,40130.7
22468,2024-07-03 11:07:48,1720004868.0,957.0,59902.0,998.3666666666667,False,2408799.0,40146.65
22469,2024-07-03 11:22:43,1720005763.0,895.0,60797.0,1013.2833333333333,False,2409694.0,40161.566666666666
22470,2024-07-03 11:43:46,1720007026.0,1263.0,62060.0,1034.3333333333333,True,2410957.0,40182.61666666667
22471,2024-07-03 12:01:43,1720008103.0,1077.0,1077.0,17.95,False,2412034.0,40200.566666666666
22472,2024-07-03 12:24:51,1720009491.0,1388.0,1388.0,23.133333333333333,False,2413422.0,40223.7
22473,2024-07-03 12:39:31,1720010371.0,880.0,880.0,14.666666666666666,False,2414302.0,40238.36666666667
22474,2024-07-03 12:55:44,1720011344.0,973.0,973.0,16.216666666666665,False,2415275.0,40254.583333333336
22475,2024-07-03 13:09:46,1720012186.0,842.0,842.0,14.033333333333333,False,2416117.0,40268.61666666667
22476,2024-07-03 13:58:33,1720015113.0,2927.0,2927.0,48.78333333333333,False,2419044.0,40317.4
22477,2024-07-03 14:14:16,1720016056.0,943.0,943.0,15.716666666666667,False,2419987.0,40333.11666666667
22478,2024-07-03 14:45:43,1720017943.0,1887.0,1887.0,31.45,False,2421874.0,40364.566666666666
22479,2024-07-03 15:09:59,1720019399.0,1456.0,1456.0,24.266666666666666,False,2423330.0,40388.833333333336
22480,2024-07-03 15:33:15,1720020795.0,1396.0,1396.0,23.266666666666666,False,2424726.0,40412.1
22481,2024-07-03 16:06:52,1720022812.0,2017.0,2017.0,33.61666666666667,False,2426743.0,40445.71666666667
22482,2024-07-03 16:24:26,1720023866.0,1054.0,1054.0,17.566666666666666,False,2427797.0,40463.28333333333
22483,2024-07-04 08:58:19,1720083499.0,59633.0,59633.0,993.8833333333333,False,2487430.0,41457.166666666664
22484,2024-07-04 11:45:40,1720093540.0,10041.0,69674.0,1161.2333333333333,False,2497471.0,41624.51666666667
22485,2024-07-04 12:11:33,1720095093.0,1553.0,71227.0,1187.1166666666666,False,2499024.0,41650.4
22486,2024-07-04 12:22:33,1720095753.0,660.0,71887.0,1198.1166666666666,True,2499684.0,41661.4
22487,2024-07-04 12:38:08,1720096688.0,935.0,935.0,15.583333333333334,False,2500619.0,41676.98333333333
22488,2024-07-04 12:55:20,1720097720.0,1032.0,1032.0,17.2,False,2501651.0,41694.183333333334
22489,2024-07-04 13:20:49,1720099249.0,1529.0,1529.0,25.483333333333334,False,2503180.0,41719.666666666664
22490,2024-07-04 13:48:36,1720100916.0,1667.0,1667.0,27.783333333333335,False,2504847.0,41747.45
22491,2024-07-04 14:04:42,1720101882.0,966.0,966.0,16.1,False,2505813.0,41763.55
22492,2024-07-04 14:22:53,1720102973.0,1091.0,1091.0,18.183333333333334,False,2506904.0,41781.73333333333
22493,2024-07-04 14:39:07,1720103947.0,974.0,974.0,16.233333333333334,False,2507878.0,41797.96666666667
22494,2024-07-04 14:58:55,1720105135.0,1188.0,1188.0,19.8,False,2509066.0,41817.76666666667
22495,2024-07-04 15:59:13,1720108753.0,3618.0,3618.0,60.3,False,2512684.0,41878.066666666666
22496,2024-07-04 16:13:35,1720109615.0,862.0,862.0,14.366666666666667,False,2513546.0,41892.433333333334
22497,2024-07-04 16:42:28,1720111348.0,1733.0,1733.0,28.883333333333333,False,2515279.0,41921.316666666666
22498,2024-07-04 17:15:20,1720113320.0,1972.0,1972.0,32.86666666666667,False,2517251.0,41954.183333333334
22499,2024-07-04 17:31:34,1720114294.0,974.0,974.0,16.233333333333334,False,2518225.0,41970.416666666664
22500,2024-07-04 17:46:40,1720115200.0,906.0,906.0,15.1,False,2519131.0,41985.51666666667
22501,2024-07-04 18:30:34,1720117834.0,2634.0,2634.0,43.9,False,2521765.0,42029.416666666664
22502,2024-07-08 08:56:10,1720428970.0,311136.0,311136.0,5185.6,False,2832901.0,47215.01666666667
22503,2024-07-08 10:47:09,1720435629.0,6659.0,317795.0,5296.583333333333,False,2839560.0,47326.0
22504,2024-07-08 11:02:09,1720436529.0,900.0,318695.0,5311.583333333333,False,2840460.0,47341.0
22505,2024-07-08 12:26:25,1720441585.0,5056.0,323751.0,5395.85,True,2845516.0,47425.26666666667
22506,2024-07-08 13:04:20,1720443860.0,2275.0,2275.0,37.916666666666664,False,2847791.0,47463.183333333334
22507,2024-07-08 13:24:40,1720445080.0,1220.0,1220.0,20.333333333333332,False,2849011.0,47483.51666666667
22508,2024-07-08 13:49:31,1720446571.0,1491.0,1491.0,24.85,False,2850502.0,47508.36666666667
22509,2024-07-09 09:58:29,1720519109.0,72538.0,72538.0,1208.9666666666667,False,2923040.0,48717.333333333336
22510,2024-07-09 10:23:32,1720520612.0,1503.0,74041.0,1234.0166666666667,False,2924543.0,48742.38333333333
22511,2024-07-09 10:37:09,1720521429.0,817.0,74858.0,1247.6333333333334,True,2925360.0,48756.0
22512,2024-07-09 10:48:39,1720522119.0,690.0,690.0,11.5,False,2926050.0,48767.5
22513,2024-07-09 11:26:41,1720524401.0,2282.0,2282.0,38.03333333333333,False,2928332.0,48805.53333333333
22514,2024-07-09 11:44:24,1720525464.0,1063.0,1063.0,17.716666666666665,False,2929395.0,48823.25
22515,2024-07-09 12:11:43,1720527103.0,1639.0,1639.0,27.316666666666666,False,2931034.0,48850.566666666666
22516,2024-07-09 12:47:22,1720529242.0,2139.0,2139.0,35.65,False,2933173.0,48886.21666666667
22517,2024-07-09 13:05:02,1720530302.0,1060.0,1060.0,17.666666666666668,False,2934233.0,48903.88333333333
22518,2024-07-09 13:14:53,1720530893.0,591.0,591.0,9.85,False,2934824.0,48913.73333333333
22519,2024-07-09 13:29:15,1720531755.0,862.0,1453.0,24.216666666666665,False,2935686.0,48928.1
22520,2024-07-09 13:46:01,1720532761.0,1006.0,1006.0,16.766666666666666,False,2936692.0,48944.86666666667
22521,2024-07-09 14:11:56,1720534316.0,1555.0,1555.0,25.916666666666668,False,2938247.0,48970.78333333333
22522,2024-07-09 14:42:43,1720536163.0,1847.0,1847.0,30.783333333333335,False,2940094.0,49001.566666666666
22523,2024-07-09 15:14:07,1720538047.0,1884.0,1884.0,31.4,False,2941978.0,49032.96666666667
22524,2024-07-09 16:05:37,1720541137.0,3090.0,3090.0,51.5,False,2945068.0,49084.46666666667
22525,2024-07-09 16:53:13,1720543993.0,2856.0,2856.0,47.6,False,2947924.0,49132.066666666666
22526,2024-07-09 17:15:24,1720545324.0,1331.0,1331.0,22.183333333333334,False,2949255.0,49154.25
22527,2024-07-09 17:39:01,1720546741.0,1417.0,1417.0,23.616666666666667,False,2950672.0,49177.86666666667
22528,2024-07-10 09:08:27,1720602507.0,55766.0,55766.0,929.4333333333333,False,3006438.0,50107.3
22529,2024-07-10 09:30:12,1720603812.0,1305.0,57071.0,951.1833333333333,False,3007743.0,50129.05
22530,2024-07-10 10:06:52,1720606012.0,2200.0,59271.0,987.85,False,3009943.0,50165.71666666667
22531,2024-07-10 10:30:35,1720607435.0,1423.0,60694.0,1011.5666666666667,True,3011366.0,50189.433333333334
22532,2024-07-10 12:08:43,1720613323.0,5888.0,5888.0,98.13333333333334,False,3017254.0,50287.566666666666
22533,2024-07-10 12:22:45,1720614165.0,842.0,6730.0,112.16666666666667,False,3018096.0,50301.6
22534,2024-07-10 12:42:19,1720615339.0,1174.0,7904.0,131.73333333333332,False,3019270.0,50321.166666666664
22535,2024-07-10 13:28:16,1720618096.0,2757.0,2757.0,45.95,False,3022027.0,50367.11666666667
22536,2024-07-10 13:41:19,1720618879.0,783.0,783.0,13.05,False,3022810.0,50380.166666666664
22537,2024-07-10 14:18:00,1720621080.0,2201.0,2201.0,36.68333333333333,False,3025011.0,50416.85
22538,2024-07-10 14:32:19,1720621939.0,859.0,859.0,14.316666666666666,False,3025870.0,50431.166666666664
22539,2024-07-10 14:46:58,1720622818.0,879.0,879.0,14.65,False,3026749.0,50445.816666666666
22540,2024-07-10 15:24:07,1720625047.0,2229.0,2229.0,37.15,False,3028978.0,50482.96666666667
22541,2024-07-10 15:53:35,1720626815.0,1768.0,1768.0,29.466666666666665,False,3030746.0,50512.433333333334
22542,2024-07-10 16:32:16,1720629136.0,2321.0,2321.0,38.68333333333333,False,3033067.0,50551.11666666667
22543,2024-07-10 19:31:41,1720639901.0,10765.0,13086.0,218.1,False,3043832.0,50730.53333333333
22544,2024-07-11 09:02:12,1720688532.0,48631.0,48631.0,810.5166666666667,False,3092463.0,51541.05
22545,2024-07-11 09:12:12,1720689132.0,600.0,49231.0,820.5166666666667,False,3093063.0,51551.05
22546,2024-07-11 09:29:08,1720690148.0,1016.0,50247.0,837.45,True,3094079.0,51567.98333333333
22547,2024-07-11 09:45:31,1720691131.0,983.0,983.0,16.383333333333333,False,3095062.0,51584.36666666667
22548,2024-07-11 10:02:31,1720692151.0,1020.0,1020.0,17.0,False,3096082.0,51601.36666666667
22549,2024-07-11 10:29:28,1720693768.0,1617.0,1617.0,26.95,False,3097699.0,51628.316666666666
22550,2024-07-11 10:40:17,1720694417.0,649.0,2266.0,37.766666666666666,False,3098348.0,51639.13333333333
22551,2024-07-11 11:00:39,1720695639.0,1222.0,3488.0,58.13333333333333,False,3099570.0,51659.5
22552,2024-07-11 11:15:24,1720696524.0,885.0,885.0,14.75,False,3100455.0,51674.25
22553,2024-07-11 11:29:34,1720697374.0,850.0,850.0,14.166666666666666,False,3101305.0,51688.416666666664
22554,2024-07-11 11:53:47,1720698827.0,1453.0,1453.0,24.216666666666665,False,3102758.0,51712.63333333333
22555,2024-07-11 12:11:38,1720699898.0,1071.0,2524.0,42.06666666666667,False,3103829.0,51730.48333333333
22556,2024-07-11 12:27:50,1720700870.0,972.0,972.0,16.2,False,3104801.0,51746.683333333334
22557,2024-07-11 12:41:12,1720701672.0,802.0,802.0,13.366666666666667,False,3105603.0,51760.05
22558,2024-07-11 12:56:43,1720702603.0,931.0,1733.0,28.883333333333333,False,3106534.0,51775.566666666666
22559,2024-07-15 08:58:34,1721033914.0,331311.0,331311.0,5521.85,False,3437845.0,57297.416666666664
22560,2024-07-15 10:10:14,1721038214.0,4300.0,335611.0,5593.516666666666,False,3442145.0,57369.083333333336
22561,2024-07-15 14:18:24,1721053104.0,14890.0,350501.0,5841.683333333333,False,3457035.0,57617.25
22562,2024-07-15 15:40:53,1721058053.0,4949.0,355450.0,5924.166666666667,False,3461984.0,57699.73333333333
22563,2024-07-15 16:03:19,1721059399.0,1346.0,356796.0,5946.6,False,3463330.0,57722.166666666664
22564,2024-07-15 16:19:12,1721060352.0,953.0,357749.0,5962.483333333334,False,3464283.0,57738.05
22565,2024-07-15 16:42:40,1721061760.0,1408.0,359157.0,5985.95,True,3465691.0,57761.51666666667
22566,2024-07-15 16:55:31,1721062531.0,771.0,771.0,12.85,False,3466462.0,57774.36666666667
22567,2024-07-15 17:28:22,1721064502.0,1971.0,1971.0,32.85,False,3468433.0,57807.21666666667
22568,2024-07-15 17:41:11,1721065271.0,769.0,769.0,12.816666666666666,False,3469202.0,57820.03333333333
22569,2024-07-15 17:54:56,1721066096.0,825.0,825.0,13.75,False,3470027.0,57833.78333333333
22570,2024-07-15 18:16:42,1721067402.0,1306.0,1306.0,21.766666666666666,False,3471333.0,57855.55
22571,2024-07-15 18:35:27,1721068527.0,1125.0,1125.0,18.75,False,3472458.0,57874.3
22572,2024-07-15 18:50:07,1721069407.0,880.0,880.0,14.666666666666666,False,3473338.0,57888.96666666667
22573,2024-07-15 19:03:02,1721070182.0,775.0,775.0,12.916666666666666,False,3474113.0,57901.88333333333
22574,2024-07-16 13:20:54,1721136054.0,65872.0,65872.0,1097.8666666666666,False,3539985.0,58999.75
22575,2024-07-16 13:40:15,1721137215.0,1161.0,67033.0,1117.2166666666667,False,0.0,0.0
22576,2024-07-16 14:20:16,1721139616.0,2401.0,69434.0,1157.2333333333333,True,2401.0,40.016666666666666
22577,2024-07-16 14:37:41,1721140661.0,1045.0,1045.0,17.416666666666668,False,3446.0,57.43333333333333
22578,2024-07-16 14:54:57,1721141697.0,1036.0,1036.0,17.266666666666666,False,4482.0,74.7
22579,2024-07-16 15:15:04,1721142904.0,1207.0,1207.0,20.116666666666667,False,5689.0,94.81666666666666
22580,2024-07-16 15:29:59,1721143799.0,895.0,895.0,14.916666666666666,False,6584.0,109.73333333333333
22581,2024-07-16 15:49:47,1721144987.0,1188.0,1188.0,19.8,False,7772.0,129.53333333333333
22582,2024-07-16 16:10:17,1721146217.0,1230.0,1230.0,20.5,False,9002.0,150.03333333333333
22583,2024-07-16 16:28:27,1721147307.0,1090.0,1090.0,18.166666666666668,False,10092.0,168.2
22584,2024-07-17 08:46:23,1721205983.0,58676.0,58676.0,977.9333333333333,False,68768.0,1146.1333333333334
22585,2024-07-17 08:55:52,1721206552.0,569.0,59245.0,987.4166666666666,False,69337.0,1155.6166666666666
22586,2024-07-17 10:20:24,1721211624.0,5072.0,64317.0,1071.95,False,74409.0,1240.15
22588,2024-07-17 12:16:12,1721218572.0,6948.0,71265.0,1187.75,False,81357.0,1355.95
22589,2024-07-17 12:55:15,1721220915.0,2343.0,73608.0,1226.8,False,83700.0,1395.0
22590,2024-07-17 13:05:23,1721221523.0,608.0,74216.0,1236.9333333333334,False,84308.0,1405.1333333333334
22591,2024-07-17 13:16:50,1721222210.0,687.0,74903.0,1248.3833333333334,True,84995.0,1416.5833333333333
22592,2024-07-17 13:36:31,1721223391.0,1181.0,1181.0,19.683333333333334,False,86176.0,1436.2666666666667
22593,2024-07-17 14:00:14,1721224814.0,1423.0,1423.0,23.716666666666665,False,87599.0,1459.9833333333333
22594,2024-07-17 14:18:42,1721225922.0,1108.0,1108.0,18.466666666666665,False,88707.0,1478.45
22595,2024-07-17 14:59:58,1721228398.0,2476.0,2476.0,41.266666666666666,False,91183.0,1519.7166666666667
22596,2024-07-17 15:23:54,1721229834.0,1436.0,1436.0,23.933333333333334,False,92619.0,1543.65
22597,2024-07-17 15:40:19,1721230819.0,985.0,985.0,16.416666666666668,False,93604.0,1560.0666666666666
22598,2024-07-17 15:58:24,1721231904.0,1085.0,1085.0,18.083333333333332,False,94689.0,1578.15
22599,2024-07-17 16:18:35,1721233115.0,1211.0,1211.0,20.183333333333334,False,95900.0,1598.3333333333333
22600,2024-07-17 16:36:12,1721234172.0,1057.0,1057.0,17.616666666666667,False,96957.0,1615.95
22601,2024-07-17 17:05:42,1721235942.0,1770.0,1770.0,29.5,False,98727.0,1645.45
22602,2024-07-17 17:22:25,1721236945.0,1003.0,2773.0,46.21666666666667,False,99730.0,1662.1666666666667
22603,2024-07-17 17:43:24,1721238204.0,1259.0,1259.0,20.983333333333334,False,100989.0,1683.15
22604,2024-07-17 18:01:50,1721239310.0,1106.0,1106.0,18.433333333333334,False,102095.0,1701.5833333333333
22605,2024-07-17 18:17:42,1721240262.0,952.0,2058.0,34.3,False,103047.0,1717.45
22606,2024-07-18 17:11:10,1721322670.0,82408.0,82408.0,1373.4666666666667,False,185455.0,3090.9166666666665
22607,2024-07-18 17:33:06,1721323986.0,1316.0,83724.0,1395.4,False,186771.0,3112.85
22608,2024-07-18 17:49:21,1721324961.0,975.0,84699.0,1411.65,False,187746.0,3129.1
22609,2024-07-18 18:18:19,1721326699.0,1738.0,86437.0,1440.6166666666666,False,189484.0,3158.0666666666666
22610,2024-07-18 18:32:01,1721327521.0,822.0,87259.0,1454.3166666666666,False,190306.0,3171.766666666667
22611,2024-07-18 18:45:02,1721328302.0,781.0,88040.0,1467.3333333333333,False,191087.0,3184.7833333333333
22612,2024-07-18 18:59:56,1721329196.0,894.0,88934.0,1482.2333333333333,False,191981.0,3199.6833333333334
22613,2024-07-19 11:25:10,1721388310.0,59114.0,148048.0,2467.4666666666667,False,251095.0,4184.916666666667
22614,2024-07-19 11:40:17,1721389217.0,907.0,148955.0,2482.5833333333335,False,252002.0,4200.033333333334
22615,2024-07-19 11:53:35,1721390015.0,798.0,149753.0,2495.883333333333,False,252800.0,4213.333333333333
22616,2024-07-19 12:05:18,1721390718.0,703.0,150456.0,2507.6,False,253503.0,4225.05
22617,2024-07-19 12:19:10,1721391550.0,832.0,151288.0,2521.4666666666667,False,254335.0,4238.916666666667
22618,2024-07-19 12:34:38,1721392478.0,928.0,152216.0,2536.9333333333334,False,0.0,0.0
22619,2024-07-19 12:48:15,1721393295.0,817.0,153033.0,2550.55,False,817.0,13.616666666666667
22620,2024-07-19 13:13:47,1721394827.0,1532.0,154565.0,2576.0833333333335,False,2349.0,39.15
22621,2024-07-19 13:42:06,1721396526.0,1699.0,156264.0,2604.4,True,4048.0,67.46666666666667
22622,2024-07-19 13:56:50,1721397410.0,884.0,884.0,14.733333333333333,False,4932.0,82.2
22623,2024-07-19 14:19:35,1721398775.0,1365.0,1365.0,22.75,False,6297.0,104.95
22624,2024-07-19 15:34:23,1721403263.0,4488.0,5853.0,97.55,False,10785.0,179.75
22625,2024-07-19 15:46:54,1721404014.0,751.0,751.0,12.516666666666667,False,11536.0,192.26666666666668
22626,2024-07-19 16:04:38,1721405078.0,1064.0,1064.0,17.733333333333334,False,12600.0,210.0
22627,2024-07-19 16:18:55,1721405935.0,857.0,857.0,14.283333333333333,False,13457.0,224.28333333333333
22628,2024-07-19 16:40:51,1721407251.0,1316.0,1316.0,21.933333333333334,False,14773.0,246.21666666666667
22629,2024-07-19 16:56:02,1721408162.0,911.0,911.0,15.183333333333334,False,15684.0,261.4
22630,2024-07-19 17:26:45,1721410005.0,1843.0,1843.0,30.716666666666665,False,17527.0,292.1166666666667
22631,2024-07-19 17:41:38,1721410898.0,893.0,893.0,14.883333333333333,False,18420.0,307.0
22632,2024-07-19 17:54:40,1721411680.0,782.0,782.0,13.033333333333333,False,19202.0,320.03333333333336
22633,2024-07-19 18:09:17,1721412557.0,877.0,877.0,14.616666666666667,False,20079.0,334.65
22634,2024-07-19 18:23:58,1721413438.0,881.0,881.0,14.683333333333334,False,20960.0,349.3333333333333
22635,2024-07-19 18:47:02,1721414822.0,1384.0,1384.0,23.066666666666666,False,22344.0,372.4
22636,2024-07-19 18:54:45,1721415285.0,463.0,1847.0,30.783333333333335,False,22807.0,380.1166666666667
22637,2024-07-19 19:09:05,1721416145.0,860.0,860.0,14.333333333333334,False,23667.0,394.45
22638,2024-07-22 14:33:49,1721658829.0,242684.0,242684.0,4044.733333333333,False,266351.0,4439.183333333333
22639,2024-07-22 14:41:34,1721659294.0,465.0,243149.0,4052.483333333333,False,266816.0,4446.933333333333
22640,2024-07-22 14:51:55,1721659915.0,621.0,243770.0,4062.8333333333335,True,267437.0,4457.283333333334
22641,2024-07-22 16:30:31,1721665831.0,5916.0,5916.0,98.6,False,273353.0,4555.883333333333
22642,2024-07-22 16:56:04,1721667364.0,1533.0,1533.0,25.55,False,274886.0,4581.433333333333
22643,2024-07-22 17:10:36,1721668236.0,872.0,872.0,14.533333333333333,False,275758.0,4595.966666666666
22644,2024-07-22 17:22:06,1721668926.0,690.0,690.0,11.5,False,276448.0,4607.466666666666
22645,2024-07-22 18:01:27,1721671287.0,2361.0,2361.0,39.35,False,278809.0,4646.816666666667
22646,2024-07-22 18:15:56,1721672156.0,869.0,869.0,14.483333333333333,False,279678.0,4661.3
22647,2024-07-22 18:35:37,1721673337.0,1181.0,1181.0,19.683333333333334,False,280859.0,4680.983333333334
22648,2024-07-22 18:42:27,1721673747.0,410.0,1591.0,26.516666666666666,False,281269.0,4687.816666666667
22649,2024-07-22 19:15:59,1721675759.0,2012.0,2012.0,33.53333333333333,False,283281.0,4721.35
22650,2024-07-22 19:35:37,1721676937.0,1178.0,1178.0,19.633333333333333,False,284459.0,4740.983333333334
22651,2024-07-22 19:48:20,1721677700.0,763.0,763.0,12.716666666666667,False,285222.0,4753.7
22652,2024-07-22 20:01:16,1721678476.0,776.0,776.0,12.933333333333334,False,285998.0,4766.633333333333
22653,2024-07-23 12:18:29,1721737109.0,58633.0,58633.0,977.2166666666667,False,344631.0,5743.85
22654,2024-07-23 12:40:19,1721738419.0,1310.0,59943.0,999.05,False,345941.0,5765.683333333333
22655,2024-07-23 13:11:20,1721740280.0,1861.0,61804.0,1030.0666666666666,False,347802.0,5796.7
22656,2024-07-23 13:23:09,1721740989.0,709.0,62513.0,1041.8833333333334,True,348511.0,5808.516666666666
22657,2024-07-23 13:43:00,1721742180.0,1191.0,1191.0,19.85,False,349702.0,5828.366666666667
22658,2024-07-23 14:12:17,1721743937.0,1757.0,1757.0,29.283333333333335,False,351459.0,5857.65
22659,2024-07-23 14:48:32,1721746112.0,2175.0,2175.0,36.25,False,353634.0,5893.9
22660,2024-07-23 15:02:24,1721746944.0,832.0,832.0,13.866666666666667,False,354466.0,5907.766666666666
22661,2024-07-23 15:18:57,1721747937.0,993.0,993.0,16.55,False,355459.0,5924.316666666667
22662,2024-07-23 16:02:27,1721750547.0,2610.0,2610.0,43.5,False,358069.0,5967.816666666667
22663,2024-07-23 16:41:27,1721752887.0,2340.0,2340.0,39.0,False,360409.0,6006.816666666667
22664,2024-07-23 16:58:19,1721753899.0,1012.0,1012.0,16.866666666666667,False,361421.0,6023.683333333333
22665,2024-07-23 17:11:10,1721754670.0,771.0,771.0,12.85,False,362192.0,6036.533333333334
22666,2024-07-23 17:23:52,1721755432.0,762.0,762.0,12.7,False,362954.0,6049.233333333334
22667,2024-07-23 17:43:30,1721756610.0,1178.0,1178.0,19.633333333333333,False,364132.0,6068.866666666667
22668,2024-07-23 17:59:00,1721757540.0,930.0,930.0,15.5,False,365062.0,6084.366666666667
22669,2024-07-23 18:19:28,1721758768.0,1228.0,1228.0,20.466666666666665,False,366290.0,6104.833333333333
22670,2024-07-23 18:35:24,1721759724.0,956.0,956.0,15.933333333333334,False,367246.0,6120.766666666666
22671,2024-07-23 18:49:11,1721760551.0,827.0,827.0,13.783333333333333,False,368073.0,6134.55
22672,2024-07-23 19:03:04,1721761384.0,833.0,833.0,13.883333333333333,False,368906.0,6148.433333333333
22673,2024-07-23 19:17:28,1721762248.0,864.0,864.0,14.4,False,369770.0,6162.833333333333
22674,2024-07-24 15:57:01,1721836621.0,74373.0,74373.0,1239.55,False,0.0,0.0
22675,2024-07-24 16:06:18,1721837178.0,557.0,74930.0,1248.8333333333333,False,557.0,9.283333333333333
22676,2024-07-24 16:24:40,1721838280.0,1102.0,76032.0,1267.2,True,1659.0,27.65
22677,2024-07-24 17:36:51,1721842611.0,4331.0,4331.0,72.18333333333334,False,5990.0,99.83333333333333
22678,2024-07-24 18:14:01,1721844841.0,2230.0,2230.0,37.166666666666664,False,8220.0,137.0
22679,2024-07-24 18:33:31,1721846011.0,1170.0,1170.0,19.5,False,9390.0,156.5
22680,2024-07-24 18:50:42,1721847042.0,1031.0,1031.0,17.183333333333334,False,10421.0,173.68333333333334
22681,2024-07-24 19:15:03,1721848503.0,1461.0,1461.0,24.35,False,11882.0,198.03333333333333
22682,2024-07-25 11:27:36,1721906856.0,58353.0,58353.0,972.55,False,70235.0,1170.5833333333333
22683,2024-07-25 11:41:06,1721907666.0,810.0,59163.0,986.05,False,71045.0,1184.0833333333333
22684,2024-07-25 11:52:23,1721908343.0,677.0,59840.0,997.3333333333334,False,71722.0,1195.3666666666666
22685,2024-07-25 12:41:01,1721911261.0,2918.0,62758.0,1045.9666666666667,False,74640.0,1244.0
22686,2024-07-25 13:07:29,1721912849.0,1588.0,64346.0,1072.4333333333334,False,76228.0,1270.4666666666667
22687,2024-07-25 14:22:36,1721917356.0,4507.0,68853.0,1147.55,False,80735.0,1345.5833333333333
22688,2024-07-25 14:32:05,1721917925.0,569.0,69422.0,1157.0333333333333,False,81304.0,1355.0666666666666
22689,2024-07-25 14:46:05,1721918765.0,840.0,70262.0,1171.0333333333333,True,82144.0,1369.0666666666666
22690,2024-07-25 15:03:07,1721919787.0,1022.0,1022.0,17.033333333333335,False,83166.0,1386.1
22691,2024-07-25 15:23:15,1721920995.0,1208.0,1208.0,20.133333333333333,False,84374.0,1406.2333333333333
22692,2024-07-25 15:48:49,1721922529.0,1534.0,1534.0,25.566666666666666,False,85908.0,1431.8
22694,2024-07-25 16:38:05,1721925485.0,2956.0,2956.0,49.266666666666666,False,88864.0,1481.0666666666666
22695,2024-07-25 16:58:13,1721926693.0,1208.0,1208.0,20.133333333333333,False,90072.0,1501.2
22696,2024-07-25 17:23:29,1721928209.0,1516.0,1516.0,25.266666666666666,False,91588.0,1526.4666666666667
22697,2024-07-25 17:38:13,1721929093.0,884.0,884.0,14.733333333333333,False,92472.0,1541.2
22698,2024-07-25 17:53:09,1721929989.0,896.0,896.0,14.933333333333334,False,93368.0,1556.1333333333334
22699,2024-07-25 18:15:55,1721931355.0,1366.0,1366.0,22.766666666666666,False,94734.0,1578.9
22700,2024-07-25 18:40:08,1721932808.0,1453.0,1453.0,24.216666666666665,False,96187.0,1603.1166666666666
22701,2024-07-25 18:59:29,1721933969.0,1161.0,1161.0,19.35,False,97348.0,1622.4666666666667
22702,2024-07-25 19:20:21,1721935221.0,1252.0,1252.0,20.866666666666667,False,98600.0,1643.3333333333333
22703,2024-07-25 19:42:07,1721936527.0,1306.0,1306.0,21.766666666666666,False,99906.0,1665.1
22704,2024-07-26 15:04:27,1722006267.0,69740.0,69740.0,1162.3333333333333,False,169646.0,2827.4333333333334
22705,2024-07-26 15:11:03,1722006663.0,396.0,70136.0,1168.9333333333334,False,170042.0,2834.0333333333333
22706,2024-07-26 15:53:53,1722009233.0,2570.0,72706.0,1211.7666666666667,False,172612.0,2876.866666666667
22707,2024-07-26 16:07:02,1722010022.0,789.0,73495.0,1224.9166666666667,False,173401.0,2890.016666666667
22708,2024-07-26 16:43:05,1722012185.0,2163.0,75658.0,1260.9666666666667,True,175564.0,2926.0666666666666
22709,2024-07-26 17:36:39,1722015399.0,3214.0,3214.0,53.56666666666667,False,178778.0,2979.633333333333
22710,2024-07-26 17:45:05,1722015905.0,506.0,3720.0,62.0,False,179284.0,2988.0666666666666
22711,2024-07-26 18:00:26,1722016826.0,921.0,921.0,15.35,False,180205.0,3003.4166666666665
22712,2024-07-26 18:16:52,1722017812.0,986.0,1907.0,31.783333333333335,False,181191.0,3019.85
22713,2024-07-26 18:35:21,1722018921.0,1109.0,1109.0,18.483333333333334,False,182300.0,3038.3333333333335
22714,2024-07-26 18:54:07,1722020047.0,1126.0,1126.0,18.766666666666666,False,183426.0,3057.1
22715,2024-07-26 19:13:15,1722021195.0,1148.0,1148.0,19.133333333333333,False,184574.0,3076.233333333333
22716,2024-07-26 19:29:15,1722022155.0,960.0,960.0,16.0,False,185534.0,3092.233333333333
22717,2024-07-26 19:45:27,1722023127.0,972.0,972.0,16.2,False,186506.0,3108.4333333333334
22718,2024-07-26 20:05:37,1722024337.0,1210.0,1210.0,20.166666666666668,False,187716.0,3128.6
22719,2024-07-26 20:24:14,1722025454.0,1117.0,1117.0,18.616666666666667,False,188833.0,3147.2166666666667
22720,2024-07-26 20:40:51,1722026451.0,997.0,997.0,16.616666666666667,False,189830.0,3163.8333333333335
22721,2024-07-26 21:01:33,1722027693.0,1242.0,1242.0,20.7,False,191072.0,3184.5333333333333
22722,2024-07-29 12:44:45,1722257085.0,229392.0,229392.0,3823.2,False,0.0,0.0
22723,2024-07-29 13:05:34,1722258334.0,1249.0,230641.0,3844.016666666667,False,1249.0,20.816666666666666
22724,2024-07-29 13:19:17,1722259157.0,823.0,231464.0,3857.733333333333,False,2072.0,34.53333333333333
22725,2024-07-29 13:34:58,1722260098.0,941.0,232405.0,3873.4166666666665,True,3013.0,50.21666666666667
22726,2024-07-29 13:46:33,1722260793.0,695.0,695.0,11.583333333333334,False,3708.0,61.8
22727,2024-07-29 14:06:11,1722261971.0,1178.0,1178.0,19.633333333333333,False,4886.0,81.43333333333334
22728,2024-07-29 14:24:41,1722263081.0,1110.0,1110.0,18.5,False,5996.0,99.93333333333334
22729,2024-07-29 17:13:21,1722273201.0,10120.0,10120.0,168.66666666666666,False,16116.0,268.6
22730,2024-07-29 17:31:29,1722274289.0,1088.0,1088.0,18.133333333333333,False,17204.0,286.73333333333335
22731,2024-07-29 17:48:37,1722275317.0,1028.0,1028.0,17.133333333333333,False,18232.0,303.8666666666667
22732,2024-07-29 18:07:00,1722276420.0,1103.0,1103.0,18.383333333333333,False,19335.0,322.25
22733,2024-07-29 18:25:36,1722277536.0,1116.0,1116.0,18.6,False,20451.0,340.85
22734,2024-07-29 18:43:39,1722278619.0,1083.0,1083.0,18.05,False,21534.0,358.9
22735,2024-07-29 19:08:58,1722280138.0,1519.0,1519.0,25.316666666666666,False,23053.0,384.21666666666664
22736,2024-07-29 19:33:22,1722281602.0,1464.0,1464.0,24.4,False,24517.0,408.6166666666667
22737,2024-07-29 19:50:42,1722282642.0,1040.0,1040.0,17.333333333333332,False,25557.0,425.95
22738,2024-07-29 20:10:09,1722283809.0,1167.0,1167.0,19.45,False,26724.0,445.4
22739,2024-07-30 12:08:54,1722341334.0,57525.0,57525.0,958.75,False,84249.0,1404.15
22740,2024-07-30 12:19:41,1722341981.0,647.0,58172.0,969.5333333333333,False,84896.0,1414.9333333333334
22741,2024-07-30 12:35:47,1722342947.0,966.0,59138.0,985.6333333333333,True,85862.0,1431.0333333333333
22742,2024-07-30 12:55:49,1722344149.0,1202.0,1202.0,20.033333333333335,False,87064.0,1451.0666666666666
22743,2024-07-30 13:14:20,1722345260.0,1111.0,1111.0,18.516666666666666,False,88175.0,1469.5833333333333
22744,2024-07-30 13:32:41,1722346361.0,1101.0,1101.0,18.35,False,89276.0,1487.9333333333334
22745,2024-07-30 13:51:25,1722347485.0,1124.0,1124.0,18.733333333333334,False,90400.0,1506.6666666666667
22746,2024-07-30 14:09:46,1722348586.0,1101.0,1101.0,18.35,False,91501.0,1525.0166666666667
22747,2024-07-30 14:36:07,1722350167.0,1581.0,1581.0,26.35,False,93082.0,1551.3666666666666
22748,2024-07-30 15:08:22,1722352102.0,1935.0,1935.0,32.25,False,95017.0,1583.6166666666666
22749,2024-07-30 15:34:48,1722353688.0,1586.0,1586.0,26.433333333333334,False,96603.0,1610.05
22750,2024-07-30 15:53:33,1722354813.0,1125.0,1125.0,18.75,False,97728.0,1628.8
22751,2024-07-30 16:14:18,1722356058.0,1245.0,1245.0,20.75,False,98973.0,1649.55
22752,2024-07-30 16:32:00,1722357120.0,1062.0,1062.0,17.7,False,100035.0,1667.25
22753,2024-07-30 16:50:34,1722358234.0,1114.0,1114.0,18.566666666666666,False,101149.0,1685.8166666666666
22754,2024-07-30 17:08:37,1722359317.0,1083.0,1083.0,18.05,False,102232.0,1703.8666666666666
22755,2024-07-30 17:29:22,1722360562.0,1245.0,1245.0,20.75,False,103477.0,1724.6166666666666
22756,2024-07-30 17:48:12,1722361692.0,1130.0,1130.0,18.833333333333332,False,104607.0,1743.45
22757,2024-08-01 11:46:09,1722512769.0,151077.0,151077.0,2517.95,False,255684.0,4261.4
22758,2024-08-01 12:05:10,1722513910.0,1141.0,152218.0,2536.9666666666667,False,256825.0,4280.416666666667
22759,2024-08-01 12:35:21,1722515721.0,1811.0,154029.0,2567.15,False,258636.0,4310.6
22760,2024-08-01 12:45:51,1722516351.0,630.0,154659.0,2577.65,False,259266.0,4321.1
22761,2024-08-01 13:00:04,1722517204.0,853.0,155512.0,2591.866666666667,False,260119.0,4335.316666666667
22762,2024-08-01 13:12:27,1722517947.0,743.0,156255.0,2604.25,False,260862.0,4347.7
22763,2024-08-01 13:18:31,1722518311.0,364.0,156619.0,2610.3166666666666,False,261226.0,4353.766666666666
22764,2024-08-01 13:28:10,1722518890.0,579.0,157198.0,2619.9666666666667,False,261805.0,4363.416666666667
22765,2024-08-01 13:35:48,1722519348.0,458.0,157656.0,2627.6,False,262263.0,4371.05
22766,2024-08-01 17:17:17,1722532637.0,13289.0,170945.0,2849.0833333333335,False,275552.0,4592.533333333334
22767,2024-08-01 17:29:35,1722533375.0,738.0,171683.0,2861.383333333333,False,276290.0,4604.833333333333
22768,2024-08-01 17:45:04,1722534304.0,929.0,172612.0,2876.866666666667,False,277219.0,4620.316666666667
22769,2024-08-01 17:57:16,1722535036.0,732.0,173344.0,2889.0666666666666,True,277951.0,4632.516666666666
22770,2024-08-01 18:14:31,1722536071.0,1035.0,1035.0,17.25,False,278986.0,4649.766666666666
22771,2024-08-01 18:27:58,1722536878.0,807.0,807.0,13.45,False,279793.0,4663.216666666666
22772,2024-08-01 18:42:35,1722537755.0,877.0,877.0,14.616666666666667,False,280670.0,4677.833333333333
22773,2024-08-01 19:05:07,1722539107.0,1352.0,1352.0,22.533333333333335,False,282022.0,4700.366666666667
22774,2024-08-01 19:22:27,1722540147.0,1040.0,1040.0,17.333333333333332,False,283062.0,4717.7
22775,2024-08-01 19:38:57,1722541137.0,990.0,990.0,16.5,False,284052.0,4734.2
22776,2024-08-01 19:57:02,1722542222.0,1085.0,1085.0,18.083333333333332,False,285137.0,4752.283333333334
22777,2024-08-02 10:43:59,1722595439.0,53217.0,53217.0,886.95,False,338354.0,5639.233333333334
22778,2024-08-02 10:52:27,1722595947.0,508.0,53725.0,895.4166666666666,False,338862.0,5647.7
22779,2024-08-02 11:07:27,1722596847.0,900.0,54625.0,910.4166666666666,True,339762.0,5662.7
22780,2024-08-02 11:22:57,1722597777.0,930.0,930.0,15.5,False,340692.0,5678.2
22781,2024-08-02 11:42:34,1722598954.0,1177.0,1177.0,19.616666666666667,False,341869.0,5697.816666666667
22782,2024-08-02 11:55:54,1722599754.0,800.0,800.0,13.333333333333334,False,342669.0,5711.15
22783,2024-08-02 12:15:53,1722600953.0,1199.0,1199.0,19.983333333333334,False,343868.0,5731.133333333333
22784,2024-08-02 12:27:11,1722601631.0,678.0,678.0,11.3,False,344546.0,5742.433333333333
22785,2024-08-02 12:39:56,1722602396.0,765.0,765.0,12.75,False,345311.0,5755.183333333333
22786,2024-08-02 12:53:23,1722603203.0,807.0,807.0,13.45,False,346118.0,5768.633333333333
22787,2024-08-02 13:06:00,1722603960.0,757.0,757.0,12.616666666666667,False,346875.0,5781.25
22788,2024-08-02 13:28:56,1722605336.0,1376.0,1376.0,22.933333333333334,False,348251.0,5804.183333333333
22789,2024-08-02 13:43:41,1722606221.0,885.0,885.0,14.75,False,349136.0,5818.933333333333
22790,2024-08-02 13:58:27,1722607107.0,886.0,886.0,14.766666666666667,False,350022.0,5833.7
22791,2024-08-02 14:12:08,1722607928.0,821.0,821.0,13.683333333333334,False,350843.0,5847.383333333333
22792,2024-08-02 14:28:34,1722608914.0,986.0,986.0,16.433333333333334,False,351829.0,5863.816666666667
22793,2024-08-02 14:43:49,1722609829.0,915.0,915.0,15.25,False,352744.0,5879.066666666667
22794,2024-08-02 17:49:23,1722620963.0,11134.0,11134.0,185.56666666666666,False,363878.0,6064.633333333333
22795,2024-08-02 18:04:33,1722621873.0,910.0,910.0,15.166666666666666,False,364788.0,6079.8
22796,2024-08-02 18:18:04,1722622684.0,811.0,811.0,13.516666666666667,False,365599.0,6093.316666666667
22797,2024-08-02 18:36:30,1722623790.0,1106.0,1106.0,18.433333333333334,False,366705.0,6111.75
22798,2024-08-06 13:31:03,1722951063.0,327273.0,327273.0,5454.55,False,693978.0,11566.3
22799,2024-08-06 13:50:56,1722952256.0,1193.0,328466.0,5474.433333333333,False,0.0,0.0
22800,2024-08-06 14:30:29,1722954629.0,2373.0,330839.0,5513.983333333334,True,2373.0,39.55
22801,2024-08-06 14:57:32,1722956252.0,1623.0,1623.0,27.05,False,3996.0,66.6
22802,2024-08-06 15:29:07,1722958147.0,1895.0,1895.0,31.583333333333332,False,5891.0,98.18333333333334
22803,2024-08-06 15:55:52,1722959752.0,1605.0,1605.0,26.75,False,7496.0,124.93333333333334
22804,2024-08-06 16:14:07,1722960847.0,1095.0,2700.0,45.0,False,8591.0,143.18333333333334
22805,2024-08-06 16:37:57,1722962277.0,1430.0,1430.0,23.833333333333332,False,10021.0,167.01666666666668
22806,2024-08-06 17:01:22,1722963682.0,1405.0,1405.0,23.416666666666668,False,11426.0,190.43333333333334
22807,2024-08-06 17:29:22,1722965362.0,1680.0,1680.0,28.0,False,13106.0,218.43333333333334
22808,2024-08-06 17:52:20,1722966740.0,1378.0,1378.0,22.966666666666665,False,14484.0,241.4
22809,2024-08-06 18:14:52,1722968092.0,1352.0,1352.0,22.533333333333335,False,15836.0,263.93333333333334
22810,2024-08-06 18:33:10,1722969190.0,1098.0,1098.0,18.3,False,16934.0,282.23333333333335
22811,2024-08-06 18:45:05,1722969905.0,715.0,1813.0,30.216666666666665,False,17649.0,294.15
22812,2024-08-06 19:02:45,1722970965.0,1060.0,1060.0,17.666666666666668,False,18709.0,311.81666666666666
22813,2024-08-06 19:21:32,1722972092.0,1127.0,1127.0,18.783333333333335,False,19836.0,330.6
22814,2024-08-06 19:41:23,1722973283.0,1191.0,1191.0,19.85,False,21027.0,350.45
22815,2024-08-07 13:46:06,1723038366.0,65083.0,65083.0,1084.7166666666667,False,86110.0,1435.1666666666667
22816,2024-08-07 14:02:25,1723039345.0,979.0,66062.0,1101.0333333333333,False,87089.0,1451.4833333333333
22817,2024-08-07 14:42:51,1723041771.0,2426.0,68488.0,1141.4666666666667,True,89515.0,1491.9166666666667
22818,2024-08-07 15:08:59,1723043339.0,1568.0,1568.0,26.133333333333333,False,91083.0,1518.05
22819,2024-08-07 15:38:35,1723045115.0,1776.0,1776.0,29.6,False,92859.0,1547.65
22820,2024-08-07 15:56:49,1723046209.0,1094.0,1094.0,18.233333333333334,False,93953.0,1565.8833333333334
22821,2024-08-07 16:22:05,1723047725.0,1516.0,1516.0,25.266666666666666,False,95469.0,1591.15
22822,2024-08-07 16:47:55,1723049275.0,1550.0,1550.0,25.833333333333332,False,97019.0,1616.9833333333333
22823,2024-08-07 17:06:23,1723050383.0,1108.0,1108.0,18.466666666666665,False,98127.0,1635.45
22824,2024-08-07 17:33:20,1723052000.0,1617.0,1617.0,26.95,False,99744.0,1662.4
22825,2024-08-07 18:00:18,1723053618.0,1618.0,1618.0,26.966666666666665,False,101362.0,1689.3666666666666
22826,2024-08-07 18:20:13,1723054813.0,1195.0,1195.0,19.916666666666668,False,102557.0,1709.2833333333333
22827,2024-08-07 18:45:30,1723056330.0,1517.0,1517.0,25.283333333333335,False,104074.0,1734.5666666666666
22828,2024-08-07 19:14:44,1723058084.0,1754.0,1754.0,29.233333333333334,False,105828.0,1763.8
22829,2024-08-07 19:31:45,1723059105.0,1021.0,2775.0,46.25,False,106849.0,1780.8166666666666
22830,2024-08-08 13:18:49,1723123129.0,64024.0,66799.0,1113.3166666666666,False,170873.0,2847.883333333333
22831,2024-08-08 13:24:25,1723123465.0,336.0,67135.0,1118.9166666666667,False,171209.0,2853.483333333333
22832,2024-08-08 13:44:08,1723124648.0,1183.0,68318.0,1138.6333333333334,True,172392.0,2873.2
22833,2024-08-08 14:00:32,1723125632.0,984.0,984.0,16.4,False,173376.0,2889.6
22834,2024-08-08 14:25:11,1723127111.0,1479.0,2463.0,41.05,False,174855.0,2914.25
22835,2024-08-08 14:46:12,1723128372.0,1261.0,1261.0,21.016666666666666,False,176116.0,2935.266666666667
22836,2024-08-08 14:55:34,1723128934.0,562.0,562.0,9.366666666666667,False,176678.0,2944.633333333333
22837,2024-08-08 15:06:52,1723129612.0,678.0,1240.0,20.666666666666668,False,177356.0,2955.9333333333334
22838,2024-08-08 15:20:21,1723130421.0,809.0,2049.0,34.15,False,178165.0,2969.4166666666665
22839,2024-08-08 15:33:45,1723131225.0,804.0,804.0,13.4,False,178969.0,2982.8166666666666
22840,2024-08-08 15:50:50,1723132250.0,1025.0,1025.0,17.083333333333332,False,179994.0,2999.9
22841,2024-08-08 16:10:58,1723133458.0,1208.0,1208.0,20.133333333333333,False,181202.0,3020.0333333333333
22842,2024-08-08 16:27:56,1723134476.0,1018.0,1018.0,16.966666666666665,False,182220.0,3037.0
22843,2024-08-08 16:46:26,1723135586.0,1110.0,1110.0,18.5,False,183330.0,3055.5
22844,2024-08-08 17:03:14,1723136594.0,1008.0,1008.0,16.8,False,184338.0,3072.3
22845,2024-08-08 17:25:03,1723137903.0,1309.0,1309.0,21.816666666666666,False,185647.0,3094.116666666667
22846,2024-08-08 17:34:04,1723138444.0,541.0,1850.0,30.833333333333332,False,186188.0,3103.133333333333
22847,2024-08-08 17:51:41,1723139501.0,1057.0,1057.0,17.616666666666667,False,187245.0,3120.75
22848,2024-08-08 18:11:09,1723140669.0,1168.0,1168.0,19.466666666666665,False,188413.0,3140.2166666666667
22849,2024-08-08 18:29:49,1723141789.0,1120.0,1120.0,18.666666666666668,False,189533.0,3158.883333333333
22850,2024-08-08 18:50:17,1723143017.0,1228.0,1228.0,20.466666666666665,False,190761.0,3179.35
22851,2024-08-08 19:08:21,1723144101.0,1084.0,1084.0,18.066666666666666,False,191845.0,3197.4166666666665
22852,2024-08-08 19:26:59,1723145219.0,1118.0,1118.0,18.633333333333333,False,192963.0,3216.05
22853,2024-08-09 12:40:36,1723207236.0,62017.0,62017.0,1033.6166666666666,False,254980.0,4249.666666666667
22855,2024-08-09 13:01:33,1723208493.0,1257.0,63274.0,1054.5666666666666,False,0.0,0.0
22856,2024-08-09 13:30:19,1723210219.0,1726.0,65000.0,1083.3333333333333,False,1726.0,28.766666666666666
22857,2024-08-09 13:46:07,1723211167.0,948.0,65948.0,1099.1333333333334,False,2674.0,44.56666666666667
22858,2024-08-09 14:10:39,1723212639.0,1472.0,67420.0,1123.6666666666667,True,4146.0,69.1
22859,2024-08-09 14:28:12,1723213692.0,1053.0,1053.0,17.55,False,5199.0,86.65
22860,2024-08-09 14:57:30,1723215450.0,1758.0,1758.0,29.3,False,6957.0,115.95
22861,2024-08-09 15:23:01,1723216981.0,1531.0,1531.0,25.516666666666666,False,8488.0,141.46666666666667
22862,2024-08-09 15:42:19,1723218139.0,1158.0,1158.0,19.3,False,9646.0,160.76666666666668
22863,2024-08-09 16:05:04,1723219504.0,1365.0,1365.0,22.75,False,11011.0,183.51666666666668
22864,2024-08-09 16:34:02,1723221242.0,1738.0,1738.0,28.966666666666665,False,12749.0,212.48333333333332
22865,2024-08-09 16:55:09,1723222509.0,1267.0,1267.0,21.116666666666667,False,14016.0,233.6
22866,2024-08-09 17:11:44,1723223504.0,995.0,995.0,16.583333333333332,False,15011.0,250.18333333333334
22867,2024-08-09 17:20:33,1723224033.0,529.0,1524.0,25.4,False,15540.0,259.0
22868,2024-08-09 17:31:33,1723224693.0,660.0,2184.0,36.4,False,16200.0,270.0
22869,2024-08-09 17:50:18,1723225818.0,1125.0,1125.0,18.75,False,17325.0,288.75
22870,2024-08-09 18:13:59,1723227239.0,1421.0,1421.0,23.683333333333334,False,18746.0,312.43333333333334
22871,2024-08-09 18:38:53,1723228733.0,1494.0,1494.0,24.9,False,20240.0,337.3333333333333
22872,2024-08-09 18:57:13,1723229833.0,1100.0,1100.0,18.333333333333332,False,21340.0,355.6666666666667
22873,2024-08-09 19:16:37,1723230997.0,1164.0,1164.0,19.4,False,22504.0,375.06666666666666
22874,2024-08-09 19:36:30,1723232190.0,1193.0,1193.0,19.883333333333333,False,23697.0,394.95
22875,2024-08-12 12:28:10,1723465690.0,233500.0,233500.0,3891.6666666666665,False,257197.0,4286.616666666667
22876,2024-08-12 12:40:14,1723466414.0,724.0,234224.0,3903.733333333333,False,257921.0,4298.683333333333
22877,2024-08-12 13:00:02,1723467602.0,1188.0,235412.0,3923.5333333333333,True,259109.0,4318.483333333334
22878,2024-08-12 13:18:48,1723468728.0,1126.0,1126.0,18.766666666666666,False,260235.0,4337.25
22879,2024-08-12 13:41:34,1723470094.0,1366.0,1366.0,22.766666666666666,False,261601.0,4360.016666666666
22880,2024-08-12 14:10:17,1723471817.0,1723.0,3089.0,51.483333333333334,False,263324.0,4388.733333333334
22881,2024-08-12 14:29:02,1723472942.0,1125.0,1125.0,18.75,False,264449.0,4407.483333333334
22882,2024-08-12 14:48:29,1723474109.0,1167.0,1167.0,19.45,False,265616.0,4426.933333333333
22883,2024-08-12 15:15:35,1723475735.0,1626.0,1626.0,27.1,False,267242.0,4454.033333333334
22884,2024-08-12 15:38:08,1723477088.0,1353.0,1353.0,22.55,False,268595.0,4476.583333333333
22885,2024-08-12 16:01:57,1723478517.0,1429.0,1429.0,23.816666666666666,False,270024.0,4500.4
22886,2024-08-12 16:19:34,1723479574.0,1057.0,1057.0,17.616666666666667,False,271081.0,4518.016666666666
22887,2024-08-12 16:37:37,1723480657.0,1083.0,1083.0,18.05,False,272164.0,4536.066666666667
22888,2024-08-12 16:58:50,1723481930.0,1273.0,1273.0,21.216666666666665,False,273437.0,4557.283333333334
22889,2024-08-12 17:16:52,1723483012.0,1082.0,1082.0,18.033333333333335,False,274519.0,4575.316666666667
22890,2024-08-12 17:34:54,1723484094.0,1082.0,1082.0,18.033333333333335,False,275601.0,4593.35
22891,2024-08-12 17:52:59,1723485179.0,1085.0,1085.0,18.083333333333332,False,276686.0,4611.433333333333
22892,2024-08-12 18:14:10,1723486450.0,1271.0,1271.0,21.183333333333334,False,277957.0,4632.616666666667
22893,2024-08-12 18:38:20,1723487900.0,1450.0,1450.0,24.166666666666668,False,279407.0,4656.783333333334
22894,2024-08-12 18:57:43,1723489063.0,1163.0,1163.0,19.383333333333333,False,280570.0,4676.166666666667
22895,2024-08-13 11:40:20,1723549220.0,60157.0,60157.0,1002.6166666666667,False,340727.0,5678.783333333334
22896,2024-08-13 12:06:46,1723550806.0,1586.0,61743.0,1029.05,False,342313.0,5705.216666666666
22897,2024-08-13 12:19:33,1723551573.0,767.0,62510.0,1041.8333333333333,True,343080.0,5718.0
22898,2024-08-13 12:38:49,1723552729.0,1156.0,1156.0,19.266666666666666,False,344236.0,5737.266666666666
22899,2024-08-13 12:58:08,1723553888.0,1159.0,1159.0,19.316666666666666,False,345395.0,5756.583333333333
22900,2024-08-13 13:33:22,1723556002.0,2114.0,2114.0,35.233333333333334,False,347509.0,5791.816666666667
22901,2024-08-13 13:55:59,1723557359.0,1357.0,1357.0,22.616666666666667,False,348866.0,5814.433333333333
22902,2024-08-13 14:14:03,1723558443.0,1084.0,1084.0,18.066666666666666,False,349950.0,5832.5
22903,2024-08-13 14:32:25,1723559545.0,1102.0,1102.0,18.366666666666667,False,351052.0,5850.866666666667
22904,2024-08-13 14:55:53,1723560953.0,1408.0,1408.0,23.466666666666665,False,352460.0,5874.333333333333
22905,2024-08-13 15:15:16,1723562116.0,1163.0,1163.0,19.383333333333333,False,353623.0,5893.716666666666
22906,2024-08-13 15:35:22,1723563322.0,1206.0,1206.0,20.1,False,354829.0,5913.816666666667
22907,2024-08-13 15:58:17,1723564697.0,1375.0,1375.0,22.916666666666668,False,356204.0,5936.733333333334
22908,2024-08-13 16:17:10,1723565830.0,1133.0,1133.0,18.883333333333333,False,357337.0,5955.616666666667
22909,2024-08-13 16:38:33,1723567113.0,1283.0,1283.0,21.383333333333333,False,358620.0,5977.0
22910,2024-08-13 16:59:15,1723568355.0,1242.0,1242.0,20.7,False,359862.0,5997.7
22911,2024-08-13 17:18:31,1723569511.0,1156.0,1156.0,19.266666666666666,False,361018.0,6016.966666666666
22912,2024-08-14 11:29:23,1723634963.0,65452.0,65452.0,1090.8666666666666,False,0.0,0.0
22913,2024-08-14 12:19:50,1723637990.0,3027.0,68479.0,1141.3166666666666,False,3027.0,50.45
22914,2024-08-14 13:16:27,1723641387.0,3397.0,71876.0,1197.9333333333334,False,6424.0,107.06666666666666
22915,2024-08-14 13:37:52,1723642672.0,1285.0,73161.0,1219.35,True,7709.0,128.48333333333332
22916,2024-08-14 13:57:28,1723643848.0,1176.0,1176.0,19.6,False,8885.0,148.08333333333334
22917,2024-08-14 14:20:16,1723645216.0,1368.0,1368.0,22.8,False,10253.0,170.88333333333333
22918,2024-08-14 14:40:57,1723646457.0,1241.0,1241.0,20.683333333333334,False,11494.0,191.56666666666666
22919,2024-08-14 15:00:36,1723647636.0,1179.0,1179.0,19.65,False,12673.0,211.21666666666667
22920,2024-08-14 15:36:51,1723649811.0,2175.0,2175.0,36.25,False,14848.0,247.46666666666667
22921,2024-08-14 16:03:52,1723651432.0,1621.0,1621.0,27.016666666666666,False,16469.0,274.48333333333335
22922,2024-08-14 16:17:47,1723652267.0,835.0,835.0,13.916666666666666,False,17304.0,288.4
22923,2024-08-14 16:39:27,1723653567.0,1300.0,2135.0,35.583333333333336,False,18604.0,310.06666666666666
22924,2024-08-14 16:59:45,1723654785.0,1218.0,1218.0,20.3,False,19822.0,330.3666666666667
22925,2024-08-14 17:20:35,1723656035.0,1250.0,1250.0,20.833333333333332,False,21072.0,351.2
22926,2024-08-14 17:40:07,1723657207.0,1172.0,1172.0,19.533333333333335,False,22244.0,370.73333333333335
22927,2024-08-14 18:01:32,1723658492.0,1285.0,1285.0,21.416666666666668,False,23529.0,392.15
22928,2024-08-14 18:20:55,1723659655.0,1163.0,1163.0,19.383333333333333,False,24692.0,411.53333333333336
22929,2024-08-14 18:39:40,1723660780.0,1125.0,1125.0,18.75,False,25817.0,430.28333333333336
22930,2024-08-14 19:04:05,1723662245.0,1465.0,1465.0,24.416666666666668,False,27282.0,454.7
22931,2024-08-14 19:22:41,1723663361.0,1116.0,1116.0,18.6,False,28398.0,473.3
22932,2024-08-14 19:37:26,1723664246.0,885.0,885.0,14.75,False,29283.0,488.05
22933,2024-08-14 19:52:29,1723665149.0,903.0,1788.0,29.8,False,30186.0,503.1
22934,2024-08-14 20:17:41,1723666661.0,1512.0,1512.0,25.2,False,31698.0,528.3
22935,2024-08-14 20:29:29,1723667369.0,708.0,708.0,11.8,False,32406.0,540.1
22936,2024-08-15 10:14:48,1723716888.0,49519.0,49519.0,825.3166666666667,False,81925.0,1365.4166666666667
22938,2024-08-15 10:58:28,1723719508.0,2620.0,52139.0,868.9833333333333,False,84545.0,1409.0833333333333
22939,2024-08-15 11:08:55,1723720135.0,627.0,52766.0,879.4333333333333,False,85172.0,1419.5333333333333
22940,2024-08-15 11:35:04,1723721704.0,1569.0,54335.0,905.5833333333334,True,86741.0,1445.6833333333334
22941,2024-08-15 11:53:54,1723722834.0,1130.0,1130.0,18.833333333333332,False,87871.0,1464.5166666666667
22942,2024-08-15 12:09:46,1723723786.0,952.0,952.0,15.866666666666667,False,88823.0,1480.3833333333334
22943,2024-08-15 12:26:54,1723724814.0,1028.0,1028.0,17.133333333333333,False,89851.0,1497.5166666666667
22944,2024-08-15 12:49:41,1723726181.0,1367.0,1367.0,22.783333333333335,False,91218.0,1520.3
22945,2024-08-15 13:23:53,1723728233.0,2052.0,2052.0,34.2,False,93270.0,1554.5
22946,2024-08-15 13:31:49,1723728709.0,476.0,2528.0,42.13333333333333,False,93746.0,1562.4333333333334
22947,2024-08-15 13:51:07,1723729867.0,1158.0,1158.0,19.3,False,94904.0,1581.7333333333333
22948,2024-08-15 14:04:29,1723730669.0,802.0,802.0,13.366666666666667,False,95706.0,1595.1
22949,2024-08-15 14:15:49,1723731349.0,680.0,1482.0,24.7,False,96386.0,1606.4333333333334
22950,2024-08-15 14:31:02,1723732262.0,913.0,913.0,15.216666666666667,False,97299.0,1621.65
22951,2024-08-15 14:46:52,1723733212.0,950.0,1863.0,31.05,False,98249.0,1637.4833333333333
22952,2024-08-15 15:07:16,1723734436.0,1224.0,1224.0,20.4,False,99473.0,1657.8833333333334
22953,2024-08-15 15:30:30,1723735830.0,1394.0,1394.0,23.233333333333334,False,100867.0,1681.1166666666666
22954,2024-08-15 15:50:24,1723737024.0,1194.0,1194.0,19.9,False,102061.0,1701.0166666666667
22955,2024-08-15 16:10:02,1723738202.0,1178.0,2372.0,39.53333333333333,False,103239.0,1720.65
22956,2024-08-15 16:36:12,1723739772.0,1570.0,3942.0,65.7,False,104809.0,1746.8166666666666
22957,2024-08-15 16:58:58,1723741138.0,1366.0,5308.0,88.46666666666667,False,106175.0,1769.5833333333333
22958,2024-08-15 17:31:30,1723743090.0,1952.0,7260.0,121.0,False,108127.0,1802.1166666666666
22960,2024-08-15 18:13:41,1723745621.0,2531.0,9791.0,163.18333333333334,False,110658.0,1844.3
22961,2024-08-15 18:40:07,1723747207.0,1586.0,11377.0,189.61666666666667,False,112244.0,1870.7333333333333
22962,2024-08-15 18:57:50,1723748270.0,1063.0,12440.0,207.33333333333334,False,113307.0,1888.45
22963,2024-08-15 19:07:15,1723748835.0,565.0,13005.0,216.75,False,113872.0,1897.8666666666666
22964,2024-08-15 19:18:40,1723749520.0,685.0,13690.0,228.16666666666666,False,114557.0,1909.2833333333333
22965,2024-08-15 19:37:29,1723750649.0,1129.0,14819.0,246.98333333333332,False,115686.0,1928.1
22966,2024-08-15 20:01:48,1723752108.0,1459.0,16278.0,271.3,False,117145.0,1952.4166666666667
22967,2024-08-15 20:41:20,1723754480.0,2372.0,18650.0,310.8333333333333,False,119517.0,1991.95
22968,2024-08-15 21:08:52,1723756132.0,1652.0,20302.0,338.3666666666667,False,121169.0,2019.4833333333333
22969,2024-08-16 11:22:42,1723807362.0,51230.0,71532.0,1192.2,False,0.0,0.0
22970,2024-08-16 11:39:09,1723808349.0,987.0,72519.0,1208.65,False,987.0,16.45
22971,2024-08-16 11:54:11,1723809251.0,902.0,73421.0,1223.6833333333334,False,1889.0,31.483333333333334
22972,2024-08-16 12:11:45,1723810305.0,1054.0,74475.0,1241.25,False,2943.0,49.05
22973,2024-08-16 12:35:42,1723811742.0,1437.0,75912.0,1265.2,False,4380.0,73.0
22974,2024-08-16 12:45:55,1723812355.0,613.0,76525.0,1275.4166666666667,False,4993.0,83.21666666666667
22975,2024-08-16 12:55:27,1723812927.0,572.0,77097.0,1284.95,False,5565.0,92.75
22976,2024-08-16 13:08:22,1723813702.0,775.0,77872.0,1297.8666666666666,False,6340.0,105.66666666666667
22977,2024-08-16 13:45:54,1723815954.0,2252.0,80124.0,1335.4,False,8592.0,143.2
22978,2024-08-16 13:59:55,1723816795.0,841.0,80965.0,1349.4166666666667,False,9433.0,157.21666666666667
22979,2024-08-16 14:13:54,1723817634.0,839.0,81804.0,1363.4,False,10272.0,171.2
22980,2024-08-16 14:24:07,1723818247.0,613.0,82417.0,1373.6166666666666,False,10885.0,181.41666666666666
22982,2024-08-16 15:01:18,1723820478.0,2231.0,84648.0,1410.8,False,13116.0,218.6
22983,2024-08-16 15:22:39,1723821759.0,1281.0,85929.0,1432.15,False,14397.0,239.95
22984,2024-08-16 15:41:16,1723822876.0,1117.0,87046.0,1450.7666666666667,False,15514.0,258.56666666666666
22985,2024-08-16 16:06:36,1723824396.0,1520.0,88566.0,1476.1,False,17034.0,283.9
22986,2024-08-16 16:28:27,1723825707.0,1311.0,89877.0,1497.95,False,18345.0,305.75
22987,2024-08-16 17:03:28,1723827808.0,2101.0,91978.0,1532.9666666666667,False,20446.0,340.76666666666665
22988,2024-08-16 17:18:48,1723828728.0,920.0,92898.0,1548.3,False,21366.0,356.1
22989,2024-08-16 17:37:06,1723829826.0,1098.0,93996.0,1566.6,False,22464.0,374.4
22990,2024-08-16 17:57:40,1723831060.0,1234.0,95230.0,1587.1666666666667,False,23698.0,394.96666666666664
22991,2024-08-16 18:22:26,1723832546.0,1486.0,96716.0,1611.9333333333334,False,25184.0,419.73333333333335
22992,2024-08-16 19:13:18,1723835598.0,3052.0,99768.0,1662.8,False,28236.0,470.6
22993,2024-08-16 19:32:43,1723836763.0,1165.0,100933.0,1682.2166666666667,False,29401.0,490.01666666666665
22994,2024-08-16 19:42:00,1723837320.0,557.0,101490.0,1691.5,False,29958.0,499.3
22995,2024-08-16 20:02:35,1723838555.0,1235.0,102725.0,1712.0833333333333,False,31193.0,519.8833333333333
22996,2024-08-16 20:12:10,1723839130.0,575.0,103300.0,1721.6666666666667,False,31768.0,529.4666666666667
22997,2024-08-16 20:33:45,1723840425.0,1295.0,104595.0,1743.25,False,33063.0,551.05
22998,2024-08-16 20:58:22,1723841902.0,1477.0,106072.0,1767.8666666666666,False,34540.0,575.6666666666666
22999,2024-08-16 21:23:28,1723843408.0,1506.0,107578.0,1792.9666666666667,False,36046.0,600.7666666666667
23000,2024-08-19 11:50:37,1724068237.0,224829.0,332407.0,5540.116666666667,False,260875.0,4347.916666666667
23001,2024-08-19 12:01:16,1724068876.0,639.0,333046.0,5550.766666666666,False,261514.0,4358.566666666667
23002,2024-08-19 12:13:39,1724069619.0,743.0,333789.0,5563.15,True,262257.0,4370.95
23003,2024-08-19 12:31:19,1724070679.0,1060.0,1060.0,17.666666666666668,False,263317.0,4388.616666666667
23004,2024-08-19 12:47:55,1724071675.0,996.0,2056.0,34.266666666666666,False,264313.0,4405.216666666666
23005,2024-08-19 14:09:14,1724076554.0,4879.0,6935.0,115.58333333333333,False,269192.0,4486.533333333334
23006,2024-08-19 14:31:56,1724077916.0,1362.0,8297.0,138.28333333333333,False,270554.0,4509.233333333334
23007,2024-08-19 14:51:35,1724079095.0,1179.0,9476.0,157.93333333333334,False,271733.0,4528.883333333333
23008,2024-08-19 15:13:11,1724080391.0,1296.0,10772.0,179.53333333333333,False,273029.0,4550.483333333334
23009,2024-08-19 15:32:57,1724081577.0,1186.0,11958.0,199.3,False,274215.0,4570.25
23010,2024-08-19 15:52:49,1724082769.0,1192.0,13150.0,219.16666666666666,False,275407.0,4590.116666666667
23011,2024-08-19 16:11:12,1724083872.0,1103.0,14253.0,237.55,False,276510.0,4608.5
23012,2024-08-19 16:30:54,1724085054.0,1182.0,15435.0,257.25,False,277692.0,4628.2
23013,2024-08-19 16:50:08,1724086208.0,1154.0,16589.0,276.48333333333335,False,278846.0,4647.433333333333
23014,2024-08-19 17:20:02,1724088002.0,1794.0,18383.0,306.3833333333333,False,280640.0,4677.333333333333
23015,2024-08-19 17:53:52,1724090032.0,2030.0,20413.0,340.21666666666664,False,282670.0,4711.166666666667
23016,2024-08-19 18:11:42,1724091102.0,1070.0,21483.0,358.05,False,283740.0,4729.0
23017,2024-08-19 18:29:05,1724092145.0,1043.0,22526.0,375.43333333333334,False,284783.0,4746.383333333333
23018,2024-08-20 12:30:21,1724157021.0,64876.0,87402.0,1456.7,False,349659.0,5827.65
23019,2024-08-20 13:51:29,1724161889.0,4868.0,92270.0,1537.8333333333333,False,354527.0,5908.783333333334
23020,2024-08-20 16:08:51,1724170131.0,8242.0,100512.0,1675.2,False,362769.0,6046.15
23021,2024-08-20 16:19:52,1724170792.0,661.0,101173.0,1686.2166666666667,False,363430.0,6057.166666666667
23022,2024-08-20 16:23:15,1724170995.0,203.0,101376.0,1689.6,False,363633.0,6060.55
23023,2024-08-20 16:33:05,1724171585.0,590.0,101966.0,1699.4333333333334,False,364223.0,6070.383333333333
23024,2024-08-20 16:45:48,1724172348.0,763.0,102729.0,1712.15,False,364986.0,6083.1
23025,2024-08-20 17:22:26,1724174546.0,2198.0,104927.0,1748.7833333333333,False,367184.0,6119.733333333334
23026,2024-08-20 17:29:07,1724174947.0,401.0,105328.0,1755.4666666666667,False,367585.0,6126.416666666667
23027,2024-08-20 17:40:07,1724175607.0,660.0,105988.0,1766.4666666666667,False,368245.0,6137.416666666667
23028,2024-08-20 17:52:23,1724176343.0,736.0,106724.0,1778.7333333333333,False,368981.0,6149.683333333333
23029,2024-08-20 18:01:51,1724176911.0,568.0,107292.0,1788.2,False,369549.0,6159.15
23030,2024-08-20 18:07:01,1724177221.0,310.0,107602.0,1793.3666666666666,False,369859.0,6164.316666666667
23031,2024-08-20 18:23:17,1724178197.0,976.0,108578.0,1809.6333333333334,False,370835.0,6180.583333333333
23032,2024-08-20 18:34:11,1724178851.0,654.0,109232.0,1820.5333333333333,False,371489.0,6191.483333333334
23033,2024-08-20 18:51:19,1724179879.0,1028.0,110260.0,1837.6666666666667,True,372517.0,6208.616666666667
23034,2024-08-21 15:32:15,1724254335.0,74456.0,74456.0,1240.9333333333334,False,446973.0,7449.55
23035,2024-08-21 15:51:02,1724255462.0,1127.0,75583.0,1259.7166666666667,False,448100.0,7468.333333333333
23036,2024-08-21 15:59:18,1724255958.0,496.0,76079.0,1267.9833333333333,False,448596.0,7476.6
23037,2024-08-21 16:17:08,1724257028.0,1070.0,77149.0,1285.8166666666666,False,449666.0,7494.433333333333
23038,2024-08-21 16:31:59,1724257919.0,891.0,78040.0,1300.6666666666667,False,450557.0,7509.283333333334
23039,2024-08-21 16:49:09,1724258949.0,1030.0,79070.0,1317.8333333333333,False,451587.0,7526.45
23040,2024-08-22 11:37:44,1724326664.0,67715.0,146785.0,2446.4166666666665,False,519302.0,8655.033333333333
23041,2024-08-22 11:54:21,1724327661.0,997.0,147782.0,2463.0333333333333,False,520299.0,8671.65
23042,2024-08-22 12:24:42,1724329482.0,1821.0,149603.0,2493.383333333333,False,522120.0,8702.0
23043,2024-08-22 12:33:54,1724330034.0,552.0,150155.0,2502.5833333333335,False,522672.0,8711.2
23044,2024-08-22 12:39:14,1724330354.0,320.0,150475.0,2507.9166666666665,False,522992.0,8716.533333333333
23045,2024-08-22 12:50:29,1724331029.0,675.0,151150.0,2519.1666666666665,False,523667.0,8727.783333333333
23046,2024-08-22 13:07:31,1724332051.0,1022.0,152172.0,2536.2,False,524689.0,8744.816666666668
23047,2024-08-22 13:29:27,1724333367.0,1316.0,153488.0,2558.133333333333,False,526005.0,8766.75
23048,2024-08-22 14:00:20,1724335220.0,1853.0,155341.0,2589.016666666667,False,527858.0,8797.633333333333
23049,2024-08-22 14:11:32,1724335892.0,672.0,156013.0,2600.2166666666667,False,528530.0,8808.833333333334
23050,2024-08-22 15:00:01,1724338801.0,2909.0,158922.0,2648.7,False,531439.0,8857.316666666668
23051,2024-08-22 15:13:33,1724339613.0,812.0,159734.0,2662.233333333333,False,532251.0,8870.85
23052,2024-08-22 15:32:48,1724340768.0,1155.0,160889.0,2681.483333333333,False,533406.0,8890.1
23053,2024-08-22 15:37:24,1724341044.0,276.0,161165.0,2686.0833333333335,False,533682.0,8894.7
23054,2024-08-22 16:00:49,1724342449.0,1405.0,162570.0,2709.5,False,535087.0,8918.116666666667
23055,2024-08-22 16:30:21,1724344221.0,1772.0,164342.0,2739.0333333333333,False,536859.0,8947.65
23056,2024-08-23 11:36:51,1724413011.0,68790.0,233132.0,3885.5333333333333,False,605649.0,10094.15
23057,2024-08-23 12:09:19,1724414959.0,1948.0,235080.0,3918.0,False,607597.0,10126.616666666667
23058,2024-08-23 12:36:31,1724416591.0,1632.0,236712.0,3945.2,False,609229.0,10153.816666666668
23059,2024-08-23 12:57:35,1724417855.0,1264.0,237976.0,3966.266666666667,False,610493.0,10174.883333333333
23060,2024-08-23 15:40:19,1724427619.0,9764.0,247740.0,4129.0,False,620257.0,10337.616666666667
23061,2024-08-23 15:55:52,1724428552.0,933.0,248673.0,4144.55,False,621190.0,10353.166666666666
23062,2024-08-23 16:23:18,1724430198.0,1646.0,250319.0,4171.983333333334,False,622836.0,10380.6
23063,2024-08-23 16:40:35,1724431235.0,1037.0,251356.0,4189.266666666666,False,623873.0,10397.883333333333
